{
  "type": "FeatureCollection", 
  "features": [
    {
      "geometry": {
        "type": "MultiPolygon", 
        "coordinates": [
          [
            [
              [
                -139.0602066220026, 
                60.00005890600209
              ], 
              [
                -139.0471919423529, 
                60.00005890629244
              ], 
              [
                -138.57551530698444, 
                60.00005890629244
              ], 
              [
                -138.09952368936538, 
                60.00005890629244
              ], 
              [
                -137.6235062333247, 
                60.00005890629244
              ], 
              [
                -137.1474629379629, 
                60.00005890629244
              ], 
              [
                -136.67147132124313, 
                60.00005890629244
              ], 
              [
                -136.19547970272478, 
                60.00005890629244
              ], 
              [
                -135.7194364082623, 
                60.00005890629244
              ], 
              [
                -135.24341895222156, 
                60.00005890629244
              ], 
              [
                -134.76742733460247, 
                60.00005890629244
              ], 
              [
                -134.29140987766237, 
                60.00005890629244
              ], 
              [
                -133.81536658409928, 
                60.00005890629244
              ], 
              [
                -133.3393749655809, 
                60.00005890629244
              ], 
              [
                -132.86338334886116, 
                60.00005890629244
              ], 
              [
                -132.38736589192106, 
                60.00005890629244
              ], 
              [
                -131.91134843588029, 
                60.00005890629244
              ], 
              [
                -131.43535681916057, 
                60.00005890629244
              ], 
              [
                -130.95931352379878, 
                60.00005890629244
              ], 
              [
                -130.48327023023563, 
                60.00005890629244
              ], 
              [
                -130.00727861171725, 
                60.00005890629244
              ], 
              [
                -129.53126115567653, 
                60.00005890629244
              ], 
              [
                -129.05526953805747, 
                60.00005890629244
              ], 
              [
                -128.57925208201672, 
                60.00005890629244
              ], 
              [
                -128.10326046439764, 
                60.00005890629244
              ], 
              [
                -127.62721716993514, 
                60.00005890629244
              ], 
              [
                -127.15117387637203, 
                60.00005890629244
              ], 
              [
                -126.67520809627541, 
                60.00005890629244
              ], 
              [
                -126.1991906402346, 
                60.00005890629244
              ], 
              [
                -125.72314734577216, 
                60.00005890629244
              ], 
              [
                -125.2471557281531, 
                60.00005890629244
              ], 
              [
                -124.77116410963474, 
                60.00005890629244
              ], 
              [
                -124.29512081607157, 
                60.00005890629244
              ], 
              [
                -123.8191033600308, 
                60.00005890629244
              ], 
              [
                -123.34171647843156, 
                60.00005890629244
              ], 
              [
                -122.86432959683222, 
                60.00005890629244
              ], 
              [
                -122.38694271523295, 
                60.00005890629244
              ], 
              [
                -121.9095558336336, 
                60.00005890629244
              ], 
              [
                -121.43216895203429, 
                60.00005890629244
              ], 
              [
                -120.95473039359159, 
                60.00005890629244
              ], 
              [
                -120.47734351289164, 
                60.00005890629244
              ], 
              [
                -119.99995663129229, 
                60.00005890629244
              ], 
              [
                -119.99995652678669, 
                59.9173506835675
              ], 
              [
                -119.99995664474662, 
                59.83459098129549
              ], 
              [
                -119.99995654174931, 
                59.75185692205818
              ], 
              [
                -119.99995670823144, 
                59.66912310170208
              ], 
              [
                -119.99995658349856, 
                59.5863373469488
              ], 
              [
                -119.99995679876831, 
                59.503603570701515
              ], 
              [
                -119.99995676265137, 
                59.42086957074234
              ], 
              [
                -119.99995667115354, 
                59.3381355202213
              ], 
              [
                -119.99995647583265, 
                59.06647233987365
              ], 
              [
                -119.99995677958827, 
                58.794809609427574
              ], 
              [
                -119.99995680938032, 
                58.523120795192966
              ], 
              [
                -119.99995646697573, 
                58.25148331568675
              ], 
              [
                -119.99995679497849, 
                57.97982061295238
              ], 
              [
                -119.99995665866302, 
                57.70815748245161
              ], 
              [
                -119.99995659033245, 
                57.436442737969465
              ], 
              [
                -119.99995667794846, 
                57.1648314923807
              ], 
              [
                -119.9999565719596, 
                56.87420313689898
              ], 
              [
                -119.99995655891854, 
                56.58357486882479
              ], 
              [
                -119.99995664922803, 
                56.292998376064276
              ], 
              [
                -119.9999566532881, 
                56.002344286522714
              ], 
              [
                -119.99995664226024, 
                55.71174185913194
              ], 
              [
                -119.99995662878314, 
                55.42106191480002
              ], 
              [
                -119.99995662246582, 
                55.18975819742441
              ], 
              [
                -119.99995647935083, 
                54.95840266666625
              ], 
              [
                -119.99995677524122, 
                54.83985722689246
              ], 
              [
                -119.99995647510168, 
                54.64785314195653
              ], 
              [
                -119.99995658101452, 
                54.45582362516641
              ], 
              [
                -119.99995654021932, 
                54.263768123703805
              ], 
              [
                -119.9999565694936, 
                54.071790206898086
              ], 
              [
                -119.99995654957219, 
                54.020139592395545
              ], 
              [
                -119.99995673174173, 
                53.968489184256676
              ], 
              [
                -119.99995660280375, 
                53.91696764914268
              ], 
              [
                -119.99995673620093, 
                53.86531719237496
              ], 
              [
                -120.00096422526697, 
                53.84276022288169
              ], 
              [
                -120.00101590772566, 
                53.82281312625826
              ], 
              [
                -119.99579679291901, 
                53.80542421732842
              ], 
              [
                -119.98091379266678, 
                53.79061872559839
              ], 
              [
                -119.9621295805146, 
                53.78524455360055
              ], 
              [
                -119.93983112129075, 
                53.78477938464892
              ], 
              [
                -119.91892808086851, 
                53.78338420043434
              ], 
              [
                -119.90440699029278, 
                53.7753226636154
              ], 
              [
                -119.90316679838632, 
                53.767726269923145
              ], 
              [
                -119.90670664179217, 
                53.75909631504098
              ], 
              [
                -119.91161573518582, 
                53.751189648232035
              ], 
              [
                -119.91469055114571, 
                53.74560866354849
              ], 
              [
                -119.91838551551069, 
                53.73604862615292
              ], 
              [
                -119.92148606914428, 
                53.72953736319582
              ], 
              [
                -119.92117577203892, 
                53.723594326077
              ], 
              [
                -119.91469057596997, 
                53.71589473992158
              ], 
              [
                -119.9029339823007, 
                53.71093359004647
              ], 
              [
                -119.88960164207236, 
                53.710882099621756
              ], 
              [
                -119.87621737958872, 
                53.70984850327359
              ], 
              [
                -119.86430612724408, 
                53.702045531591324
              ], 
              [
                -119.85451333083797, 
                53.69788546309382
              ], 
              [
                -119.84265357262662, 
                53.70173533969782
              ], 
              [
                -119.83004466546714, 
                53.70752324724209
              ], 
              [
                -119.81802980409954, 
                53.70925431418951
              ], 
              [
                -119.80774622624163, 
                53.70470682124761
              ], 
              [
                -119.80138995842512, 
                53.69749788943752
              ], 
              [
                -119.79624820063657, 
                53.68917803266734
              ], 
              [
                -119.78971100574748, 
                53.6811680548159
              ], 
              [
                -119.77446648295543, 
                53.67103949993852
              ], 
              [
                -119.75397691887531, 
                53.65806886254066
              ], 
              [
                -119.73705275448633, 
                53.64210070662025
              ], 
              [
                -119.73247937799805, 
                53.62313544297617
              ], 
              [
                -119.75366669146531, 
                53.604841960971214
              ], 
              [
                -119.7936902297383, 
                53.602671697603476
              ], 
              [
                -119.83652987299179, 
                53.60835598167838
              ], 
              [
                -119.86588223006707, 
                53.613782156421934
              ], 
              [
                -119.88081649410674, 
                53.61569395077392
              ], 
              [
                -119.90541452125515, 
                53.617270129402485
              ], 
              [
                -119.92652435574753, 
                53.61494470199839
              ], 
              [
                -119.93094287892833, 
                53.6051005377256
              ], 
              [
                -119.92179612660628, 
                53.5945585205937
              ], 
              [
                -119.90965201666516, 
                53.585670019982025
              ], 
              [
                -119.89719789787439, 
                53.57693660036946
              ], 
              [
                -119.88701789582169, 
                53.566601577775735
              ], 
              [
                -119.8859325850999, 
                53.55683462428853
              ], 
              [
                -119.8940456616047, 
                53.54957395632195
              ], 
              [
                -119.90417438814247, 
                53.542132702247955
              ], 
              [
                -119.90913521436454, 
                53.53200400527571
              ], 
              [
                -119.90492370334842, 
                53.521901387514696
              ], 
              [
                -119.89487251305994, 
                53.512754528782
              ], 
              [
                -119.88262525740745, 
                53.507096019993625
              ], 
              [
                -119.87177334492206, 
                53.50740622240082
              ], 
              [
                -119.84807972309864, 
                53.51332319714734
              ], 
              [
                -119.82743497657131, 
                53.5080521896984
              ], 
              [
                -119.80870215583663, 
                53.4933759640399
              ], 
              [
                -119.79079640820389, 
                53.47089685669839
              ], 
              [
                -119.77973748531525, 
                53.45262906538616
              ], 
              [
                -119.76891144261772, 
                53.433173065786704
              ], 
              [
                -119.7567414850309, 
                53.4146210612863
              ], 
              [
                -119.74162617819772, 
                53.39953159608804
              ], 
              [
                -119.71850081833433, 
                53.38542376521634
              ], 
              [
                -119.69315375997864, 
                53.37410686927988
              ], 
              [
                -119.66700542022667, 
                53.36402989797141
              ], 
              [
                -119.64163232288213, 
                53.353823834264254
              ], 
              [
                -119.63168455430609, 
                53.35462476098918
              ], 
              [
                -119.62274437325982, 
                53.36253108831544
              ], 
              [
                -119.61432112835648, 
                53.37224627316961
              ], 
              [
                -119.60610464962079, 
                53.37811162447199
              ], 
              [
                -119.58894798697854, 
                53.37875748901046
              ], 
              [
                -119.56998286344601, 
                53.37472686158178
              ], 
              [
                -119.55086255697609, 
                53.36919745571426
              ], 
              [
                -119.53329254747077, 
                53.36552840348227
              ], 
              [
                -119.51412066337323, 
                53.362324541681275
              ], 
              [
                -119.49525871543906, 
                53.35844875717029
              ], 
              [
                -119.47644847121254, 
                53.35669173429214
              ], 
              [
                -119.45732834080948, 
                53.35948241852013
              ], 
              [
                -119.44293629891601, 
                53.36346133915067
              ], 
              [
                -119.42559895155881, 
                53.36687208555655
              ], 
              [
                -119.40808073232579, 
                53.36780235652308
              ], 
              [
                -119.39327539715698, 
                53.36449502632484
              ], 
              [
                -119.38089885050428, 
                53.35596837004679
              ], 
              [
                -119.3775914929546, 
                53.3473383374443
              ], 
              [
                -119.37769500522815, 
                53.337003219197435
              ], 
              [
                -119.37549853101407, 
                53.32336040328695
              ], 
              [
                -119.37131269880743, 
                53.31328345555117
              ], 
              [
                -119.36518920543861, 
                53.30119134304049
              ], 
              [
                -119.35885888382866, 
                53.2901326311456
              ], 
              [
                -119.35407878822015, 
                53.28341466785852
              ], 
              [
                -119.3363280290896, 
                53.26481125137893
              ], 
              [
                -119.31689744449997, 
                53.245173948698536
              ], 
              [
                -119.29695043119705, 
                53.22579538107898
              ], 
              [
                -119.27775267131797, 
                53.20817375338521
              ], 
              [
                -119.26338664344097, 
                53.198303576987044
              ], 
              [
                -119.25144927728887, 
                53.19530622644959
              ], 
              [
                -119.23873687562943, 
                53.195280390129795
              ], 
              [
                -119.22220049445232, 
                53.194221103854574
              ], 
              [
                -119.20899713922266, 
                53.19091378433571
              ], 
              [
                -119.19915286939396, 
                53.186986471582365
              ], 
              [
                -119.18786158500419, 
                53.18424763737481
              ], 
              [
                -119.17047243920298, 
                53.18445431677429
              ], 
              [
                -119.15636472123246, 
                53.18249055592866
              ], 
              [
                -119.14685639522514, 
                53.1754110298569
              ], 
              [
                -119.13789025145014, 
                53.16711666381325
              ], 
              [
                -119.125513765492, 
                53.1614581146933
              ], 
              [
                -119.11318903160931, 
                53.159752894181075
              ], 
              [
                -119.10182012733485, 
                53.15887430010265
              ], 
              [
                -119.09011550043918, 
                53.1572982586523
              ], 
              [
                -119.07673138062754, 
                53.15350012146959
              ], 
              [
                -119.06306278956015, 
                53.14667864758423
              ], 
              [
                -119.04593230932912, 
                53.138307337829
              ], 
              [
                -119.02877550498106, 
                53.134638068593034
              ], 
              [
                -119.01533979111882, 
                53.14218299466469
              ], 
              [
                -119.01435801912231, 
                53.149882868993174
              ], 
              [
                -119.0185953830561, 
                53.15825434070301
              ], 
              [
                -119.02376288802081, 
                53.16693583478396
              ], 
              [
                -119.02552009768554, 
                53.17561770025055
              ], 
              [
                -119.02190260540534, 
                53.18280057242018
              ], 
              [
                -119.01621827158758, 
                53.18724482435502
              ], 
              [
                -119.0108956747055, 
                53.19277428276759
              ], 
              [
                -119.00857022779641, 
                53.20354881083502
              ], 
              [
                -119.00942281798466, 
                53.21380650768044
              ], 
              [
                -119.00981046405595, 
                53.22326337116075
              ], 
              [
                -119.00658070996195, 
                53.23106653814225
              ], 
              [
                -118.996658838378, 
                53.236492566917704
              ], 
              [
                -118.97841695715648, 
                53.23804275254556
              ], 
              [
                -118.96288822316053, 
                53.23334023383132
              ], 
              [
                -118.94854787023593, 
                53.22502017616919
              ], 
              [
                -118.93410446257985, 
                53.21587361279557
              ], 
              [
                -118.91999672281977, 
                53.20941397940696
              ], 
              [
                -118.90614748924968, 
                53.205409110222256
              ], 
              [
                -118.89214298289109, 
                53.201972422138994
              ], 
              [
                -118.87746711546293, 
                53.19711509210302
              ], 
              [
                -118.85023343372733, 
                53.183291432834494
              ], 
              [
                -118.82566131522277, 
                53.16678083860139
              ], 
              [
                -118.80194196644183, 
                53.14910763934057
              ], 
              [
                -118.77747304758479, 
                53.132054280051044
              ], 
              [
                -118.7662593997063, 
                53.12616331451754
              ], 
              [
                -118.75698328673236, 
                53.12146055473573
              ], 
              [
                -118.75137645763364, 
                53.11505274307433
              ], 
              [
                -118.75106652934329, 
                53.10396828776864
              ], 
              [
                -118.75659570796823, 
                53.0951055666999
              ], 
              [
                -118.76636255250912, 
                53.086527278293175
              ], 
              [
                -118.77576792702286, 
                53.077587536398006
              ], 
              [
                -118.78021196619713, 
                53.067562164800215
              ], 
              [
                -118.77659449532415, 
                53.05319598975924
              ], 
              [
                -118.76600088727965, 
                53.0514907308453
              ], 
              [
                -118.7519449599219, 
                53.056322544642065
              ], 
              [
                -118.73786298312093, 
                53.061619220436675
              ], 
              [
                -118.72600352601684, 
                53.061206111310206
              ], 
              [
                -118.72068057013215, 
                53.05446203406332
              ], 
              [
                -118.71757998957976, 
                53.045651208460015
              ], 
              [
                -118.71246425074266, 
                53.03924357383717
              ], 
              [
                -118.69771048889741, 
                53.03681463157509
              ], 
              [
                -118.6839905499737, 
                53.03810670563023
              ], 
              [
                -118.67218246828294, 
                53.03407592751854
              ], 
              [
                -118.66326808566512, 
                53.015627229295895
              ], 
              [
                -118.66497343925994, 
                52.99433657216983
              ], 
              [
                -118.67334503181716, 
                52.979660476726934
              ], 
              [
                -118.67373278966272, 
                52.96596642019688
              ], 
              [
                -118.65122772034196, 
                52.94769881821382
              ], 
              [
                -118.63706823492636, 
                52.9298186214058
              ], 
              [
                -118.63153875497454, 
                52.90697752906069
              ], 
              [
                -118.62427836001224, 
                52.886953065949214
              ], 
              [
                -118.60495135241061, 
                52.877547930560276
              ], 
              [
                -118.59350506566079, 
                52.879460004930436
              ], 
              [
                -118.57795052501669, 
                52.88431765949886
              ], 
              [
                -118.56200834716401, 
                52.88969201155545
              ], 
              [
                -118.54932166446278, 
                52.89320588096173
              ], 
              [
                -118.5327594503976, 
                52.89682331930369
              ], 
              [
                -118.51526675043853, 
                52.900078690517695
              ], 
              [
                -118.49823936520535, 
                52.89966527723338
              ], 
              [
                -118.48286578917042, 
                52.892585782011366
              ], 
              [
                -118.47674210112667, 
                52.883025608489824
              ], 
              [
                -118.47457179132704, 
                52.872121989013706
              ], 
              [
                -118.47085109489188, 
                52.86235515010103
              ], 
              [
                -118.46041239411504, 
                52.85615391256349
              ], 
              [
                -118.44354003425296, 
                52.85253655748107
              ], 
              [
                -118.42984564528736, 
                52.848143915280474
              ], 
              [
                -118.42064733395921, 
                52.84034087516614
              ], 
              [
                -118.41721075068375, 
                52.82620726382544
              ], 
              [
                -118.41994979403628, 
                52.81517455224043
              ], 
              [
                -118.4258665831934, 
                52.80654441233064
              ], 
              [
                -118.431292796796, 
                52.79884482684161
              ], 
              [
                -118.43245529349917, 
                52.7908864149995
              ], 
              [
                -118.42312777268465, 
                52.7785616674398
              ], 
              [
                -118.40661717119386, 
                52.770991091260996
              ], 
              [
                -118.38829796209372, 
                52.765978570141435
              ], 
              [
                -118.3735700175635, 
                52.76143086984538
              ], 
              [
                -118.35532828541683, 
                52.748356785475565
              ], 
              [
                -118.34509636001535, 
                52.732130393531584
              ], 
              [
                -118.3369056162228, 
                52.71409528689011
              ], 
              [
                -118.324684243071, 
                52.69562107371408
              ], 
              [
                -118.31465902111661, 
                52.6863968379987
              ], 
              [
                -118.30620991977091, 
                52.67745680886501
              ], 
              [
                -118.3049696897487, 
                52.66722488139016
              ], 
              [
                -118.31662264826144, 
                52.65394395328398
              ], 
              [
                -118.32742311216187, 
                52.64800126158656
              ], 
              [
                -118.3424609061958, 
                52.63921621648892
              ], 
              [
                -118.35238266701043, 
                52.62846739473687
              ], 
              [
                -118.3480418989786, 
                52.616426842677875
              ], 
              [
                -118.34235761843206, 
                52.60986407301121
              ], 
              [
                -118.33840424819374, 
                52.60244837146001
              ], 
              [
                -118.33452862996563, 
                52.594981252333916
              ], 
              [
                -118.32910261777428, 
                52.5881083004135
              ], 
              [
                -118.31667436646671, 
                52.581338611522256
              ], 
              [
                -118.30078380535376, 
                52.575964200218785
              ], 
              [
                -118.28644358772954, 
                52.56934960791995
              ], 
              [
                -118.27858884738986, 
                52.559221112256616
              ], 
              [
                -118.2787438741404, 
                52.54976432134283
              ], 
              [
                -118.28176689873823, 
                52.54190945347305
              ], 
              [
                -118.28416995286598, 
                52.53395139228275
              ], 
              [
                -118.28246450294742, 
                52.523977700587295
              ], 
              [
                -118.2759016415849, 
                52.51586455062551
              ], 
              [
                -118.26471372828347, 
                52.506459478129784
              ], 
              [
                -118.25275062931097, 
                52.49801037527574
              ], 
              [
                -118.24383644518018, 
                52.492868571068364
              ], 
              [
                -118.23445710238035, 
                52.49121484873074
              ], 
              [
                -118.21916099566084, 
                52.48824358196987
              ], 
              [
                -118.20740455433494, 
                52.4820681907786
              ], 
              [
                -118.20856722978486, 
                52.470906032960166
              ], 
              [
                -118.22045287197979, 
                52.46330966570497
              ], 
              [
                -118.23592988309038, 
                52.459898932268636
              ], 
              [
                -118.25027014075364, 
                52.45555816388478
              ], 
              [
                -118.25890006609305, 
                52.445326188882795
              ], 
              [
                -118.25838336588882, 
                52.4307535057425
              ], 
              [
                -118.25078691946358, 
                52.41959138301311
              ], 
              [
                -118.24060664824974, 
                52.40972116973288
              ], 
              [
                -118.23244180667885, 
                52.39923089251519
              ], 
              [
                -118.23073639072835, 
                52.392409500486565
              ], 
              [
                -118.22985800938702, 
                52.38372798825177
              ], 
              [
                -118.22887609023809, 
                52.37561471489908
              ], 
              [
                -118.22660236059389, 
                52.370343755853575
              ], 
              [
                -118.21125450103109, 
                52.36672645114804
              ], 
              [
                -118.19231508110272, 
                52.37465877408229
              ], 
              [
                -118.17285884552194, 
                52.38682851007195
              ], 
              [
                -118.15577977794328, 
                52.39587187845681
              ], 
              [
                -118.12955398977772, 
                52.3985590540697
              ], 
              [
                -118.09552512364915, 
                52.39757727295213
              ], 
              [
                -118.06356322596577, 
                52.39886915723214
              ], 
              [
                -118.04328024572179, 
                52.40811925929271
              ], 
              [
                -118.03919775472122, 
                52.416180725065786
              ], 
              [
                -118.03862932239792, 
                52.42393219978531
              ], 
              [
                -118.04087724989859, 
                52.43176118159003
              ], 
              [
                -118.04524383949935, 
                52.43990014459949
              ], 
              [
                -118.0452181307758, 
                52.44465451843915
              ], 
              [
                -118.0407996703727, 
                52.44853011288061
              ], 
              [
                -118.03519286282248, 
                52.4518891757118
              ], 
              [
                -118.03162712462674, 
                52.45509304198448
              ], 
              [
                -118.02813895531466, 
                52.46289617394518
              ], 
              [
                -118.02387563504013, 
                52.47170698843925
              ], 
              [
                -118.01850137466259, 
                52.479742771152544
              ], 
              [
                -118.01188678143438, 
                52.48506543253115
              ], 
              [
                -117.99199138593873, 
                52.484652055245675
              ], 
              [
                -117.97093316476843, 
                52.471784540934
              ], 
              [
                -117.95075356397149, 
                52.454731368421655
              ], 
              [
                -117.93357112312425, 
                52.44145049606419
              ], 
              [
                -117.89080883540318, 
                52.42548243453063
              ], 
              [
                -117.8467804985345, 
                52.41969465628655
              ], 
              [
                -117.80236460783706, 
                52.415663896906494
              ], 
              [
                -117.75831058086472, 
                52.4050703738773
              ], 
              [
                -117.73627052436585, 
                52.39127270155948
              ], 
              [
                -117.72704632953251, 
                52.37297929751941
              ], 
              [
                -117.7293975894754, 
                52.35199864707633
              ], 
              [
                -117.7421616796272, 
                52.33008785349697
              ], 
              [
                -117.76461507502071, 
                52.31437820067555
              ], 
              [
                -117.79693865139177, 
                52.29714407671132
              ], 
              [
                -117.82176916781248, 
                52.279548240011565
              ], 
              [
                -117.82176923140565, 
                52.26270179330638
              ], 
              [
                -117.79949658974134, 
                52.240119082837666
              ], 
              [
                -117.77789585619041, 
                52.21761401330508
              ], 
              [
                -117.75368552739988, 
                52.20027665931817
              ], 
              [
                -117.72353233192023, 
                52.19309363757894
              ], 
              [
                -117.69025260691834, 
                52.19025131933329
              ], 
              [
                -117.66449195349084, 
                52.18146638028564
              ], 
              [
                -117.64152179316285, 
                52.16529167245386
              ], 
              [
                -117.61635535360746, 
                52.14033193655933
              ], 
              [
                -117.59080131163067, 
                52.13041000953417
              ], 
              [
                -117.55852938648543, 
                52.13666286609352
              ], 
              [
                -117.52434544159821, 
                52.147049845150015
              ], 
              [
                -117.49302949262254, 
                52.14953027938515
              ], 
              [
                -117.45974989968508, 
                52.14208890543946
              ], 
              [
                -117.41750442506556, 
                52.134518319507464
              ], 
              [
                -117.37618907606077, 
                52.13413069835399
              ], 
              [
                -117.34567425264655, 
                52.14823848749814
              ], 
              [
                -117.34027404668807, 
                52.1595556060103
              ], 
              [
                -117.33709588971459, 
                52.17242297384479
              ], 
              [
                -117.3315147946489, 
                52.18167301052896
              ], 
              [
                -117.31885410761598, 
                52.18198311304153
              ], 
              [
                -117.31211040596781, 
                52.17655716738308
              ], 
              [
                -117.30634849356994, 
                52.16707455406692
              ], 
              [
                -117.30193004746866, 
                52.156454923606134
              ], 
              [
                -117.29913953638517, 
                52.14782497778633
              ], 
              [
                -117.29735679466935, 
                52.136611297664544
              ], 
              [
                -117.29779602884162, 
                52.125836744101996
              ], 
              [
                -117.29857117360002, 
                52.11537226428414
              ], 
              [
                -117.29802855289793, 
                52.1050369578876
              ], 
              [
                -117.29404944736548, 
                52.09149771044181
              ], 
              [
                -117.28800333816159, 
                52.08209263634583
              ], 
              [
                -117.28009674081177, 
                52.073514233324644
              ], 
              [
                -117.27051079553014, 
                52.062558866306276
              ], 
              [
                -117.26989071003855, 
                52.05891571354431
              ], 
              [
                -117.2709758480485, 
                52.054135568704616
              ], 
              [
                -117.27172523603134, 
                52.049174720715015
              ], 
              [
                -117.26994241642123, 
                52.04506646226797
              ], 
              [
                -117.2662992089378, 
                52.04320609116952
              ], 
              [
                -117.26164836130054, 
                52.04235346557578
              ], 
              [
                -117.2570232519046, 
                52.04157824035854
              ], 
              [
                -117.25327675382387, 
                52.039795452197914
              ], 
              [
                -117.24971103547712, 
                52.03713406606633
              ], 
              [
                -117.24534435069205, 
                52.03444686213339
              ], 
              [
                -117.2408485348119, 
                52.03183724165011
              ], 
              [
                -117.2369211644319, 
                52.02951184348812
              ], 
              [
                -117.2246479980309, 
                52.01992585068069
              ], 
              [
                -117.21209064735407, 
                52.007936943494244
              ], 
              [
                -117.19886147509311, 
                51.996258063284166
              ], 
              [
                -117.1845470983666, 
                51.98773144752479
              ], 
              [
                -117.16687368623238, 
                51.98225366250349
              ], 
              [
                -117.14739179095793, 
                51.9779129774197
              ], 
              [
                -117.12837479070393, 
                51.97279692848252
              ], 
              [
                -117.11189008860283, 
                51.96504555349103
              ], 
              [
                -117.10158052571967, 
                51.95708725406571
              ], 
              [
                -117.09253724711323, 
                51.948457398534806
              ], 
              [
                -117.08331298566424, 
                51.93982741398544
              ], 
              [
                -117.07243510358396, 
                51.931404162188116
              ], 
              [
                -117.06021361254041, 
                51.92383355026073
              ], 
              [
                -117.04737202892377, 
                51.915229433819526
              ], 
              [
                -117.036829999311, 
                51.90463572357153
              ], 
              [
                -117.03163655543999, 
                51.89117405618929
              ], 
              [
                -117.03127478951468, 
                51.88220815926366
              ], 
              [
                -117.03109387591422, 
                51.87233790802168
              ], 
              [
                -117.02993115202166, 
                51.86272608805965
              ], 
              [
                -117.02662392965048, 
                51.85450961317106
              ], 
              [
                -117.01750295570808, 
                51.84753320031099
              ], 
              [
                -117.00504895439674, 
                51.8419521667568
              ], 
              [
                -116.99435204031285, 
                51.8353893817781
              ], 
              [
                -116.99050209775547, 
                51.825338261207385
              ], 
              [
                -116.99016618136527, 
                51.81461538037107
              ], 
              [
                -116.9872464883658, 
                51.80497775410319
              ], 
              [
                -116.98249223240744, 
                51.79585683678137
              ], 
              [
                -116.97647188742447, 
                51.78686508943026
              ], 
              [
                -116.96466392006856, 
                51.764851040320124
              ], 
              [
                -116.95308839584888, 
                51.74061478984395
              ], 
              [
                -116.93766286485726, 
                51.71989240896643
              ], 
              [
                -116.91438268694984, 
                51.70842030377803
              ], 
              [
                -116.88782107051529, 
                51.70573320862948
              ], 
              [
                -116.85348207379293, 
                51.70635331665495
              ], 
              [
                -116.82268281453284, 
                51.71299361838691
              ], 
              [
                -116.80663732941431, 
                51.72862579290721
              ], 
              [
                -116.80891111469218, 
                51.73340588742062
              ], 
              [
                -116.81516400227672, 
                51.736506519052185
              ], 
              [
                -116.81989233258102, 
                51.7405113702556
              ], 
              [
                -116.81772195282247, 
                51.74800448701274
              ], 
              [
                -116.81345866311509, 
                51.752345325503676
              ], 
              [
                -116.80805841529454, 
                51.75611763542268
              ], 
              [
                -116.80245155637917, 
                51.75963167298463
              ], 
              [
                -116.79743892404917, 
                51.76309397308455
              ], 
              [
                -116.7876203745896, 
                51.77172390644073
              ], 
              [
                -116.77599326055544, 
                51.78226599223139
              ], 
              [
                -116.76372005078859, 
                51.791877743466436
              ], 
              [
                -116.75217038756705, 
                51.79787223282526
              ], 
              [
                -116.73834693442345, 
                51.800481883495316
              ], 
              [
                -116.72578951276319, 
                51.801101944164046
              ], 
              [
                -116.71274129986762, 
                51.8025231448176
              ], 
              [
                -116.69739335971647, 
                51.807484037913255
              ], 
              [
                -116.6849651968899, 
                51.80939608837655
              ], 
              [
                -116.67155510608242, 
                51.80590786472172
              ], 
              [
                -116.65951458487042, 
                51.79856991032263
              ], 
              [
                -116.65106542785415, 
                51.78895802413994
              ], 
              [
                -116.64788739137293, 
                51.77771847456618
              ], 
              [
                -116.6480424294525, 
                51.76753822697564
              ], 
              [
                -116.64607863090166, 
                51.758494744756526
              ], 
              [
                -116.63664773963124, 
                51.75063999152844
              ], 
              [
                -116.6282245093793, 
                51.744800585685205
              ], 
              [
                -116.62228169345546, 
                51.73813429763079
              ], 
              [
                -116.61592542478903, 
                51.731054549278824
              ], 
              [
                -116.60633951353516, 
                51.72405246873355
              ], 
              [
                -116.59605593073373, 
                51.708962982995594
              ], 
              [
                -116.59582337373594, 
                51.68769811520944
              ], 
              [
                -116.59326537035489, 
                51.664624565975735
              ], 
              [
                -116.57636713549788, 
                51.64423816523081
              ], 
              [
                -116.556730107279, 
                51.635814925242364
              ], 
              [
                -116.53515516172116, 
                51.630750593916325
              ], 
              [
                -116.51378700902585, 
                51.625583011514074
              ], 
              [
                -116.49466664559189, 
                51.61674624607933
              ], 
              [
                -116.48415058810698, 
                51.60736708497568
              ], 
              [
                -116.48045563009659, 
                51.599537997441864
              ], 
              [
                -116.47849204466422, 
                51.59132158150714
              ], 
              [
                -116.4730143268902, 
                51.580624541678475
              ], 
              [
                -116.46089614849693, 
                51.56873889914025
              ], 
              [
                -116.44833881251883, 
                51.563881356225686
              ], 
              [
                -116.43405019903773, 
                51.56093570823795
              ], 
              [
                -116.41691956604224, 
                51.55447627327507
              ], 
              [
                -116.40503400331167, 
                51.54718991524506
              ], 
              [
                -116.40038307302812, 
                51.54052359757432
              ], 
              [
                -116.39950461235968, 
                51.53173864867606
              ], 
              [
                -116.39883283288412, 
                51.51809608602659
              ], 
              [
                -116.38808411595109, 
                51.49510005245097
              ], 
              [
                -116.36599239973832, 
                51.481044015366614
              ], 
              [
                -116.33932732323356, 
                51.47259487477162
              ], 
              [
                -116.31496196474848, 
                51.46631628063943
              ], 
              [
                -116.29576416721167, 
                51.45068415698369
              ], 
              [
                -116.2961259079271, 
                51.42740392979016
              ], 
              [
                -116.30209444720582, 
                51.401823993375125
              ], 
              [
                -116.29994989769924, 
                51.3792414185396
              ], 
              [
                -116.2951439762982, 
                51.37422878942108
              ], 
              [
                -116.28858103757301, 
                51.37019799124165
              ], 
              [
                -116.28183730777607, 
                51.36603808898257
              ], 
              [
                -116.27664387347741, 
                51.36037957604476
              ], 
              [
                -116.27504184282989, 
                51.35391995011031
              ], 
              [
                -116.27558441631953, 
                51.34709862729322
              ], 
              [
                -116.27620458947146, 
                51.340199887864
              ], 
              [
                -116.27470604520909, 
                51.33366290439055
              ], 
              [
                -116.26723878383548, 
                51.32309505390109
              ], 
              [
                -116.25747187057381, 
                51.314361658697436
              ], 
              [
                -116.24615473227728, 
                51.30761788423917
              ], 
              [
                -116.23385577064998, 
                51.303122067532975
              ], 
              [
                -116.21721594019873, 
                51.30188181208977
              ], 
              [
                -116.19874163216654, 
                51.30348380021688
              ], 
              [
                -116.18083574633916, 
                51.30384553347555
              ], 
              [
                -116.1657720277052, 
                51.298962065859186
              ], 
              [
                -116.1588215570014, 
                51.29087471413297
              ], 
              [
                -116.15533342416676, 
                51.28115957537478
              ], 
              [
                -116.1520261089125, 
                51.27139270215336
              ], 
              [
                -116.14579913807108, 
                51.26315035701818
              ], 
              [
                -116.11781632793304, 
                51.25237579536855
              ], 
              [
                -116.08383907859596, 
                51.24860342162643
              ], 
              [
                -116.0512571151634, 
                51.24121372437229
              ], 
              [
                -116.02751175074305, 
                51.219664601466036
              ], 
              [
                -116.0221890799543, 
                51.20044096965568
              ], 
              [
                -116.02218911772319, 
                51.180054660021206
              ], 
              [
                -116.02249915573223, 
                51.16023672612836
              ], 
              [
                -116.01810664449059, 
                51.14243417660459
              ], 
              [
                -116.00317214321929, 
                51.129024128422905
              ], 
              [
                -115.9770755407804, 
                51.11458056094347
              ], 
              [
                -115.94937702784621, 
                51.101842384751116
              ], 
              [
                -115.92971408501121, 
                51.093548247239994
              ], 
              [
                -115.90369506429906, 
                51.087476339699194
              ], 
              [
                -115.87356768011557, 
                51.08602937090812
              ], 
              [
                -115.84300107005335, 
                51.08602937090812
              ], 
              [
                -115.8157675863623, 
                51.084246530617555
              ], 
              [
                -115.80618161743186, 
                51.08215364531711
              ], 
              [
                -115.79197061239044, 
                51.078148737397115
              ], 
              [
                -115.77858636020835, 
                51.07295519033505
              ], 
              [
                -115.77163590336356, 
                51.06721913342899
              ], 
              [
                -115.76941383416526, 
                51.05817577893015
              ], 
              [
                -115.76752763258672, 
                51.049132388003244
              ], 
              [
                -115.76396196626283, 
                51.04094168248292
              ], 
              [
                -115.75688231362405, 
                51.0342496068789
              ], 
              [
                -115.73709023625969, 
                51.026601489778855
              ], 
              [
                -115.71577367658143, 
                51.02259652937948
              ], 
              [
                -115.69497393983559, 
                51.017609784792114
              ], 
              [
                -115.67678381105908, 
                51.006861058740874
              ], 
              [
                -115.67143532412328, 
                50.99957470964381
              ], 
              [
                -115.66877395558403, 
                50.992339972657525
              ], 
              [
                -115.66564753040797, 
                50.98546700576463
              ], 
              [
                -115.6588262583854, 
                50.97926585344477
              ], 
              [
                -115.64575213298421, 
                50.975441811388464
              ], 
              [
                -115.6320061849522, 
                50.97430491032355
              ], 
              [
                -115.62035317079426, 
                50.97022249736923
              ], 
              [
                -115.61342854017953, 
                50.957510109178834
              ], 
              [
                -115.61089638441277, 
                50.94608960356666
              ], 
              [
                -115.60784746244977, 
                50.9376663307666
              ], 
              [
                -115.60304152513143, 
                50.929914831309084
              ], 
              [
                -115.59523838026102, 
                50.92038052606541
              ], 
              [
                -115.58728022516614, 
                50.91477365031766
              ], 
              [
                -115.57681576844433, 
                50.907849034344494
              ], 
              [
                -115.57193232506489, 
                50.900278412907255
              ], 
              [
                -115.58076901130462, 
                50.892837025084205
              ], 
              [
                -115.59591023101673, 
                50.89004652673554
              ], 
              [
                -115.61490130756226, 
                50.88818616104121
              ], 
              [
                -115.63293638166968, 
                50.884232913579346
              ], 
              [
                -115.64523535283523, 
                50.874801940051725
              ], 
              [
                -115.6467081182794, 
                50.852038457030545
              ], 
              [
                -115.62335037530052, 
                50.844545380900236
              ], 
              [
                -115.59280962309104, 
                50.84216828701062
              ], 
              [
                -115.57257830774765, 
                50.83480440464711
              ], 
              [
                -115.56358660269888, 
                50.82204031763108
              ], 
              [
                -115.55369055514154, 
                50.80992218273624
              ], 
              [
                -115.54206337057926, 
                50.79969026472958
              ], 
              [
                -115.52800737373222, 
                50.79245555575211
              ], 
              [
                -115.51485574495855, 
                50.78932915891273
              ], 
              [
                -115.49896519287054, 
                50.78599597059717
              ], 
              [
                -115.48439246198797, 
                50.78062164851233
              ], 
              [
                -115.47509068890109, 
                50.77116484378909
              ], 
              [
                -115.46441953298685, 
                50.76054536901145
              ], 
              [
                -115.44956253241874, 
                50.75891753010765
              ], 
              [
                -115.43351699499634, 
                50.759175905357544
              ], 
              [
                -115.41912515561827, 
                50.75421502536341
              ], 
              [
                -115.4122521935968, 
                50.7443448293899
              ], 
              [
                -115.40853147081913, 
                50.732691771328085
              ], 
              [
                -115.40318292749036, 
                50.722382284082286
              ], 
              [
                -115.39134907910832, 
                50.7164395599527
              ], 
              [
                -115.37897252843825, 
                50.71902332793608
              ], 
              [
                -115.36843054430308, 
                50.72677480123486
              ], 
              [
                -115.35737182106091, 
                50.732924337735426
              ], 
              [
                -115.343264106373, 
                50.7304954865248
              ], 
              [
                -115.33473749872427, 
                50.72517281860362
              ], 
              [
                -115.3259008296056, 
                50.71868742715674
              ], 
              [
                -115.31740010133697, 
                50.71178867734932
              ], 
              [
                -115.30995863508421, 
                50.7052256983193
              ], 
              [
                -115.30432593657584, 
                50.69817190384786
              ], 
              [
                -115.29680704388488, 
                50.68672560717362
              ], 
              [
                -115.290140732902, 
                50.67478829127714
              ], 
              [
                -115.28719517628612, 
                50.666442548597615
              ], 
              [
                -115.28833206943305, 
                50.65571970202932
              ], 
              [
                -115.29324132012648, 
                50.652825809255724
              ], 
              [
                -115.30218135389762, 
                50.65230905752083
              ], 
              [
                -115.31551387556028, 
                50.64897593072154
              ], 
              [
                -115.31251665508763, 
                50.63597932371966
              ], 
              [
                -115.2867301222595, 
                50.61489534621642
              ], 
              [
                -115.25624102900579, 
                50.59401807081036
              ], 
              [
                -115.2389552390695, 
                50.581874080630534
              ], 
              [
                -115.23151385006824, 
                50.57040193373362
              ], 
              [
                -115.22701800489558, 
                50.559394858431446
              ], 
              [
                -115.22061012235632, 
                50.550403154417836
              ], 
              [
                -115.20743262727254, 
                50.54477041713503
              ], 
              [
                -115.19838925211478, 
                50.544718741973924
              ], 
              [
                -115.18807979139503, 
                50.54771595867419
              ], 
              [
                -115.17913977262442, 
                50.55391713536458
              ], 
              [
                -115.17438555418778, 
                50.56355480529007
              ], 
              [
                -115.15929601153255, 
                50.5786701336216
              ], 
              [
                -115.12875525709312, 
                50.586912544158054
              ], 
              [
                -115.0959665614749, 
                50.58916047063193
              ], 
              [
                -115.07413327441701, 
                50.586447463933794
              ], 
              [
                -115.05868200899307, 
                50.58249420186186
              ], 
              [
                -115.04310156547119, 
                50.58102142629699
              ], 
              [
                -115.02765030066905, 
                50.5786701336216
              ], 
              [
                -115.01263829799136, 
                50.57231393292375
              ], 
              [
                -114.99971921486825, 
                50.5628571756828
              ], 
              [
                -114.98832456559332, 
                50.55252189550737
              ], 
              [
                -114.9777308837732, 
                50.54120474045843
              ], 
              [
                -114.96744727654924, 
                50.52911245869041
              ], 
              [
                -114.94832698217385, 
                50.506736545142196
              ], 
              [
                -114.93031774432283, 
                50.487409559458946
              ], 
              [
                -114.91109413288956, 
                50.46914196611847
              ], 
              [
                -114.88830482600103, 
                50.4497891411255
              ], 
              [
                -114.87954564943702, 
                50.441055799572
              ], 
              [
                -114.87404210760265, 
                50.43268421495544
              ], 
              [
                -114.86959796418985, 
                50.42457105076396
              ], 
              [
                -114.86412026034243, 
                50.41645784824327
              ], 
              [
                -114.85595536408292, 
                50.40772450779932
              ], 
              [
                -114.8494958019495, 
                50.40348702910731
              ], 
              [
                -114.84200272208426, 
                50.40033477148282
              ], 
              [
                -114.83081479549084, 
                50.39449535960718
              ], 
              [
                -114.81391657771157, 
                50.384211720356824
              ], 
              [
                -114.79133397550285, 
                50.368889655844555
              ], 
              [
                -114.77510760536263, 
                50.35413607051226
              ], 
              [
                -114.77727801516093, 
                50.34550610535921
              ], 
              [
                -114.79050715693606, 
                50.33809050832405
              ], 
              [
                -114.78978369948007, 
                50.32778107664146
              ], 
              [
                -114.78148963777764, 
                50.3160505311794
              ], 
              [
                -114.77190365713423, 
                50.30450084608783
              ], 
              [
                -114.76340287172304, 
                50.2933128836763
              ], 
              [
                -114.76001807554601, 
                50.28788687064476
              ], 
              [
                -114.75898454149396, 
                50.28160817716376
              ], 
              [
                -114.75746009754377, 
                50.268094803211284
              ], 
              [
                -114.75570308504558, 
                50.254090473829145
              ], 
              [
                -114.75363603061868, 
                50.242308251789844
              ], 
              [
                -114.74957943611028, 
                50.23114614828583
              ], 
              [
                -114.74190548007823, 
                50.21900217991082
              ], 
              [
                -114.73255205005593, 
                50.20349925500199
              ], 
              [
                -114.73061417893551, 
                50.191768699192025
              ], 
              [
                -114.73200945149324, 
                50.17936636536079
              ], 
              [
                -114.73275875370474, 
                50.161744695002014
              ], 
              [
                -114.73144100519518, 
                50.151616115993974
              ], 
              [
                -114.72852128838102, 
                50.13874868429477
              ], 
              [
                -114.72438717586975, 
                50.12603628563168
              ], 
              [
                -114.71940040050123, 
                50.11647614459086
              ], 
              [
                -114.71591223504666, 
                50.11347890515579
              ], 
              [
                -114.71172644535312, 
                50.11146352611523
              ], 
              [
                -114.70761817396918, 
                50.1095515036248
              ], 
              [
                -114.7041300157546, 
                50.10676097759816
              ], 
              [
                -114.6991173943138, 
                50.09937123854625
              ], 
              [
                -114.69423397230845, 
                50.09071543689055
              ], 
              [
                -114.68945390640006, 
                50.082421375436
              ], 
              [
                -114.68469967366306, 
                50.07591014419537
              ], 
              [
                -114.67960954602951, 
                50.07327464595715
              ], 
              [
                -114.67304663678827, 
                50.07239614308098
              ], 
              [
                -114.66687130250241, 
                50.07162099664867
              ], 
              [
                -114.66299557239081, 
                50.06952810274349
              ], 
              [
                -114.66110938198928, 
                50.064282945397785
              ], 
              [
                -114.66206539620848, 
                50.060562242115196
              ], 
              [
                -114.66366736482799, 
                50.05676402375688
              ], 
              [
                -114.66353817227163, 
                50.05146718790581
              ], 
              [
                -114.66214291090314, 
                50.0421137560143
              ], 
              [
                -114.6619103660055, 
                50.03296702645817
              ], 
              [
                -114.66167782312203, 
                50.02394949060952
              ], 
              [
                -114.66020504427456, 
                50.01508698238862
              ], 
              [
                -114.65591590038866, 
                50.00573354830401
              ], 
              [
                -114.6493529266241, 
                49.994261296877276
              ], 
              [
                -114.64382358236327, 
                49.982530789293676
              ], 
              [
                -114.64271256988818, 
                49.9728673339241
              ], 
              [
                -114.65007634516613, 
                49.96304866611316
              ], 
              [
                -114.66105774015146, 
                49.96232538697142
              ], 
              [
                -114.6730206790441, 
                49.96356542845217
              ], 
              [
                -114.68333026503211, 
                49.959379808549514
              ], 
              [
                -114.68805868201048, 
                49.94643489317745
              ], 
              [
                -114.68860120420445, 
                49.92708196815103
              ], 
              [
                -114.68643078883196, 
                49.90708318170637
              ], 
              [
                -114.68271018407665, 
                49.89199378655627
              ], 
              [
                -114.67054027672896, 
                49.87003116791846
              ], 
              [
                -114.65415883070474, 
                49.84902467783287
              ], 
              [
                -114.63832004891455, 
                49.82711392692123
              ], 
              [
                -114.62775220637356, 
                49.802283385682784
              ], 
              [
                -114.62483248550149, 
                49.789260922401475
              ], 
              [
                -114.62483244883819, 
                49.78021750073235
              ], 
              [
                -114.62948336832646, 
                49.77349961578986
              ], 
              [
                -114.64069723100094, 
                49.767505245862736
              ], 
              [
                -114.64511551205062, 
                49.76538644370736
              ], 
              [
                -114.64850024595063, 
                49.76269917769437
              ], 
              [
                -114.65005051401315, 
                49.75913347421465
              ], 
              [
                -114.64896542248007, 
                49.754379384494904
              ], 
              [
                -114.64377193356859, 
                49.74580108649507
              ], 
              [
                -114.63875934479218, 
                49.73804965290624
              ], 
              [
                -114.63643387117091, 
                49.729833057022134
              ], 
              [
                -114.63943119321664, 
                49.71980794188573
              ], 
              [
                -114.64418525548429, 
                49.71427835066098
              ], 
              [
                -114.65036074239634, 
                49.70993772297639
              ], 
              [
                -114.65694952529905, 
                49.706113713470984
              ], 
              [
                -114.66284054997436, 
                49.70172110636637
              ], 
              [
                -114.66622534790838, 
                49.696605128622714
              ], 
              [
                -114.66539858517073, 
                49.69265195769446
              ], 
              [
                -114.66338307076929, 
                49.68931865994565
              ], 
              [
                -114.66299561607653, 
                49.68590816299077
              ], 
              [
                -114.66601876336755, 
                49.67567632589766
              ], 
              [
                -114.66718135810592, 
                49.66900990836721
              ], 
              [
                -114.66997192208957, 
                49.66216282824807
              ], 
              [
                -114.67790429814494, 
                49.65118164208379
              ], 
              [
                -114.68103056436082, 
                49.6427581832128
              ], 
              [
                -114.68084966970494, 
                49.635704316244535
              ], 
              [
                -114.68392457892035, 
                49.63105364077309
              ], 
              [
                -114.69674035697966, 
                49.630045979730546
              ], 
              [
                -114.70885852299777, 
                49.6291158584589
              ], 
              [
                -114.72053717979968, 
                49.62495563087568
              ], 
              [
                -114.73066581421224, 
                49.61800521824889
              ], 
              [
                -114.73828816059034, 
                49.608651875417294
              ], 
              [
                -114.74404996822074, 
                49.59614603468798
              ], 
              [
                -114.74389505926749, 
                49.58761957633808
              ], 
              [
                -114.73828822207997, 
                49.58092754703281
              ], 
              [
                -114.72774623183588, 
                49.57366701202251
              ], 
              [
                -114.72146751071479, 
                49.57077308791219
              ], 
              [
                -114.71456864607741, 
                49.56891265890515
              ], 
              [
                -114.70748893211305, 
                49.56736231169376
              ], 
              [
                -114.70077110916924, 
                49.5650628539414
              ], 
              [
                -114.69792894285591, 
                49.561626418425355
              ], 
              [
                -114.69637848995612, 
                49.55625186712004
              ], 
              [
                -114.69418241557167, 
                49.55087773821819
              ], 
              [
                -114.68942804866477, 
                49.54731189374436
              ], 
              [
                -114.68457044157591, 
                49.54793198313782
              ], 
              [
                -114.67573387076085, 
                49.549973327980744
              ], 
              [
                -114.66622535466892, 
                49.55214366985343
              ], 
              [
                -114.65942980263326, 
                49.553099556233676
              ], 
              [
                -114.65067075932295, 
                49.55167859505319
              ], 
              [
                -114.6413172424331, 
                49.548707096981516
              ], 
              [
                -114.6318088171349, 
                49.54547736802514
              ], 
              [
                -114.62258450329134, 
                49.54343605885386
              ], 
              [
                -114.61028557990137, 
                49.54555487856492
              ], 
              [
                -114.59865843325453, 
                49.551523570306664
              ], 
              [
                -114.58744473029239, 
                49.55666548095738
              ], 
              [
                -114.57633430103739, 
                49.556200397978465
              ], 
              [
                -114.56369937750786, 
                49.538888747434875
              ], 
              [
                -114.56873772871195, 
                49.51390306481266
              ], 
              [
                -114.58137264206434, 
                49.48886586665947
              ], 
              [
                -114.59150123498506, 
                49.47129589410774
              ], 
              [
                -114.59790908186447, 
                49.444062375621684
              ], 
              [
                -114.5924829829314, 
                49.41781065404658
              ], 
              [
                -114.57803945725503, 
                49.39450462992971
              ], 
              [
                -114.55716218426313, 
                49.37618534256702
              ], 
              [
                -114.5506252061925, 
                49.37398920909554
              ], 
              [
                -114.54406233471413, 
                49.37378254793896
              ], 
              [
                -114.53773196067795, 
                49.37207721235125
              ], 
              [
                -114.53163414742163, 
                49.365462635868695
              ], 
              [
                -114.52941194842094, 
                49.36236190753148
              ], 
              [
                -114.52656990459744, 
                49.35926152584126
              ], 
              [
                -114.52349505844839, 
                49.356367518350105
              ], 
              [
                -114.52052368724077, 
                49.35383540427916
              ], 
              [
                -114.50830218354174, 
                49.34771171191924
              ], 
              [
                -114.49525387222832, 
                49.34546377100556
              ], 
              [
                -114.48230899908059, 
                49.34236328002845
              ], 
              [
                -114.47024252476373, 
                49.33368160517857
              ], 
              [
                -114.46817551186305, 
                49.32903078218163
              ], 
              [
                -114.4660049718246, 
                49.3215375331257
              ], 
              [
                -114.46360202941666, 
                49.31342434782543
              ], 
              [
                -114.46078578277611, 
                49.30701662373335
              ], 
              [
                -114.4569100718928, 
                49.303399299386086
              ], 
              [
                -114.4513031566159, 
                49.299988627628785
              ], 
              [
                -114.44543781618215, 
                49.29647454530553
              ], 
              [
                -114.44078688131557, 
                49.292288682645506
              ], 
              [
                -114.43722113325073, 
                49.28474382910561
              ], 
              [
                -114.43590336959763, 
                49.27704402137032
              ], 
              [
                -114.43334552789989, 
                49.270016207910466
              ], 
              [
                -114.42621426513465, 
                49.2641252045782
              ], 
              [
                -114.41339840163614, 
                49.26179962478271
              ], 
              [
                -114.39580257897836, 
                49.26071442318508
              ], 
              [
                -114.37980878175439, 
                49.25787229397176
              ], 
              [
                -114.37216064087029, 
                49.2503274987089
              ], 
              [
                -114.37477021117546, 
                49.24141319992286
              ], 
              [
                -114.38182402948586, 
                49.23614218388059
              ], 
              [
                -114.38768948968062, 
                49.229605353683034
              ], 
              [
                -114.38663001845994, 
                49.21673778744422
              ], 
              [
                -114.37639810255801, 
                49.20459384976157
              ], 
              [
                -114.36011994625434, 
                49.19849592638787
              ], 
              [
                -114.34218839941506, 
                49.19684250739457
              ], 
              [
                -114.32689199393946, 
                49.19797915443495
              ], 
              [
                -114.31162161364625, 
                49.19849592638787
              ], 
              [
                -114.3002787815577, 
                49.19575726327945
              ], 
              [
                -114.2896332665116, 
                49.191493736767875
              ], 
              [
                -114.27635257472203, 
                49.18756652300796
              ], 
              [
                -114.2582398297569, 
                49.18640360333961
              ], 
              [
                -114.24154851437196, 
                49.187334000589026
              ], 
              [
                -114.22537365424698, 
                49.18593856074857
              ], 
              [
                -114.20904383481098, 
                49.177644406316304
              ], 
              [
                -114.19736505363191, 
                49.1707715605833
              ], 
              [
                -114.17917508834825, 
                49.16139246783244
              ], 
              [
                -114.16209587614331, 
                49.15286566029917
              ], 
              [
                -114.15411196481637, 
                49.14816323212655
              ], 
              [
                -114.15271657271677, 
                49.137827779495396
              ], 
              [
                -114.15659237358908, 
                49.12795766890544
              ], 
              [
                -114.15984808061084, 
                49.117002383294746
              ], 
              [
                -114.15664408957943, 
                49.103618119747985
              ], 
              [
                -114.14770404197836, 
                49.09377372816752
              ], 
              [
                -114.13207179346367, 
                49.08023433680634
              ], 
              [
                -114.11556129073716, 
                49.06749624891643
              ], 
              [
                -114.10383083567082, 
                49.06005496603408
              ], 
              [
                -114.08646754640164, 
                49.05638592808286
              ], 
              [
                -114.06628779432022, 
                49.05462879361549
              ], 
              [
                -114.04827852460767, 
                49.04909937281866
              ], 
              [
                -114.03745225793075, 
                49.03426816586258
              ], 
              [
                -114.03750414210289, 
                49.02274459248101
              ], 
              [
                -114.04329177098167, 
                49.01519966007577
              ], 
              [
                -114.05176678092504, 
                49.00861101335238
              ], 
              [
                -114.06016423121727, 
                49.0000844416262
              ], 
              [
                -114.06365222690941, 
                48.9929012051429
              ], 
              [
                -114.06384006594354, 
                48.992514466148776
              ], 
              [
                -114.08068043993435, 
                48.992514466148776
              ], 
              [
                -114.3004861448147, 
                48.992514466148776
              ], 
              [
                -114.52026601069515, 
                48.992514466148776
              ], 
              [
                -114.74009755357561, 
                48.992514466148776
              ], 
              [
                -114.95992909645602, 
                48.992514466148776
              ], 
              [
                -115.17965728733645, 
                48.992514466148776
              ], 
              [
                -115.39951466821681, 
                48.992514466148776
              ], 
              [
                -115.6193720490972, 
                48.992514466148776
              ], 
              [
                -115.83912607697766, 
                48.992514466148776
              ], 
              [
                -116.04816306186397, 
                48.992514466148776
              ], 
              [
                -116.05895761985808, 
                48.992514466148776
              ], 
              [
                -116.27876332473846, 
                48.992514466148776
              ], 
              [
                -116.49856902861887, 
                48.992514466148776
              ], 
              [
                -116.71837473349932, 
                48.992514466148776
              ], 
              [
                -116.93818043837975, 
                48.992514466148776
              ], 
              [
                -117.03815103932533, 
                48.992514466148776
              ], 
              [
                -117.15801198126012, 
                48.992514466148776
              ], 
              [
                -117.3778693621405, 
                48.992514466148776
              ], 
              [
                -117.59767506702093, 
                48.992514466148776
              ], 
              [
                -117.81742909490137, 
                48.992514466148776
              ], 
              [
                -118.03723479978179, 
                48.992514466148776
              ], 
              [
                -118.25706634266217, 
                48.992514466148776
              ], 
              [
                -118.47687204754261, 
                48.992514466148776
              ], 
              [
                -118.69667775142302, 
                48.992514466148776
              ], 
              [
                -118.91648345630347, 
                48.992514466148776
              ], 
              [
                -119.13621164618395, 
                48.992514466148776
              ], 
              [
                -119.35604318906424, 
                48.992514466148776
              ], 
              [
                -119.57587473194468, 
                48.992514466148776
              ], 
              [
                -119.79570627482511, 
                48.992514466148776
              ], 
              [
                -120.01551197970555, 
                48.992514466148776
              ], 
              [
                -120.23531768458594, 
                48.992514466148776
              ], 
              [
                -120.45514922746632, 
                48.992514466148776
              ], 
              [
                -120.67495493234678, 
                48.992514466148776
              ], 
              [
                -120.89470896022719, 
                48.992514466148776
              ], 
              [
                -121.11451466410765, 
                48.992514466148776
              ], 
              [
                -121.334320368988, 
                48.992514466148776
              ], 
              [
                -121.55415191186843, 
                48.992514466148776
              ], 
              [
                -121.77395761674885, 
                48.992514466148776
              ], 
              [
                -121.9937633216293, 
                48.992514466148776
              ], 
              [
                -122.21351734950973, 
                48.992514466148776
              ], 
              [
                -122.43337473039009, 
                48.992514466148776
              ], 
              [
                -122.65325795027051, 
                48.992514466148776
              ], 
              [
                -122.75301676121619, 
                48.992514466148776
              ], 
              [
                -122.75951088925741, 
                49.00116610509454
              ], 
              [
                -122.78180909016942, 
                49.01732010378057
              ], 
              [
                -122.80357833088615, 
                49.010077308978325
              ], 
              [
                -122.82323156998775, 
                49.00698476193913
              ], 
              [
                -122.85301665283458, 
                49.01703512853927
              ], 
              [
                -122.8760473796487, 
                49.036525842941366
              ], 
              [
                -122.8755998255282, 
                49.05475505439008
              ], 
              [
                -122.86534580973277, 
                49.07005440215058
              ], 
              [
                -122.86774655106059, 
                49.08047109848363
              ], 
              [
                -122.8817439779987, 
                49.08649327196269
              ], 
              [
                -122.90660559079775, 
                49.08832427732504
              ], 
              [
                -122.9300430715374, 
                49.08685941013031
              ], 
              [
                -122.95128337192017, 
                49.08295324007663
              ], 
              [
                -123.03282631186286, 
                49.05060457209083
              ], 
              [
                -123.04857338382504, 
                49.03522371546305
              ], 
              [
                -123.04405668414194, 
                49.01727926040494
              ], 
              [
                -123.03205309502327, 
                48.99518452349802
              ], 
              [
                -123.03530831984605, 
                48.992498996600574
              ], 
              [
                -123.09050602803256, 
                48.992514466148776
              ], 
              [
                -123.09373950195797, 
                49.00511316171829
              ], 
              [
                -123.1004940235117, 
                49.02118570987882
              ], 
              [
                -123.10830642018442, 
                49.03367744729841
              ], 
              [
                -123.12462318352415, 
                49.04677969906199
              ], 
              [
                -123.13878333591616, 
                49.05377839171483
              ], 
              [
                -123.14297432412815, 
                49.06093973904212
              ], 
              [
                -123.12946528394247, 
                49.07465239288625
              ], 
              [
                -123.07567289761565, 
                49.10565816977233
              ], 
              [
                -123.05427006485868, 
                49.12323648973722
              ], 
              [
                -123.04067946924783, 
                49.15102770989467
              ], 
              [
                -123.08112557009399, 
                49.12836348620978
              ], 
              [
                -123.1234023556594, 
                49.11587134506986
              ], 
              [
                -123.16714440720779, 
                49.11562743269433
              ], 
              [
                -123.21198480725432, 
                49.12995023471705
              ], 
              [
                -123.21198473096266, 
                49.13670470123851
              ], 
              [
                -123.2001033598374, 
                49.148504998952
              ], 
              [
                -123.20470142493413, 
                49.18984624430483
              ], 
              [
                -123.1983130109688, 
                49.20563392293509
              ], 
              [
                -123.17979882948414, 
                49.209865474503275
              ], 
              [
                -123.15697168244073, 
                49.20530818359101
              ], 
              [
                -123.13760338968534, 
                49.19570555561103
              ], 
              [
                -123.14338123864071, 
                49.20746482084215
              ], 
              [
                -123.17536384317772, 
                49.22370039010664
              ], 
              [
                -123.2110083630201, 
                49.23663983067621
              ], 
              [
                -123.23591073641657, 
                49.24998621967184
              ], 
              [
                -123.24689696533423, 
                49.27464430439267
              ], 
              [
                -123.21825109791642, 
                49.27920155536346
              ], 
              [
                -123.17528235958575, 
                49.27659740227678
              ], 
              [
                -123.14305572133345, 
                49.28009666151505
              ], 
              [
                -123.16193599790167, 
                49.29999420311634
              ], 
              [
                -123.1548965777162, 
                49.308539086775134
              ], 
              [
                -123.13853907201666, 
                49.30902726804751
              ], 
              [
                -123.12946530286892, 
                49.3049177146108
              ], 
              [
                -123.12336191274015, 
                49.29437912769008
              ], 
              [
                -123.10863206866325, 
                49.288763862641886
              ], 
              [
                -123.09044336151906, 
                49.288641516927285
              ], 
              [
                -123.07420826668837, 
                49.29437912769008
              ], 
              [
                -123.06737207423369, 
                49.28754288593771
              ], 
              [
                -123.05654852835738, 
                49.29425677935876
              ], 
              [
                -123.03941807658134, 
                49.29588448144671
              ], 
              [
                -123.02098556465295, 
                49.293402510827015
              ], 
              [
                -123.00649967829594, 
                49.28754288593771
              ], 
              [
                -122.96084557539116, 
                49.281887192693205
              ], 
              [
                -122.92194576594814, 
                49.29954661574424
              ], 
              [
                -122.89248614745969, 
                49.333685632437394
              ], 
              [
                -122.86266028812915, 
                49.40643952253228
              ], 
              [
                -122.85773682191272, 
                49.42352941024738
              ], 
              [
                -122.85570238372519, 
                49.4417993465588
              ], 
              [
                -122.8598526021397, 
                49.449855782813906
              ], 
              [
                -122.8690485649591, 
                49.45636619844006
              ], 
              [
                -122.87828525640599, 
                49.457342805883826
              ], 
              [
                -122.88239509871367, 
                49.44863529179085
              ], 
              [
                -122.87962795127027, 
                49.417181579953784
              ], 
              [
                -122.8823949434163, 
                49.4042422043594
              ], 
              [
                -122.93814031304288, 
                49.32583228571547
              ], 
              [
                -123.02065996395922, 
                49.30683014972226
              ], 
              [
                -123.21198483570744, 
                49.342759513786675
              ], 
              [
                -123.22842368150447, 
                49.343451297854635
              ], 
              [
                -123.27000887113817, 
                49.33535385228756
              ], 
              [
                -123.27660081129419, 
                49.35154868439839
              ], 
              [
                -123.28355871969607, 
                49.363348696077225
              ], 
              [
                -123.29393470518022, 
                49.37010326314871
              ], 
              [
                -123.28384359876769, 
                49.38255448211281
              ], 
              [
                -123.25645917031622, 
                49.396551891789876
              ], 
              [
                -123.2454727006625, 
                49.411078090844214
              ], 
              [
                -123.24107828849688, 
                49.42609288186724
              ], 
              [
                -123.24010173550886, 
                49.44155513151035
              ], 
              [
                -123.25218653047709, 
                49.51178605538756
              ], 
              [
                -123.2511287617097, 
                49.52285396900456
              ], 
              [
                -123.24010156173034, 
                49.55499893751028
              ], 
              [
                -123.2258194576523, 
                49.58470285835266
              ], 
              [
                -123.21816984928125, 
                49.596014861028465
              ], 
              [
                -123.22183176889364, 
                49.596909820237784
              ], 
              [
                -123.22472091672385, 
                49.596991377659975
              ], 
              [
                -123.22618572739056, 
                49.59853756244563
              ], 
              [
                -123.22565657793787, 
                49.603460855580614
              ], 
              [
                -123.215077342666, 
                49.60993080703014
              ], 
              [
                -123.20689849281673, 
                49.621568013817964
              ], 
              [
                -123.20466072226695, 
                49.63580976768677
              ], 
              [
                -123.2119847454864, 
                49.65005107480273
              ], 
              [
                -123.16999263293086, 
                49.67499419736309
              ], 
              [
                -123.15396079016233, 
                49.692938601625116
              ], 
              [
                -123.17100994084318, 
                49.70526769869861
              ], 
              [
                -123.18814033426756, 
                49.6915956589852
              ], 
              [
                -123.20278889863616, 
                49.682277774256555
              ], 
              [
                -123.21507735937547, 
                49.677964680397444
              ], 
              [
                -123.22842376181013, 
                49.674872289181664
              ], 
              [
                -123.23924712850295, 
                49.667425764161905
              ], 
              [
                -123.2474259977588, 
                49.65827067676774
              ], 
              [
                -123.25291899045834, 
                49.65005107480273
              ], 
              [
                -123.24657143331142, 
                49.62555574898574
              ], 
              [
                -123.24547281629414, 
                49.61310459460435
              ], 
              [
                -123.24860593478019, 
                49.59780509267786
              ], 
              [
                -123.25641853391244, 
                49.5930037772778
              ], 
              [
                -123.26659097228645, 
                49.59137607021292
              ], 
              [
                -123.2872614689881, 
                49.58087793345508
              ], 
              [
                -123.3158260999088, 
                49.58258712673466
              ], 
              [
                -123.32803298227593, 
                49.58177314992298
              ], 
              [
                -123.33568275846447, 
                49.57664624066147
              ], 
              [
                -123.34898840318253, 
                49.56012603479937
              ], 
              [
                -123.35533607601947, 
                49.55508048161735
              ], 
              [
                -123.38060457966291, 
                49.55857977135771
              ], 
              [
                -123.39659595893907, 
                49.558295138355135
              ], 
              [
                -123.4037979559119, 
                49.551662472475186
              ], 
              [
                -123.40973868132048, 
                49.54775618764295
              ], 
              [
                -123.43822179434144, 
                49.536810596743145
              ], 
              [
                -123.44815011124763, 
                49.53091045156222
              ], 
              [
                -123.48949133527985, 
                49.51504140244045
              ], 
              [
                -123.50267493167598, 
                49.50543854126198
              ], 
              [
                -123.48570711093136, 
                49.49359766397106
              ], 
              [
                -123.49132239270837, 
                49.47308990829613
              ], 
              [
                -123.4732153586701, 
                49.43451576253113
              ], 
              [
                -123.48228918116091, 
                49.41421131717823
              ], 
              [
                -123.49986741181881, 
                49.39988852621578
              ], 
              [
                -123.51618412699919, 
                49.39166910432969
              ], 
              [
                -123.53355877758473, 
                49.38849524861283
              ], 
              [
                -123.55459542710302, 
                49.38995993344682
              ], 
              [
                -123.78111737658826, 
                49.46548093116792
              ], 
              [
                -123.8067112628212, 
                49.470526281950185
              ], 
              [
                -123.86522384791725, 
                49.47333415306938
              ], 
              [
                -123.88556868968963, 
                49.47728084581529
              ], 
              [
                -123.90343177347833, 
                49.48615143808842
              ], 
              [
                -123.9103899028912, 
                49.49380132073646
              ], 
              [
                -123.91421474034881, 
                49.500881360466224
              ], 
              [
                -123.9195450429574, 
                49.50747303955692
              ], 
              [
                -123.93077544819357, 
                49.5134950997179
              ], 
              [
                -123.94627848785056, 
                49.517564239413815
              ], 
              [
                -123.95571843344379, 
                49.518459235556264
              ], 
              [
                -123.96377514169956, 
                49.52114486264903
              ], 
              [
                -123.97545317089417, 
                49.53091045156222
              ], 
              [
                -123.99315351040669, 
                49.5502384187562
              ], 
              [
                -124.02696679811169, 
                49.603460855580614
              ], 
              [
                -124.03429115201313, 
                49.61115144219079
              ], 
              [
                -124.05313057774403, 
                49.62278870449372
              ], 
              [
                -124.0611060518242, 
                49.630804904129235
              ], 
              [
                -124.0660700062918, 
                49.64402891108408
              ], 
              [
                -124.06798259206484, 
                49.662339632842006
              ], 
              [
                -124.06383222352932, 
                49.67845293980077
              ], 
              [
                -124.05113681869224, 
                49.68545153088487
              ], 
              [
                -124.04430094669651, 
                49.69122960054405
              ], 
              [
                -124.02920501082488, 
                49.7204452037571
              ], 
              [
                -124.02013108261906, 
                49.73261150378156
              ], 
              [
                -124.0060928335792, 
                49.74079002535551
              ], 
              [
                -123.99006103738175, 
                49.745062608100106
              ], 
              [
                -123.9549454265669, 
                49.746893604069186
              ], 
              [
                -123.93927978280189, 
                49.74359775879697
              ], 
              [
                -123.93211817959168, 
                49.73566302114825
              ], 
              [
                -123.92788643128803, 
                49.72557190032289
              ], 
              [
                -123.92080639191083, 
                49.71580632138213
              ], 
              [
                -123.86925202654376, 
                49.67177962531437
              ], 
              [
                -123.84064703924089, 
                49.63812909012004
              ], 
              [
                -123.83511318602008, 
                49.6339380110568
              ], 
              [
                -123.82725983314793, 
                49.59520084159265
              ], 
              [
                -123.82835850317561, 
                49.58177314992298
              ], 
              [
                -123.81973213249395, 
                49.56704325139876
              ], 
              [
                -123.80508368413719, 
                49.52863178104625
              ], 
              [
                -123.79417876827272, 
                49.5134950997179
              ], 
              [
                -123.77708893703083, 
                49.505316403675614
              ], 
              [
                -123.76716055324123, 
                49.5131695961157
              ], 
              [
                -123.76032476493035, 
                49.52802165881028
              ], 
              [
                -123.75259362744427, 
                49.54075764022938
              ], 
              [
                -123.76341703818713, 
                49.55687073784638
              ], 
              [
                -123.77163646901104, 
                49.575425459715916
              ], 
              [
                -123.77228768289308, 
                49.59393965925236
              ], 
              [
                -123.76008066261247, 
                49.60968674272037
              ], 
              [
                -123.75096594199142, 
                49.61273833862612
              ], 
              [
                -123.71849521535846, 
                49.616522492130585
              ], 
              [
                -123.70889229698064, 
                49.62278870449372
              ], 
              [
                -123.70181230190614, 
                49.629461978550054
              ], 
              [
                -123.69367430685237, 
                49.634833102906015
              ], 
              [
                -123.63801030800411, 
                49.64109945397821
              ], 
              [
                -123.58975183746514, 
                49.653631997142604
              ], 
              [
                -123.55020110614909, 
                49.674872289181664
              ], 
              [
                -123.53351807897808, 
                49.70526769869861
              ], 
              [
                -123.66445875100915, 
                49.65615464675246
              ], 
              [
                -123.79454494153191, 
                49.64402891108408
              ], 
              [
                -123.80785075297692, 
                49.646918080366774
              ], 
              [
                -123.81208247922244, 
                49.66714101008938
              ], 
              [
                -123.82323167512821, 
                49.68317303577878
              ], 
              [
                -123.88361556043056, 
                49.739406493487174
              ], 
              [
                -123.91836503120167, 
                49.75625233810238
              ], 
              [
                -123.92760179569942, 
                49.763617375422676
              ], 
              [
                -123.93370516233894, 
                49.78327052318356
              ], 
              [
                -123.92267819474537, 
                49.79962800366192
              ], 
              [
                -123.88975984120373, 
                49.82880273968636
              ], 
              [
                -123.8818252982205, 
                49.847357458003856
              ], 
              [
                -123.88048263604989, 
                49.86542399336555
              ], 
              [
                -123.88361578130218, 
                49.9011092235835
              ], 
              [
                -123.89061428593799, 
                49.92145405241274
              ], 
              [
                -123.90754158343474, 
                49.930975783788234
              ], 
              [
                -123.92780515977245, 
                49.936468837483176
              ], 
              [
                -123.94497626061313, 
                49.94489154760233
              ], 
              [
                -123.95787522044758, 
                49.96710857122646
              ], 
              [
                -123.95360276552462, 
                49.98969158511083
              ], 
              [
                -123.9356176418283, 
                50.007310288802984
              ], 
              [
                -123.89574134025715, 
                50.01752350529551
              ], 
              [
                -123.87808183482005, 
                50.0311953797935
              ], 
              [
                -123.86587480396211, 
                50.03424713695665
              ], 
              [
                -123.8199763665003, 
                50.03815338757466
              ], 
              [
                -123.80785071579417, 
                50.04108307591214
              ], 
              [
                -123.7719620437069, 
                50.072943427811
              ], 
              [
                -123.75454668125985, 
                50.09373607259021
              ], 
              [
                -123.7563370449099, 
                50.10317617618823
              ], 
              [
                -123.77741451741987, 
                50.11163971648099
              ], 
              [
                -123.8148087266857, 
                50.14915599621209
              ], 
              [
                -123.82835853192891, 
                50.15839264948777
              ], 
              [
                -123.8875626322024, 
                50.18183014865242
              ], 
              [
                -123.92894446912247, 
                50.19049714169848
              ], 
              [
                -123.97061113401216, 
                50.21442292129021
              ], 
              [
                -123.99347896410916, 
                50.21979400529858
              ], 
              [
                -123.98444576049724, 
                50.20600005959748
              ], 
              [
                -123.9722387423654, 
                50.19269441025144
              ], 
              [
                -123.9584854848858, 
                50.18105703742951
              ], 
              [
                -123.94497636953257, 
                50.17206452402885
              ], 
              [
                -123.92471270138687, 
                50.16412995842875
              ], 
              [
                -123.88145911647362, 
                50.15375397582487
              ], 
              [
                -123.8624568358921, 
                50.14411042001947
              ], 
              [
                -123.85802161372494, 
                50.13934967668578
              ], 
              [
                -123.85057532861833, 
                50.12669505813803
              ], 
              [
                -123.84569251132744, 
                50.12051015723078
              ], 
              [
                -123.83714758879222, 
                50.11595286561815
              ], 
              [
                -123.81334388117624, 
                50.10781484849162
              ], 
              [
                -123.80785071691072, 
                50.10317617618823
              ], 
              [
                -123.81468665257871, 
                50.090318100517436
              ], 
              [
                -123.83315996099725, 
                50.07550690414327
              ], 
              [
                -123.86925208372752, 
                50.05475495198167
              ], 
              [
                -123.98110917869954, 
                50.02138906465532
              ], 
              [
                -123.99315345007342, 
                50.0108096370845
              ], 
              [
                -123.9996230496932, 
                49.9933127478797
              ], 
              [
                -124.0000707872585, 
                49.97361890529643
              ], 
              [
                -123.99624597221626, 
                49.953029775425655
              ], 
              [
                -123.98900296087834, 
                49.93378315695606
              ], 
              [
                -123.97911548005067, 
                49.91815840380265
              ], 
              [
                -123.96190354896666, 
                49.90399822819241
              ], 
              [
                -123.92609605417684, 
                49.88617572807574
              ], 
              [
                -123.91087815785433, 
                49.86977785028137
              ], 
              [
                -123.91787672678169, 
                49.86139554005523
              ], 
              [
                -123.92992102624414, 
                49.83844635396785
              ], 
              [
                -123.93822175518267, 
                49.82880273968636
              ], 
              [
                -123.963449622825, 
                49.81671778172663
              ], 
              [
                -123.96548411387165, 
                49.81513085156115
              ], 
              [
                -123.97069240091292, 
                49.81281146231898
              ], 
              [
                -123.97398840142637, 
                49.81069569390949
              ], 
              [
                -123.97817955618027, 
                49.809027486511575
              ], 
              [
                -123.98595133687951, 
                49.80829503056533
              ], 
              [
                -124.00112872650259, 
                49.811835047112545
              ], 
              [
                -124.0085343700789, 
                49.82062416170717
              ], 
              [
                -124.01329513811513, 
                49.84243408674757
              ], 
              [
                -124.01349858028985, 
                49.84813069151853
              ], 
              [
                -124.01170802906876, 
                49.85089740322383
              ], 
              [
                -124.01065018561849, 
                49.85468169831201
              ], 
              [
                -124.0132949785809, 
                49.86359275732599
              ], 
              [
                -124.01707934436679, 
                49.86863854495299
              ], 
              [
                -124.02912339736284, 
                49.87824115719376
              ], 
              [
                -124.03441321192801, 
                49.88344960745441
              ], 
              [
                -124.02562404704409, 
                49.89398822575243
              ], 
              [
                -124.02041590524226, 
                49.90778239344689
              ], 
              [
                -124.02302010419174, 
                49.91986739121284
              ], 
              [
                -124.03746489059215, 
                49.92499411305992
              ], 
              [
                -124.04523686270127, 
                49.91742593984706
              ], 
              [
                -124.07477789798509, 
                49.86977785028137
              ], 
              [
                -124.06407622855126, 
                49.86359275732599
              ], 
              [
                -124.0527237266528, 
                49.852240261152176
              ], 
              [
                -124.04816650542865, 
                49.84113194396376
              ], 
              [
                -124.05768791623665, 
                49.83624904617483
              ], 
              [
                -124.07298737209115, 
                49.83494693541447
              ], 
              [
                -124.08495028445036, 
                49.830511739107706
              ], 
              [
                -124.08922280706791, 
                49.8219261983718
              ], 
              [
                -124.08161377190717, 
                49.80829503056533
              ], 
              [
                -124.10216223511226, 
                49.79816314849861
              ], 
              [
                -124.14781644183385, 
                49.78436909894054
              ], 
              [
                -124.17096933528201, 
                49.78099207988175
              ], 
              [
                -124.24966399636457, 
                49.78099207988175
              ], 
              [
                -124.27399650606117, 
                49.77415594229843
              ], 
              [
                -124.26748614551222, 
                49.751654379656614
              ], 
              [
                -124.28302976269462, 
                49.74656811339311
              ], 
              [
                -124.30426990316404, 
                49.75267152105161
              ], 
              [
                -124.32721926591147, 
                49.77435951247431
              ], 
              [
                -124.35505119836448, 
                49.77448146846615
              ], 
              [
                -124.40371654532619, 
                49.76731998960581
              ], 
              [
                -124.43028717244323, 
                49.771551748048786
              ], 
              [
                -124.4776097186002, 
                49.79035052435654
              ], 
              [
                -124.51325429560104, 
                49.79751203552311
              ], 
              [
                -124.52082276117949, 
                49.80483637750747
              ], 
              [
                -124.52554289946553, 
                49.81484624182972
              ], 
              [
                -124.52847235447155, 
                49.83771381243777
              ], 
              [
                -124.53221599113083, 
                49.84438715836512
              ], 
              [
                -124.58311915580543, 
                49.88247291777014
              ], 
              [
                -124.60553943475892, 
                49.89325583255218
              ], 
              [
                -124.62686119851367, 
                49.89765053435849
              ], 
              [
                -124.63491780018818, 
                49.902004330204456
              ], 
              [
                -124.64972909410226, 
                49.92072188930011
              ], 
              [
                -124.6610000461779, 
                49.92499411305992
              ], 
              [
                -124.67544521913595, 
                49.92715090120147
              ], 
              [
                -124.73216722161305, 
                49.95429119811953
              ], 
              [
                -124.76439380467562, 
                49.97736250989826
              ], 
              [
                -124.82209225174525, 
                50.04010651171002
              ], 
              [
                -124.82892819074085, 
                50.05475495198167
              ], 
              [
                -124.82038326756921, 
                50.071478583647604
              ], 
              [
                -124.80093339870922, 
                50.06220123980732
              ], 
              [
                -124.7791641903292, 
                50.04413483109672
              ], 
              [
                -124.76341712096183, 
                50.03424713695665
              ], 
              [
                -124.74242102735799, 
                50.027777410268044
              ], 
              [
                -124.70376539739655, 
                49.996893585900075
              ], 
              [
                -124.68488528401713, 
                49.98647702817073
              ], 
              [
                -124.70189368446322, 
                50.02317942952864
              ], 
              [
                -124.70445716009013, 
                50.040961003962835
              ], 
              [
                -124.68858802090087, 
                50.048529365026965
              ], 
              [
                -124.68301347715008, 
                50.05247630531084
              ], 
              [
                -124.67690996190925, 
                50.06191641017521
              ], 
              [
                -124.67251543106273, 
                50.07318756934899
              ], 
              [
                -124.67186438464437, 
                50.08270904931884
              ], 
              [
                -124.67739824374335, 
                50.088853260121766
              ], 
              [
                -124.70539303492451, 
                50.10317617618823
              ], 
              [
                -124.69334876136114, 
                50.11440664227411
              ], 
              [
                -124.67642168116387, 
                50.11957428845909
              ], 
              [
                -124.66563880500834, 
                50.12677643855405
              ], 
              [
                -124.67186438789793, 
                50.14411042001947
              ], 
              [
                -124.64883378736496, 
                50.152573959279366
              ], 
              [
                -124.62832597815552, 
                50.16937897544516
              ], 
              [
                -124.61750240960329, 
                50.18891022481743
              ], 
              [
                -124.62340247533876, 
                50.20555247864889
              ], 
              [
                -124.60521399962239, 
                50.232855540098534
              ], 
              [
                -124.6029353480142, 
                50.24030182162302
              ], 
              [
                -124.60789953935154, 
                50.250637106875544
              ], 
              [
                -124.62621009673953, 
                50.26593659861309
              ], 
              [
                -124.63023840865237, 
                50.27789947834973
              ], 
              [
                -124.63988197274382, 
                50.29385001073597
              ], 
              [
                -124.66218014495954, 
                50.3041852923368
              ], 
              [
                -124.68732661885953, 
                50.31256744082775
              ], 
              [
                -124.70539303780528, 
                50.322251700411556
              ], 
              [
                -124.71344966138815, 
                50.33136626380401
              ], 
              [
                -124.71153723590795, 
                50.33372630051992
              ], 
              [
                -124.70327714866558, 
                50.33539459874926
              ], 
              [
                -124.67747960638016, 
                50.35468169155546
              ], 
              [
                -124.67332921468726, 
                50.361029345655595
              ], 
              [
                -124.6718643800956, 
                50.37376535923991
              ], 
              [
                -124.6598201331311, 
                50.39207593324151
              ], 
              [
                -124.6318253174772, 
                50.40180083955231
              ], 
              [
                -124.59972082474933, 
                50.40521880885692
              ], 
              [
                -124.57567298511987, 
                50.404771230628114
              ], 
              [
                -124.54596920652041, 
                50.39704010770909
              ], 
              [
                -124.53404701598348, 
                50.397365640470234
              ], 
              [
                -124.52379309162036, 
                50.40192291182985
              ], 
              [
                -124.50625567847472, 
                50.416083092384696
              ], 
              [
                -124.4962052091046, 
                50.41909414536435
              ], 
              [
                -124.4765519036382, 
                50.42177970869167
              ], 
              [
                -124.42926997778122, 
                50.43724191976966
              ], 
              [
                -124.41120356339475, 
                50.44574614235485
              ], 
              [
                -124.35676023329947, 
                50.48615144891453
              ], 
              [
                -124.34850014535654, 
                50.49725985133531
              ], 
              [
                -124.35899817728937, 
                50.50926341544464
              ], 
              [
                -124.38296464706447, 
                50.4978701829518
              ], 
              [
                -124.42479408789264, 
                50.46625398746252
              ], 
              [
                -124.50426184632146, 
                50.43846263011621
              ], 
              [
                -124.5892634876192, 
                50.42527905203957
              ], 
              [
                -124.67198644105662, 
                50.4308535651241
              ], 
              [
                -124.68488522653871, 
                50.4221865983334
              ], 
              [
                -124.69351153294991, 
                50.40224845116784
              ], 
              [
                -124.73151606422059, 
                50.37103911227125
              ], 
              [
                -124.74010168870954, 
                50.36009348830166
              ], 
              [
                -124.74990799753563, 
                50.35211822035941
              ], 
              [
                -124.80842038180924, 
                50.322251700411556
              ], 
              [
                -124.83014889399384, 
                50.3176130252437
              ], 
              [
                -124.85220292463264, 
                50.32046132508732
              ], 
              [
                -124.87466386438052, 
                50.32562897117914
              ], 
              [
                -124.89777583779377, 
                50.328436582899634
              ], 
              [
                -124.94127357207607, 
                50.32599518970483
              ], 
              [
                -124.9517716067907, 
                50.328436582899634
              ], 
              [
                -124.96271724701948, 
                50.34076568640741
              ], 
              [
                -124.95885169501128, 
                50.34951406838038
              ], 
              [
                -124.94985917771119, 
                50.358221745553855
              ], 
              [
                -124.94554601417285, 
                50.37067290349107
              ], 
              [
                -124.95213782562527, 
                50.391791083700795
              ], 
              [
                -124.9667048851699, 
                50.41242096954868
              ], 
              [
                -124.98599197682019, 
                50.42755766813922
              ], 
              [
                -125.00698807508431, 
                50.432114964912884
              ], 
              [
                -124.99767004623314, 
                50.41111887666485
              ], 
              [
                -124.99054926906761, 
                50.383856496387544
              ], 
              [
                -124.99518797007757, 
                50.360296958912514
              ], 
              [
                -125.03856360466565, 
                50.341742253502716
              ], 
              [
                -125.0616755904806, 
                50.32758210415304
              ], 
              [
                -125.08153235052934, 
                50.32469309485857
              ], 
              [
                -125.08897866033301, 
                50.35016512319361
              ], 
              [
                -125.0855199835794, 
                50.36383697828743
              ], 
              [
                -125.07835852645516, 
                50.367621159269
              ], 
              [
                -125.0696508503131, 
                50.36937084095397
              ], 
              [
                -125.06163488089496, 
                50.37689848919826
              ], 
              [
                -125.06554115146065, 
                50.41063060822731
              ], 
              [
                -125.06505286632061, 
                50.41535065559559
              ], 
              [
                -125.06851152275482, 
                50.424221095726
              ], 
              [
                -125.06688392109754, 
                50.434515695461634
              ], 
              [
                -125.06354734446508, 
                50.445461346157835
              ], 
              [
                -125.06065832553082, 
                50.4697940047813
              ], 
              [
                -125.057443806777, 
                50.47728098394245
              ], 
              [
                -125.05125892272456, 
                50.481838288269934
              ], 
              [
                -125.04173743866836, 
                50.48676179120655
              ], 
              [
                -124.97044836704652, 
                50.500881247591174
              ], 
              [
                -124.95921791200792, 
                50.51064688704273
              ], 
              [
                -124.95299231014265, 
                50.53717681736332
              ], 
              [
                -124.93683833463243, 
                50.54726795945748
              ], 
              [
                -124.89098059626065, 
                50.55499908906354
              ], 
              [
                -124.885812956051, 
                50.559312243170126
              ], 
              [
                -124.87311764699419, 
                50.57636140055643
              ], 
              [
                -124.86986244401358, 
                50.582953203137905
              ], 
              [
                -124.87043209853356, 
                50.58905671192934
              ], 
              [
                -124.87425696605469, 
                50.607814847171966
              ], 
              [
                -124.8732803875654, 
                50.61367420385528
              ], 
              [
                -124.86554929099577, 
                50.62986889087645
              ], 
              [
                -124.8640030913124, 
                50.67161696480905
              ], 
              [
                -124.85619056320584, 
                50.69281647765732
              ], 
              [
                -124.82892820908, 
                50.71971265421488
              ], 
              [
                -124.82363845126919, 
                50.73452380265571
              ], 
              [
                -124.83568273558889, 
                50.754217829499275
              ], 
              [
                -124.89610754521846, 
                50.773586323621565
              ], 
              [
                -124.90636143023653, 
                50.77855049348146
              ], 
              [
                -124.91079665681373, 
                50.784654014536926
              ], 
              [
                -124.91047113016397, 
                50.793605830318576
              ], 
              [
                -124.90855872020384, 
                50.797552798918574
              ], 
              [
                -124.88540603704998, 
                50.819077848333094
              ], 
              [
                -124.86318925204283, 
                50.831284892542605
              ], 
              [
                -124.85277260413793, 
                50.83991121556099
              ], 
              [
                -124.82506259382816, 
                50.86969631732687
              ], 
              [
                -124.80890868589853, 
                50.87962477266759
              ], 
              [
                -124.787261514315, 
                50.884588924453475
              ], 
              [
                -124.80345620454038, 
                50.91551343654723
              ], 
              [
                -124.81383216073509, 
                50.92719147270945
              ], 
              [
                -124.83234618327708, 
                50.93178948272195
              ], 
              [
                -124.8488663590089, 
                50.93134188484511
              ], 
              [
                -124.86058508868304, 
                50.92743561255587
              ], 
              [
                -124.86754307652929, 
                50.91640857244478
              ], 
              [
                -124.86986242509228, 
                50.894517310219044
              ], 
              [
                -124.87706456469681, 
                50.88422270399355
              ], 
              [
                -124.91828369219513, 
                50.84365472761138
              ], 
              [
                -124.93529210568872, 
                50.83437732915517
              ], 
              [
                -124.97130286644733, 
                50.820379952693365
              ], 
              [
                -124.98648024498985, 
                50.80825426816394
              ], 
              [
                -124.96642007281424, 
                50.80337151002399
              ], 
              [
                -124.95616611423216, 
                50.79873278110651
              ], 
              [
                -124.95177160463153, 
                50.79181548667658
              ], 
              [
                -124.95030673593779, 
                50.76544827142432
              ], 
              [
                -124.94863848560986, 
                50.761053788603355
              ], 
              [
                -124.92813068219425, 
                50.75800204118458
              ], 
              [
                -124.90933184351833, 
                50.7492129674065
              ], 
              [
                -124.90001379494424, 
                50.735256245308726
              ], 
              [
                -124.91307532134621, 
                50.70587799295836
              ], 
              [
                -124.92365473386712, 
                50.669745163913205
              ], 
              [
                -124.92511956567112, 
                50.658026401495135
              ], 
              [
                -124.91828366990053, 
                50.6445987131976
              ], 
              [
                -124.90929115222721, 
                50.63662344801813
              ], 
              [
                -124.90819251897655, 
                50.627386793743156
              ], 
              [
                -124.93370521048604, 
                50.60150788387255
              ], 
              [
                -124.93960525981777, 
                50.59796782635539
              ], 
              [
                -124.94863847543776, 
                50.596625066375516
              ], 
              [
                -124.95128334848964, 
                50.598334070317264
              ], 
              [
                -124.95250404307473, 
                50.601955478857676
              ], 
              [
                -124.95445716070626, 
                50.60447825667389
              ], 
              [
                -124.95921789845056, 
                50.60346099994797
              ], 
              [
                -124.96312415974252, 
                50.59951407248883
              ], 
              [
                -124.96666418251779, 
                50.59080637146498
              ], 
              [
                -125.02749589450501, 
                50.55874257611373
              ], 
              [
                -125.04039465198187, 
                50.531195369961374
              ], 
              [
                -125.10216222636043, 
                50.49892811291792
              ], 
              [
                -125.12368728812854, 
                50.47370024430129
              ], 
              [
                -125.11241613283555, 
                50.454413139422826
              ], 
              [
                -125.1278376845465, 
                50.436997778442155
              ], 
              [
                -125.15485592840876, 
                50.42438386092559
              ], 
              [
                -125.17833411611612, 
                50.41909414536435
              ], 
              [
                -125.19688881800133, 
                50.42055900499068
              ], 
              [
                -125.20815995770845, 
                50.42670318944137
              ], 
              [
                -125.22671464184653, 
                50.45258209113766
              ], 
              [
                -125.24266517181857, 
                50.46653880825559
              ], 
              [
                -125.2472224441129, 
                50.47370024430129
              ], 
              [
                -125.24649005429553, 
                50.48090242914852
              ], 
              [
                -125.24176999012633, 
                50.48822663459441
              ], 
              [
                -125.23888100137509, 
                50.49591707277442
              ], 
              [
                -125.24351967569883, 
                50.50409578635459
              ], 
              [
                -125.2557266850198, 
                50.50665923923527
              ], 
              [
                -125.26707922324876, 
                50.49819569637527
              ], 
              [
                -125.28477941269853, 
                50.47650786518799
              ], 
              [
                -125.29869544351433, 
                50.46662018568698
              ], 
              [
                -125.30467688533524, 
                50.46670156314588
              ], 
              [
                -125.31094317255636, 
                50.470933345642074
              ], 
              [
                -125.32542882410291, 
                50.47370024430129
              ], 
              [
                -125.34215246079984, 
                50.4892438684279
              ], 
              [
                -125.34756425852777, 
                50.52024974369742
              ], 
              [
                -125.35667885419069, 
                50.543117595749074
              ], 
              [
                -125.38438879303598, 
                50.53457264916042
              ], 
              [
                -125.38267983111048, 
                50.526109132667976
              ], 
              [
                -125.38548742204046, 
                50.51203032771309
              ], 
              [
                -125.39102130449369, 
                50.49725985133531
              ], 
              [
                -125.39745032968165, 
                50.48676179120655
              ], 
              [
                -125.41364496895552, 
                50.47386300403732
              ], 
              [
                -125.43224034813483, 
                50.46605050534609
              ], 
              [
                -125.51821855667929, 
                50.45563385898082
              ], 
              [
                -125.54409746267984, 
                50.45563385898082
              ], 
              [
                -125.56257077012857, 
                50.45941803947885
              ], 
              [
                -125.57705645664629, 
                50.47068920905332
              ], 
              [
                -125.57310950809939, 
                50.4782575585543
              ], 
              [
                -125.5602921201708, 
                50.48493073007919
              ], 
              [
                -125.54824786208924, 
                50.49355704531398
              ], 
              [
                -125.54124916773641, 
                50.506252362356086
              ], 
              [
                -125.52953041987347, 
                50.5423037967013
              ], 
              [
                -125.52843176825176, 
                50.55499908906354
              ], 
              [
                -125.53148353725858, 
                50.56468334525179
              ], 
              [
                -125.54002844582429, 
                50.58038971137995
              ], 
              [
                -125.5420629411493, 
                50.589178762680966
              ], 
              [
                -125.53457598146193, 
                50.617092196034484
              ], 
              [
                -125.5266821066778, 
                50.6360537908924
              ], 
              [
                -125.517445452003, 
                50.6507836070374
              ], 
              [
                -125.50499429733465, 
                50.66242099614947
              ], 
              [
                -125.4874161303785, 
                50.6723086448774
              ], 
              [
                -125.46222895263962, 
                50.679877000859506
              ], 
              [
                -125.45270750417272, 
                50.68528882403349
              ], 
              [
                -125.44538328468361, 
                50.69163647949029
              ], 
              [
                -125.43297278233102, 
                50.70587799295836
              ], 
              [
                -125.42471270139718, 
                50.713324294146965
              ], 
              [
                -125.45457922264211, 
                50.720363664800054
              ], 
              [
                -125.47956293013208, 
                50.7069766026167
              ], 
              [
                -125.50381423882652, 
                50.68813709097652
              ], 
              [
                -125.53148352670249, 
                50.678534245570354
              ], 
              [
                -125.55557206631747, 
                50.66620514204304
              ], 
              [
                -125.56871498084277, 
                50.638169672654826
              ], 
              [
                -125.57091225191583, 
                50.60797762027082
              ], 
              [
                -125.56257075314704, 
                50.589178762680966
              ], 
              [
                -125.57241775650388, 
                50.57265857774679
              ], 
              [
                -125.57725990406904, 
                50.552191483043444
              ], 
              [
                -125.5856827596354, 
                50.534979574110395
              ], 
              [
                -125.62230383307399, 
                50.52240630932319
              ], 
              [
                -125.6218969241303, 
                50.510728240510055
              ], 
              [
                -125.61481686347284, 
                50.499090889744004
              ], 
              [
                -125.61034096109469, 
                50.49355704531398
              ], 
              [
                -125.61318927436074, 
                50.47919344627984
              ], 
              [
                -125.61774655393229, 
                50.47125886147927
              ], 
              [
                -125.63390053164679, 
                50.45600007994481
              ], 
              [
                -125.64386958003541, 
                50.44843169136384
              ], 
              [
                -125.65664628508772, 
                50.442857160762124
              ], 
              [
                -125.67023679005467, 
                50.439439202844284
              ], 
              [
                -125.70327714832032, 
                50.4379336613562
              ], 
              [
                -125.70954343721775, 
                50.439927490692064
              ], 
              [
                -125.72020421422, 
                50.44574614235485
              ], 
              [
                -125.77358964028087, 
                50.487982480441936
              ], 
              [
                -125.79527748411104, 
                50.49355704531398
              ], 
              [
                -125.78571531376514, 
                50.506252362356086
              ], 
              [
                -125.75226803710791, 
                50.50873444655142
              ], 
              [
                -125.7400610035325, 
                50.52024974369742
              ], 
              [
                -125.7872208481899, 
                50.53164298891488
              ], 
              [
                -125.814076292051, 
                50.53314849510039
              ], 
              [
                -125.83625240895047, 
                50.5276553420517
              ], 
              [
                -125.84235591706188, 
                50.52240630932319
              ], 
              [
                -125.85435949042318, 
                50.50747303396946
              ], 
              [
                -125.8635961622016, 
                50.500962636652616
              ], 
              [
                -125.95457921377428, 
                50.4757347489195
              ], 
              [
                -126.00772050848641, 
                50.47150299864626
              ], 
              [
                -126.05736244107263, 
                50.478501702827074
              ], 
              [
                -126.0895076202092, 
                50.500962636652616
              ], 
              [
                -126.11115475981576, 
                50.491400466641075
              ], 
              [
                -126.13121498706157, 
                50.489732179544916
              ], 
              [
                -126.2422582794472, 
                50.50104402574164
              ], 
              [
                -126.2608129469801, 
                50.50722889915
              ], 
              [
                -126.28062904009593, 
                50.51943594451704
              ], 
              [
                -126.27603104969742, 
                50.525091859256285
              ], 
              [
                -126.2595922621939, 
                50.52960847723895
              ], 
              [
                -126.24376380826327, 
                50.5382754660059
              ], 
              [
                -126.2277726049793, 
                50.54433829950867
              ], 
              [
                -126.20921791026123, 
                50.5382754660059
              ], 
              [
                -126.17886308653796, 
                50.52024974369742
              ], 
              [
                -126.18565831483446, 
                50.54877348607935
              ], 
              [
                -126.18529213864984, 
                50.56366610244256
              ], 
              [
                -126.17886308035887, 
                50.57550689788993
              ], 
              [
                -126.17162023070027, 
                50.577948292154844
              ], 
              [
                -126.13792885011526, 
                50.582953203137905
              ], 
              [
                -126.11473546858791, 
                50.593736056336994
              ], 
              [
                -126.10374915243251, 
                50.596625066375516
              ], 
              [
                -126.09715737210114, 
                50.59520093172555
              ], 
              [
                -126.09166418497534, 
                50.59129465626525
              ], 
              [
                -126.0862930840893, 
                50.589178762680966
              ], 
              [
                -126.0628149034104, 
                50.60346099994797
              ], 
              [
                -125.97752844617095, 
                50.613226625784016
              ], 
              [
                -125.95811926621323, 
                50.61831288883081
              ], 
              [
                -125.9386287202236, 
                50.630113034252744
              ], 
              [
                -125.95986895202931, 
                50.64557527083048
              ], 
              [
                -125.98534095012842, 
                50.64386627814137
              ], 
              [
                -126.03490150623136, 
                50.630113034252744
              ], 
              [
                -126.06236732374902, 
                50.62726472342206
              ], 
              [
                -126.13170324940793, 
                50.60346099994797
              ], 
              [
                -126.16030841247057, 
                50.59772371592083
              ], 
              [
                -126.24376380043194, 
                50.596625066375516
              ], 
              [
                -126.25182043595238, 
                50.60089752135224
              ], 
              [
                -126.26480058720622, 
                50.619614978423144
              ], 
              [
                -126.27163652840625, 
                50.6239281329364
              ], 
              [
                -126.27725174443788, 
                50.62588123820822
              ], 
              [
                -126.2689509766079, 
                50.630275783667436
              ], 
              [
                -126.24714107374618, 
                50.63751861513582
              ], 
              [
                -126.2215470003901, 
                50.64264557103788
              ], 
              [
                -126.11880448011844, 
                50.64679595404877
              ], 
              [
                -126.04849200397828, 
                50.66486238625171
              ], 
              [
                -126.01870682523007, 
                50.66600168426966
              ], 
              [
                -125.93895424347613, 
                50.65184155271962
              ], 
              [
                -125.91445876860908, 
                50.65403878267462
              ], 
              [
                -125.82640540206508, 
                50.677069401972254
              ], 
              [
                -125.75031492621585, 
                50.68528882403349
              ], 
              [
                -125.74156651867924, 
                50.68427153294905
              ], 
              [
                -125.72704013999406, 
                50.679592159186925
              ], 
              [
                -125.71646073970062, 
                50.678534245570354
              ], 
              [
                -125.7056371771312, 
                50.68170807844547
              ], 
              [
                -125.6991267752776, 
                50.68939852510615
              ], 
              [
                -125.68358312404827, 
                50.72581613377252
              ], 
              [
                -125.67870029433318, 
                50.73358792432179
              ], 
              [
                -125.67178302084156, 
                50.73993562919783
              ], 
              [
                -125.6585994188073, 
                50.74567292537557
              ], 
              [
                -125.63194740199195, 
                50.75096263967606
              ], 
              [
                -125.62022863891454, 
                50.7577171833206
              ], 
              [
                -125.60814371676072, 
                50.7809105849281
              ], 
              [
                -125.61998452340586, 
                50.7990583562642
              ], 
              [
                -125.63971920514095, 
                50.81622955915452
              ], 
              [
                -125.65127517142567, 
                50.836167685307885
              ], 
              [
                -125.64541580441141, 
                50.85492583205437
              ], 
              [
                -125.62783771292688, 
                50.86269767868416
              ], 
              [
                -125.55968176901742, 
                50.86562734492589
              ], 
              [
                -125.55003824259126, 
                50.87327711515858
              ], 
              [
                -125.54548091400271, 
                50.88808827207885
              ], 
              [
                -125.53457598464449, 
                50.91193269343528
              ], 
              [
                -125.52725179066778, 
                50.91852451773948
              ], 
              [
                -125.51891029218177, 
                50.92169831574547
              ], 
              [
                -125.51162675830031, 
                50.926825263418806
              ], 
              [
                -125.50731363339946, 
                50.93919508387905
              ], 
              [
                -125.50796465000906, 
                50.95066966619
              ], 
              [
                -125.51211500472859, 
                50.960842153751116
              ], 
              [
                -125.51817786820591, 
                50.969427806580626
              ], 
              [
                -125.52472900284312, 
                50.97646722575638
              ], 
              [
                -125.53831947381583, 
                50.99494050658977
              ], 
              [
                -125.5625707988081, 
                51.05532464550955
              ], 
              [
                -125.57754472208424, 
                51.07233307075524
              ], 
              [
                -125.63703367613012, 
                51.10370516462036
              ], 
              [
                -125.63508052311487, 
                51.080023494292284
              ], 
              [
                -125.63076735932663, 
                51.06268949542182
              ], 
              [
                -125.61034094792569, 
                51.014960025746916
              ], 
              [
                -125.58299717968193, 
                50.96653878188128
              ], 
              [
                -125.57323160572504, 
                50.95848219746182
              ], 
              [
                -125.55040441205945, 
                50.946966848808046
              ], 
              [
                -125.54206298240707, 
                50.93919508387905
              ], 
              [
                -125.55744380164096, 
                50.919826551517566
              ], 
              [
                -125.57559159815038, 
                50.90717193889029
              ], 
              [
                -125.59829668486488, 
                50.90033601140118
              ], 
              [
                -125.62734943940315, 
                50.898260837812856
              ], 
              [
                -125.63878329902143, 
                50.89524970601072
              ], 
              [
                -125.65444902557151, 
                50.888006905806925
              ], 
              [
                -125.66958577426468, 
                50.878851666317
              ], 
              [
                -125.67926995411524, 
                50.87030667318036
              ], 
              [
                -125.68219969013445, 
                50.86078524062618
              ], 
              [
                -125.68496663586997, 
                50.84430576911866
              ], 
              [
                -125.68565835067055, 
                50.82880282242288
              ], 
              [
                -125.68228105220466, 
                50.821926172035695
              ], 
              [
                -125.65046136080366, 
                50.80451077483254
              ], 
              [
                -125.64443926778696, 
                50.79865144581797
              ], 
              [
                -125.64769449305894, 
                50.78241611376016
              ], 
              [
                -125.65648352546943, 
                50.77789947822566
              ], 
              [
                -125.66954504844276, 
                50.77777740819667
              ], 
              [
                -125.68541421482466, 
                50.77472567802239
              ], 
              [
                -125.70881102859504, 
                50.758205500170256
              ], 
              [
                -125.74347894878315, 
                50.717230512696034
              ], 
              [
                -125.7674047208, 
                50.70648831372208
              ], 
              [
                -125.7674047594173, 
                50.713324294146965
              ], 
              [
                -125.8796280407862, 
                50.70913318500944
              ], 
              [
                -125.89769447357536, 
                50.695868240415955
              ], 
              [
                -125.90485591802548, 
                50.6891950474386
              ], 
              [
                -125.92125401135087, 
                50.684881875928
              ], 
              [
                -125.93976804391929, 
                50.683417070991815
              ], 
              [
                -125.95295164524521, 
                50.68528882403349
              ], 
              [
                -125.9661759126309, 
                50.696112373789894
              ], 
              [
                -125.97411046809586, 
                50.70770903784688
              ], 
              [
                -125.9850967856471, 
                50.71507393439674
              ], 
              [
                -126.0075577534315, 
                50.713324294146965
              ], 
              [
                -126.02013100319019, 
                50.70718009555859
              ], 
              [
                -126.0466202441719, 
                50.68911367199474
              ], 
              [
                -126.0590714362606, 
                50.68528882403349
              ], 
              [
                -126.18663489793164, 
                50.67186107321493
              ], 
              [
                -126.21226964940514, 
                50.67511626528969
              ], 
              [
                -126.22667396125206, 
                50.69281647765732
              ], 
              [
                -126.21007241893113, 
                50.709418062196825
              ], 
              [
                -126.16763265055054, 
                50.718207135820634
              ], 
              [
                -126.14785722692491, 
                50.730373441012226
              ], 
              [
                -126.12584390036332, 
                50.74848055936379
              ], 
              [
                -126.05532795189187, 
                50.77472567802239
              ], 
              [
                -126.03123940409483, 
                50.78937410967825
              ], 
              [
                -126.0345352561689, 
                50.79511136241475
              ], 
              [
                -126.07990477246805, 
                50.795152107349956
              ], 
              [
                -126.10399326031558, 
                50.78986233631002
              ], 
              [
                -126.1273494386238, 
                50.77993401398662
              ], 
              [
                -126.15184489047941, 
                50.773993268660696
              ], 
              [
                -126.17886309462209, 
                50.780951249504675
              ], 
              [
                -126.19644119348554, 
                50.79800037498621
              ], 
              [
                -126.19448807029819, 
                50.81464262897415
              ], 
              [
                -126.18472246519244, 
                50.83258698665655
              ], 
              [
                -126.1788630654753, 
                50.853216842747734
              ], 
              [
                -126.18382731039594, 
                50.86786533724019
              ], 
              [
                -126.19660394728578, 
                50.86147693028786
              ], 
              [
                -126.2139786372261, 
                50.848456113539065
              ], 
              [
                -126.23289957755499, 
                50.84365472761138
              ], 
              [
                -126.23818923121691, 
                50.84760160194233
              ], 
              [
                -126.23957268914047, 
                50.853989942427205
              ], 
              [
                -126.23936928303604, 
                50.860256266178766
              ], 
              [
                -126.24034579678853, 
                50.863470731707615
              ], 
              [
                -126.25438390186716, 
                50.86395903445798
              ], 
              [
                -126.2546280237845, 
                50.863470731707615
              ], 
              [
                -126.27013097355741, 
                50.86424386521078
              ], 
              [
                -126.31265214875351, 
                50.85663483381932
              ], 
              [
                -126.36465412799966, 
                50.85578037034261
              ], 
              [
                -126.38829503510536, 
                50.85199614372681
              ], 
              [
                -126.45978754533449, 
                50.821966843702235
              ], 
              [
                -126.48867753848369, 
                50.81671784152612
              ], 
              [
                -126.51121984290391, 
                50.825628958766664
              ], 
              [
                -126.52179925163779, 
                50.83173245492547
              ], 
              [
                -126.54735263659033, 
                50.83738837988873
              ], 
              [
                -126.55626383564352, 
                50.84365472761138
              ], 
              [
                -126.55939690751934, 
                50.853257519836994
              ], 
              [
                -126.55703688797179, 
                50.86871976685588
              ], 
              [
                -126.56240801929144, 
                50.877142658325646
              ], 
              [
                -126.54979405953664, 
                50.88857654824196
              ], 
              [
                -126.49893143437424, 
                50.92234934057852
              ], 
              [
                -126.48957274900526, 
                50.92084384840786
              ], 
              [
                -126.47996986539755, 
                50.91575756417897
              ], 
              [
                -126.46686765070869, 
                50.91193269343528
              ], 
              [
                -126.3607071969183, 
                50.904282983959256
              ], 
              [
                -126.318918441404, 
                50.91421134887618
              ], 
              [
                -126.22325595714186, 
                50.90501533240823
              ], 
              [
                -126.20368402825096, 
                50.91022367747189
              ], 
              [
                -126.18415277762172, 
                50.92291898879707
              ], 
              [
                -126.17308509991956, 
                50.93878816376043
              ], 
              [
                -126.17886307055421, 
                50.953517955340075
              ], 
              [
                -126.1918838926398, 
                50.94953031350664
              ], 
              [
                -126.22667398255948, 
                50.93178948272195
              ], 
              [
                -126.24327551770236, 
                50.92812734350806
              ], 
              [
                -126.40542561259556, 
                50.93919508387905
              ], 
              [
                -126.45946207069605, 
                50.951727635959905
              ], 
              [
                -126.48350988420441, 
                50.96466704733051
              ], 
              [
                -126.50560461528488, 
                51.011542052835054
              ], 
              [
                -126.51488196261862, 
                51.062323306436696
              ], 
              [
                -126.51471924117783, 
                51.07636143392222
              ], 
              [
                -126.52147379817978, 
                51.07636143392222
              ], 
              [
                -126.54454502165639, 
                51.03164293938156
              ], 
              [
                -126.55215412230235, 
                51.00507235597718
              ], 
              [
                -126.54539953164162, 
                50.983587945737504
              ], 
              [
                -126.52684487472199, 
                50.95587801723817
              ], 
              [
                -126.53506426398819, 
                50.94171784855805
              ], 
              [
                -126.55272378126831, 
                50.93134188484511
              ], 
              [
                -126.56240798323435, 
                50.91498441627475
              ], 
              [
                -126.57542882682802, 
                50.90643950573849
              ], 
              [
                -126.67422443824127, 
                50.87815992533962
              ], 
              [
                -126.69619709588268, 
                50.87742750511329
              ], 
              [
                -126.71987868775193, 
                50.88182198291488
              ], 
              [
                -126.74742591670466, 
                50.890814526172235
              ], 
              [
                -126.74876866858239, 
                50.8974063003238
              ], 
              [
                -126.75694736268537, 
                50.90424222005918
              ], 
              [
                -126.76988686190742, 
                50.90973543403295
              ], 
              [
                -126.80402583624358, 
                50.91339751853914
              ], 
              [
                -126.81529699472698, 
                50.917792048983614
              ], 
              [
                -126.83307861509729, 
                50.935492292879026
              ], 
              [
                -126.84618082669802, 
                50.94342686135346
              ], 
              [
                -126.85855059917614, 
                50.94310131929197
              ], 
              [
                -126.86953689635956, 
                50.93813709304794
              ], 
              [
                -126.87840738169143, 
                50.93178948272195
              ], 
              [
                -126.88866123658184, 
                50.92023343856253
              ], 
              [
                -126.89220130381197, 
                50.91201406803639
              ], 
              [
                -126.8991593258826, 
                50.90692782023235
              ], 
              [
                -127.02721105378104, 
                50.90643950573849
              ], 
              [
                -127.05215407714242, 
                50.91498441627475
              ], 
              [
                -127.06456458008411, 
                50.92202382793499
              ], 
              [
                -127.08039303319612, 
                50.9269066432115
              ], 
              [
                -127.11115477773848, 
                50.93178948272195
              ], 
              [
                -127.13613848866927, 
                50.93081290664348
              ], 
              [
                -127.15172282195516, 
                50.93244053571244
              ], 
              [
                -127.16576089876156, 
                50.93919508387905
              ], 
              [
                -127.17418373003241, 
                50.925930087572475
              ], 
              [
                -127.15632073709654, 
                50.91510647978216
              ], 
              [
                -127.12857013510525, 
                50.90778231459478
              ], 
              [
                -127.08470615251522, 
                50.90204495504131
              ], 
              [
                -127.03392495715777, 
                50.88833244900158
              ], 
              [
                -127.0074763571605, 
                50.884588924453475
              ], 
              [
                -126.95348058916423, 
                50.884588924453475
              ], 
              [
                -126.93936111238247, 
                50.881415084799066
              ], 
              [
                -126.92601475296374, 
                50.8766136469348
              ], 
              [
                -126.92198649062729, 
                50.872259869360384
              ], 
              [
                -126.9361465817964, 
                50.87030667318036
              ], 
              [
                -126.95750894436061, 
                50.86351148850534
              ], 
              [
                -127.00121011513737, 
                50.831773206208496
              ], 
              [
                -127.0217992811855, 
                50.821926172035695
              ], 
              [
                -127.04234780952855, 
                50.822902761468114
              ], 
              [
                -127.067372181233, 
                50.830755906696695
              ], 
              [
                -127.13097085531159, 
                50.866115652171175
              ], 
              [
                -127.21353106635469, 
                50.877142658325646
              ], 
              [
                -127.22374425033853, 
                50.881415084799066
              ], 
              [
                -127.24836180974381, 
                50.898260837812856
              ], 
              [
                -127.25511631593956, 
                50.91815824410074
              ], 
              [
                -127.26305093846761, 
                50.91868727156459
              ], 
              [
                -127.27790279021092, 
                50.91339751853914
              ], 
              [
                -127.28526771576506, 
                50.91193269343528
              ], 
              [
                -127.31037352194554, 
                50.912909268465434
              ], 
              [
                -127.32957924046067, 
                50.91575756417897
              ], 
              [
                -127.42902585923984, 
                50.94310131929197
              ], 
              [
                -127.44692947640905, 
                50.953517955340075
              ], 
              [
                -127.42625891088878, 
                50.9636904893698
              ], 
              [
                -127.41710366794771, 
                50.970404388618206
              ], 
              [
                -127.41588297533795, 
                50.97646722575638
              ], 
              [
                -127.42369542215637, 
                50.98322172572418
              ], 
              [
                -127.43285069678923, 
                50.98704659747928
              ], 
              [
                -127.44302322346837, 
                50.988267301209696
              ], 
              [
                -127.45376540107335, 
                50.98700589706935
              ], 
              [
                -127.44692946307488, 
                50.98700589706935
              ], 
              [
                -127.4732153241703, 
                50.98407626597586
              ], 
              [
                -127.5060929138331, 
                50.99103425860405
              ], 
              [
                -127.53075108064095, 
                51.00372953185596
              ], 
              [
                -127.53229731890498, 
                51.01801177413106
              ], 
              [
                -127.51878818015514, 
                51.04132717875512
              ], 
              [
                -127.50999913046243, 
                51.07078682693687
              ], 
              [
                -127.49958249924366, 
                51.09536368812765
              ], 
              [
                -127.48106850739626, 
                51.10370516462036
              ], 
              [
                -127.48106847297744, 
                51.10993071391582
              ], 
              [
                -127.50267489786391, 
                51.11977769749092
              ], 
              [
                -127.52696694635462, 
                51.11652254969017
              ], 
              [
                -127.55296793846452, 
                51.108303164796034
              ], 
              [
                -127.63463293411066, 
                51.09662505859361
              ], 
              [
                -127.66193599293562, 
                51.09747954934398
              ], 
              [
                -127.6865128089516, 
                51.10993071391582
              ], 
              [
                -127.68993082006885, 
                51.128973728793824
              ], 
              [
                -127.77700763724208, 
                51.1672224205461
              ], 
              [
                -127.78278561807466, 
                51.18622468450308
              ], 
              [
                -127.79393467126593, 
                51.197943396543366
              ], 
              [
                -127.79255127171476, 
                51.2088077218404
              ], 
              [
                -127.78791252767405, 
                51.22020087552832
              ], 
              [
                -127.7895401728827, 
                51.23338451216844
              ], 
              [
                -127.7701716604186, 
                51.24042387533391
              ], 
              [
                -127.75430254061125, 
                51.24970124176312
              ], 
              [
                -127.73639889132615, 
                51.2578799492873
              ], 
              [
                -127.62633218526744, 
                51.27533603067799
              ], 
              [
                -127.60773679643003, 
                51.28558992520712
              ], 
              [
                -127.57144120635098, 
                51.30060455514118
              ], 
              [
                -127.41588296784148, 
                51.28925204737376
              ], 
              [
                -127.4056290671095, 
                51.287258237959385
              ], 
              [
                -127.38731851919951, 
                51.27781813301164
              ], 
              [
                -127.37804113303667, 
                51.27505116131668
              ], 
              [
                -127.22101805880192, 
                51.28925204737376
              ], 
              [
                -127.17943274984971, 
                51.30914948508253
              ], 
              [
                -127.1458633919683, 
                51.319281296820904
              ], 
              [
                -127.1384984405216, 
                51.322821290820166
              ], 
              [
                -127.12661696889778, 
                51.33881254357948
              ], 
              [
                -127.11782785812207, 
                51.36041893695228
              ], 
              [
                -127.11412511513313, 
                51.382147513329365
              ], 
              [
                -127.11733961154333, 
                51.39850491145546
              ], 
              [
                -127.13267982303584, 
                51.384914461384255
              ], 
              [
                -127.16510979437211, 
                51.344793974267326
              ], 
              [
                -127.1760148482426, 
                51.33641192541071
              ], 
              [
                -127.20067302540384, 
                51.33152908603866
              ], 
              [
                -127.2557673198323, 
                51.308823894114006
              ], 
              [
                -127.28184977101645, 
                51.30231357793323
              ], 
              [
                -127.51520744754716, 
                51.31659572934262
              ], 
              [
                -127.51520742433947, 
                51.322821290820166
              ], 
              [
                -127.49356032883273, 
                51.33148832457154
              ], 
              [
                -127.47203528952684, 
                51.34300365172659
              ], 
              [
                -127.46434492959409, 
                51.35321694173384
              ], 
              [
                -127.48448650490546, 
                51.35757075558368
              ], 
              [
                -127.51374264424808, 
                51.35317617637379
              ], 
              [
                -127.56261150792761, 
                51.33392980879129
              ], 
              [
                -127.59032146699718, 
                51.329657345749744
              ], 
              [
                -127.64875235234406, 
                51.336249032259786
              ], 
              [
                -127.68032796472416, 
                51.336127057694966
              ], 
              [
                -127.70360271127774, 
                51.32623937067455
              ], 
              [
                -127.72150624340614, 
                51.32135643749316
              ], 
              [
                -127.75186109623127, 
                51.321926136258504
              ], 
              [
                -127.7796525249212, 
                51.33055253075481
              ], 
              [
                -127.78954009887714, 
                51.35008365316603
              ], 
              [
                -127.77843172726031, 
                51.36489487898776
              ], 
              [
                -127.75544180587228, 
                51.37807845996027
              ], 
              [
                -127.72887126160951, 
                51.38743728264292
              ], 
              [
                -127.70734613302643, 
                51.39105863471067
              ], 
              [
                -127.68016522081417, 
                51.39264563060568
              ], 
              [
                -127.6642960206375, 
                51.398138731249205
              ], 
              [
                -127.62120519257078, 
                51.443019908830834
              ], 
              [
                -127.60448151235383, 
                51.45624414216571
              ], 
              [
                -127.58495033358747, 
                51.46454499802321
              ], 
              [
                -127.55992598450626, 
                51.467434063241065
              ], 
              [
                -127.55186924079557, 
                51.470892614314046
              ], 
              [
                -127.55235751087734, 
                51.47919338485548
              ], 
              [
                -127.55479892196298, 
                51.48916246521217
              ], 
              [
                -127.55280509118236, 
                51.49750391965923
              ], 
              [
                -127.54238849890758, 
                51.50458407604058
              ], 
              [
                -127.53136149644074, 
                51.509466905387235
              ], 
              [
                -127.52171792333795, 
                51.51605868233796
              ], 
              [
                -127.51520751150315, 
                51.528265718746006
              ], 
              [
                -127.5149632877709, 
                51.549221036030325
              ], 
              [
                -127.51960199966865, 
                51.569525439853486
              ], 
              [
                -127.5212295596646, 
                51.58905664382787
              ], 
              [
                -127.51183019393686, 
                51.607367241341294
              ], 
              [
                -127.49201406144843, 
                51.62059147048308
              ], 
              [
                -127.46800701835708, 
                51.62840409476515
              ], 
              [
                -127.31574458419986, 
                51.655747777710815
              ], 
              [
                -127.0435278460215, 
                51.66860591023301
              ], 
              [
                -126.70929928692263, 
                51.644517324121814
              ], 
              [
                -126.67723542501925, 
                51.64573796416639
              ], 
              [
                -126.6552628156655, 
                51.655503638191846
              ], 
              [
                -126.65257728895217, 
                51.65989819050652
              ], 
              [
                -126.65168209906346, 
                51.66474030626846
              ], 
              [
                -126.65184479986218, 
                51.67536036005544
              ], 
              [
                -126.64818267298573, 
                51.67910383134379
              ], 
              [
                -126.63068602602337, 
                51.67719149822717
              ], 
              [
                -126.62450109086939, 
                51.67841216111139
              ], 
              [
                -126.61994385920394, 
                51.6869571454555
              ], 
              [
                -126.61652579736047, 
                51.697577166006525
              ], 
              [
                -126.61188720883017, 
                51.70746494753918
              ], 
              [
                -126.6034236466508, 
                51.71381258236712
              ], 
              [
                -126.63756261357169, 
                51.761623423850885
              ], 
              [
                -126.63805097065278, 
                51.77326087141289
              ], 
              [
                -126.64655519461587, 
                51.783596151025556
              ], 
              [
                -126.65758208943399, 
                51.79311750518988
              ], 
              [
                -126.66612712795627, 
                51.80255773201958
              ], 
              [
                -126.6642960710465, 
                51.79482660999279
              ], 
              [
                -126.66266839460317, 
                51.79157132527017
              ], 
              [
                -126.65868073787362, 
                51.78827540036489
              ], 
              [
                -126.66771400957273, 
                51.76642488620117
              ], 
              [
                -126.66095942258278, 
                51.749579151811304
              ], 
              [
                -126.64948476200793, 
                51.73505273076704
              ], 
              [
                -126.64439862658662, 
                51.72003821546476
              ], 
              [
                -126.64867110158248, 
                51.70661049617293
              ], 
              [
                -126.65656486824619, 
                51.7014020433011
              ], 
              [
                -126.66681883489353, 
                51.69879794091646
              ], 
              [
                -126.67853760531217, 
                51.69269444634053
              ], 
              [
                -126.69933026164932, 
                51.66543209038187
              ], 
              [
                -127.09552976305676, 
                51.70416902355672
              ], 
              [
                -127.25853428769479, 
                51.68585844374514
              ], 
              [
                -127.28498286629939, 
                51.69086333682693
              ], 
              [
                -127.3287654691479, 
                51.71133051287462
              ], 
              [
                -127.35008705773714, 
                51.71381258236712
              ], 
              [
                -127.35448154972642, 
                51.68866605662252
              ], 
              [
                -127.38560954966937, 
                51.673773552679584
              ], 
              [
                -127.42320719836597, 
                51.67186110900203
              ], 
              [
                -127.44692946966327, 
                51.68585844374514
              ], 
              [
                -127.44017487547474, 
                51.68842188095876
              ], 
              [
                -127.4368790397687, 
                51.69179922493039
              ], 
              [
                -127.43683827976982, 
                51.69391503797794
              ], 
              [
                -127.43952393356037, 
                51.69269444634053
              ], 
              [
                -127.43248445605349, 
                51.697577166006525
              ], 
              [
                -127.42935138198084, 
                51.70091382066159
              ], 
              [
                -127.42642170084547, 
                51.70636630077189
              ], 
              [
                -127.43268797684651, 
                51.70636630077189
              ], 
              [
                -127.43447836160401, 
                51.74591710334201
              ], 
              [
                -127.43268793917512, 
                51.75478748553503
              ], 
              [
                -127.42243404870533, 
                51.75971100469352
              ], 
              [
                -127.38658611305047, 
                51.76727941190878
              ], 
              [
                -127.37490804024505, 
                51.768500101588245
              ], 
              [
                -127.36237545332457, 
                51.78021881525763
              ], 
              [
                -127.33706617427057, 
                51.8571637669385
              ], 
              [
                -127.35008709512246, 
                51.87018469103453
              ], 
              [
                -127.3623753982136, 
                51.857082365107985
              ], 
              [
                -127.37604732180642, 
                51.83746978549749
              ], 
              [
                -127.3871149821847, 
                51.816351572038876
              ], 
              [
                -127.39171303238189, 
                51.79913972886587
              ], 
              [
                -127.3938696377222, 
                51.78375890041644
              ], 
              [
                -127.40029869198959, 
                51.77773678337935
              ], 
              [
                -127.44200600011263, 
                51.77513256555273
              ], 
              [
                -127.44908604444045, 
                51.77700427555026
              ], 
              [
                -127.45327721770187, 
                51.774562965456944
              ], 
              [
                -127.45995030947145, 
                51.761623423850885
              ], 
              [
                -127.47671464770596, 
                51.71344635569387
              ], 
              [
                -127.49266522406441, 
                51.698716597428216
              ], 
              [
                -127.52204348628233, 
                51.70331458488204
              ], 
              [
                -127.5503636928261, 
                51.7107607640468
              ], 
              [
                -127.58291580994764, 
                51.71185943257743
              ], 
              [
                -127.6160376046776, 
                51.70783116433723
              ], 
              [
                -127.64557862467392, 
                51.70014073849919
              ], 
              [
                -127.64557862162752, 
                51.69269444634053
              ], 
              [
                -127.62116450235207, 
                51.68927641874467
              ], 
              [
                -127.57420816186024, 
                51.67633700691374
              ], 
              [
                -127.54938713850946, 
                51.67226793399298
              ], 
              [
                -127.49893146741816, 
                51.676906667424404
              ], 
              [
                -127.47671467893478, 
                51.67519769027166
              ], 
              [
                -127.46743723643516, 
                51.66229882447625
              ], 
              [
                -127.47842370017877, 
                51.65155677918751
              ], 
              [
                -127.5456436416404, 
                51.63434474976583
              ], 
              [
                -127.55882721593534, 
                51.61884179915732
              ], 
              [
                -127.57510336088548, 
                51.58844639980542
              ], 
              [
                -127.59032136881557, 
                51.57664617454446
              ], 
              [
                -127.59032138280016, 
                51.56924059016446
              ], 
              [
                -127.57315023146491, 
                51.557928817228344
              ], 
              [
                -127.56700598233495, 
                51.54393137501731
              ], 
              [
                -127.57160398755875, 
                51.528143640406476
              ], 
              [
                -127.62271075175278, 
                51.478176185289
              ], 
              [
                -127.6429337544537, 
                51.46515537403334
              ], 
              [
                -127.6663712855918, 
                51.459947072736114
              ], 
              [
                -127.7138565493924, 
                51.4577497151139
              ], 
              [
                -127.72813886362208, 
                51.459947072736114
              ], 
              [
                -127.75698812471481, 
                51.48798253063548
              ], 
              [
                -127.76162681232836, 
                51.49408606298838
              ], 
              [
                -127.74551347336066, 
                51.50531647023473
              ], 
              [
                -127.6806534513067, 
                51.505194404369945
              ], 
              [
                -127.65925051576234, 
                51.50836829469992
              ], 
              [
                -127.65925046387113, 
                51.51459382629796
              ], 
              [
                -127.67003333790962, 
                51.51829662319252
              ], 
              [
                -127.68643141696685, 
                51.52973050768932
              ], 
              [
                -127.70018470438184, 
                51.53506094458764
              ], 
              [
                -127.71808841928369, 
                51.53632241075582
              ], 
              [
                -127.79137116725649, 
                51.52692286066369
              ], 
              [
                -127.79637613155941, 
                51.528265718746006
              ], 
              [
                -127.80272382202389, 
                51.53766516878473
              ], 
              [
                -127.79914305465904, 
                51.54376864465074
              ], 
              [
                -127.79238853139886, 
                51.54897701292659
              ], 
              [
                -127.78954011851005, 
                51.55556870026402
              ], 
              [
                -127.79308024439693, 
                51.56720616107598
              ], 
              [
                -127.7980036661821, 
                51.57758205223489
              ], 
              [
                -127.80199131520165, 
                51.58901599211176
              ], 
              [
                -127.80260167877853, 
                51.60394927220539
              ], 
              [
                -127.82640536426474, 
                51.598700221584906
              ], 
              [
                -127.83311920158285, 
                51.60870995664647
              ], 
              [
                -127.83332271822783, 
                51.626654362153225
              ], 
              [
                -127.83739173717085, 
                51.64496491742682
              ], 
              [
                -127.85049388758976, 
                51.65827051628695
              ], 
              [
                -127.86363683624246, 
                51.664252007766606
              ], 
              [
                -127.87368724786931, 
                51.67340723562182
              ], 
              [
                -127.87767491974148, 
                51.69647856818401
              ], 
              [
                -127.87706452439045, 
                51.71482976017847
              ], 
              [
                -127.87425698302894, 
                51.7223981977164
              ], 
              [
                -127.86807201289332, 
                51.7302920007688
              ], 
              [
                -127.86489820917922, 
                51.737697624982665
              ], 
              [
                -127.86872312892963, 
                51.74408602359903
              ], 
              [
                -127.87462310382205, 
                51.75055565614948
              ], 
              [
                -127.87767489279292, 
                51.75820542828047
              ], 
              [
                -127.87767488604294, 
                51.785223650332846
              ], 
              [
                -127.87975008190932, 
                51.79214096924337
              ], 
              [
                -127.88927158192443, 
                51.80560940880884
              ], 
              [
                -127.89195709617373, 
                51.816229491946835
              ], 
              [
                -127.89012605227279, 
                51.82147852743723
              ], 
              [
                -127.87767498933042, 
                51.843573366179726
              ], 
              [
                -127.87901777834047, 
                51.84516029671969
              ], 
              [
                -127.88353437856111, 
                51.85639076384863
              ], 
              [
                -127.88451083108666, 
                51.86058173178106
              ], 
              [
                -127.88255774868705, 
                51.865545968774654
              ], 
              [
                -127.87816322948055, 
                51.86810945695101
              ], 
              [
                -127.87149009033593, 
                51.87018469103453
              ], 
              [
                -127.86693281604529, 
                51.88857663727214
              ], 
              [
                -127.86017817461564, 
                51.906480195167504
              ], 
              [
                -127.84959881247993, 
                51.92011144703134
              ], 
              [
                -127.81676185620059, 
                51.92983633845184
              ], 
              [
                -127.78221590644124, 
                51.94904201412681
              ], 
              [
                -127.76537027969503, 
                51.953436625711106
              ], 
              [
                -127.71178137883923, 
                51.94887929883443
              ], 
              [
                -127.68492591065284, 
                51.95001862164225
              ], 
              [
                -127.6660863381984, 
                51.95962143054588
              ], 
              [
                -127.67349201304573, 
                51.96702710771558
              ], 
              [
                -127.65916903629338, 
                51.99201076914962
              ], 
              [
                -127.64785723107086, 
                52.05703360120896
              ], 
              [
                -127.63809157352195, 
                52.083726275799464
              ], 
              [
                -127.61489824287214, 
                52.10748932692021
              ], 
              [
                -127.58263095516199, 
                52.12783434231244
              ], 
              [
                -127.54735263119478, 
                52.14325588928126
              ], 
              [
                -127.51520741332655, 
                52.15204491452737
              ], 
              [
                -127.49327544517907, 
                52.153875967318534
              ], 
              [
                -127.47704023031855, 
                52.15058020888414
              ], 
              [
                -127.46800695017566, 
                52.14118071579725
              ], 
              [
                -127.46743726717499, 
                52.124701201212034
              ], 
              [
                -127.47545330102461, 
                52.106634881282936
              ], 
              [
                -127.48912510151311, 
                52.098130572772085
              ], 
              [
                -127.50723229149563, 
                52.09613685325689
              ], 
              [
                -127.56574453537581, 
                52.10004297480945
              ], 
              [
                -127.57652751776452, 
                52.09369542594743
              ], 
              [
                -127.62441970692684, 
                52.028509813384076
              ], 
              [
                -127.59032135264428, 
                52.0501162108189
              ], 
              [
                -127.56065836281479, 
                52.07782627065117
              ], 
              [
                -127.54954988143218, 
                52.08226140600963
              ], 
              [
                -127.46532142994158, 
                52.0831566552726
              ], 
              [
                -127.43049062107222, 
                52.08881249718534
              ], 
              [
                -127.40534417154495, 
                52.10423408262807
              ], 
              [
                -127.43952388562475, 
                52.15131256046305
              ], 
              [
                -127.4432266791132, 
                52.15888091379003
              ], 
              [
                -127.44945231543984, 
                52.16315342537149
              ], 
              [
                -127.45368402613151, 
                52.17255277857135
              ], 
              [
                -127.4517309498982, 
                52.18187086152434
              ], 
              [
                -127.43980870183871, 
                52.186183964328656
              ], 
              [
                -127.41344148196325, 
                52.19106674365877
              ], 
              [
                -127.39834548076685, 
                52.196437866135554
              ], 
              [
                -127.39171305228561, 
                52.20327386305643
              ], 
              [
                -127.38145906405633, 
                52.21967189089006
              ], 
              [
                -127.35728912589127, 
                52.22919335935763
              ], 
              [
                -127.2835994199377, 
                52.23769766510071
              ], 
              [
                -127.26374256908805, 
                52.246039055386575
              ], 
              [
                -127.24624592399651, 
                52.2579613565957
              ], 
              [
                -127.18643141644536, 
                52.30931221384851
              ], 
              [
                -127.1725968250978, 
                52.316473716444364
              ], 
              [
                -127.14826416294397, 
                52.31903721372125
              ], 
              [
                -127.09508220251342, 
                52.311468859440126
              ], 
              [
                -127.04308013710481, 
                52.30975976151124
              ], 
              [
                -127.01976470683708, 
                52.3062197211922
              ], 
              [
                -126.99762932163293, 
                52.29751207070363
              ], 
              [
                -126.95742747819801, 
                52.268622075704066
              ], 
              [
                -126.9430232755508, 
                52.253119243437666
              ], 
              [
                -126.93724530541084, 
                52.234686651978606
              ], 
              [
                -126.94664465599088, 
                52.212835999855194
              ], 
              [
                -126.90770422632507, 
                52.17845286219103
              ], 
              [
                -126.77879791251075, 
                52.097642249268965
              ], 
              [
                -126.75426178462216, 
                52.07689030148585
              ], 
              [
                -126.74071211445144, 
                52.06976967188714
              ], 
              [
                -126.71068267670024, 
                52.04682030826151
              ], 
              [
                -126.69961509682526, 
                52.03534583092627
              ], 
              [
                -126.68101959423662, 
                52.000148760753454
              ], 
              [
                -126.67227122728723, 
                51.98749414499569
              ], 
              [
                -126.67202720321957, 
                52.011704877253536
              ], 
              [
                -126.6697892418853, 
                52.03095129068743
              ], 
              [
                -126.67218996533899, 
                52.04734941037396
              ], 
              [
                -126.6859431873884, 
                52.062689545237255
              ], 
              [
                -126.69635985190983, 
                52.06757235566652
              ], 
              [
                -126.70750887472047, 
                52.07143784823635
              ], 
              [
                -126.71646077806989, 
                52.07697178533092
              ], 
              [
                -126.72329661899504, 
                52.095119470998156
              ], 
              [
                -126.74132238411303, 
                52.11815012076176
              ], 
              [
                -126.7508438453826, 
                52.12783434231244
              ], 
              [
                -126.79255119802401, 
                52.153224962863774
              ], 
              [
                -126.88512116053327, 
                52.19452539376677
              ], 
              [
                -126.91250572864068, 
                52.2271182984041
              ], 
              [
                -126.90322836811777, 
                52.24518468740856
              ], 
              [
                -126.90257728886152, 
                52.25787996114208
              ], 
              [
                -126.908558719487, 
                52.26886627439802
              ], 
              [
                -126.93004305780214, 
                52.293402369825245
              ], 
              [
                -126.93854734133929, 
                52.30585359460911
              ], 
              [
                -126.93903558353814, 
                52.320054400899366
              ], 
              [
                -126.92552644350285, 
                52.33698145830792
              ], 
              [
                -126.91763262735287, 
                52.34015535261093
              ], 
              [
                -126.88463300711201, 
                52.34442786859832
              ], 
              [
                -126.88027902857092, 
                52.347723625923926
              ], 
              [
                -126.87808184193686, 
                52.35635000909271
              ], 
              [
                -126.8746638375171, 
                52.35809964787882
              ], 
              [
                -126.8558651019694, 
                52.35716386941511
              ], 
              [
                -126.81411701184466, 
                52.36798739331476
              ], 
              [
                -126.77476958450873, 
                52.371161121768814
              ], 
              [
                -126.73375395953352, 
                52.371161121768814
              ], 
              [
                -126.75304106831007, 
                52.39337791861328
              ], 
              [
                -126.78506426757589, 
                52.39744701780573
              ], 
              [
                -126.91295328991457, 
                52.37197503869065
              ], 
              [
                -126.94102935594633, 
                52.362738276425446
              ], 
              [
                -126.96715247364806, 
                52.350653387662405
              ], 
              [
                -127.00230879583343, 
                52.3393009224404
              ], 
              [
                -127.04161539441472, 
                52.33783603607783
              ], 
              [
                -127.11733964864878, 
                52.350653387662405
              ], 
              [
                -127.12584386925148, 
                52.35114165905031
              ], 
              [
                -127.14403238844524, 
                52.349310647112524
              ], 
              [
                -127.15217037764894, 
                52.350653387662405
              ], 
              [
                -127.15900626683232, 
                52.35553615187882
              ], 
              [
                -127.16169179427297, 
                52.361232746939045
              ], 
              [
                -127.16295330441885, 
                52.36668534041663
              ], 
              [
                -127.1657607942728, 
                52.371161121768814
              ], 
              [
                -127.18968660272064, 
                52.387884781774815
              ], 
              [
                -127.19294187185744, 
                52.398749102057366
              ], 
              [
                -127.17943271716085, 
                52.412095415641026
              ], 
              [
                -127.19985915859182, 
                52.439398484247135
              ], 
              [
                -127.2104386316582, 
                52.44672274908305
              ], 
              [
                -127.21910560879162, 
                52.45026277296827
              ], 
              [
                -127.22496501774262, 
                52.45612218246325
              ], 
              [
                -127.23273682674665, 
                52.50787999436866
              ], 
              [
                -127.22765046919926, 
                52.52285385650191
              ], 
              [
                -127.19082604173725, 
                52.55475501658576
              ], 
              [
                -127.17121341522252, 
                52.568345516106504
              ], 
              [
                -127.1496475312708, 
                52.579413093544346
              ], 
              [
                -127.10903883949209, 
                52.5893008211648
              ], 
              [
                -127.07551027917124, 
                52.615139124864854
              ], 
              [
                -127.05589748178046, 
                52.62498596053234
              ], 
              [
                -127.00304112972677, 
                52.63361235654887
              ], 
              [
                -126.98232972734719, 
                52.64472061357855
              ], 
              [
                -126.97398833548836, 
                52.66937889668413
              ], 
              [
                -126.96597237212616, 
                52.685614236233874
              ], 
              [
                -126.93179281145677, 
                52.712836043822
              ], 
              [
                -126.9255265402371, 
                52.73427973462688
              ], 
              [
                -126.9318740476444, 
                52.75287496078867
              ], 
              [
                -126.95518962473997, 
                52.78827550102789
              ], 
              [
                -126.96955312383834, 
                52.829413087497855
              ], 
              [
                -126.99168857518558, 
                52.843817419045
              ], 
              [
                -127.04230707569458, 
                52.86456938362778
              ], 
              [
                -127.05101478784827, 
                52.871649490879626
              ], 
              [
                -127.05760667881727, 
                52.8783227621172
              ], 
              [
                -127.0650528436613, 
                52.883246140607234
              ], 
              [
                -127.0764052883834, 
                52.88507710109554
              ], 
              [
                -127.06090257533396, 
                52.85980876369041
              ], 
              [
                -127.01720115313947, 
                52.81366593434368
              ], 
              [
                -127.00129133546211, 
                52.78266008757978
              ], 
              [
                -127.00023364370848, 
                52.775458191496895
              ], 
              [
                -127.00129139342737, 
                52.75161359684438
              ], 
              [
                -126.99795488454298, 
                52.74746328556288
              ], 
              [
                -126.98350978106014, 
                52.73273335110304
              ], 
              [
                -126.98013265258301, 
                52.724310650902005
              ], 
              [
                -126.98688704985086, 
                52.71088275471845
              ], 
              [
                -127.05382247460561, 
                52.65302163244802
              ], 
              [
                -127.15217036864816, 
                52.61139556655447
              ], 
              [
                -127.21353108556453, 
                52.57379795094535
              ], 
              [
                -127.22337807965182, 
                52.56631096090479
              ], 
              [
                -127.24323477476813, 
                52.56134669109129
              ], 
              [
                -127.25865632720377, 
                52.5532900535608
              ], 
              [
                -127.25511638146727, 
                52.53620030400828
              ], 
              [
                -127.26927643231444, 
                52.52875390847451
              ], 
              [
                -127.27757723579292, 
                52.52220282422944
              ], 
              [
                -127.28184973181052, 
                52.51512278171307
              ], 
              [
                -127.2797745140962, 
                52.503648149692
              ], 
              [
                -127.27281646575227, 
                52.49567284774614
              ], 
              [
                -127.26545160541647, 
                52.48969145110165
              ], 
              [
                -127.2619522902562, 
                52.48444246243783
              ], 
              [
                -127.26886965121277, 
                52.46898026707283
              ], 
              [
                -127.28551189182919, 
                52.45905186950938
              ], 
              [
                -127.45246333379342, 
                52.411769912615775
              ], 
              [
                -127.47362215204915, 
                52.3885765162572
              ], 
              [
                -127.4951065582636, 
                52.35883208097235
              ], 
              [
                -127.5422257225803, 
                52.341782952714205
              ], 
              [
                -127.58934478425448, 
                52.330877923987444
              ], 
              [
                -127.61082916684398, 
                52.31964746269611
              ], 
              [
                -127.6165664852378, 
                52.298529312293304
              ], 
              [
                -127.63141846921846, 
                52.29604731405875
              ], 
              [
                -127.6516007208296, 
                52.301336986936
              ], 
              [
                -127.67349204709329, 
                52.30345292410185
              ], 
              [
                -127.69200594711218, 
                52.29580308435388
              ], 
              [
                -127.71007240724428, 
                52.2838402484696
              ], 
              [
                -127.73033607480428, 
                52.27627188494882
              ], 
              [
                -127.75544188256409, 
                52.28180575295468
              ], 
              [
                -127.75047767791523, 
                52.29197826709162
              ], 
              [
                -127.74766998000216, 
                52.31281151879182
              ], 
              [
                -127.74453684877678, 
                52.31964746269611
              ], 
              [
                -127.73574785277157, 
                52.32892487380107
              ], 
              [
                -127.71446689732859, 
                52.35809964787882
              ], 
              [
                -127.73664303843775, 
                52.354396882522984
              ], 
              [
                -127.75584883526555, 
                52.3393009224404
              ], 
              [
                -127.78278566714128, 
                52.30345292410185
              ], 
              [
                -127.79133057942082, 
                52.28693273123962
              ], 
              [
                -127.79491131509602, 
                52.27586503005215
              ], 
              [
                -127.79637609467967, 
                52.26471587547159
              ], 
              [
                -127.800526452039, 
                52.25629299121841
              ], 
              [
                -127.81021073629053, 
                52.25039296620211
              ], 
              [
                -127.82135977609038, 
                52.24559148407212
              ], 
              [
                -127.82994544533618, 
                52.24079010939971
              ], 
              [
                -127.84732009346979, 
                52.224758182031934
              ], 
              [
                -127.86074779840183, 
                52.2160097793683
              ], 
              [
                -127.87242593640838, 
                52.21954989790221
              ], 
              [
                -127.8845108743376, 
                52.24079010939971
              ], 
              [
                -127.88597572923052, 
                52.252508870488626
              ], 
              [
                -127.88605705893893, 
                52.26601793430316
              ], 
              [
                -127.88980065863947, 
                52.27708575390657
              ], 
              [
                -127.91441804560938, 
                52.28514226673355
              ], 
              [
                -127.92332921218843, 
                52.293687222881154
              ], 
              [
                -127.92943279897989, 
                52.304999144821636
              ], 
              [
                -127.93293211119408, 
                52.316473716444364
              ], 
              [
                -127.92332917874622, 
                52.32355372494861
              ], 
              [
                -127.91885338825568, 
                52.331000137297124
              ], 
              [
                -127.91551672168774, 
                52.33901600855026
              ], 
              [
                -127.90933181881388, 
                52.347560923579
              ], 
              [
                -127.89712475783976, 
                52.354437520176575
              ], 
              [
                -127.87071687880203, 
                52.35480373011465
              ], 
              [
                -127.85781813429638, 
                52.35809964787882
              ], 
              [
                -127.8474829155075, 
                52.371323999053
              ], 
              [
                -127.85659746674173, 
                52.38507722283358
              ], 
              [
                -127.89195713199936, 
                52.412095415641026
              ], 
              [
                -127.91486572436284, 
                52.44110752475739
              ], 
              [
                -127.91869056985094, 
                52.45026277296827
              ], 
              [
                -127.91478437850068, 
                52.46442298921888
              ], 
              [
                -127.90550697483798, 
                52.47264232993764
              ], 
              [
                -127.89427654506227, 
                52.47915278555186
              ], 
              [
                -127.88451079536169, 
                52.487860342624586
              ], 
              [
                -127.87852942291461, 
                52.49506256388528
              ], 
              [
                -127.87262936029622, 
                52.50413645928982
              ], 
              [
                -127.87360592452352, 
                52.51190827052834
              ], 
              [
                -127.88825435377623, 
                52.51512278171307
              ], 
              [
                -127.89663654653165, 
                52.51215243473887
              ], 
              [
                -127.90916900978978, 
                52.495916993185446
              ], 
              [
                -127.91869048334146, 
                52.487860342624586
              ], 
              [
                -127.9146622031815, 
                52.47972236183075
              ], 
              [
                -127.91710368852178, 
                52.470892688960824
              ], 
              [
                -127.92218986148238, 
                52.46035386099799
              ], 
              [
                -127.92613692517705, 
                52.44684487201541
              ], 
              [
                -127.92520092085262, 
                52.432847342226104
              ], 
              [
                -127.9186091431197, 
                52.42694729670281
              ], 
              [
                -127.90900630861006, 
                52.42072174154598
              ], 
              [
                -127.89879302259043, 
                52.40591047264605
              ], 
              [
                -127.9025773193129, 
                52.38532139785947
              ], 
              [
                -127.92243411643419, 
                52.36225013537098
              ], 
              [
                -127.9676815181355, 
                52.32269936124369
              ], 
              [
                -128.00059967512902, 
                52.337103518224126
              ], 
              [
                -128.01593987142482, 
                52.34674709992379
              ], 
              [
                -128.02745517722056, 
                52.37596260184629
              ], 
              [
                -128.03941816793622, 
                52.38515866678599
              ], 
              [
                -128.0532119875084, 
                52.393500010856826
              ], 
              [
                -128.0638727754931, 
                52.40591047264605
              ], 
              [
                -128.05646722296197, 
                52.412095415641026
              ], 
              [
                -128.06655844960733, 
                52.44965246310567
              ], 
              [
                -128.0530899617785, 
                52.485174860683145
              ], 
              [
                -128.02330486090767, 
                52.51154210325134
              ], 
              [
                -127.9844863799867, 
                52.521958648388726
              ], 
              [
                -127.97158767622892, 
                52.518744190087254
              ], 
              [
                -127.96060134279307, 
                52.51166410660026
              ], 
              [
                -127.9522599461407, 
                52.504584103581955
              ], 
              [
                -127.94725497745897, 
                52.501532259156086
              ], 
              [
                -127.93423423861796, 
                52.50592688513805
              ], 
              [
                -127.93399002112515, 
                52.514553109983154
              ], 
              [
                -127.93846600751651, 
                52.52358638798089
              ], 
              [
                -127.93980865075717, 
                52.5294456321897
              ], 
              [
                -127.93024657864865, 
                52.535142349878015
              ], 
              [
                -127.90811110912668, 
                52.53856026594866
              ], 
              [
                -127.89879305535666, 
                52.54242580502729
              ], 
              [
                -127.89142819261369, 
                52.5509300836409
              ], 
              [
                -127.88581290466654, 
                52.5618349773066
              ], 
              [
                -127.87767497295083, 
                52.58405186420217
              ], 
              [
                -127.89557864329444, 
                52.57819251370666
              ], 
              [
                -127.93171144735317, 
                52.56049231073192
              ], 
              [
                -128.0281876256587, 
                52.547552798637
              ], 
              [
                -128.0464981265555, 
                52.5393740412258
              ], 
              [
                -128.06236732988484, 
                52.52431876497605
              ], 
              [
                -128.07119706446312, 
                52.51780833043044
              ], 
              [
                -128.08031164576542, 
                52.51512278171307
              ], 
              [
                -128.09235597827976, 
                52.51325109867184
              ], 
              [
                -128.09752349327917, 
                52.508368156737404
              ], 
              [
                -128.10008702053733, 
                52.50177641136766
              ], 
              [
                -128.1042373980507, 
                52.494614939771196
              ], 
              [
                -128.15265870744653, 
                52.43256261692025
              ], 
              [
                -128.1566055399568, 
                52.42499414938729
              ], 
              [
                -128.1600235060999, 
                52.41351953647931
              ], 
              [
                -128.16567941543306, 
                52.40591047264605
              ], 
              [
                -128.1728409865679, 
                52.40062087195374
              ], 
              [
                -128.18968670877504, 
                52.39325598337062
              ], 
              [
                -128.19709220377698, 
                52.3885765162572
              ], 
              [
                -128.23460849048416, 
                52.326402047007775
              ], 
              [
                -128.28302978828606, 
                52.28392165378849
              ], 
              [
                -128.2967016819443, 
                52.2755802007156
              ], 
              [
                -128.31094317244066, 
                52.27570222557219
              ], 
              [
                -128.32144118453581, 
                52.280585002188175
              ], 
              [
                -128.33067791015347, 
                52.286444449770926
              ], 
              [
                -128.3410538504034, 
                52.289211340540824
              ], 
              [
                -128.3678279995359, 
                52.28986244345011
              ], 
              [
                -128.3802790549436, 
                52.29181545035468
              ], 
              [
                -128.39224203648803, 
                52.29604731405875
              ], 
              [
                -128.37954668578092, 
                52.30939362886359
              ], 
              [
                -128.36351480488813, 
                52.31818271121032
              ], 
              [
                -128.33018963622195, 
                52.33022700986242
              ], 
              [
                -128.3391821414045, 
                52.34882237991865
              ], 
              [
                -128.33836835177655, 
                52.36859778238672
              ], 
              [
                -128.32848053099283, 
                52.38637923133452
              ], 
              [
                -128.3103734763767, 
                52.39907458513295
              ], 
              [
                -128.29869544967076, 
                52.4024112077437
              ], 
              [
                -128.29051665855962, 
                52.402044915866476
              ], 
              [
                -128.28262285373228, 
                52.400213936758945
              ], 
              [
                -128.27212477838438, 
                52.39907458513295
              ], 
              [
                -128.26048744166846, 
                52.4024112077437
              ], 
              [
                -128.2571508264198, 
                52.410549202242876
              ], 
              [
                -128.25609286004988, 
                52.420599633655506
              ], 
              [
                -128.2516169703059, 
                52.429429408121656
              ], 
              [
                -128.23810782084547, 
                52.44318262736662
              ], 
              [
                -128.22622634689512, 
                52.460516649742125
              ], 
              [
                -128.22199460145177, 
                52.47943757349955
              ], 
              [
                -128.23395755975358, 
                52.50535723822459
              ], 
              [
                -128.2348527357615, 
                52.52582435414536
              ], 
              [
                -128.2346084555907, 
                52.5294456321897
              ], 
              [
                -128.2429906654165, 
                52.558783246311606
              ], 
              [
                -128.24205480099002, 
                52.57037993392513
              ], 
              [
                -128.23306224498253, 
                52.588609057776004
              ], 
              [
                -128.19359283079842, 
                52.639308913649465
              ], 
              [
                -128.19188381344586, 
                52.64704000125634
              ], 
              [
                -128.19074460408402, 
                52.65717195109757
              ], 
              [
                -128.18838446780654, 
                52.66766988769171
              ], 
              [
                -128.18309492705808, 
                52.67649981312035
              ], 
              [
                -128.15664641378356, 
                52.695624216837814
              ], 
              [
                -128.15265864113542, 
                52.70380278513249
              ], 
              [
                -128.15147855186498, 
                52.71478903688192
              ], 
              [
                -128.1484269610556, 
                52.720607889029516
              ], 
              [
                -128.1438697518732, 
                52.725572163796855
              ], 
              [
                -128.13247630674547, 
                52.7434755938052
              ], 
              [
                -128.12824464378994, 
                52.747544712735944
              ], 
              [
                -128.12559976538776, 
                52.752834403354406
              ], 
              [
                -128.12474528986542, 
                52.765285592791756
              ], 
              [
                -128.12694264040317, 
                52.78510175809952
              ], 
              [
                -128.13646398695616, 
                52.82322824798992
              ], 
              [
                -128.13833573465834, 
                52.84414296468662
              ], 
              [
                -128.13223207589434, 
                52.87311417569764
              ], 
              [
                -128.10952703175198, 
                52.892075798426795
              ], 
              [
                -128.07827726209908, 
                52.902411313425574
              ], 
              [
                -128.03766844675403, 
                52.90704989462352
              ], 
              [
                -128.0305884345696, 
                52.91103759104855
              ], 
              [
                -128.02879796049007, 
                52.916652715613104
              ], 
              [
                -128.0357153049531, 
                52.922919017915966
              ], 
              [
                -128.04173742458076, 
                52.92357004464044
              ], 
              [
                -128.10513268295935, 
                52.9120548215288
              ], 
              [
                -128.1214899623564, 
                52.91400780485751
              ], 
              [
                -128.13219156254897, 
                52.92666252835994
              ], 
              [
                -128.13833576755022, 
                52.92666252835994
              ], 
              [
                -128.14159099498266, 
                52.907416127687696
              ], 
              [
                -128.1534723804826, 
                52.88434471495097
              ], 
              [
                -128.16808024073924, 
                52.863511493560225
              ], 
              [
                -128.17935128221768, 
                52.8508974446348
              ], 
              [
                -128.214100736801, 
                52.83047111770161
              ], 
              [
                -128.22370345282584, 
                52.821763287378985
              ], 
              [
                -128.2299697836006, 
                52.814276361900966
              ], 
              [
                -128.2369277406948, 
                52.808172796187655
              ], 
              [
                -128.2481991700655, 
                52.80316818248973
              ], 
              [
                -128.27550219860544, 
                52.79975018313761
              ], 
              [
                -128.3054906835493, 
                52.80280181957319
              ], 
              [
                -128.37140866395035, 
                52.820217195918154
              ], 
              [
                -128.43301341719203, 
                52.823675789547025
              ], 
              [
                -128.44298240266397, 
                52.82770402159065
              ], 
              [
                -128.45042889197688, 
                52.8517520716077
              ], 
              [
                -128.45889253276664, 
                52.857733615655725
              ], 
              [
                -128.4691463257228, 
                52.86212803443646
              ], 
              [
                -128.47789454592706, 
                52.86831277883249
              ], 
              [
                -128.49746657315387, 
                52.89472074240161
              ], 
              [
                -128.49868732741217, 
                52.89935946520029
              ], 
              [
                -128.49254322242743, 
                52.90863690926861
              ], 
              [
                -128.49669343728402, 
                52.92942937780289
              ], 
              [
                -128.50837148957146, 
                52.963934578240405
              ], 
              [
                -128.51040604839724, 
                52.98517486646442
              ], 
              [
                -128.51984625921344, 
                53.02537679486286
              ], 
              [
                -128.52196193852222, 
                53.04645406598977
              ], 
              [
                -128.5241593756704, 
                53.05170325772166
              ], 
              [
                -128.53404699544782, 
                53.069159238575125
              ], 
              [
                -128.53624424756134, 
                53.0802676229036
              ], 
              [
                -128.53184988742856, 
                53.08950444512647
              ], 
              [
                -128.52114838490655, 
                53.09300378967017
              ], 
              [
                -128.50780187578917, 
                53.09446848096294
              ], 
              [
                -128.49526943219598, 
                53.09735758469122
              ], 
              [
                -128.511870740141, 
                53.107367099656145
              ], 
              [
                -128.53229729862122, 
                53.10687894212573
              ], 
              [
                -128.54946867555364, 
                53.10944256957413
              ], 
              [
                -128.55675223017636, 
                53.12872970466337
              ], 
              [
                -128.54674225865466, 
                53.13597234065337
              ], 
              [
                -128.49836184918462, 
                53.14109941606562
              ], 
              [
                -128.48102783157373, 
                53.14573805502249
              ], 
              [
                -128.49771075811498, 
                53.149969810820934
              ], 
              [
                -128.55988525259366, 
                53.14573805502249
              ], 
              [
                -128.5759169620961, 
                53.15033584892421
              ], 
              [
                -128.58975160483712, 
                53.16144425361535
              ], 
              [
                -128.6480606203665, 
                53.22361882751677
              ], 
              [
                -128.65294358318545, 
                53.23175699521064
              ], 
              [
                -128.65562915636087, 
                53.23969159080466
              ], 
              [
                -128.66173268140736, 
                53.2421736976215
              ], 
              [
                -128.66844630538878, 
                53.24030171479382
              ], 
              [
                -128.67284104578619, 
                53.23517496575305
              ], 
              [
                -128.67247466781342, 
                53.22724023230659
              ], 
              [
                -128.66856842887336, 
                53.21723047711374
              ], 
              [
                -128.65916923243873, 
                53.20099533828334
              ], 
              [
                -128.6802465791763, 
                53.19281650257457
              ], 
              [
                -128.70051014502022, 
                53.19830956354042
              ], 
              [
                -128.7997127248337, 
                53.25649651612892
              ], 
              [
                -128.81371001261314, 
                53.26178612440353
              ], 
              [
                -128.832508803715, 
                53.266750281393094
              ], 
              [
                -128.84911061282273, 
                53.27855065166855
              ], 
              [
                -128.87547771101927, 
                53.30621983594431
              ], 
              [
                -128.88426658345855, 
                53.326320561248224
              ], 
              [
                -128.87608802706984, 
                53.3449567798847
              ], 
              [
                -128.8598525672866, 
                53.36058167496193
              ], 
              [
                -128.8447160976035, 
                53.37164962464923
              ], 
              [
                -128.87633219130788, 
                53.3721377914884
              ], 
              [
                -128.88760319519596, 
                53.37710183457388
              ], 
              [
                -128.88263907702148, 
                53.38906479740179
              ], 
              [
                -128.87385021630962, 
                53.400580293059846
              ], 
              [
                -128.87555903092212, 
                53.40696847443044
              ], 
              [
                -128.88170326259424, 
                53.41388581735054
              ], 
              [
                -128.88634204151506, 
                53.42694744518745
              ], 
              [
                -128.8806047664169, 
                53.447699427141735
              ], 
              [
                -128.84422778146055, 
                53.47089275507563
              ], 
              [
                -128.83104414079742, 
                53.488348763806094
              ], 
              [
                -128.86245686965938, 
                53.48916253560141
              ], 
              [
                -128.8771052689746, 
                53.48631419109762
              ], 
              [
                -128.88939359083017, 
                53.47809470366212
              ], 
              [
                -128.89981048466316, 
                53.46588789164001
              ], 
              [
                -128.90794851424647, 
                53.45868575295751
              ], 
              [
                -128.9176327592572, 
                53.45868575295751
              ], 
              [
                -128.9328507024419, 
                53.46792225582397
              ], 
              [
                -128.9473365435243, 
                53.48582606081729
              ], 
              [
                -128.96263596570367, 
                53.53294514561563
              ], 
              [
                -128.97447660799452, 
                53.55662661380138
              ], 
              [
                -128.94570883388272, 
                53.55451085336264
              ], 
              [
                -128.89240476553906, 
                53.53660717710333
              ], 
              [
                -128.86461350347412, 
                53.53620035151773
              ], 
              [
                -128.84691313934331, 
                53.54620995477513
              ], 
              [
                -128.83071855724353, 
                53.56167227113831
              ], 
              [
                -128.81273341333545, 
                53.57294331608395
              ], 
              [
                -128.7894588584682, 
                53.57029863818264
              ], 
              [
                -128.77554261702076, 
                53.555609290994795
              ], 
              [
                -128.75861558035385, 
                53.51056539165658
              ], 
              [
                -128.74852458368164, 
                53.49518467646734
              ], 
              [
                -128.74038642325038, 
                53.4914410512109
              ], 
              [
                -128.7075903074918, 
                53.48151277024459
              ], 
              [
                -128.69709215439912, 
                53.47479880021454
              ], 
              [
                -128.6728410888153, 
                53.45359948592665
              ], 
              [
                -128.66661536584496, 
                53.46108633179305
              ], 
              [
                -128.68309483822893, 
                53.47394438573935
              ], 
              [
                -128.69163972559147, 
                53.48232651411321
              ], 
              [
                -128.69391848972745, 
                53.488348763806094
              ], 
              [
                -128.6834202445193, 
                53.49306862340092
              ], 
              [
                -128.66763271020517, 
                53.48932535346722
              ], 
              [
                -128.63927150459543, 
                53.47475809870336
              ], 
              [
                -128.5629776146559, 
                53.41950099205024
              ], 
              [
                -128.52025312150255, 
                53.40155676892395
              ], 
              [
                -128.50837161713264, 
                53.39276771143644
              ], 
              [
                -128.50568615198017, 
                53.39215744025213
              ], 
              [
                -128.49754790876364, 
                53.387152340543786
              ], 
              [
                -128.49250240392928, 
                53.38129303202886
              ], 
              [
                -128.4986872127942, 
                53.378485330018115
              ], 
              [
                -128.50145433663943, 
                53.37604411506969
              ], 
              [
                -128.50283755418346, 
                53.370184500561045
              ], 
              [
                -128.50304120934388, 
                53.363348762803206
              ], 
              [
                -128.50210529456155, 
                53.35805900704909
              ], 
              [
                -128.49388589470703, 
                53.34406161415538
              ], 
              [
                -128.48766028047524, 
                53.345851949604
              ], 
              [
                -128.48346919610844, 
                53.357123105318486
              ], 
              [
                -128.47988848331275, 
                53.386664137133785
              ], 
              [
                -128.4820858252788, 
                53.398016751183725
              ], 
              [
                -128.49059009002565, 
                53.404934100083935
              ], 
              [
                -128.50837156450322, 
                53.40643953511079
              ], 
              [
                -128.5083715921593, 
                53.412665148058394
              ], 
              [
                -128.49640862159933, 
                53.41620510952879
              ], 
              [
                -128.47712142610422, 
                53.428778267271454
              ], 
              [
                -128.46735579416068, 
                53.43374245351705
              ], 
              [
                -128.3795061042655, 
                53.44749594731416
              ], 
              [
                -128.36318911708992, 
                53.45888892870411
              ], 
              [
                -128.35191810646833, 
                53.48151277024459
              ], 
              [
                -128.308705111995, 
                53.46063864641502
              ], 
              [
                -128.2535294278756, 
                53.45282624082918
              ], 
              [
                -128.14891530625002, 
                53.45359948592665
              ], 
              [
                -128.12702388621474, 
                53.45087310835253
              ], 
              [
                -128.10586519726652, 
                53.443060769541844
              ], 
              [
                -128.08999591444584, 
                53.43121981006935
              ], 
              [
                -128.0816138308472, 
                53.411200354739925
              ], 
              [
                -128.07209217451458, 
                53.40322492621165
              ], 
              [
                -128.07013911017754, 
                53.398993214543644
              ], 
              [
                -128.07217373725567, 
                53.39248291798568
              ], 
              [
                -128.08071839854654, 
                53.383856359867934
              ], 
              [
                -128.08372953008876, 
                53.378485330018115
              ], 
              [
                -128.08751393637993, 
                53.36908613754279
              ], 
              [
                -128.10423745262887, 
                53.33759188225449
              ], 
              [
                -128.07070883289003, 
                53.364569446961475
              ], 
              [
                -128.05101473014454, 
                53.37384670014135
              ], 
              [
                -128.03229736267656, 
                53.36823154400659
              ], 
              [
                -128.01667244784488, 
                53.35879152347687
              ], 
              [
                -127.97695882655707, 
                53.34235264381389
              ], 
              [
                -127.96084556391519, 
                53.330064250846945
              ], 
              [
                -127.95636946086968, 
                53.31842669333402
              ], 
              [
                -127.95344002899652, 
                53.265204287979095
              ], 
              [
                -127.94261641856069, 
                53.2537296362859
              ], 
              [
                -127.87149018869371, 
                53.22833908245203
              ], 
              [
                -127.8771051692923, 
                53.25014872791149
              ], 
              [
                -127.89574120178202, 
                53.26146054300919
              ], 
              [
                -127.91759179213753, 
                53.27142962335913
              ], 
              [
                -127.93293204707714, 
                53.289129902905
              ], 
              [
                -127.93407126783354, 
                53.30267960749253
              ], 
              [
                -127.92809003290232, 
                53.324530399803464
              ], 
              [
                -127.93293211360397, 
                53.33759188225449
              ], 
              [
                -127.94318593356815, 
                53.34430566387406
              ], 
              [
                -127.97887124082966, 
                53.35602449847819
              ], 
              [
                -127.99128172647582, 
                53.35805900704909
              ], 
              [
                -128.00182049800233, 
                53.3622501218774
              ], 
              [
                -128.03018157804013, 
                53.38226972923485
              ], 
              [
                -128.03600007934983, 
                53.38906479740179
              ], 
              [
                -128.03970282402364, 
                53.391668909259174
              ], 
              [
                -128.06016999786453, 
                53.41950099205024
              ], 
              [
                -128.06720947917526, 
                53.42487217627022
              ], 
              [
                -128.08511298587192, 
                53.448228160190496
              ], 
              [
                -128.0943498771912, 
                53.45359948592665
              ], 
              [
                -128.10362718203126, 
                53.456854656651196
              ], 
              [
                -128.11237541140247, 
                53.46515529845402
              ], 
              [
                -128.11632241289144, 
                53.47630444645341
              ], 
              [
                -128.1110734364297, 
                53.488348763806094
              ], 
              [
                -128.13272038703406, 
                53.484076122015445
              ], 
              [
                -128.20051028547542, 
                53.488348763806094
              ], 
              [
                -128.30011960346488, 
                53.48151277024459
              ], 
              [
                -128.34825607334514, 
                53.49852130807382
              ], 
              [
                -128.37413484688162, 
                53.50356675219442
              ], 
              [
                -128.38540607640658, 
                53.491766690801605
              ], 
              [
                -128.39024801959414, 
                53.47459529274174
              ], 
              [
                -128.4029436149381, 
                53.461656114636384
              ], 
              [
                -128.42052159425694, 
                53.45270414977189
              ], 
              [
                -128.44005296712885, 
                53.44741455544122
              ], 
              [
                -128.4526260334332, 
                53.44619368132879
              ], 
              [
                -128.49185146917043, 
                53.44741455544122
              ], 
              [
                -128.50267496302757, 
                53.44456617625992
              ], 
              [
                -128.5091853493893, 
                53.43878815143185
              ], 
              [
                -128.5164280710593, 
                53.43390522615258
              ], 
              [
                -128.52940820209795, 
                53.43374245351705
              ], 
              [
                -128.5391740141446, 
                53.4393578706266
              ], 
              [
                -128.55280499004178, 
                53.45722062217779
              ], 
              [
                -128.5598852218434, 
                53.46108633179305
              ], 
              [
                -128.5718480672926, 
                53.462347680495526
              ], 
              [
                -128.5843806304364, 
                53.466538772339874
              ], 
              [
                -128.5943090312412, 
                53.47394438573935
              ], 
              [
                -128.59829652351834, 
                53.484930579935394
              ], 
              [
                -128.6121720782773, 
                53.50458412411507
              ], 
              [
                -128.64268950457893, 
                53.513332348871295
              ], 
              [
                -128.6732070342255, 
                53.5165061290205
              ], 
              [
                -128.6870825596249, 
                53.5194360114069
              ], 
              [
                -128.69082599834644, 
                53.53392163866288
              ], 
              [
                -128.70055077725806, 
                53.54710508041315
              ], 
              [
                -128.7280981814346, 
                53.57029863818264
              ], 
              [
                -128.74913482074732, 
                53.562445308115805
              ], 
              [
                -128.7654517242734, 
                53.57562906712041
              ], 
              [
                -128.77928621353834, 
                53.59471258514222
              ], 
              [
                -128.79320223049334, 
                53.60443752108443
              ], 
              [
                -128.79967210914364, 
                53.607611496607475
              ], 
              [
                -128.8077287052437, 
                53.615383263200016
              ], 
              [
                -128.81452376512595, 
                53.62547422847516
              ], 
              [
                -128.81745370755226, 
                53.63548424013918
              ], 
              [
                -128.8160295800213, 
                53.65033615362585
              ], 
              [
                -128.8121233122163, 
                53.65778242541837
              ], 
              [
                -128.79694586810618, 
                53.67275634951148
              ], 
              [
                -128.77379315128982, 
                53.70473872535391
              ], 
              [
                -128.77037499865554, 
                53.721421491451885
              ], 
              [
                -128.79190027969256, 
                53.76019936842793
              ], 
              [
                -128.78888907444684, 
                53.78091049847993
              ], 
              [
                -128.77513586656084, 
                53.7982852187345
              ], 
              [
                -128.7553606031928, 
                53.81049237239106
              ], 
              [
                -128.73180104093927, 
                53.81509036083856
              ], 
              [
                -128.7097877266857, 
                53.81557867432397
              ], 
              [
                -128.69347073622174, 
                53.82123434997139
              ], 
              [
                -128.68708250249986, 
                53.84125398884521
              ], 
              [
                -128.67784584983298, 
                53.85932039711733
              ], 
              [
                -128.6563207096872, 
                53.86225001198341
              ], 
              [
                -128.55890868446747, 
                53.841701590442334
              ], 
              [
                -128.47948172044465, 
                53.83685958191744
              ], 
              [
                -128.4737441723781, 
                53.841498020097134
              ], 
              [
                -128.48473046717206, 
                53.85455951121656
              ], 
              [
                -128.50112871392446, 
                53.86269766177184
              ], 
              [
                -128.517730286127, 
                53.862982501614525
              ], 
              [
                -128.5499162408026, 
                53.857652177053495
              ], 
              [
                -128.5724992476501, 
                53.86090738492119
              ], 
              [
                -128.61681064133077, 
                53.875962598723355
              ], 
              [
                -128.64488683854975, 
                53.882066138933034
              ], 
              [
                -128.65428620701374, 
                53.88739649925593
              ], 
              [
                -128.66283134512102, 
                53.89105881552413
              ], 
              [
                -128.67516025873562, 
                53.88727445485165
              ], 
              [
                -128.682606657606, 
                53.88930906521586
              ], 
              [
                -128.68968651981373, 
                53.89370339030395
              ], 
              [
                -128.6939183136546, 
                53.899318646224565
              ], 
              [
                -128.69383704925733, 
                53.906439525997044
              ], 
              [
                -128.68903558355498, 
                53.909735392698984
              ], 
              [
                -128.68309489825023, 
                53.91128168348948
              ], 
              [
                -128.67959551513343, 
                53.91290925479442
              ], 
              [
                -128.67080656613973, 
                53.92991782699503
              ], 
              [
                -128.6355687648994, 
                53.971258809013094
              ], 
              [
                -128.63198799200862, 
                53.97817608502736
              ], 
              [
                -128.63101154303527, 
                53.98725008616455
              ], 
              [
                -128.63182545470906, 
                54.00535728800359
              ], 
              [
                -128.62767497386076, 
                54.013006941100095
              ], 
              [
                -128.6179093333152, 
                54.0201683842381
              ], 
              [
                -128.59829676368983, 
                54.03021889792598
              ], 
              [
                -128.62193767050337, 
                54.03213129164933
              ], 
              [
                -128.65269932098795, 
                54.019842815191566
              ], 
              [
                -128.68175220667487, 
                54.00067792116117
              ], 
              [
                -128.70010324950377, 
                53.981838216549555
              ], 
              [
                -128.71593167350696, 
                53.9565289466775
              ], 
              [
                -128.734852754196, 
                53.934027493514115
              ], 
              [
                -128.73818941754192, 
                53.932603410686816
              ], 
              [
                -128.7480363975247, 
                53.92601158975349
              ], 
              [
                -128.74852440237783, 
                53.920355401344025
              ], 
              [
                -128.76451571225226, 
                53.913519558020326
              ], 
              [
                -128.7722874825247, 
                53.91400780198106
              ], 
              [
                -128.7827040903405, 
                53.920355401344025
              ], 
              [
                -128.7892146217599, 
                53.89256416986021
              ], 
              [
                -128.81334399699122, 
                53.87738689907458
              ], 
              [
                -128.83934483659658, 
                53.86562732740243
              ], 
              [
                -128.8616431487137, 
                53.83022706600853
              ], 
              [
                -128.93285058160677, 
                53.7763531288924
              ], 
              [
                -128.92833426003745, 
                53.79588464717267
              ], 
              [
                -128.9080297851448, 
                53.82729729978857
              ], 
              [
                -128.90615810368894, 
                53.84467203468477
              ], 
              [
                -128.9148656904736, 
                53.857611396412054
              ], 
              [
                -128.9256891450077, 
                53.846624959668496
              ], 
              [
                -128.94713306437478, 
                53.81049237239106
              ], 
              [
                -128.94766177393197, 
                53.83926002471258
              ], 
              [
                -128.94579024997932, 
                53.85293211154063
              ], 
              [
                -128.94029714997848, 
                53.865139204809445
              ], 
              [
                -128.9658912384887, 
                53.890529841644856
              ], 
              [
                -128.98350994027584, 
                53.89834223330472
              ], 
              [
                -129.00918524038426, 
                53.899318646224565
              ], 
              [
                -129.00918545048344, 
                53.892482910150036
              ], 
              [
                -128.97777258890542, 
                53.86688873795218
              ], 
              [
                -128.96540288235275, 
                53.82054278992252
              ], 
              [
                -128.9732151648438, 
                53.77757383120474
              ], 
              [
                -129.001779664779, 
                53.762111637243564
              ], 
              [
                -129.01952070841062, 
                53.77435951053932
              ], 
              [
                -129.0480036736219, 
                53.812323274132794
              ], 
              [
                -129.06383228348554, 
                53.81049237239106
              ], 
              [
                -129.06444263260025, 
                53.79120526065138
              ], 
              [
                -129.03327380548325, 
                53.74949770590807
              ], 
              [
                -129.04645738829672, 
                53.74164450415145
              ], 
              [
                -129.06602951564062, 
                53.73883706709855
              ], 
              [
                -129.08950756226662, 
                53.73163478138805
              ], 
              [
                -129.11213123813343, 
                53.721869135119626
              ], 
              [
                -129.12901766153817, 
                53.71116766631897
              ], 
              [
                -129.1346736170809, 
                53.70205311266206
              ], 
              [
                -129.1397191835439, 
                53.68915434337225
              ], 
              [
                -129.14614839149777, 
                53.6776798997325
              ], 
              [
                -129.1563208683883, 
                53.67275634951148
              ], 
              [
                -129.16661538400564, 
                53.67121004724018
              ], 
              [
                -129.17837483405216, 
                53.66746656790287
              ], 
              [
                -129.18944261935366, 
                53.66217692825591
              ], 
              [
                -129.22834221646715, 
                53.632717155802936
              ], 
              [
                -129.2382706319246, 
                53.61880116911374
              ], 
              [
                -129.24201418141584, 
                53.59446854442717
              ], 
              [
                -129.23936914679743, 
                53.5514589331389
              ], 
              [
                -129.24474023950538, 
                53.53034076681819
              ], 
              [
                -129.26244064126408, 
                53.522528466423
              ], 
              [
                -129.2624406547789, 
                53.51630289448904
              ], 
              [
                -129.24233951056596, 
                53.511867447247845
              ], 
              [
                -129.23570727671046, 
                53.49201092084411
              ], 
              [
                -129.2372942141814, 
                53.46723067063392
              ], 
              [
                -129.24201423077272, 
                53.44741455544122
              ], 
              [
                -129.2499080235948, 
                53.43121981006935
              ], 
              [
                -129.26333585947975, 
                53.41063071579032
              ], 
              [
                -129.27806561047709, 
                53.39288976589648
              ], 
              [
                -129.2897842049425, 
                53.385402635123064
              ], 
              [
                -129.3349502054674, 
                53.396917920203705
              ], 
              [
                -129.59312898881853, 
                53.572210959634745
              ], 
              [
                -129.6153458564137, 
                53.5771345304664
              ], 
              [
                -129.66991111688787, 
                53.61835344375599
              ], 
              [
                -129.68016521702094, 
                53.62864822602008
              ], 
              [
                -129.6878557453498, 
                53.64008223927691
              ], 
              [
                -129.72667396709272, 
                53.67169831866455
              ], 
              [
                -129.74290923169872, 
                53.68016177700774
              ], 
              [
                -129.74290919707826, 
                53.68699768189168
              ], 
              [
                -129.73155691798198, 
                53.6857772266356
              ], 
              [
                -129.7211807833815, 
                53.68235910779241
              ], 
              [
                -129.7018937858166, 
                53.67275634951148
              ], 
              [
                -129.71572847779967, 
                53.6954614819627
              ], 
              [
                -129.73302145280138, 
                53.705470941809835
              ], 
              [
                -129.75332593031834, 
                53.71116766631897
              ], 
              [
                -129.7764380298968, 
                53.7211368575824
              ], 
              [
                -129.7844133020492, 
                53.728908679171965
              ], 
              [
                -129.80308982993785, 
                53.75527564643998
              ], 
              [
                -129.81183834756467, 
                53.75702546044796
              ], 
              [
                -129.83446211849773, 
                53.75409584205177
              ], 
              [
                -129.8452854678913, 
                53.75527564643998
              ], 
              [
                -129.85236559188414, 
                53.75991436234638
              ], 
              [
                -129.87938386863388, 
                53.78314845794531
              ], 
              [
                -129.91136643244818, 
                53.79767496005936
              ], 
              [
                -129.92039949623398, 
                53.80365627246553
              ], 
              [
                -129.9275610415952, 
                53.81220127669424
              ], 
              [
                -129.9391983339681, 
                53.830308299768745
              ], 
              [
                -129.94831295276458, 
                53.83783600287404
              ], 
              [
                -129.95872953398126, 
                53.84194562225398
              ], 
              [
                -129.99616463264667, 
                53.851507989905194
              ], 
              [
                -129.97423244907102, 
                53.8658713891574
              ], 
              [
                -129.9651585235085, 
                53.8759218142496
              ], 
              [
                -129.96133371812994, 
                53.88898339965624
              ], 
              [
                -129.9690649190258, 
                53.891262121468195
              ], 
              [
                -130.00633696293843, 
                53.874579092972404
              ], 
              [
                -130.0196833325994, 
                53.875677739903075
              ], 
              [
                -130.02936748344956, 
                53.88401912250763
              ], 
              [
                -130.05337476593985, 
                53.898179392896346
              ], 
              [
                -130.06379139888014, 
                53.90615462255753
              ], 
              [
                -130.09337309742918, 
                53.94009016158454
              ], 
              [
                -130.1047256505402, 
                53.947088872967434
              ], 
              [
                -130.0866593312861, 
                53.97060783608946
              ], 
              [
                -130.0838924648926, 
                54.004706200363444
              ], 
              [
                -130.0916641747424, 
                54.081122120723336
              ], 
              [
                -130.0852759933125, 
                54.10053145681033
              ], 
              [
                -130.05663013777288, 
                54.13955324545305
              ], 
              [
                -130.05011975439615, 
                54.15619553005382
              ], 
              [
                -130.03783125909993, 
                54.15424232570901
              ], 
              [
                -129.97988859894434, 
                54.161118997784364
              ], 
              [
                -129.96133378798532, 
                54.16681549698633
              ], 
              [
                -129.95042880744018, 
                54.15932848732802
              ], 
              [
                -129.9467665905401, 
                54.149969661643574
              ], 
              [
                -129.94517975224935, 
                54.14044824796727
              ], 
              [
                -129.94090742579417, 
                54.13263587480419
              ], 
              [
                -129.931752007236, 
                54.12693912449357
              ], 
              [
                -129.9099015093024, 
                54.117987384550396
              ], 
              [
                -129.89989178507687, 
                54.11212804803228
              ], 
              [
                -129.87328038279188, 
                54.08559802991097
              ], 
              [
                -129.8521217046241, 
                54.05695236315519
              ], 
              [
                -129.84845939238699, 
                54.04877346091184
              ], 
              [
                -129.84666909236495, 
                54.042059653428076
              ], 
              [
                -129.8441463746705, 
                54.036078274009725
              ], 
              [
                -129.83844975950657, 
                54.03021889792598
              ], 
              [
                -129.82909106275136, 
                54.02553956173383
              ], 
              [
                -129.82070865192551, 
                54.02464414417639
              ], 
              [
                -129.81236744660956, 
                54.024725775711026
              ], 
              [
                -129.80309009124755, 
                54.022772639968245
              ], 
              [
                -129.79792222512407, 
                54.018784798677835
              ], 
              [
                -129.7890517360929, 
                54.00653703402238
              ], 
              [
                -129.7838028736448, 
                54.00234610513963
              ], 
              [
                -129.77757725018418, 
                54.001695027639734
              ], 
              [
                -129.76203372205757, 
                54.00385169070932
              ], 
              [
                -129.75649981364276, 
                54.00234610513963
              ], 
              [
                -129.7530003890707, 
                53.996974939499964
              ], 
              [
                -129.7508844231929, 
                53.98566301472792
              ], 
              [
                -129.74909413493728, 
                53.981838216549555
              ], 
              [
                -129.73509665874394, 
                53.96454484640171
              ], 
              [
                -129.72736568311487, 
                53.95783111641351
              ], 
              [
                -129.7149550554013, 
                53.95384334805912
              ], 
              [
                -129.72520920654145, 
                53.97186929581276
              ], 
              [
                -129.73363206525946, 
                53.99217366507266
              ], 
              [
                -129.7454319957253, 
                54.00897848891702
              ], 
              [
                -129.78233797280797, 
                54.02179592130572
              ], 
              [
                -129.8246964009039, 
                54.051336964828266
              ], 
              [
                -129.8384497363635, 
                54.06378821196408
              ], 
              [
                -129.84675045699478, 
                54.07444896188547
              ], 
              [
                -129.85871334993877, 
                54.09520091866464
              ], 
              [
                -129.8657935094709, 
                54.10468178869751
              ], 
              [
                -129.8948868141279, 
                54.12449775704548
              ], 
              [
                -129.89989175920704, 
                54.128973726605835
              ], 
              [
                -129.9072974310531, 
                54.14468017526711
              ], 
              [
                -129.92186424095908, 
                54.155951101382186
              ], 
              [
                -129.93228096484538, 
                54.16828025702457
              ], 
              [
                -129.9272353198013, 
                54.18732315724411
              ], 
              [
                -129.91099996406317, 
                54.20087295876683
              ], 
              [
                -129.88658609683583, 
                54.21190016007689
              ], 
              [
                -129.86017806336068, 
                54.21930561276959
              ], 
              [
                -129.83812400330086, 
                54.22207251711588
              ], 
              [
                -129.8069961949332, 
                54.22117744957891
              ], 
              [
                -129.79210356495923, 
                54.218003572636874
              ], 
              [
                -129.76561449407967, 
                54.20416911288341
              ], 
              [
                -129.74962309733158, 
                54.204046867874645
              ], 
              [
                -129.72109939270342, 
                54.207749722873416
              ], 
              [
                -129.63695225533272, 
                54.181138392608965
              ], 
              [
                -129.61192790315567, 
                54.1839053779555
              ], 
              [
                -129.58275295160573, 
                54.196926072656375
              ], 
              [
                -129.5630995856707, 
                54.21271378935385
              ], 
              [
                -129.5533747104736, 
                54.21637595577292
              ], 
              [
                -129.5293674926568, 
                54.22207251711588
              ], 
              [
                -129.5040176172178, 
                54.232245099311754
              ], 
              [
                -129.49063054031942, 
                54.23541889627853
              ], 
              [
                -129.47533111295112, 
                54.23505273497281
              ], 
              [
                -129.49181062099933, 
                54.25145086214389
              ], 
              [
                -129.5178929934212, 
                54.24721910568706
              ], 
              [
                -129.5672500580416, 
                54.228216797092344
              ], 
              [
                -129.5753067259964, 
                54.223862981505754
              ], 
              [
                -129.58926331658373, 
                54.204657143606696
              ], 
              [
                -129.59512278910307, 
                54.20034408460186
              ], 
              [
                -129.6255591712356, 
                54.20180910129458
              ], 
              [
                -129.76781171266882, 
                54.236517701162256
              ], 
              [
                -129.82896881817152, 
                54.24213282278271
              ], 
              [
                -129.88630116472558, 
                54.23505273497281
              ], 
              [
                -129.95421285571433, 
                54.21084203547593
              ], 
              [
                -129.97874913266304, 
                54.207749722873416
              ], 
              [
                -129.9887589212862, 
                54.20343659409095
              ], 
              [
                -130.00877851566926, 
                54.18471920478855
              ], 
              [
                -130.01968336722925, 
                54.180487343046686
              ], 
              [
                -130.06444250679522, 
                54.18211497110463
              ], 
              [
                -130.0780329762154, 
                54.180487343046686
              ], 
              [
                -130.0885310392427, 
                54.1753604051197
              ], 
              [
                -130.10167397374002, 
                54.162258220749905
              ], 
              [
                -130.1121719713997, 
                54.15932848732802
              ], 
              [
                -130.12490815312074, 
                54.16087487945861
              ], 
              [
                -130.1407772144738, 
                54.165838996516605
              ], 
              [
                -130.15428628574062, 
                54.17365145632002
              ], 
              [
                -130.15998291632118, 
                54.1839053779555
              ], 
              [
                -130.17634036067162, 
                54.19521724793468
              ], 
              [
                -130.27725173661636, 
                54.207749722873416
              ], 
              [
                -130.28148336970372, 
                54.214422770498985
              ], 
              [
                -130.284047056669, 
                54.23159419238443
              ], 
              [
                -130.28722076050562, 
                54.23505273497281
              ], 
              [
                -130.29287661502707, 
                54.237453384912975
              ], 
              [
                -130.28270413143952, 
                54.242498997677295
              ], 
              [
                -130.23102774990386, 
                54.26007716998508
              ], 
              [
                -130.19473218502208, 
                54.263006864586416
              ], 
              [
                -130.2066951753753, 
                54.27073807864239
              ], 
              [
                -130.22980726223014, 
                54.279690002648024
              ], 
              [
                -130.23940992869308, 
                54.28685127468246
              ], 
              [
                -130.24083400275418, 
                54.296087853851986
              ], 
              [
                -130.24063059351957, 
                54.31134668198117
              ], 
              [
                -130.24315358543166, 
                54.325629099680995
              ], 
              [
                -130.2527971361786, 
                54.33185468260683
              ], 
              [
                -130.2581680434488, 
                54.34100978200211
              ], 
              [
                -130.2464494932989, 
                54.387193236667684
              ], 
              [
                -130.24937902985837, 
                54.40639882426886
              ], 
              [
                -130.25780176865885, 
                54.391262000525806
              ], 
              [
                -130.26390548566886, 
                54.37323647220965
              ], 
              [
                -130.27220627811906, 
                54.35809976493616
              ], 
              [
                -130.28722073727056, 
                54.351751931487925
              ], 
              [
                -130.30890871280982, 
                54.348212032209425
              ], 
              [
                -130.34886639855154, 
                54.33372635871122
              ], 
              [
                -130.37287363430042, 
                54.33185468260683
              ], 
              [
                -130.4236548149186, 
                54.343166466742304
              ], 
              [
                -130.4442441077978, 
                54.34491623589334
              ], 
              [
                -130.45824144436398, 
                54.34861897939543
              ], 
              [
                -130.47394758378277, 
                54.358709900930535
              ], 
              [
                -130.48253339688242, 
                54.37368404649542
              ], 
              [
                -130.47524964283122, 
                54.39207576379934
              ], 
              [
                -130.48253342634354, 
                54.40355061088961
              ], 
              [
                -130.48106839086878, 
                54.41868715062037
              ], 
              [
                -130.47423264180387, 
                54.4335392145253
              ], 
              [
                -130.4654028145447, 
                54.44424064146654
              ], 
              [
                -130.44505782360446, 
                54.4531925222145
              ], 
              [
                -130.40029861407933, 
                54.454006235318786
              ], 
              [
                -130.3797095723749, 
                54.46100507414606
              ], 
              [
                -130.42056242681718, 
                54.48578533720295
              ], 
              [
                -130.4353734666659, 
                54.502183302163324
              ], 
              [
                -130.44115150483026, 
                54.52680085620026
              ], 
              [
                -130.43984948723397, 
                54.54897702389447
              ], 
              [
                -130.43691985157443, 
                54.55923097751111
              ], 
              [
                -130.4312231709787, 
                54.56777583863897
              ], 
              [
                -130.41844653579477, 
                54.5696476372766
              ], 
              [
                -130.40086829765872, 
                54.565741282323046
              ], 
              [
                -130.38556876768604, 
                54.56525295401925
              ], 
              [
                -130.37970957543314, 
                54.57770429557622
              ], 
              [
                -130.3931777209485, 
                54.585028254324776
              ], 
              [
                -130.41999265704612, 
                54.60419344094456
              ], 
              [
                -130.43956455910734, 
                54.62392810579851
              ], 
              [
                -130.43122302829937, 
                54.63296125342291
              ], 
              [
                -130.40599513514886, 
                54.630438441329645
              ], 
              [
                -130.3829646819663, 
                54.62327711647159
              ], 
              [
                -130.36270090415616, 
                54.61225000040238
              ], 
              [
                -130.34557037800238, 
                54.59813054164454
              ], 
              [
                -130.31822684105865, 
                54.56464278340532
              ], 
              [
                -130.28819732237693, 
                54.53904850250353
              ], 
              [
                -130.28351798666884, 
                54.53335191193111
              ], 
              [
                -130.2760309148385, 
                54.519842711580154
              ], 
              [
                -130.0529678006949, 
                54.3373883181978
              ], 
              [
                -130.0309951059501, 
                54.32672747478987
              ], 
              [
                -130.00609303272287, 
                54.31997317058209
              ], 
              [
                -129.9787491197239, 
                54.31761299180361
              ], 
              [
                -129.9638564823598, 
                54.31883363914263
              ], 
              [
                -129.958892509956, 
                54.32208905396235
              ], 
              [
                -129.96312401302316, 
                54.32672747478987
              ], 
              [
                -129.9756568368973, 
                54.33185468260683
              ], 
              [
                -129.98713121566573, 
                54.333156550858426
              ], 
              [
                -129.99998947305278, 
                54.33258706162709
              ], 
              [
                -130.0134984429856, 
                54.33417383971499
              ], 
              [
                -130.02651938793, 
                54.34149816356994
              ], 
              [
                -130.07315022108313, 
                54.37702060032908
              ], 
              [
                -130.08486878331342, 
                54.39207576379934
              ], 
              [
                -130.0845839934237, 
                54.41128153035367
              ], 
              [
                -130.064076163671, 
                54.44684466581213
              ], 
              [
                -130.07119720205935, 
                54.46100507414606
              ], 
              [
                -130.06309967883905, 
                54.478949229894255
              ], 
              [
                -130.0519098152476, 
                54.48533749701734
              ], 
              [
                -130.01659081106237, 
                54.48826719041519
              ], 
              [
                -129.99901289219324, 
                54.494533658667564
              ], 
              [
                -129.9848525085689, 
                54.50470597333402
              ], 
              [
                -129.98143462968804, 
                54.51544824345378
              ], 
              [
                -129.99616466829443, 
                54.52366785099143
              ], 
              [
                -130.00470932651018, 
                54.519679975165964
              ], 
              [
                -130.06379132722816, 
                54.5019390619388
              ], 
              [
                -130.07673084079323, 
                54.49119692943674
              ], 
              [
                -130.08287529745647, 
                54.47858323207972
              ], 
              [
                -130.08478747743726, 
                54.46320213524961
              ], 
              [
                -130.08486895949935, 
                54.44424064146654
              ], 
              [
                -130.10114488439018, 
                54.42633688612557
              ], 
              [
                -130.1370337901003, 
                54.442043484255144
              ], 
              [
                -130.19131417543454, 
                54.48212303801421
              ], 
              [
                -130.21165914110784, 
                54.49335342666685
              ], 
              [
                -130.2909235570348, 
                54.57078678139019
              ], 
              [
                -130.28795335146006, 
                54.57489664248958
              ], 
              [
                -130.28351800123104, 
                54.58515042851086
              ], 
              [
                -130.32262115215718, 
                54.603664389294444
              ], 
              [
                -130.35977114810282, 
                54.632147398387396
              ], 
              [
                -130.37242586195512, 
                54.664251974605605
              ], 
              [
                -130.33812412285096, 
                54.69379300811048
              ], 
              [
                -130.28766851736808, 
                54.7077498283712
              ], 
              [
                -130.2344456965953, 
                54.71141178585151
              ], 
              [
                -130.18162986160561, 
                54.70477922475155
              ], 
              [
                -130.12132728291397, 
                54.6836612045547
              ], 
              [
                -130.09557056583776, 
                54.67792400982119
              ], 
              [
                -130.08486907527075, 
                54.673895696736565
              ], 
              [
                -130.07860261384167, 
                54.668605810765584
              ], 
              [
                -130.06065847547, 
                54.643215369187764
              ], 
              [
                -130.03966225099703, 
                54.62889233114352
              ], 
              [
                -130.01162669888558, 
                54.61985906299528
              ], 
              [
                -129.92365485066296, 
                54.60919840077553
              ], 
              [
                -129.90648362664996, 
                54.60919840077553
              ], 
              [
                -129.89366616307342, 
                54.61180249281449
              ], 
              [
                -129.87954675652523, 
                54.62059161111489
              ], 
              [
                -129.8807673776989, 
                54.62474192499965
              ], 
              [
                -129.890858424921, 
                54.62604391613786
              ], 
              [
                -129.96182205301577, 
                54.626613659143345
              ], 
              [
                -129.98985765041817, 
                54.63052001637591
              ], 
              [
                -130.01659094997518, 
                54.639797267977094
              ], 
              [
                -130.0363664670323, 
                54.65473065391251
              ], 
              [
                -130.07575420967385, 
                54.69334530473052
              ], 
              [
                -130.09508216710967, 
                54.701239330661316
              ], 
              [
                -130.1104224223068, 
                54.70258218351805
              ], 
              [
                -130.12022866098215, 
                54.706366292804184
              ], 
              [
                -130.13980062222114, 
                54.71824782346106
              ], 
              [
                -130.1549373737363, 
                54.72256100454979
              ], 
              [
                -130.1866755445859, 
                54.72455471760293
              ], 
              [
                -130.20152732460434, 
                54.728501557712825
              ], 
              [
                -130.19473223352563, 
                54.75641511295742
              ], 
              [
                -130.19005295074754, 
                54.76337319418423
              ], 
              [
                -130.17764244170831, 
                54.77293534418164
              ], 
              [
                -130.1736547554219, 
                54.77692292216238
              ], 
              [
                -130.1599829293321, 
                54.7974307793389
              ], 
              [
                -130.15770439743818, 
                54.803697160714066
              ], 
              [
                -130.15729733839862, 
                54.81757234075375
              ], 
              [
                -130.15314702853098, 
                54.82469318364205
              ], 
              [
                -130.1474501968657, 
                54.82794819073058
              ], 
              [
                -130.13288324444656, 
                54.829901413181844
              ], 
              [
                -130.1264541405047, 
                54.83152895546649
              ], 
              [
                -130.09850006235868, 
                54.84454981049402
              ], 
              [
                -130.08446198517956, 
                54.85423406364343
              ], 
              [
                -130.0713598394299, 
                54.865790114700225
              ], 
              [
                -130.05968166220757, 
                54.87885153057662
              ], 
              [
                -130.05011957497564, 
                54.89301176753617
              ], 
              [
                -130.06725013417955, 
                54.89667389977493
              ], 
              [
                -130.0802302159899, 
                54.8901227364406
              ], 
              [
                -130.1047255992273, 
                54.86627828021659
              ], 
              [
                -130.11994393193697, 
                54.85919841778809
              ], 
              [
                -130.15518135936207, 
                54.85224022393441
              ], 
              [
                -130.17365468532017, 
                54.84454981049402
              ], 
              [
                -130.16490636110476, 
                54.85736723849797
              ], 
              [
                -130.15005440963995, 
                54.87348046099806
              ], 
              [
                -130.13434807255507, 
                54.88719306556842
              ], 
              [
                -130.10435958455727, 
                54.900865050233264
              ], 
              [
                -130.06379137630603, 
                54.95441306675911
              ], 
              [
                -130.04596931022803, 
                54.965521648842255
              ], 
              [
                -130.0220433859072, 
                54.97386298794439
              ], 
              [
                -129.9967343087168, 
                54.97695559038807
              ], 
              [
                -129.9750055693926, 
                54.9718691218202
              ], 
              [
                -129.95665446563098, 
                54.9574242575058
              ], 
              [
                -129.9620255909256, 
                54.94806556234623
              ], 
              [
                -129.97744717322763, 
                54.937689616043855
              ], 
              [
                -129.98924704284957, 
                54.92031470113451
              ], 
              [
                -129.9753310698083, 
                54.92096578172568
              ], 
              [
                -129.9652398989291, 
                54.925034769793314
              ], 
              [
                -129.9568986506833, 
                54.93036537914004
              ], 
              [
                -129.94831291421386, 
                54.9345563444049
              ], 
              [
                -129.93911713763342, 
                54.945258015132275
              ], 
              [
                -129.93464117900953, 
                54.948187658239775
              ], 
              [
                -129.93171135248502, 
                54.94757717958474
              ], 
              [
                -129.90330979898562, 
                54.948187658239775
              ], 
              [
                -129.88072682686172, 
                54.9552677693064
              ], 
              [
                -129.84520419386484, 
                54.987046582791265
              ], 
              [
                -129.8248183583722, 
                54.995428657673976
              ], 
              [
                -129.81102463136156, 
                54.99310952340697
              ], 
              [
                -129.78359949726388, 
                54.97939695467667
              ], 
              [
                -129.76960193104375, 
                54.975531237746765
              ], 
              [
                -129.7556858845978, 
                54.97719950274621
              ], 
              [
                -129.7297256041053, 
                54.986883753752686
              ], 
              [
                -129.7180882746579, 
                54.98920312714131
              ], 
              [
                -129.6633195996932, 
                54.984361194262355
              ], 
              [
                -129.64134691123976, 
                54.98956949732511
              ], 
              [
                -129.6255997390731, 
                55.00971100506752
              ], 
              [
                -129.6756486946861, 
                54.99457440375453
              ], 
              [
                -129.95482337107327, 
                55.00971100506752
              ], 
              [
                -129.97740637882626, 
                55.0053164728403
              ], 
              [
                -129.98786373594385, 
                55.0057640649485
              ], 
              [
                -129.9998673164021, 
                55.013128972450346
              ], 
              [
                -130.00104732882684, 
                55.02244700592172
              ], 
              [
                -129.99351966126366, 
                55.03506094024241
              ], 
              [
                -129.97565670366686, 
                55.058050846775586
              ], 
              [
                -129.95669511633454, 
                55.101385809307104
              ], 
              [
                -129.94139564136174, 
                55.118719798001095
              ], 
              [
                -129.91665605443615, 
                55.12571849240018
              ], 
              [
                -129.89000403636783, 
                55.15713125233733
              ], 
              [
                -129.87962806210066, 
                55.164862374842244
              ], 
              [
                -129.87002518508842, 
                55.17035552783228
              ], 
              [
                -129.86095129151974, 
                55.17715077431205
              ], 
              [
                -129.85212155154227, 
                55.18842194432937
              ], 
              [
                -129.85122635789727, 
                55.19293853657707
              ], 
              [
                -129.85289465193043, 
                55.20380279369377
              ], 
              [
                -129.85212155845352, 
                55.20831941165712
              ], 
              [
                -129.84447181047398, 
                55.21662018534968
              ], 
              [
                -129.8384496829329, 
                55.2219099061782
              ], 
              [
                -129.82754473566033, 
                55.243109450839974
              ], 
              [
                -129.82135983407392, 
                55.25145091772743
              ], 
              [
                -129.8139542279832, 
                55.25950755124045
              ], 
              [
                -129.80378170972003, 
                55.26642487631746
              ], 
              [
                -129.78148352498877, 
                55.27464427024593
              ], 
              [
                -129.76817785731163, 
                55.283351948883514
              ], 
              [
                -129.7579646494411, 
                55.2846133493181
              ], 
              [
                -129.75279700068936, 
                55.28709544197238
              ], 
              [
                -129.74933835499692, 
                55.29271068814152
              ], 
              [
                -129.7496231768, 
                55.298895575731486
              ], 
              [
                -129.75055904892977, 
                55.305324610935905
              ], 
              [
                -129.74909421065456, 
                55.31134675216825
              ], 
              [
                -129.7213435394692, 
                55.34902576972975
              ], 
              [
                -129.70278886004914, 
                55.365790100567054
              ], 
              [
                -129.6839086545813, 
                55.37278880087903
              ], 
              [
                -129.67528237710889, 
                55.378119227270105
              ], 
              [
                -129.67393957358817, 
                55.38983795032339
              ], 
              [
                -129.67422442936368, 
                55.401556722929115
              ], 
              [
                -129.67056231401733, 
                55.40692781113812
              ], 
              [
                -129.66295324144255, 
                55.41144439154561
              ], 
              [
                -129.64708411137917, 
                55.433172916610566
              ], 
              [
                -129.63923092446086, 
                55.4410667994202
              ], 
              [
                -129.61042231605597, 
                55.44647857028737
              ], 
              [
                -129.54320227535703, 
                55.437892968588734
              ], 
              [
                -129.51939854878142, 
                55.44448475137772
              ], 
              [
                -129.4865616410337, 
                55.45994699608387
              ], 
              [
                -129.4787491412276, 
                55.462144262260786
              ], 
              [
                -129.47569737379925, 
                55.46405668866025
              ], 
              [
                -129.4747615023263, 
                55.46865467114318
              ], 
              [
                -129.47533116990527, 
                55.47923410414765
              ], 
              [
                -129.47801674707054, 
                55.48346590165239
              ], 
              [
                -129.48403886432232, 
                55.48183828147054
              ], 
              [
                -129.4952286627595, 
                55.47581616419331
              ], 
              [
                -129.50633702362606, 
                55.472113330334665
              ], 
              [
                -129.5306290562494, 
                55.45905184346676
              ], 
              [
                -129.54360919046687, 
                55.455308345457375
              ], 
              [
                -129.55919347352688, 
                55.45551177189107
              ], 
              [
                -129.59190833534478, 
                55.460842193048805
              ], 
              [
                -129.63467364126726, 
                55.461615310444124
              ], 
              [
                -129.6469620549977, 
                55.45856355493183
              ], 
              [
                -129.65660560088813, 
                55.45160553863191
              ], 
              [
                -129.68635006133397, 
                55.419582421569224
              ], 
              [
                -129.6944474072361, 
                55.41376375015809
              ], 
              [
                -129.71296140416115, 
                55.420803138086114
              ], 
              [
                -129.71613524103694, 
                55.46527743015443
              ], 
              [
                -129.74339758244633, 
                55.483547261127214
              ], 
              [
                -129.75405841758018, 
                55.50161369180578
              ], 
              [
                -129.79051674413887, 
                55.59833406391464
              ], 
              [
                -129.80650794400938, 
                55.62449779082077
              ], 
              [
                -129.82481846805732, 
                55.61920805602437
              ], 
              [
                -129.81590736677379, 
                55.60146719976724
              ], 
              [
                -129.81175698377004, 
                55.582668378025225
              ], 
              [
                -129.81053628387855, 
                55.540716883866786
              ], 
              [
                -129.78840083163817, 
                55.503851617853215
              ], 
              [
                -129.77700760596193, 
                55.47943755786806
              ], 
              [
                -129.78014073696377, 
                55.46841053349749
              ], 
              [
                -129.7901505093485, 
                55.463812557307
              ], 
              [
                -129.79190018043911, 
                55.4533145076562
              ], 
              [
                -129.79019121091693, 
                55.442043361835054
              ], 
              [
                -129.7900284560779, 
                55.43488190853541
              ], 
              [
                -129.79832924392863, 
                55.426336992776356
              ], 
              [
                -129.81631427688757, 
                55.420070723115415
              ], 
              [
                -129.8248185012484, 
                55.41376375015809
              ], 
              [
                -129.83214268675994, 
                55.40448637655842
              ], 
              [
                -129.83731033048636, 
                55.39541248330544
              ], 
              [
                -129.83967037639044, 
                55.38519928544451
              ], 
              [
                -129.83844967057726, 
                55.37278880087903
              ], 
              [
                -129.832875127556, 
                55.36644114668306
              ], 
              [
                -129.82477778151676, 
                55.36733631405383
              ], 
              [
                -129.82013913454568, 
                55.3743350348815
              ], 
              [
                -129.82481850823632, 
                55.386420006536554
              ], 
              [
                -129.81712803763378, 
                55.39227934452385
              ], 
              [
                -129.80874590850885, 
                55.396551834578986
              ], 
              [
                -129.79971271568442, 
                55.39911532176555
              ], 
              [
                -129.79002843939062, 
                55.40009185432919
              ], 
              [
                -129.7986547602298, 
                55.38776276950397
              ], 
              [
                -129.8030899618684, 
                55.38385650184981
              ], 
              [
                -129.8105362458059, 
                55.380275768233055
              ], 
              [
                -129.8060603521997, 
                55.372056383094375
              ], 
              [
                -129.80125890744392, 
                55.367417700370304
              ], 
              [
                -129.7943416204886, 
                55.36554598378055
              ], 
              [
                -129.78380286929752, 
                55.365952871833585
              ], 
              [
                -129.7862035606708, 
                55.356756885360014
              ], 
              [
                -129.7908829218609, 
                55.347886441617156
              ], 
              [
                -129.79775955613422, 
                55.34125396125479
              ], 
              [
                -129.82017980152514, 
                55.335516654873274
              ], 
              [
                -129.82457435846973, 
                55.328192459559325
              ], 
              [
                -129.82530676625663, 
                55.30198801957989
              ], 
              [
                -129.82274330025172, 
                55.296210034626924
              ], 
              [
                -129.82192948533287, 
                55.29022857782053
              ], 
              [
                -129.82795162650132, 
                55.28025950654425
              ], 
              [
                -129.86204992476027, 
                55.25608957655029
              ], 
              [
                -129.8775528678263, 
                55.24811432849964
              ], 
              [
                -129.88744055690668, 
                55.22907135408477
              ], 
              [
                -129.89989173354317, 
                55.18842194432937
              ], 
              [
                -129.91234290063332, 
                55.168849999831615
              ], 
              [
                -129.9961645201024, 
                55.09906647584624
              ], 
              [
                -130.01968340044743, 
                55.067694405246854
              ], 
              [
                -130.0370987617181, 
                55.0363630227412
              ], 
              [
                -130.056467252056, 
                55.009344794051614
              ], 
              [
                -130.06379146995877, 
                55.00287506696223
              ], 
              [
                -130.0831191353582, 
                54.99677142822725
              ], 
              [
                -130.10582426879773, 
                54.99754459120562
              ], 
              [
                -130.1248266266765, 
                55.00527578270298
              ], 
              [
                -130.13267981642304, 
                55.019924220470244
              ], 
              [
                -130.13638261598732, 
                55.037014064988455
              ], 
              [
                -130.16738847327528, 
                55.08539459550287
              ], 
              [
                -130.13951575561182, 
                55.112738349476594
              ], 
              [
                -130.12022864099563, 
                55.14834218633489
              ], 
              [
                -130.11558997180958, 
                55.1537132819106
              ], 
              [
                -130.10806230440065, 
                55.157945054366785
              ], 
              [
                -130.0887751853883, 
                55.17820871812206
              ], 
              [
                -130.08486893886283, 
                55.18471913830127
              ], 
              [
                -130.0786026697125, 
                55.19257233456627
              ], 
              [
                -130.01618403930067, 
                55.228908587134036
              ], 
              [
                -129.95791582481095, 
                55.27350495530796
              ], 
              [
                -129.949370894542, 
                55.29315826684297
              ], 
              [
                -129.96108963915984, 
                55.310736386933485
              ], 
              [
                -129.99616453259443, 
                55.3386091312157
              ], 
              [
                -130.00304112563856, 
                55.356756885360014
              ], 
              [
                -130.00413978542227, 
                55.398504956755076
              ], 
              [
                -130.00666258361701, 
                55.410345787847334
              ], 
              [
                -130.01162676003605, 
                55.41828034376162
              ], 
              [
                -130.0211075526998, 
                55.442328193545094
              ], 
              [
                -130.02505449865447, 
                55.46548086795297
              ], 
              [
                -130.0311173117675, 
                55.47333404724844
              ], 
              [
                -130.03986569653668, 
                55.47988516484261
              ], 
              [
                -130.05011959961342, 
                55.489447337187244
              ], 
              [
                -130.07656816924063, 
                55.52228425265804
              ], 
              [
                -130.09398352592544, 
                55.55263906312101
              ], 
              [
                -130.09976150167918, 
                55.58722563370645
              ], 
              [
                -130.0916642078489, 
                55.632879964325944
              ], 
              [
                -130.07990475231267, 
                55.65997955928267
              ], 
              [
                -130.07803300717728, 
                55.671047268160216
              ], 
              [
                -130.0807185185546, 
                55.68500394100193
              ], 
              [
                -130.08804275397196, 
                55.69090402182622
              ], 
              [
                -130.0988663289846, 
                55.69440337705992
              ], 
              [
                -130.11217199574, 
                55.70111724754837
              ], 
              [
                -130.1240128431602, 
                55.71548087737571
              ], 
              [
                -130.1306045938928, 
                55.73627348057128
              ], 
              [
                -130.12881423948662, 
                55.75922270722642
              ], 
              [
                -130.1155899394887, 
                55.779974646830766
              ], 
              [
                -130.0336808321956, 
                55.84882236824604
              ], 
              [
                -129.98473061133657, 
                55.90546296997964
              ], 
              [
                -129.9613338141935, 
                55.92084384052331
              ], 
              [
                -129.96996009570407, 
                55.93162670012088
              ], 
              [
                -129.98208577202416, 
                55.93512607184675
              ], 
              [
                -129.99596102476548, 
                55.9334170210937
              ], 
              [
                -130.0097550380224, 
                55.9282901293565
              ], 
              [
                -130.01961840807095, 
                55.90795181788227
              ], 
              [
                -130.01678787400425, 
                55.91891346492451
              ], 
              [
                -130.0146950279198, 
                55.96325188779634
              ], 
              [
                -130.01900995619013, 
                56.00221586962971
              ], 
              [
                -130.02663228491656, 
                56.02410088852434
              ], 
              [
                -130.0393187775058, 
                56.0455207047191
              ], 
              [
                -130.07153907887655, 
                56.084123041186096
              ], 
              [
                -130.09432837656797, 
                56.1014863138651
              ], 
              [
                -130.11675590237968, 
                56.10564622563047
              ], 
              [
                -130.21124630716363, 
                56.08996247217794
              ], 
              [
                -130.24315648444048, 
                56.09239124657936
              ], 
              [
                -130.29031124919717, 
                56.10096955220068
              ], 
              [
                -130.40397352810328, 
                56.121898477723114
              ], 
              [
                -130.41815875382179, 
                56.12970165853372
              ], 
              [
                -130.42792555381533, 
                56.14396431348282
              ], 
              [
                -130.45805290905784, 
                56.21065274441213
              ], 
              [
                -130.47228977832222, 
                56.22488961231003
              ], 
              [
                -130.49551832954972, 
                56.23243436808149
              ], 
              [
                -130.6022560510107, 
                56.2470588428225
              ], 
              [
                -130.64576757474586, 
                56.26194162723286
              ], 
              [
                -130.7603342796309, 
                56.34519240681861
              ], 
              [
                -130.83908912612353, 
                56.372451693453435
              ], 
              [
                -131.01693363233525, 
                56.38705034195216
              ], 
              [
                -131.1005460854693, 
                56.40766922568124
              ], 
              [
                -131.21560367778932, 
                56.45255022100906
              ], 
              [
                -131.3456990696721, 
                56.5032706159859
              ], 
              [
                -131.49165915887542, 
                56.560166373282854
              ], 
              [
                -131.53643679107833, 
                56.585229446025934
              ], 
              [
                -131.5603628539099, 
                56.594066007730376
              ], 
              [
                -131.58589113346994, 
                56.59504796571764
              ], 
              [
                -131.6922929308155, 
                56.58507443402947
              ], 
              [
                -131.79910799096984, 
                56.587658146410945
              ], 
              [
                -131.82559219325816, 
                56.59334258165211
              ], 
              [
                -131.83210341231714, 
                56.60336779826632
              ], 
              [
                -131.8265739714475, 
                56.644605537514295
              ], 
              [
                -131.8304240402208, 
                56.664759497501464
              ], 
              [
                -131.83897634927166, 
                56.68227768608931
              ], 
              [
                -131.86478870564903, 
                56.71349023324624
              ], 
              [
                -131.88070520330916, 
                56.72883826908891
              ], 
              [
                -131.88602776327156, 
                56.737054724101164
              ], 
              [
                -131.8879656591454, 
                56.747958476992615
              ], 
              [
                -131.88261719174187, 
                56.75914646189102
              ], 
              [
                -131.87241097445624, 
                56.7729698018469
              ], 
              [
                -131.86587392727387, 
                56.78570806088833
              ], 
              [
                -131.87155843492363, 
                56.79345961301887
              ], 
              [
                -132.10738387096487, 
                56.85875281684066
              ], 
              [
                -132.03185869988548, 
                57.02840648765281
              ], 
              [
                -132.16229000682304, 
                57.05031728771327
              ], 
              [
                -132.3412195633578, 
                57.08039289423166
              ], 
              [
                -132.27636564743835, 
                57.14889001137345
              ], 
              [
                -132.23099378905576, 
                57.196819943974695
              ], 
              [
                -132.30468445131612, 
                57.28035495591923
              ], 
              [
                -132.36230370599125, 
                57.34569983263607
              ], 
              [
                -132.4557345874043, 
                57.420992302346065
              ], 
              [
                -132.5524471134775, 
                57.499075462711694
              ], 
              [
                -132.62905734443547, 
                57.57927721789171
              ], 
              [
                -132.70943998258986, 
                57.66330305347279
              ], 
              [
                -132.83211983767438, 
                57.79156396201242
              ], 
              [
                -132.91715347861847, 
                57.880499161501064
              ], 
              [
                -132.9933502201868, 
                57.94191647016776
              ], 
              [
                -133.07515419696742, 
                58.00788159028667
              ], 
              [
                -133.09484285861168, 
                58.033099638900126
              ], 
              [
                -133.14212689166672, 
                58.120587919509354
              ], 
              [
                -133.16558810551464, 
                58.14730472985837
              ], 
              [
                -133.25726204827282, 
                58.21029826063343
              ], 
              [
                -133.3745674934167, 
                58.29096512526438
              ], 
              [
                -133.4150299936276, 
                58.330549152076664
              ], 
              [
                -133.43011941220496, 
                58.37209692149903
              ], 
              [
                -133.39224077339716, 
                58.40387807973022
              ], 
              [
                -133.46308923490415, 
                58.462220832066436
              ], 
              [
                -133.54706333961548, 
                58.50557727839008
              ], 
              [
                -133.6262834651135, 
                58.54640178684782
              ], 
              [
                -133.70007721530476, 
                58.59936997050269
              ], 
              [
                -133.79640206250355, 
                58.69342105906507
              ], 
              [
                -133.83112861582816, 
                58.71801903224481
              ], 
              [
                -133.87122942805598, 
                58.735898997972846
              ], 
              [
                -133.9831089126503, 
                58.76990209719914
              ], 
              [
                -134.10883782015577, 
                58.80824613000401
              ], 
              [
                -134.22219020443586, 
                58.84271441544949
              ], 
              [
                -134.31693884955268, 
                58.90379588248288
              ], 
              [
                -134.32740329573124, 
                58.91645658360764
              ], 
              [
                -134.33303588522952, 
                58.93412981047377
              ], 
              [
                -134.33032315449262, 
                58.945343823140306
              ], 
              [
                -134.3231400267372, 
                58.949167795465414
              ], 
              [
                -134.320039374866, 
                58.95268174034742
              ], 
              [
                -134.3296514020038, 
                58.963017196565524
              ], 
              [
                -134.3434232021726, 
                58.96885665684936
              ], 
              [
                -134.39938866625798, 
                58.97495438581387
              ], 
              [
                -134.38559084041088, 
                59.018827500448076
              ], 
              [
                -134.38716694332794, 
                59.036862553908456
              ], 
              [
                -134.39801923859176, 
                59.05195226836716
              ], 
              [
                -134.45101329023817, 
                59.09789251242807
              ], 
              [
                -134.477574981377, 
                59.11494573957858
              ], 
              [
                -134.509071616029, 
                59.12280043620683
              ], 
              [
                -134.5567175892767, 
                59.123059059596514
              ], 
              [
                -134.58278823742026, 
                59.12884673171905
              ], 
              [
                -134.61077104085751, 
                59.14455637828905
              ], 
              [
                -134.66038037858257, 
                59.18129829246409
              ], 
              [
                -134.6714389970896, 
                59.193752202512734
              ], 
              [
                -134.68285979726326, 
                59.223001309894855
              ], 
              [
                -134.6920839325499, 
                59.235248538606676
              ], 
              [
                -134.70551981585507, 
                59.2401061318322
              ], 
              [
                -134.74345013394603, 
                59.245118598990366
              ], 
              [
                -134.8394652434988, 
                59.25814129802125
              ], 
              [
                -134.9324308098431, 
                59.27064672845299
              ], 
              [
                -134.95782988716985, 
                59.28098210318057
              ], 
              [
                -134.9799731472886, 
                59.2974151350717
              ], 
              [
                -135.01619853017684, 
                59.33617262132945
              ], 
              [
                -135.01444151717365, 
                59.35152051039284
              ], 
              [
                -135.00482966553088, 
                59.367126764859925
              ], 
              [
                -134.9932540508043, 
                59.38190615040675
              ], 
              [
                -135.09575439838494, 
                59.41885491420173
              ], 
              [
                -135.07859787517327, 
                59.43833697025027
              ], 
              [
                -135.0374890362151, 
                59.46159117740594
              ], 
              [
                -135.02325251963822, 
                59.47714605320468
              ], 
              [
                -135.01947988872809, 
                59.49316554838326
              ], 
              [
                -135.01619858385462, 
                59.543446833639955
              ], 
              [
                -135.0185238600235, 
                59.55936304681368
              ], 
              [
                -135.03294180587795, 
                59.57310915145444
              ], 
              [
                -135.08787362551973, 
                59.60654362297117
              ], 
              [
                -135.10668392990274, 
                59.61315827281829
              ], 
              [
                -135.15779187026834, 
                59.623286812862474
              ], 
              [
                -135.19202744506708, 
                59.64710959885013
              ], 
              [
                -135.22189667898522, 
                59.6752734572935
              ], 
              [
                -135.2598788889553, 
                59.69821781835807
              ], 
              [
                -135.34579058157715, 
                59.73103205733355
              ], 
              [
                -135.4043917042609, 
                59.753304637702506
              ], 
              [
                -135.46513762767526, 
                59.7896850626157
              ], 
              [
                -135.4827591048268, 
                59.79247544387667
              ], 
              [
                -135.6412506850062, 
                59.74736189023218
              ], 
              [
                -135.83095477730916, 
                59.69325659393513
              ], 
              [
                -135.92381730888093, 
                59.66674657050199
              ], 
              [
                -136.0268601327385, 
                59.652845625343645
              ], 
              [
                -136.14540625385243, 
                59.63682623197421
              ], 
              [
                -136.25849995118097, 
                59.62158154818708
              ], 
              [
                -136.35032902868736, 
                59.592384408412435
              ], 
              [
                -136.29935017104347, 
                59.57574455309843
              ], 
              [
                -136.25847403060496, 
                59.55610744271439
              ], 
              [
                -136.24472803119647, 
                59.5282021168073
              ], 
              [
                -136.27503656301647, 
                59.486447798239695
              ], 
              [
                -136.31999490435425, 
                59.45905916762089
              ], 
              [
                -136.3668394958017, 
                59.44955062959489
              ], 
              [
                -136.4159578552283, 
                59.45223773410228
              ], 
              [
                -136.4675567473127, 
                59.46164282484683
              ], 
              [
                -136.46709187623773, 
                59.38449008204544
              ], 
              [
                -136.46654921320382, 
                59.28780342904776
              ], 
              [
                -136.48355093999598, 
                59.257469505496886
              ], 
              [
                -136.4847911853563, 
                59.25380048845878
              ], 
              [
                -136.56948859615247, 
                59.172151517739444
              ], 
              [
                -136.61349106437206, 
                59.15421978585802
              ], 
              [
                -136.6719115839197, 
                59.150809387438635
              ], 
              [
                -136.785495991099, 
                59.157216956285026
              ], 
              [
                -136.8408158421115, 
                59.148173762544346
              ], 
              [
                -136.9422822941405, 
                59.1110699086319
              ], 
              [
                -137.04710843265136, 
                59.0733095628551
              ], 
              [
                -137.06236727407915, 
                59.06757229917306
              ], 
              [
                -137.17234584309608, 
                59.027147440310785
              ], 
              [
                -137.281899949941, 
                58.987149937149844
              ], 
              [
                -137.33809801086664, 
                58.95547223676559
              ], 
              [
                -137.42310589594584, 
                58.90772333429783
              ], 
              [
                -137.45346567481818, 
                58.89914494836128
              ], 
              [
                -137.48687473563234, 
                58.90007531905729
              ], 
              [
                -137.5087595609061, 
                58.91490634267302
              ], 
              [
                -137.50775191762474, 
                58.939969448465945
              ], 
              [
                -137.4843942023514, 
                58.99190428836737
              ], 
              [
                -137.5210068633028, 
                59.07236442165858
              ], 
              [
                -137.5492997961699, 
                59.13453123695363
              ], 
              [
                -137.5820883395133, 
                59.20656806509753
              ], 
              [
                -137.59418074754163, 
                59.22527502856416
              ], 
              [
                -137.61136308045187, 
                59.23933095591716
              ], 
              [
                -137.75830506462742, 
                59.315915465470496
              ], 
              [
                -137.91056949928227, 
                59.39518697760732
              ], 
              [
                -138.06761417332024, 
                59.476990767600114
              ], 
              [
                -138.2195429466018, 
                59.55600408101067
              ], 
              [
                -138.3636167749213, 
                59.63114156430405
              ], 
              [
                -138.48888075848663, 
                59.69635746205391
              ], 
              [
                -138.59920973499956, 
                59.75382149535604
              ], 
              [
                -138.63745050890475, 
                59.78405237230539
              ], 
              [
                -138.65434850131032, 
                59.80549793757864
              ], 
              [
                -138.69209796696964, 
                59.886888189934886
              ], 
              [
                -138.69718806769365, 
                59.893709458354444
              ], 
              [
                -138.70488802387973, 
                59.89846381787595
              ], 
              [
                -138.7425858433691, 
                59.913191496897966
              ], 
              [
                -138.84242498375235, 
                59.93768633278067
              ], 
              [
                -139.00375877097346, 
                59.97721877792309
              ], 
              [
                -139.05161090090718, 
                59.994891930009416
              ], 
              [
                -139.0602066220026, 
                60.00005890600209
              ]
            ]
          ], 
          [
            [
              [
                -127.91869057306144, 
                51.52204012070378
              ], 
              [
                -127.90367596872737, 
                51.51430904638875
              ], 
              [
                -127.88829512165542, 
                51.495795062974096
              ], 
              [
                -127.87633215576763, 
                51.47418853851696
              ], 
              [
                -127.87149000544424, 
                51.45652900485936
              ], 
              [
                -127.87930256888927, 
                51.44220615440923
              ], 
              [
                -127.89753164798292, 
                51.42975489015759
              ], 
              [
                -127.91808022067917, 
                51.421291422359566
              ], 
              [
                -127.93293206490132, 
                51.41901273040558
              ], 
              [
                -127.94322666135199, 
                51.42243069883574
              ], 
              [
                -127.94945228428818, 
                51.427639071597795
              ], 
              [
                -127.9543351488248, 
                51.43357988170348
              ], 
              [
                -127.96084546946629, 
                51.43952053564074
              ], 
              [
                -127.98379476917836, 
                51.451117300250424
              ], 
              [
                -128.00763915285185, 
                51.46767815407024
              ], 
              [
                -128.01618409790214, 
                51.46482987120874
              ], 
              [
                -128.0270075703599, 
                51.45868556620007
              ], 
              [
                -128.05028241878, 
                51.459947072736114
              ], 
              [
                -128.0685929704592, 
                51.469549942599535
              ], 
              [
                -128.0860489690869, 
                51.486883868639545
              ], 
              [
                -128.09911043526532, 
                51.50869370421981
              ], 
              [
                -128.10423744769054, 
                51.53164298528991
              ], 
              [
                -128.109120251766, 
                51.54515209101517
              ], 
              [
                -128.1452530960545, 
                51.590277449577876
              ], 
              [
                -128.15660559198483, 
                51.62787506074707
              ], 
              [
                -128.13902741522458, 
                51.658026374000805
              ], 
              [
                -128.10431884578344, 
                51.68183017798634
              ], 
              [
                -128.02619380751835, 
                51.71979400527871
              ], 
              [
                -128.00987712386063, 
                51.72370030540862
              ], 
              [
                -127.98936920990542, 
                51.70038477061897
              ], 
              [
                -127.97655192463596, 
                51.68211501509882
              ], 
              [
                -127.97126213004745, 
                51.66404852430627
              ], 
              [
                -127.98135325826108, 
                51.65176009483057
              ], 
              [
                -127.95055090589024, 
                51.62889231468
              ], 
              [
                -127.92031810164934, 
                51.59613672202934
              ], 
              [
                -127.90489655813735, 
                51.558742521661856
              ], 
              [
                -127.91869057306144, 
                51.52204012070378
              ]
            ]
          ], 
          [
            [
              [
                -128.13833574855963, 
                51.86399974979059
              ], 
              [
                -128.142892959747, 
                51.86424380651347
              ], 
              [
                -128.15660566239086, 
                51.858710094360916
              ], 
              [
                -128.16258700703892, 
                51.8571637669385
              ], 
              [
                -128.2056372207303, 
                51.854478305149165
              ], 
              [
                -128.2303767338342, 
                51.85602445713696
              ], 
              [
                -128.24819903056613, 
                51.86399974979059
              ], 
              [
                -128.25104729023863, 
                51.87592190107855
              ], 
              [
                -128.24461831151484, 
                51.891831792045025
              ], 
              [
                -128.23062091654856, 
                51.905910568071874
              ], 
              [
                -128.19603436098907, 
                51.91608312845001
              ], 
              [
                -128.19908600877827, 
                51.92572657016508
              ], 
              [
                -128.21719319371715, 
                51.94285719554415
              ], 
              [
                -128.22223866493934, 
                51.954168939059855
              ], 
              [
                -128.21898356986046, 
                51.96271397695556
              ], 
              [
                -128.20726482904982, 
                51.97386307536864
              ], 
              [
                -128.17772374385575, 
                52.01577381141137
              ], 
              [
                -128.15925041500165, 
                52.034816758044315
              ], 
              [
                -128.14183503101086, 
                52.04279199860821
              ], 
              [
                -128.1309301034289, 
                52.0449079055115
              ], 
              [
                -128.10724848468746, 
                52.05434803127859
              ], 
              [
                -128.09434970002124, 
                52.056463894099466
              ], 
              [
                -128.0662328799381, 
                52.05556875500854
              ], 
              [
                -127.99885009209345, 
                52.065659926769975
              ], 
              [
                -127.97044835928278, 
                52.06317778999706
              ], 
              [
                -127.95343983588208, 
                52.049017571075225
              ], 
              [
                -127.95978751263564, 
                52.017157241290406
              ], 
              [
                -127.96056060397386, 
                52.00234602204789
              ], 
              [
                -127.95343984667313, 
                51.98749414499569
              ], 
              [
                -127.9633682618169, 
                51.9693870789453
              ], 
              [
                -127.97817953608853, 
                51.93016189741045
              ], 
              [
                -127.98753821836901, 
                51.91181061747001
              ], 
              [
                -128.03600018439892, 
                51.843573366179726
              ], 
              [
                -128.0285538596012, 
                51.83673739223768
              ], 
              [
                -128.0360001678466, 
                51.82990147411566
              ], 
              [
                -128.02708905931664, 
                51.81781653841895
              ], 
              [
                -128.01695716966063, 
                51.806830153952625
              ], 
              [
                -128.00959228622972, 
                51.795477641400616
              ], 
              [
                -128.00926673430217, 
                51.78213125541692
              ], 
              [
                -128.01764892492798, 
                51.77216221108174
              ], 
              [
                -128.03258219284348, 
                51.764227638965146
              ], 
              [
                -128.06387283509682, 
                51.75478748553503
              ], 
              [
                -128.07510337521973, 
                51.76508215617878
              ], 
              [
                -128.09215251048934, 
                51.7612979577961
              ], 
              [
                -128.11294512744087, 
                51.75234610784176
              ], 
              [
                -128.1352433230832, 
                51.747300554137595
              ], 
              [
                -128.13996330775444, 
                51.752590197458346
              ], 
              [
                -128.13829498709552, 
                51.76386132889857
              ], 
              [
                -128.13438885437702, 
                51.774725708191596
              ], 
              [
                -128.13219150951193, 
                51.77871325561523
              ], 
              [
                -128.12897703872932, 
                51.786688566459034
              ], 
              [
                -128.12246653038645, 
                51.79303612702929
              ], 
              [
                -128.1175024373989, 
                51.80145908237216
              ], 
              [
                -128.1185195960589, 
                51.816229491946835
              ], 
              [
                -128.1221818184588, 
                51.823879349019414
              ], 
              [
                -128.1383357964432, 
                51.843573366179726
              ], 
              [
                -128.1376033828006, 
                51.846584442791865
              ], 
              [
                -128.13487712910617, 
                51.85130447756895
              ], 
              [
                -128.13390053614881, 
                51.85736727164675
              ], 
              [
                -128.13833574855963, 
                51.86399974979059
              ]
            ]
          ], 
          [
            [
              [
                -130.99665287377658, 
                52.11172117069993
              ], 
              [
                -130.96027576800347, 
                52.10431542004074
              ], 
              [
                -130.95075433580323, 
                52.09491605780509
              ], 
              [
                -130.95506744652172, 
                52.07689030148585
              ], 
              [
                -130.9669083353725, 
                52.067938547375306
              ], 
              [
                -130.98375400677833, 
                52.06663643075791
              ], 
              [
                -131.01716064441263, 
                52.069484801424274
              ], 
              [
                -131.0448298368746, 
                52.06159084185586
              ], 
              [
                -131.05455481170534, 
                52.06537506170434
              ], 
              [
                -131.0649307647842, 
                52.083726275799464
              ], 
              [
                -131.07135983453998, 
                52.060980540541244
              ], 
              [
                -131.05528718621193, 
                52.04669825616563
              ], 
              [
                -131.00967361242095, 
                52.028509813384076
              ], 
              [
                -130.9922582308881, 
                52.013373077795194
              ], 
              [
                -131.0015355536444, 
                52.01190821249782
              ], 
              [
                -131.02354896824244, 
                52.01878490926657
              ], 
              [
                -131.04442296141576, 
                52.028509813384076
              ], 
              [
                -131.04002845980182, 
                52.013739334823555
              ], 
              [
                -131.01748610678416, 
                51.99502185170733
              ], 
              [
                -131.0096736131193, 
                51.98012928005036
              ], 
              [
                -131.0444230331795, 
                51.97386307536864
              ], 
              [
                -131.0373429255307, 
                51.967840909618694
              ], 
              [
                -131.03197173709094, 
                51.96108625779001
              ], 
              [
                -131.0239965669526, 
                51.94660067103858
              ], 
              [
                -131.05068922171412, 
                51.95355862556177
              ], 
              [
                -131.0743708967372, 
                51.96942780073283
              ], 
              [
                -131.11270091836917, 
                52.0018577572497
              ], 
              [
                -131.09996501930758, 
                52.00991450139463
              ], 
              [
                -131.08975180405866, 
                52.021144971131534
              ], 
              [
                -131.08775796690895, 
                52.031073333938984
              ], 
              [
                -131.09972089286822, 
                52.03534583092627
              ], 
              [
                -131.11310791910603, 
                52.04218175013154
              ], 
              [
                -131.11750233967345, 
                52.05776594967343
              ], 
              [
                -131.11888593771656, 
                52.075018688674476
              ], 
              [
                -131.128163287693, 
                52.09808998358145
              ], 
              [
                -131.12682044060952, 
                52.11155833361245
              ], 
              [
                -131.11392163305274, 
                52.145819357197375
              ], 
              [
                -131.10875406841592, 
                52.15403883630582
              ], 
              [
                -131.09870364781625, 
                52.15607337658614
              ], 
              [
                -131.07860259329576, 
                52.15204491452737
              ], 
              [
                -131.0673722684488, 
                52.151068495245035
              ], 
              [
                -131.06094323384562, 
                52.147365697647565
              ], 
              [
                -131.05996663177962, 
                52.14061110070131
              ], 
              [
                -131.06493074463793, 
                52.13092677674632
              ], 
              [
                -131.0408422327817, 
                52.11953357681352
              ], 
              [
                -131.02953040756773, 
                52.11676667356122
              ], 
              [
                -131.01683515671004, 
                52.107977672640494
              ], 
              [
                -131.00987705406703, 
                52.1060244530929
              ], 
              [
                -131.0063369684481, 
                52.10809960252052
              ], 
              [
                -131.00300038073158, 
                52.111069979809805
              ], 
              [
                -130.99665287377658, 
                52.11172117069993
              ]
            ]
          ], 
          [
            [
              [
                -127.94660392316399, 
                52.16571681618984
              ], 
              [
                -127.93797765369214, 
                52.16461821639314
              ], 
              [
                -127.91958566790976, 
                52.15997948435831
              ], 
              [
                -127.9093318220661, 
                52.15888091379003
              ], 
              [
                -127.90168214372422, 
                52.161281692763396
              ], 
              [
                -127.8962296416978, 
                52.16640861713634
              ], 
              [
                -127.88947498997496, 
                52.17096581141569
              ], 
              [
                -127.87767496098989, 
                52.17194247756023
              ], 
              [
                -127.88882408890018, 
                52.14618568134883
              ], 
              [
                -127.89488677178403, 
                52.13580955908353
              ], 
              [
                -127.91978919419, 
                52.11880117623995
              ], 
              [
                -127.92735760849341, 
                52.10907629781813
              ], 
              [
                -127.93272867061486, 
                52.09931064021326
              ], 
              [
                -127.93980870523883, 
                52.08991118181896
              ], 
              [
                -127.96149660652175, 
                52.08283118088723
              ], 
              [
                -128.0143937490761, 
                52.09149818057251
              ], 
              [
                -128.03941802635464, 
                52.0803082616921
              ], 
              [
                -128.05247961506194, 
                52.07632069892403
              ], 
              [
                -128.06989501614822, 
                52.08026767584072
              ], 
              [
                -128.08649657090908, 
                52.08852775840273
              ], 
              [
                -128.0974015602247, 
                52.09739824464496
              ], 
              [
                -128.1060277879874, 
                52.110785211750176
              ], 
              [
                -128.11115477827283, 
                52.12787509382158
              ], 
              [
                -128.12165280246012, 
                52.14179108653039
              ], 
              [
                -128.12295484198123, 
                52.151678737184504
              ], 
              [
                -128.10655670574408, 
                52.151760092456584
              ], 
              [
                -128.07697498862177, 
                52.14520897507551
              ], 
              [
                -128.06720945368687, 
                52.14850496498771
              ], 
              [
                -128.04767817968926, 
                52.16181060450188
              ], 
              [
                -128.03600008213132, 
                52.16571681618984
              ], 
              [
                -127.94660392316399, 
                52.16571681618984
              ]
            ]
          ], 
          [
            [
              [
                -128.24819898303704, 
                52.02167385408934
              ], 
              [
                -128.2524307472486, 
                52.02773667417553
              ], 
              [
                -128.25283768788256, 
                52.03339263874048
              ], 
              [
                -128.2527563167174, 
                52.04002513478011
              ], 
              [
                -128.25511626771205, 
                52.049017571075225
              ], 
              [
                -128.27904214662846, 
                52.09076571816449
              ], 
              [
                -128.29637611975963, 
                52.10594311503789
              ], 
              [
                -128.29067945393714, 
                52.124701201212034
              ], 
              [
                -128.27749593275337, 
                52.14350010241322
              ], 
              [
                -128.2656143138989, 
                52.15204491452737
              ], 
              [
                -128.26398672179033, 
                52.15570703564939
              ], 
              [
                -128.2533259580976, 
                52.17328520477397
              ], 
              [
                -128.2481990139471, 
                52.17934803978508
              ], 
              [
                -128.24229896679014, 
                52.18390535096438
              ], 
              [
                -128.23656162455643, 
                52.18732328005291
              ], 
              [
                -128.22032626259667, 
                52.19358954592063
              ], 
              [
                -128.20152745576186, 
                52.19798409945859
              ], 
              [
                -128.18024659868877, 
                52.19989660256814
              ], 
              [
                -128.16022694961032, 
                52.198553709403974
              ], 
              [
                -128.14525302061918, 
                52.19358954592063
              ], 
              [
                -128.1526586367203, 
                52.186183964328656
              ], 
              [
                -128.15514068711573, 
                52.0943056626601
              ], 
              [
                -128.1625869968778, 
                52.07318751984078
              ], 
              [
                -128.1693415927119, 
                52.068182675524575
              ], 
              [
                -128.18635005753922, 
                52.061753641392585
              ], 
              [
                -128.19359286399097, 
                52.056463894099466
              ], 
              [
                -128.1981501482323, 
                52.04808172617357
              ], 
              [
                -128.20287021288988, 
                52.028794630101515
              ], 
              [
                -128.2072647380498, 
                52.02167385408934
              ], 
              [
                -128.21597243267857, 
                52.017808307019756
              ], 
              [
                -128.2281387338867, 
                52.01666894327183
              ], 
              [
                -128.240101670276, 
                52.01797107375648
              ], 
              [
                -128.24819898303704, 
                52.02167385408934
              ]
            ]
          ], 
          [
            [
              [
                -128.2277725849403, 
                52.212835999855194
              ], 
              [
                -128.24840244406667, 
                52.20701729057796
              ], 
              [
                -128.26602130779642, 
                52.19757723613508
              ], 
              [
                -128.278391036712, 
                52.184759788956015
              ], 
              [
                -128.28302969494865, 
                52.1687685639211
              ], 
              [
                -128.28624433491134, 
                52.1642927760897
              ], 
              [
                -128.30353751665683, 
                52.13092677674632
              ], 
              [
                -128.3136287781018, 
                52.13141517540528
              ], 
              [
                -128.32982343849318, 
                52.1478539767357
              ], 
              [
                -128.3366727883173, 
                52.11622643097719
              ], 
              [
                -128.32151689332915, 
                52.090447284274354
              ], 
              [
                -128.33975736718543, 
                52.07933608377393
              ], 
              [
                -128.36620595994702, 
                52.087849526860595
              ], 
              [
                -128.38426805044008, 
                52.098015387250896
              ], 
              [
                -128.36811670674498, 
                52.12156763533134
              ], 
              [
                -128.35784578390613, 
                52.14452523628896
              ], 
              [
                -128.37322857897976, 
                52.149532473917446
              ], 
              [
                -128.3945737810768, 
                52.15551359785331
              ], 
              [
                -128.40514886567354, 
                52.14240992333412
              ], 
              [
                -128.42242629741534, 
                52.12766146195714
              ], 
              [
                -128.44171196131123, 
                52.122750181616404
              ], 
              [
                -128.45467158353793, 
                52.13089668289841
              ], 
              [
                -128.4389913601112, 
                52.142515570929234
              ], 
              [
                -128.43006896056337, 
                52.15404933893004
              ], 
              [
                -128.47736876258128, 
                52.15138278608747
              ], 
              [
                -128.50535716385622, 
                52.153100812947564
              ], 
              [
                -128.522441931095, 
                52.1575519142373
              ], 
              [
                -128.5179778622868, 
                52.17475649224367
              ], 
              [
                -128.48367327406663, 
                52.18662592467346
              ], 
              [
                -128.47152685906812, 
                52.20288533429007
              ], 
              [
                -128.4565441812345, 
                52.2108634852382
              ], 
              [
                -128.45533088346895, 
                52.224911696221056
              ], 
              [
                -128.44729821757403, 
                52.23800690752554
              ], 
              [
                -128.4090805654553, 
                52.23639154417549
              ], 
              [
                -128.36620039163597, 
                52.23476803863277
              ], 
              [
                -128.34447181234958, 
                52.24079010939971
              ], 
              [
                -128.2788793235565, 
                52.23720933897404
              ], 
              [
                -128.24657141406672, 
                52.22890859200346
              ], 
              [
                -128.2277725849403, 
                52.212835999855194
              ]
            ]
          ], 
          [
            [
              [
                -128.09740149934316, 
                52.24079010939971
              ], 
              [
                -128.11807201125202, 
                52.23944727428466
              ], 
              [
                -128.1376847183948, 
                52.24164461669881
              ], 
              [
                -128.1560766003058, 
                52.24697497487411
              ], 
              [
                -128.1731665219991, 
                52.25507238581834
              ], 
              [
                -128.10020903969573, 
                52.278509757545315
              ], 
              [
                -128.08031157671934, 
                52.29262922156506
              ], 
              [
                -128.05549074526112, 
                52.30345292410185
              ], 
              [
                -128.02033450654588, 
                52.30560951056881
              ], 
              [
                -127.98525954844125, 
                52.30206938212177
              ], 
              [
                -127.96084555233519, 
                52.29604731405875
              ], 
              [
                -127.93643138419654, 
                52.25104395113364
              ], 
              [
                -127.93293210197304, 
                52.23769766510071
              ], 
              [
                -127.9266658609806, 
                52.226548612767544
              ], 
              [
                -127.9148657247903, 
                52.21491123647979
              ], 
              [
                -127.90770420390076, 
                52.200873086363636
              ], 
              [
                -127.91551676561613, 
                52.18276605332339
              ], 
              [
                -127.9320369360067, 
                52.176214934479276
              ], 
              [
                -127.95466065044891, 
                52.17820876624909
              ], 
              [
                -127.99502517274657, 
                52.186183964328656
              ], 
              [
                -128.04474846533708, 
                52.18085354562351
              ], 
              [
                -128.0712784793942, 
                52.1823184569588
              ], 
              [
                -128.09121656263534, 
                52.19358954592063
              ], 
              [
                -128.09398359878148, 
                52.20514564706914
              ], 
              [
                -128.08665925630885, 
                52.2160097793683
              ], 
              [
                -128.07306876918744, 
                52.22402573739583
              ], 
              [
                -128.03351802449208, 
                52.23151275334158
              ], 
              [
                -128.0206599977986, 
                52.24111566545892
              ], 
              [
                -128.02163648373664, 
                52.250677762064875
              ], 
              [
                -128.03941814994494, 
                52.25507238581834
              ], 
              [
                -128.05431069338408, 
                52.25348543667541
              ], 
              [
                -128.07799227383043, 
                52.24506252310237
              ], 
              [
                -128.09740149934316, 
                52.24079010939971
              ]
            ]
          ], 
          [
            [
              [
                -127.2408341098391, 
                52.42641835676834
              ], 
              [
                -127.23574785993235, 
                52.404038813092065
              ], 
              [
                -127.24095611859173, 
                52.3837750653785
              ], 
              [
                -127.23761960806735, 
                52.365952880318574
              ], 
              [
                -127.20669511664927, 
                52.350653387662405
              ], 
              [
                -127.23802655550503, 
                52.31293372176184
              ], 
              [
                -127.27696698893286, 
                52.28937415529597
              ], 
              [
                -127.36436931938506, 
                52.261297969470434
              ], 
              [
                -127.3688044539513, 
                52.25844957313478
              ], 
              [
                -127.37389077401009, 
                52.250555751456204
              ], 
              [
                -127.37804121377275, 
                52.24823646530922
              ], 
              [
                -127.38756263741122, 
                52.24835847459858
              ], 
              [
                -127.40510006213104, 
                52.25429921909032
              ], 
              [
                -127.41283123569065, 
                52.25507238581834
              ], 
              [
                -127.45376543594693, 
                52.23769766510071
              ], 
              [
                -127.46288008687837, 
                52.22272377656994
              ], 
              [
                -127.48436438014593, 
                52.21019114098931
              ], 
              [
                -127.52887932280373, 
                52.19358954592063
              ], 
              [
                -127.54002850029457, 
                52.19147375145716
              ], 
              [
                -127.56651763110578, 
                52.18939842736219
              ], 
              [
                -127.57664952181601, 
                52.186183964328656
              ], 
              [
                -127.58482831700803, 
                52.177232228474615
              ], 
              [
                -127.5945532314965, 
                52.15615473351531
              ], 
              [
                -127.60090077227773, 
                52.15204491452737
              ], 
              [
                -127.62523359335894, 
                52.14834225692851
              ], 
              [
                -127.64224206105548, 
                52.138129044754564
              ], 
              [
                -127.69326745295749, 
                52.06761309583464
              ], 
              [
                -127.70571854862106, 
                52.043402405474566
              ], 
              [
                -127.70360268863286, 
                52.025091885209775
              ], 
              [
                -127.69810946102257, 
                52.00405503578546
              ], 
              [
                -127.71808828927153, 
                51.98822657264325
              ], 
              [
                -127.7471817981995, 
                51.978094823027774
              ], 
              [
                -127.76911378687531, 
                51.97386307536864
              ], 
              [
                -127.81981353236507, 
                51.97093325922596
              ], 
              [
                -127.83739175307403, 
                51.96702710771558
              ], 
              [
                -127.87287351931285, 
                51.954738691819145
              ], 
              [
                -127.88825439472743, 
                51.953436625711106
              ], 
              [
                -127.90217039907891, 
                51.96824781170809
              ], 
              [
                -127.89972899879868, 
                52.00161370358379
              ], 
              [
                -127.8782446657455, 
                52.08356361647015
              ], 
              [
                -127.87340241751058, 
                52.09292221117521
              ], 
              [
                -127.86465406742434, 
                52.10423408262807
              ], 
              [
                -127.85899823249142, 
                52.108303184825544
              ], 
              [
                -127.85334222307975, 
                52.10956449039703
              ], 
              [
                -127.84805253664427, 
                52.11155833361245
              ], 
              [
                -127.84357657255352, 
                52.11790593628046
              ], 
              [
                -127.84654704248257, 
                52.118719833380446
              ], 
              [
                -127.8509822793053, 
                52.14862707448846
              ], 
              [
                -127.84178619789085, 
                52.16811751450934
              ], 
              [
                -127.82022055301624, 
                52.195705517969586
              ], 
              [
                -127.79507404091862, 
                52.21767814527917
              ], 
              [
                -127.77529866579388, 
                52.22036370847577
              ], 
              [
                -127.75104737240312, 
                52.25018956322103
              ], 
              [
                -127.71271726263387, 
                52.25482820284054
              ], 
              [
                -127.67056235579525, 
                52.25507238581834
              ], 
              [
                -127.61896732038271, 
                52.28091061869758
              ], 
              [
                -127.57725983829565, 
                52.289943694205164
              ], 
              [
                -127.55190995721736, 
                52.30524322816497
              ], 
              [
                -127.54246984920773, 
                52.308254292079866
              ], 
              [
                -127.52204338005878, 
                52.30963771722565
              ], 
              [
                -127.5115860318063, 
                52.312892935140205
              ], 
              [
                -127.49885000273822, 
                52.326971684603556
              ], 
              [
                -127.47581947410973, 
                52.336249100277286
              ], 
              [
                -127.4644669312927, 
                52.350409252387855
              ], 
              [
                -127.4553929660843, 
                52.366400389916265
              ], 
              [
                -127.44692956327255, 
                52.377997210509264
              ], 
              [
                -127.43175207672502, 
                52.38715240563591
              ], 
              [
                -127.4145401174069, 
                52.39264552355476
              ], 
              [
                -127.31175699253286, 
                52.41327548599916
              ], 
              [
                -127.29548093663759, 
                52.41958243685047
              ], 
              [
                -127.27037512094876, 
                52.43537017581625
              ], 
              [
                -127.25877848660213, 
                52.435492292208515
              ], 
              [
                -127.2408341098391, 
                52.42641835676834
              ]
            ]
          ], 
          [
            [
              [
                -128.61823482807142, 
                52.45368072906162
              ], 
              [
                -128.61827557587833, 
                52.435126100204364
              ], 
              [
                -128.62047271700715, 
                52.42731347458712
              ], 
              [
                -128.6256404417696, 
                52.41958243685047
              ], 
              [
                -128.61278236441737, 
                52.3773867944841
              ], 
              [
                -128.6231583437925, 
                52.330145586904784
              ], 
              [
                -128.6483048341389, 
                52.28969962832339
              ], 
              [
                -128.6795954872132, 
                52.26813383599004
              ], 
              [
                -128.68639076210167, 
                52.28607820018756
              ], 
              [
                -128.7166642311946, 
                52.30780674756991
              ], 
              [
                -128.728098185576, 
                52.32269936124369
              ], 
              [
                -128.72940023312523, 
                52.33270909146121
              ], 
              [
                -128.7269588456324, 
                52.35423417508419
              ], 
              [
                -128.72809810160427, 
                52.36432525253428
              ], 
              [
                -128.74852446531781, 
                52.371161121768814
              ], 
              [
                -128.74917560296117, 
                52.375921960085186
              ], 
              [
                -128.74767011984514, 
                52.38694902929394
              ], 
              [
                -128.74852447982542, 
                52.391668948424766
              ], 
              [
                -128.7564184116161, 
                52.4081078025456
              ], 
              [
                -128.76280680420635, 
                52.428534281375235
              ], 
              [
                -128.76382402056524, 
                52.44953033855515
              ], 
              [
                -128.75536050904594, 
                52.46735263414794
              ], 
              [
                -128.7411189738214, 
                52.47455478492565
              ], 
              [
                -128.71751861110775, 
                52.48090233785606
              ], 
              [
                -128.67284087389544, 
                52.487860342624586
              ], 
              [
                -128.67284100551822, 
                52.48094315672941
              ], 
              [
                -128.6772354643837, 
                52.47768787631933
              ], 
              [
                -128.68708251403103, 
                52.46735263414794
              ], 
              [
                -128.67784580209235, 
                52.46930570096777
              ], 
              [
                -128.66901607451314, 
                52.47223541349063
              ], 
              [
                -128.6607152853553, 
                52.47614165530003
              ], 
              [
                -128.65294354450967, 
                52.48094315672941
              ], 
              [
                -128.63239506188745, 
                52.46979408822966
              ], 
              [
                -128.62368731621197, 
                52.46308015727085
              ], 
              [
                -128.61823482807142, 
                52.45368072906162
              ]
            ]
          ], 
          [
            [
              [
                -128.56297765955551, 
                52.61139556655447
              ], 
              [
                -128.566070169313, 
                52.629584105286234
              ], 
              [
                -128.56126882719957, 
                52.65224858302184
              ], 
              [
                -128.55064869618357, 
                52.664699739979056
              ], 
              [
                -128.5362442608989, 
                52.6522891209086
              ], 
              [
                -128.5251358781946, 
                52.59796784820117
              ], 
              [
                -128.47207594529468, 
                52.488267289137745
              ], 
              [
                -128.48473054173755, 
                52.44318262736662
              ], 
              [
                -128.49787354967728, 
                52.436346794998414
              ], 
              [
                -128.51602131477952, 
                52.43378329695855
              ], 
              [
                -128.53408763966243, 
                52.435939791311405
              ], 
              [
                -128.54678295071037, 
                52.44318262736662
              ], 
              [
                -128.5606583177104, 
                52.45331450562981
              ], 
              [
                -128.5929256452735, 
                52.461411911581536
              ], 
              [
                -128.6192927982886, 
                52.47785067839819
              ], 
              [
                -128.65054276806725, 
                52.492092185049664
              ], 
              [
                -128.66291252789395, 
                52.494614939771196
              ], 
              [
                -128.67870036552117, 
                52.50088129264536
              ], 
              [
                -128.68903556855014, 
                52.51227443844054
              ], 
              [
                -128.6988825995726, 
                52.5181338395349
              ], 
              [
                -128.7137344832058, 
                52.50771716915288
              ], 
              [
                -128.70181223471695, 
                52.49872460751223
              ], 
              [
                -128.7062881585484, 
                52.49095281036835
              ], 
              [
                -128.7197160225045, 
                52.488348772735115
              ], 
              [
                -128.73485263187376, 
                52.494614939771196
              ], 
              [
                -128.7572322773088, 
                52.49030187645347
              ], 
              [
                -128.77745520663208, 
                52.49990468963133
              ], 
              [
                -128.79698640554923, 
                52.51373927346224
              ], 
              [
                -128.81745350248542, 
                52.521958648388726
              ], 
              [
                -128.8118790758125, 
                52.54067621383827
              ], 
              [
                -128.8013403399061, 
                52.54702387092693
              ], 
              [
                -128.78673249935943, 
                52.54441961232288
              ], 
              [
                -128.76903239796061, 
                52.53620030400828
              ], 
              [
                -128.76012124527895, 
                52.53025952931042
              ], 
              [
                -128.75283774890863, 
                52.52391190600118
              ], 
              [
                -128.74510654719512, 
                52.51845934914152
              ], 
              [
                -128.73485266072842, 
                52.51512278171307
              ], 
              [
                -128.72704019341433, 
                52.518052501467544
              ], 
              [
                -128.72105865440983, 
                52.5251324852804
              ], 
              [
                -128.7132462577457, 
                52.52887607880901
              ], 
              [
                -128.70010324155612, 
                52.521958648388726
              ], 
              [
                -128.69391835133135, 
                52.5294456321897
              ], 
              [
                -128.701324022541, 
                52.53168366054029
              ], 
              [
                -128.72118075008248, 
                52.54242580502729
              ], 
              [
                -128.71442621102614, 
                52.54637276399616
              ], 
              [
                -128.70759028490775, 
                52.549261771891544
              ], 
              [
                -128.71495524338405, 
                52.552150819420554
              ], 
              [
                -128.73204498019086, 
                52.556545244140274
              ], 
              [
                -128.73827059908058, 
                52.55980048505964
              ], 
              [
                -128.74054930907397, 
                52.56683993708187
              ], 
              [
                -128.73558506792156, 
                52.58136625592544
              ], 
              [
                -128.73827067621298, 
                52.58405186420217
              ], 
              [
                -128.74193267726943, 
                52.58616764129574
              ], 
              [
                -128.73888101100047, 
                52.59080640398921
              ], 
              [
                -128.73204509704868, 
                52.595526480020006
              ], 
              [
                -128.72468018354886, 
                52.597723741522266
              ], 
              [
                -128.58332270767556, 
                52.600490614671266
              ], 
              [
                -128.56297765955551, 
                52.61139556655447
              ]
            ]
          ], 
          [
            [
              [
                -131.56456468971552, 
                52.72744385685722
              ], 
              [
                -131.59170494487114, 
                52.72162512820231
              ], 
              [
                -131.65689049190226, 
                52.72162512820231
              ], 
              [
                -131.67442792279297, 
                52.706935997224996
              ], 
              [
                -131.6590062442552, 
                52.71295800712156
              ], 
              [
                -131.6446427297119, 
                52.713934659106044
              ], 
              [
                -131.63337152609168, 
                52.70795316969663
              ], 
              [
                -131.62730856838468, 
                52.69330460438494
              ], 
              [
                -131.60700450167352, 
                52.698472535031264
              ], 
              [
                -131.5546769599395, 
                52.70010007307539
              ], 
              [
                -131.54409744268915, 
                52.70380278513249
              ], 
              [
                -131.53392508950245, 
                52.71865484145647
              ], 
              [
                -131.51073169329754, 
                52.73004803419545
              ], 
              [
                -131.48542231617125, 
                52.73598866053417
              ], 
              [
                -131.4689835738206, 
                52.73427973462688
              ], 
              [
                -131.45299221394708, 
                52.71735250556235
              ], 
              [
                -131.44473228159447, 
                52.702704223214205
              ], 
              [
                -131.44692938723492, 
                52.685003871752265
              ], 
              [
                -131.4621475748725, 
                52.65912505222827
              ], 
              [
                -131.4527482224918, 
                52.64524978742362
              ], 
              [
                -131.46690841345085, 
                52.63613523759574
              ], 
              [
                -131.49063059360017, 
                52.631659179182925
              ], 
              [
                -131.50999908777064, 
                52.631821943268015
              ], 
              [
                -131.53111726780824, 
                52.63971583895824
              ], 
              [
                -131.57087161034673, 
                52.661566532850046
              ], 
              [
                -131.5925185688224, 
                52.665960892668096
              ], 
              [
                -131.5916233535378, 
                52.66128149818168
              ], 
              [
                -131.59044354126368, 
                52.660549271982866
              ], 
              [
                -131.58873444187068, 
                52.66083399139337
              ], 
              [
                -131.5863337728582, 
                52.65912505222827
              ], 
              [
                -131.59361721386696, 
                52.63882060432251
              ], 
              [
                -131.55455474481664, 
                52.61469140245612
              ], 
              [
                -131.5788468514701, 
                52.597723741522266
              ], 
              [
                -131.60204011100703, 
                52.595160167284305
              ], 
              [
                -131.6189672790291, 
                52.60565829641067
              ], 
              [
                -131.6539606452902, 
                52.64545309863305
              ], 
              [
                -131.64696216007195, 
                52.66461834513779
              ], 
              [
                -131.69562751046874, 
                52.70018148174274
              ], 
              [
                -131.702382019443, 
                52.721258908954084
              ], 
              [
                -131.67902586972056, 
                52.73484937503774
              ], 
              [
                -131.63878328600342, 
                52.73712795226411
              ], 
              [
                -131.56456468971552, 
                52.72744385685722
              ]
            ]
          ], 
          [
            [
              [
                -128.31037348129635, 
                52.429429408121656
              ], 
              [
                -128.37857018880084, 
                52.377997210509264
              ], 
              [
                -128.40225175098874, 
                52.37396881093066
              ], 
              [
                -128.43862873620768, 
                52.3743350544538
              ], 
              [
                -128.46642010537136, 
                52.382717244853836
              ], 
              [
                -128.4642228637005, 
                52.40249265833695
              ], 
              [
                -128.4473770921011, 
                52.41453686118097
              ], 
              [
                -128.42723542694503, 
                52.42548243453063
              ], 
              [
                -128.41100010839753, 
                52.439398484247135
              ], 
              [
                -128.40587315686835, 
                52.460516649742125
              ], 
              [
                -128.39850829496817, 
                52.46735263414794
              ], 
              [
                -128.4249567638843, 
                52.48761620649289
              ], 
              [
                -128.43594309619303, 
                52.52643456992141
              ], 
              [
                -128.4400528555636, 
                52.61139556655447
              ], 
              [
                -128.44395904835525, 
                52.61762109529917
              ], 
              [
                -128.44994047150885, 
                52.62335837845539
              ], 
              [
                -128.45189360139224, 
                52.63092674236448
              ], 
              [
                -128.44347096382455, 
                52.642401565826084
              ], 
              [
                -128.4379776891429, 
                52.652533291136855
              ], 
              [
                -128.4416396262887, 
                52.67275610044233
              ], 
              [
                -128.43691972789117, 
                52.68366120188876
              ], 
              [
                -128.42613691920494, 
                52.70010007307539
              ], 
              [
                -128.42442776753984, 
                52.71515524476361
              ], 
              [
                -128.43146712246445, 
                52.72890846683229
              ], 
              [
                -128.4468886512525, 
                52.74103409775693
              ], 
              [
                -128.43521069556678, 
                52.761297873746834
              ], 
              [
                -128.414621545312, 
                52.78241607932874
              ], 
              [
                -128.39126557947296, 
                52.79653569875031
              ], 
              [
                -128.37173429791847, 
                52.79572186536861
              ], 
              [
                -128.36017823992003, 
                52.75873449275256
              ], 
              [
                -128.35191820704912, 
                52.71747478584931
              ], 
              [
                -128.33315994363645, 
                52.697088917652934
              ], 
              [
                -128.31859305622743, 
                52.687567603142064
              ], 
              [
                -128.31834884424467, 
                52.67519774023369
              ], 
              [
                -128.3216446949542, 
                52.66327549196268
              ], 
              [
                -128.3239639812336, 
                52.65912505222827
              ], 
              [
                -128.31456459755208, 
                52.588202231596945
              ], 
              [
                -128.30687413252596, 
                52.57721586645821
              ], 
              [
                -128.30313062095397, 
                52.57347235580791
              ], 
              [
                -128.29991618414908, 
                52.56464268429819
              ], 
              [
                -128.2975968864706, 
                52.55426674679486
              ], 
              [
                -128.29531811582237, 
                52.534247089591496
              ], 
              [
                -128.28750559822933, 
                52.521307618879185
              ], 
              [
                -128.28302973127532, 
                52.50771716915288
              ], 
              [
                -128.28156497998424, 
                52.49823646743496
              ], 
              [
                -128.28172765688, 
                52.488714899806844
              ], 
              [
                -128.28408772972534, 
                52.47850173097298
              ], 
              [
                -128.28921467594438, 
                52.46735263414794
              ], 
              [
                -128.3077694120364, 
                52.44017169465963
              ], 
              [
                -128.31037348129635, 
                52.429429408121656
              ]
            ]
          ], 
          [
            [
              [
                -128.9300837311645, 
                52.61444727632428
              ], 
              [
                -128.92487544424912, 
                52.60175200927441
              ], 
              [
                -128.92479411755932, 
                52.58559809148375
              ], 
              [
                -128.92666587795375, 
                52.56952551688062
              ], 
              [
                -128.92634022151466, 
                52.52777733349914
              ], 
              [
                -128.93248444354808, 
                52.49896875647841
              ], 
              [
                -128.94957435347212, 
                52.47329336648269
              ], 
              [
                -128.981271937066, 
                52.45368072906162
              ], 
              [
                -128.9849339943229, 
                52.46808497322338
              ], 
              [
                -128.98648032317604, 
                52.480047969245994
              ], 
              [
                -128.99250234171524, 
                52.48737207064314
              ], 
              [
                -129.0091852746965, 
                52.487860342624586
              ], 
              [
                -129.00055904829006, 
                52.50413645928982
              ], 
              [
                -129.0036514523758, 
                52.520331078382064
              ], 
              [
                -129.01382407590216, 
                52.52985265887334
              ], 
              [
                -129.02627516356347, 
                52.525702185578865
              ], 
              [
                -129.04336502374304, 
                52.51752349074815
              ], 
              [
                -129.06017000584453, 
                52.52411525687662
              ], 
              [
                -129.07290605584794, 
                52.53925202184558
              ], 
              [
                -129.07811441913765, 
                52.55670810707441
              ], 
              [
                -129.10228428531258, 
                52.553656293361364
              ], 
              [
                -129.11925207653965, 
                52.565863342553996
              ], 
              [
                -129.12588463399362, 
                52.587103647773645
              ], 
              [
                -129.11904862351898, 
                52.61139556655447
              ], 
              [
                -129.15469311228017, 
                52.604885107494184
              ], 
              [
                -129.18415267962715, 
                52.626613555246266
              ], 
              [
                -129.2276912579294, 
                52.68024327857768
              ], 
              [
                -129.2198378972312, 
                52.683783148139874
              ], 
              [
                -129.2118222149719, 
                52.684759977895844
              ], 
              [
                -129.20335865462883, 
                52.68353925570884
              ], 
              [
                -129.19420330191699, 
                52.68024327857768
              ], 
              [
                -129.2088517621197, 
                52.69448483758142
              ], 
              [
                -129.2557267476568, 
                52.714016073172935
              ], 
              [
                -129.27611253984188, 
                52.72744385685722
              ], 
              [
                -129.26866619005375, 
                52.73427973462688
              ], 
              [
                -129.28551200151296, 
                52.75067795395402
              ], 
              [
                -129.29198161291632, 
                52.76264072951434
              ], 
              [
                -129.28677311979217, 
                52.774237252119924
              ], 
              [
                -129.26866619303823, 
                52.78949620849435
              ], 
              [
                -129.28148351151984, 
                52.81045154871969
              ], 
              [
                -129.2750544119937, 
                52.824652332984655
              ], 
              [
                -129.25698813414851, 
                52.8280704285334
              ], 
              [
                -129.1805314270055, 
                52.78949620849435
              ], 
              [
                -129.15176350457008, 
                52.7643090142963
              ], 
              [
                -129.13573148240556, 
                52.753159806247474
              ], 
              [
                -129.10179592232558, 
                52.74339416822425
              ], 
              [
                -129.0843398314501, 
                52.73143124157792
              ], 
              [
                -129.05699628062428, 
                52.706935997224996
              ], 
              [
                -128.9446507282948, 
                52.62799702069
              ], 
              [
                -128.9300837311645, 
                52.61444727632428
              ]
            ]
          ], 
          [
            [
              [
                -128.31037360705122, 
                52.72744385685722
              ], 
              [
                -128.320627437711, 
                52.7433536126379
              ], 
              [
                -128.3233129740197, 
                52.75071851096786
              ], 
              [
                -128.3240453905352, 
                52.77509187748712
              ], 
              [
                -128.32298756482206, 
                52.77875410334116
              ], 
              [
                -128.31729074409796, 
                52.77912010937113
              ], 
              [
                -128.27953044845424, 
                52.78725825028959
              ], 
              [
                -128.2350968531319, 
                52.787665149986715
              ], 
              [
                -128.2141008337724, 
                52.79572186536861
              ], 
              [
                -128.2065324863357, 
                52.806830274851684
              ], 
              [
                -128.19981837244416, 
                52.82143777692818
              ], 
              [
                -128.1900528826456, 
                52.8301455935643
              ], 
              [
                -128.17316653051978, 
                52.823635218276756
              ], 
              [
                -128.17406172161034, 
                52.81338132035786
              ], 
              [
                -128.17837465888755, 
                52.79539608133928
              ], 
              [
                -128.17935129369556, 
                52.786078119898626
              ], 
              [
                -128.18268781485443, 
                52.77553931520189
              ], 
              [
                -128.19713290673474, 
                52.75934475880699
              ], 
              [
                -128.2005101427043, 
                52.75161359684438
              ], 
              [
                -128.2062069196089, 
                52.72772866752046
              ], 
              [
                -128.20726488692623, 
                52.71747478584931
              ], 
              [
                -128.21052012324202, 
                52.706732626191695
              ], 
              [
                -128.22451745650005, 
                52.68943926950849
              ], 
              [
                -128.22777259188808, 
                52.68366120188876
              ], 
              [
                -128.22960355855759, 
                52.67845278051912
              ], 
              [
                -128.23859629462396, 
                52.660101766761024
              ], 
              [
                -128.2512101464522, 
                52.62421301457276
              ], 
              [
                -128.25511627617112, 
                52.61758040702248
              ], 
              [
                -128.2749731655027, 
                52.60252518664968
              ], 
              [
                -128.2876684397659, 
                52.60736727080426
              ], 
              [
                -128.29108647338322, 
                52.622748195535664
              ], 
              [
                -128.28302967974807, 
                52.639308913649465
              ], 
              [
                -128.28302965874073, 
                52.64545309863305
              ], 
              [
                -128.28697666465823, 
                52.64935941463121
              ], 
              [
                -128.2967015147071, 
                52.665960892668096
              ], 
              [
                -128.28848225015093, 
                52.68374260414642
              ], 
              [
                -128.29181888618677, 
                52.699652483132006
              ], 
              [
                -128.31037360705122, 
                52.72744385685722
              ]
            ]
          ], 
          [
            [
              [
                -128.53282640623334, 
                52.72744385685722
              ], 
              [
                -128.53123926441634, 
                52.733954046880214
              ], 
              [
                -128.5359592968574, 
                52.76642473055603
              ], 
              [
                -128.53282642240214, 
                52.77895754475759
              ], 
              [
                -128.523182863788, 
                52.8018253790812
              ], 
              [
                -128.5103655100522, 
                52.86277918389347
              ], 
              [
                -128.5021052418555, 
                52.87201566111031
              ], 
              [
                -128.48493411108174, 
                52.86546464659592
              ], 
              [
                -128.47337805147234, 
                52.853583067527794
              ], 
              [
                -128.4659318091805, 
                52.83869053591456
              ], 
              [
                -128.4576717496096, 
                52.809475072203625
              ], 
              [
                -128.45555564852117, 
                52.78904842625098
              ], 
              [
                -128.4611709332786, 
                52.775824191719174
              ], 
              [
                -128.48102766289458, 
                52.78266008757978
              ], 
              [
                -128.47765045304016, 
                52.70661035220379
              ], 
              [
                -128.48473057789596, 
                52.690171596935
              ], 
              [
                -128.50169845928423, 
                52.669419752163876
              ], 
              [
                -128.50987711338797, 
                52.65387607535987
              ], 
              [
                -128.51671306206148, 
                52.65395746602151
              ], 
              [
                -128.52940837967043, 
                52.68024327857768
              ], 
              [
                -128.52196205515295, 
                52.68707918112729
              ], 
              [
                -128.53058820502582, 
                52.69481014936924
              ], 
              [
                -128.5395401934309, 
                52.70848218935509
              ], 
              [
                -128.54238853741424, 
                52.72162512820231
              ], 
              [
                -128.53282640623334, 
                52.72744385685722
              ]
            ]
          ], 
          [
            [
              [
                -129.5572811490015, 
                53.00116617605743
              ], 
              [
                -129.54971278071676, 
                52.98956948797971
              ], 
              [
                -129.53612205945606, 
                52.97606015119566
              ], 
              [
                -129.5297744986774, 
                52.9649111565233
              ], 
              [
                -129.54360914085945, 
                52.960150420585414
              ], 
              [
                -129.55850186422944, 
                52.964423024161796
              ], 
              [
                -129.5789281499313, 
                52.98094306271183
              ], 
              [
                -129.59203055248753, 
                52.98187911948245
              ], 
              [
                -129.60936441407136, 
                52.961656018541426
              ], 
              [
                -129.62051345654388, 
                52.95819731392439
              ], 
              [
                -129.6292619311748, 
                52.99225503145147
              ], 
              [
                -129.64728763379844, 
                53.01044349530179
              ], 
              [
                -129.65347245495323, 
                53.02220286206373
              ], 
              [
                -129.59870368419874, 
                53.0252140359531
              ], 
              [
                -129.57209240518495, 
                53.01972091994131
              ], 
              [
                -129.5572811490015, 
                53.00116617605743
              ]
            ]
          ], 
          [
            [
              [
                -129.56407618564813, 
                53.056341751219726
              ], 
              [
                -129.54385340385767, 
                53.03974038502426
              ], 
              [
                -129.53286708536604, 
                53.035223792348724
              ], 
              [
                -129.51573657819523, 
                53.03587486061747
              ], 
              [
                -129.5196833320182, 
                53.02659733340399
              ], 
              [
                -129.52619374605572, 
                53.01919173246997
              ], 
              [
                -129.5344133111703, 
                53.013251138181424
              ], 
              [
                -129.54360916927263, 
                53.00861236247317
              ], 
              [
                -129.5485734071117, 
                53.0169131883569
              ], 
              [
                -129.5546768347296, 
                53.02480698183829
              ], 
              [
                -129.56191986450665, 
                53.03139896553237
              ], 
              [
                -129.57030200824622, 
                53.03587486061747
              ], 
              [
                -129.5823463045539, 
                53.038031460352954
              ], 
              [
                -129.58788002076258, 
                53.035101638571774
              ], 
              [
                -129.5925185680709, 
                53.03070698458482
              ], 
              [
                -129.6016740548652, 
                53.028469238743504
              ], 
              [
                -129.60875392005642, 
                53.03070698458482
              ], 
              [
                -129.62999434451453, 
                53.04193763985094
              ], 
              [
                -129.63609768061653, 
                53.04645406598977
              ], 
              [
                -129.6458227872522, 
                53.05170325772166
              ], 
              [
                -129.67536359140422, 
                53.05776587675572
              ], 
              [
                -129.6876115351278, 
                53.06386960929459
              ], 
              [
                -129.67052160614224, 
                53.06427642632583
              ], 
              [
                -129.61872299559946, 
                53.056341751219726
              ], 
              [
                -129.5746964084236, 
                53.05963775263901
              ], 
              [
                -129.56407618564813, 
                53.056341751219726
              ]
            ]
          ], 
          [
            [
              [
                -129.6534725638873, 
                53.132066249250585
              ], 
              [
                -129.62759352959188, 
                53.11766182719559
              ], 
              [
                -129.59894757059922, 
                53.09357316314712
              ], 
              [
                -129.58885648586303, 
                53.071763326910954
              ], 
              [
                -129.6187231890862, 
                53.06386960929459
              ], 
              [
                -129.66120356539898, 
                53.06989165474171
              ], 
              [
                -129.69359303605367, 
                53.08319746284347
              ], 
              [
                -129.71959372929902, 
                53.103908450039214
              ], 
              [
                -129.7429094129589, 
                53.132066249250585
              ], 
              [
                -129.7219947505201, 
                53.136949111468795
              ], 
              [
                -129.69395912278085, 
                53.138861403553584
              ], 
              [
                -129.6680801027833, 
                53.13735575945749
              ], 
              [
                -129.6534725638873, 
                53.132066249250585
              ]
            ]
          ], 
          [
            [
              [
                -129.30406665699712, 
                53.03587486061747
              ], 
              [
                -129.29234788101698, 
                53.000555824265206
              ], 
              [
                -129.29112721012478, 
                52.98232669083944
              ], 
              [
                -129.30036369604514, 
                52.97443264475057
              ], 
              [
                -129.3244522045159, 
                52.97186913582046
              ], 
              [
                -129.33796127868922, 
                52.972601518715074
              ], 
              [
                -129.37262921335162, 
                52.992661706126306
              ], 
              [
                -129.3753964032718, 
                52.99494061009486
              ], 
              [
                -129.3949276543137, 
                53.000393085079324
              ], 
              [
                -129.4084365001049, 
                53.01337296412213
              ], 
              [
                -129.42690992877684, 
                53.04266995842693
              ], 
              [
                -129.44395902556852, 
                53.059149394467774
              ], 
              [
                -129.45958409744708, 
                53.07025786381053
              ], 
              [
                -129.47093651482172, 
                53.082220634919544
              ], 
              [
                -129.47533108721677, 
                53.10106019444806
              ], 
              [
                -129.47960356884653, 
                53.11204654263133
              ], 
              [
                -129.48924719500698, 
                53.1095238251241
              ], 
              [
                -129.50576747996033, 
                53.09735758469122
              ], 
              [
                -129.51537017274092, 
                53.100246414450154
              ], 
              [
                -129.51626546164283, 
                53.106838314874345
              ], 
              [
                -129.5111384001426, 
                53.113918286943075
              ], 
              [
                -129.5026749583723, 
                53.11847567679203
              ], 
              [
                -129.51545167947032, 
                53.13011307419642
              ], 
              [
                -129.535959436193, 
                53.13458893126221
              ], 
              [
                -129.55174733108944, 
                53.14288984381769
              ], 
              [
                -129.55044524896007, 
                53.166205274544694
              ], 
              [
                -129.5340877889004, 
                53.18475992541878
              ], 
              [
                -129.5098363963508, 
                53.19171784523702
              ], 
              [
                -129.4835097782663, 
                53.1909853052976
              ], 
              [
                -129.46108968708216, 
                53.186712996079315
              ], 
              [
                -129.45661385992096, 
                53.16950116481249
              ], 
              [
                -129.44334870229034, 
                53.15721257375915
              ], 
              [
                -129.41392993266967, 
                53.13833253691958
              ], 
              [
                -129.3623754324171, 
                53.0802676229036
              ], 
              [
                -129.34585517273683, 
                53.067938445844035
              ], 
              [
                -129.32974195769893, 
                53.06142809438787
              ], 
              [
                -129.31529703059257, 
                53.05329013205251
              ], 
              [
                -129.30406665699712, 
                53.03587486061747
              ]
            ]
          ], 
          [
            [
              [
                -131.11270100367267, 
                52.17194247756023
              ], 
              [
                -131.12303631601395, 
                52.184637815765576
              ], 
              [
                -131.1238907745014, 
                52.198431728396976
              ], 
              [
                -131.12779703709438, 
                52.20913323791217
              ], 
              [
                -131.14753169982507, 
                52.212835999855194
              ], 
              [
                -131.1404922862146, 
                52.17690661235195
              ], 
              [
                -131.1520890210719, 
                52.14240145898898
              ], 
              [
                -131.17495680612146, 
                52.12449776020367
              ], 
              [
                -131.2015274542776, 
                52.138373095344036
              ], 
              [
                -131.20791586345968, 
                52.15346918727611
              ], 
              [
                -131.21149658955528, 
                52.1868350683384
              ], 
              [
                -131.2157283019109, 
                52.19977446401089
              ], 
              [
                -131.2266739983258, 
                52.211127061064325
              ], 
              [
                -131.24299069036917, 
                52.22284577135989
              ], 
              [
                -131.27721107042618, 
                52.24079010939971
              ], 
              [
                -131.24278726992523, 
                52.17047763677065
              ], 
              [
                -131.23717198974123, 
                52.13605376379457
              ], 
              [
                -131.26292880207848, 
                52.124701201212034
              ], 
              [
                -131.27969315653013, 
                52.13239166255564
              ], 
              [
                -131.29283603354415, 
                52.14720283369657
              ], 
              [
                -131.3014216551391, 
                52.163397504263266
              ], 
              [
                -131.3045141914604, 
                52.1756046230961
              ], 
              [
                -131.31041417574903, 
                52.190130910850186
              ], 
              [
                -131.33751382573539, 
                52.21605054755389
              ], 
              [
                -131.3455297254338, 
                52.23456449364806
              ], 
              [
                -131.3522842824325, 
                52.23456449364806
              ], 
              [
                -131.35659747098788, 
                52.200384843911884
              ], 
              [
                -131.38003501573388, 
                52.202948364332805
              ], 
              [
                -131.40941316384257, 
                52.223862972260285
              ], 
              [
                -131.43175204913888, 
                52.24453356343674
              ], 
              [
                -131.44131428385353, 
                52.2579613565957
              ], 
              [
                -131.44928958683172, 
                52.272650527120774
              ], 
              [
                -131.4586481806763, 
                52.2843691483198
              ], 
              [
                -131.48908440730347, 
                52.29409411165971
              ], 
              [
                -131.49901289438128, 
                52.30560951056881
              ], 
              [
                -131.50698814082824, 
                52.319240682144546
              ], 
              [
                -131.5174454975686, 
                52.33022700986242
              ], 
              [
                -131.52692622748916, 
                52.32396067059618
              ], 
              [
                -131.53750573920357, 
                52.32269936124369
              ], 
              [
                -131.54832926263578, 
                52.3251407232321
              ], 
              [
                -131.55842043258588, 
                52.33022700986242
              ], 
              [
                -131.5467015882793, 
                52.34345120079796
              ], 
              [
                -131.5379125344702, 
                52.35809964787882
              ], 
              [
                -131.5570368389891, 
                52.3517926370074
              ], 
              [
                -131.5675350067419, 
                52.3509789540966
              ], 
              [
                -131.57542884560118, 
                52.354396882522984
              ], 
              [
                -131.57408602876475, 
                52.35736721730317
              ], 
              [
                -131.5836074940519, 
                52.38499577891234
              ], 
              [
                -131.58633373850213, 
                52.3885765162572
              ], 
              [
                -131.57494055828417, 
                52.403306381295494
              ], 
              [
                -131.54906170578283, 
                52.40399816596455
              ], 
              [
                -131.5209855409408, 
                52.397691207037184
              ], 
              [
                -131.50316315047377, 
                52.391668948424766
              ], 
              [
                -131.511586104436, 
                52.40851475286036
              ], 
              [
                -131.52920486832815, 
                52.421372775546374
              ], 
              [
                -131.5502009202274, 
                52.429632825142
              ], 
              [
                -131.56834881276447, 
                52.43256261692025
              ], 
              [
                -131.58096268203172, 
                52.42975493823092
              ], 
              [
                -131.59239663302867, 
                52.42475008571398
              ], 
              [
                -131.60374920971688, 
                52.4229190677775
              ], 
              [
                -131.61636306376298, 
                52.429429408121656
              ], 
              [
                -131.6426895633145, 
                52.45465727564996
              ], 
              [
                -131.64712484504994, 
                52.45709874030864
              ], 
              [
                -131.657785636886, 
                52.47785067839819
              ], 
              [
                -131.68285069266733, 
                52.48969145110165
              ], 
              [
                -131.73591057543618, 
                52.501532259156086
              ], 
              [
                -131.76097569110382, 
                52.51166410660026
              ], 
              [
                -131.88263920414306, 
                52.57615802030334
              ], 
              [
                -131.8972875592695, 
                52.58746978938481
              ], 
              [
                -131.90021722809345, 
                52.59707263468371
              ], 
              [
                -131.90021723062668, 
                52.60956449916333
              ], 
              [
                -131.9022517435804, 
                52.62034738492238
              ], 
              [
                -131.911244157645, 
                52.62498596053234
              ], 
              [
                -131.92511947557324, 
                52.62604389565885
              ], 
              [
                -131.92975816103197, 
                52.629624638786105
              ], 
              [
                -131.92833403270052, 
                52.64887108186479
              ], 
              [
                -131.93927977103914, 
                52.65119051552949
              ], 
              [
                -132.01024334196143, 
                52.68024327857768
              ], 
              [
                -132.0860083130356, 
                52.73427973462688
              ], 
              [
                -132.06012932467203, 
                52.75934475880699
              ], 
              [
                -132.04523693054202, 
                52.764960170922485
              ], 
              [
                -132.02391520402446, 
                52.76215244590555
              ], 
              [
                -132.01113857508955, 
                52.756293132039985
              ], 
              [
                -131.96930915704692, 
                52.72744385685722
              ], 
              [
                -131.96304281899282, 
                52.73427973462688
              ], 
              [
                -132.0015762455653, 
                52.76679102928673
              ], 
              [
                -132.0170791724329, 
                52.77521387727443
              ], 
              [
                -132.00401756716252, 
                52.78266008757978
              ], 
              [
                -131.96304267517272, 
                52.75470602714406
              ], 
              [
                -131.945179816485, 
                52.739569402500436
              ], 
              [
                -131.93439684882696, 
                52.73216371648007
              ], 
              [
                -131.92210863600823, 
                52.72744385685722
              ], 
              [
                -131.9260962698415, 
                52.73501221954753
              ], 
              [
                -131.93028717821642, 
                52.740912118020454
              ], 
              [
                -131.93517010232947, 
                52.745347447796824
              ], 
              [
                -131.94131438063818, 
                52.74848065592814
              ], 
              [
                -131.94131415918878, 
                52.75470602714406
              ], 
              [
                -131.9387913605451, 
                52.77313863291625
              ], 
              [
                -131.96255460456462, 
                52.786932793996215
              ], 
              [
                -132.01707938238732, 
                52.80316818248973
              ], 
              [
                -132.03628479787872, 
                52.81696182421948
              ], 
              [
                -132.06501206916676, 
                52.850002244754656
              ], 
              [
                -132.08600842202358, 
                52.857733615655725
              ], 
              [
                -132.06639563025854, 
                52.82172271648331
              ], 
              [
                -132.06053617459884, 
                52.80345278245523
              ], 
              [
                -132.0689185463434, 
                52.79572186536861
              ], 
              [
                -132.0900771926422, 
                52.78790916440712
              ], 
              [
                -132.1102597296976, 
                52.75714768363053
              ], 
              [
                -132.13377835204614, 
                52.75470602714406
              ], 
              [
                -132.14207908872498, 
                52.75918189525405
              ], 
              [
                -132.175363595981, 
                52.78266008757978
              ], 
              [
                -132.17686920788208, 
                52.785060879927855
              ], 
              [
                -132.1805313622962, 
                52.79340239485137
              ], 
              [
                -132.18219979644837, 
                52.79572186536861
              ], 
              [
                -132.18956463512467, 
                52.798529415346984
              ], 
              [
                -132.20669505457656, 
                52.80292383564863
              ], 
              [
                -132.21288008985815, 
                52.80621986922013
              ], 
              [
                -132.22630760808437, 
                52.81801979082415
              ], 
              [
                -132.24010178732794, 
                52.83405191699292
              ], 
              [
                -132.24290945771563, 
                52.85081629142905
              ], 
              [
                -132.22313389790733, 
                52.86456938362778
              ], 
              [
                -132.28888912053034, 
                52.88300201376939
              ], 
              [
                -132.3084610418697, 
                52.89594144881168
              ], 
              [
                -132.32677146631173, 
                52.91327531594886
              ], 
              [
                -132.33433982322774, 
                52.92259334799728
              ], 
              [
                -132.342274687438, 
                52.94245040077425
              ], 
              [
                -132.33853091932386, 
                52.94310117460418
              ], 
              [
                -132.32925359856958, 
                52.95026265495648
              ], 
              [
                -132.31737231340387, 
                52.954413261934384
              ], 
              [
                -132.2891331443841, 
                52.9490419411709
              ], 
              [
                -132.28087306461032, 
                52.95026265495648
              ], 
              [
                -132.2715957541365, 
                52.95628482318424
              ], 
              [
                -132.25983644732386, 
                52.957749795160694
              ], 
              [
                -132.24754807621264, 
                52.95648843950212
              ], 
              [
                -132.2368058932066, 
                52.95400634831717
              ], 
              [
                -132.1992894676906, 
                52.93244044955735
              ], 
              [
                -132.18040933281634, 
                52.9273135669221
              ], 
              [
                -132.1678768391061, 
                52.940334455996236
              ], 
              [
                -132.17955484076907, 
                52.94330477786459
              ], 
              [
                -132.1894425178204, 
                52.948716544597566
              ], 
              [
                -132.19713278572286, 
                52.95673233875743
              ], 
              [
                -132.20201569683388, 
                52.96759669206322
              ], 
              [
                -132.14061432324357, 
                52.933498378632066
              ], 
              [
                -132.1417536444787, 
                52.94293848095363
              ], 
              [
                -132.14549735187853, 
                52.95042566910165
              ], 
              [
                -132.15196704087606, 
                52.95620362848003
              ], 
              [
                -132.16104078008883, 
                52.960150420585414
              ], 
              [
                -132.16104076185155, 
                52.96759669206322
              ], 
              [
                -132.1475317208042, 
                52.97125887119254
              ], 
              [
                -132.1302789648742, 
                52.97996640816514
              ], 
              [
                -132.11668868750763, 
                52.99091225531956
              ], 
              [
                -132.1138810858762, 
                53.00116617605743
              ], 
              [
                -132.1291398244411, 
                53.00641515059767
              ], 
              [
                -132.18024644023825, 
                52.99852112156913
              ], 
              [
                -132.1988826680432, 
                53.00486893195356
              ], 
              [
                -132.231027897067, 
                53.02635335103971
              ], 
              [
                -132.26895085767669, 
                53.03070698458482
              ], 
              [
                -132.34666917493797, 
                53.028469238743504
              ], 
              [
                -132.34235586140215, 
                53.03864160904775
              ], 
              [
                -132.33922275407423, 
                53.04266995842693
              ], 
              [
                -132.3564346565209, 
                53.038967148363405
              ], 
              [
                -132.39313709657608, 
                53.034979484867755
              ], 
              [
                -132.4081112319844, 
                53.028469238743504
              ], 
              [
                -132.4205216743158, 
                53.042792116724954
              ], 
              [
                -132.43618724117817, 
                53.04116439488085
              ], 
              [
                -132.45327717409606, 
                53.0332705999769
              ], 
              [
                -132.46955328903076, 
                53.028469238743504
              ], 
              [
                -132.48884019993085, 
                53.031683566200996
              ], 
              [
                -132.50438396891133, 
                53.04043208169739
              ], 
              [
                -132.50942948509189, 
                53.053656311351574
              ], 
              [
                -132.49746669551237, 
                53.070013829319336
              ], 
              [
                -132.51691645121096, 
                53.0748558430502
              ], 
              [
                -132.53799401212507, 
                53.086859507046896
              ], 
              [
                -132.55162528918513, 
                53.09910731687023
              ], 
              [
                -132.54841064796253, 
                53.104803813269065
              ], 
              [
                -132.53258202868025, 
                53.10980853474882
              ], 
              [
                -132.53937731971607, 
                53.12152732680165
              ], 
              [
                -132.56578531960932, 
                53.14573805502249
              ], 
              [
                -132.54210374627783, 
                53.15204508549343
              ], 
              [
                -132.5144750499849, 
                53.14647043164191
              ], 
              [
                -132.48595133980345, 
                53.13703037800415
              ], 
              [
                -132.4595842201358, 
                53.132066249250585
              ], 
              [
                -132.37311776956506, 
                53.1327173117705
              ], 
              [
                -132.34666919329095, 
                53.13833253691958
              ], 
              [
                -132.33901918000302, 
                53.1424012860525
              ], 
              [
                -132.3220923357296, 
                53.15468992589996
              ], 
              [
                -132.31187897066766, 
                53.15940983566074
              ], 
              [
                -132.29507386348612, 
                53.16120010978345
              ], 
              [
                -132.24673411897825, 
                53.15192286168596
              ], 
              [
                -132.0655005157213, 
                53.161281701044274
              ], 
              [
                -132.05117769258214, 
                53.169989472741015
              ], 
              [
                -132.04035406359802, 
                53.18260334642661
              ], 
              [
                -131.97671465288235, 
                53.21466706366234
              ], 
              [
                -131.97175047203103, 
                53.215277427263416
              ], 
              [
                -131.9605605570061, 
                53.21385314335575
              ], 
              [
                -131.95563717888157, 
                53.21466706366234
              ], 
              [
                -131.95116122162955, 
                53.217840848446805
              ], 
              [
                -131.94131441248987, 
                53.22833908245203
              ], 
              [
                -131.90396057778693, 
                53.24070857019264
              ], 
              [
                -131.83922281474577, 
                53.24192945645399
              ], 
              [
                -131.82896901623582, 
                53.245428909063676
              ], 
              [
                -131.81993570134318, 
                53.25226474019982
              ], 
              [
                -131.81029205693088, 
                53.25739160782744
              ], 
              [
                -131.79796315026934, 
                53.25560142839906
              ], 
              [
                -131.79409759199106, 
                53.25214277106089
              ], 
              [
                -131.76545164984375, 
                53.198797940859926
              ], 
              [
                -131.7643121791181, 
                53.18170795543067
              ], 
              [
                -131.78429111455267, 
                53.17373278584488
              ], 
              [
                -131.78429128025275, 
                53.166205274544694
              ], 
              [
                -131.719634695305, 
                53.152980982085936
              ], 
              [
                -131.70238199839036, 
                53.14573805502249
              ], 
              [
                -131.69908611260092, 
                53.14134353574007
              ], 
              [
                -131.6891985047667, 
                53.12482343738656
              ], 
              [
                -131.6818741777824, 
                53.11847567679203
              ], 
              [
                -131.67125416659792, 
                53.115668161399654
              ], 
              [
                -131.6511124471377, 
                53.115952879616714
              ], 
              [
                -131.64093980313598, 
                53.11102926327173
              ], 
              [
                -131.63442951631944, 
                53.10138583332994
              ], 
              [
                -131.6130263788239, 
                53.056341751219726
              ], 
              [
                -131.60505111095205, 
                53.049383735608465
              ], 
              [
                -131.59723886339924, 
                53.04547772867866
              ], 
              [
                -131.59557051764443, 
                53.04193763985094
              ], 
              [
                -131.6061906821513, 
                53.03587486061747
              ], 
              [
                -131.61799080077625, 
                53.03339275266036
              ], 
              [
                -131.6303605640616, 
                53.03489825899156
              ], 
              [
                -131.6417131756186, 
                53.0395370008309
              ], 
              [
                -131.65054266597895, 
                53.04645406598977
              ], 
              [
                -131.66905676865733, 
                53.054877018708325
              ], 
              [
                -131.72109925255, 
                53.05548721769155
              ], 
              [
                -131.7430314497059, 
                53.06012611197798
              ], 
              [
                -131.76325446894668, 
                53.068548998737356
              ], 
              [
                -131.78416918301457, 
                53.073675951768735
              ], 
              [
                -131.82900963400252, 
                53.076849739419686
              ], 
              [
                -131.846669056306, 
                53.0748558430502
              ], 
              [
                -131.88532472643132, 
                53.065863398344604
              ], 
              [
                -131.904123581463, 
                53.06386960929459
              ], 
              [
                -132.00401778652324, 
                53.06386960929459
              ], 
              [
                -131.99132232510811, 
                53.05438867191861
              ], 
              [
                -131.95018462476057, 
                53.04677961774557
              ], 
              [
                -131.94131423430366, 
                53.039292688197335
              ], 
              [
                -131.94033784724044, 
                53.02244715429
              ], 
              [
                -131.9370824308868, 
                53.00910060000249
              ], 
              [
                -131.9310604892766, 
                52.99795169802396
              ], 
              [
                -131.92210861400093, 
                52.98749429076831
              ], 
              [
                -131.90615798691996, 
                53.015041388690136
              ], 
              [
                -131.90038000686573, 
                53.02220286206373
              ], 
              [
                -131.8900039800132, 
                53.029364271179084
              ], 
              [
                -131.8650608719423, 
                53.040187767994375
              ], 
              [
                -131.8563125218117, 
                53.04645406598977
              ], 
              [
                -131.83665944993436, 
                53.050279174444405
              ], 
              [
                -131.75015214287163, 
                53.02220286206373
              ], 
              [
                -131.6804092966336, 
                53.01251861008661
              ], 
              [
                -131.65038010079985, 
                53.003159983594124
              ], 
              [
                -131.6371965145266, 
                53.00116617605743
              ], 
              [
                -131.6262102043614, 
                52.99811443527151
              ], 
              [
                -131.60846908856752, 
                52.98493061866784
              ], 
              [
                -131.60277274180697, 
                52.98187911948245
              ], 
              [
                -131.59512290898365, 
                52.97654862596307
              ], 
              [
                -131.60285409819608, 
                52.965399604767114
              ], 
              [
                -131.61465418276725, 
                52.95538979496147
              ], 
              [
                -131.619781153739, 
                52.95400634831717
              ], 
              [
                -131.6273088047703, 
                52.940334455996236
              ], 
              [
                -131.62344310352887, 
                52.94159571254735
              ], 
              [
                -131.61823487241773, 
                52.93821853298444
              ], 
              [
                -131.61388106407207, 
                52.93252194955147
              ], 
              [
                -131.61302652327015, 
                52.92666252835994
              ], 
              [
                -131.61888584042336, 
                52.92023343643925
              ], 
              [
                -131.64171310642564, 
                52.908026517574235
              ], 
              [
                -131.67446849183543, 
                52.88397852285333
              ], 
              [
                -131.6946914437816, 
                52.876857725767536
              ], 
              [
                -131.8000382081378, 
                52.874823302364995
              ], 
              [
                -131.8207901142454, 
                52.878973648039455
              ], 
              [
                -131.8426407289582, 
                52.89594144881168
              ], 
              [
                -131.85985266216738, 
                52.91474029637053
              ], 
              [
                -131.87755286060275, 
                52.93032460772322
              ], 
              [
                -131.89761305524502, 
                52.93984606731306
              ], 
              [
                -131.92210860995345, 
                52.940334455996236
              ], 
              [
                -131.93618714691195, 
                52.93829972058665
              ], 
              [
                -131.94155825190992, 
                52.936834887186166
              ], 
              [
                -131.9488011723361, 
                52.933498378632066
              ], 
              [
                -131.93834394355753, 
                52.92755774624682
              ], 
              [
                -131.9254043127797, 
                52.92206441080188
              ], 
              [
                -131.9104712565935, 
                52.91864664711279
              ], 
              [
                -131.89415448044645, 
                52.919175575529856
              ], 
              [
                -131.89415458268488, 
                52.9130314682001
              ], 
              [
                -131.98355046595745, 
                52.88507710109554
              ], 
              [
                -131.98355059074873, 
                52.878241283550324
              ], 
              [
                -131.95230072916834, 
                52.880682823210535
              ], 
              [
                -131.92564860288473, 
                52.88971592164732
              ], 
              [
                -131.9005020534164, 
                52.89472074240161
              ], 
              [
                -131.87368718505653, 
                52.88507710109554
              ], 
              [
                -131.8609513682785, 
                52.87881100501396
              ], 
              [
                -131.85631269816352, 
                52.87514889684605
              ], 
              [
                -131.85240652377925, 
                52.86717370996944
              ], 
              [
                -131.8565974595874, 
                52.862372136601195
              ], 
              [
                -131.86685152076643, 
                52.857733615655725
              ], 
              [
                -131.86953695470257, 
                52.8513044693334
              ], 
              [
                -131.8741757444882, 
                52.84699143226855
              ], 
              [
                -131.87857011484058, 
                52.84369537887851
              ], 
              [
                -131.880523154444, 
                52.84072491826341
              ], 
              [
                -131.8776749601948, 
                52.830796642350734
              ], 
              [
                -131.87096093786766, 
                52.83128477302522
              ], 
              [
                -131.8629042998824, 
                52.83478412494974
              ], 
              [
                -131.85631255645015, 
                52.833888994784346
              ], 
              [
                -131.83649652258126, 
                52.807196330404544
              ], 
              [
                -131.82900972017168, 
                52.80316818248973
              ], 
              [
                -131.70238211602648, 
                52.80316818248973
              ], 
              [
                -131.67251547538714, 
                52.80727778099779
              ], 
              [
                -131.6608780292249, 
                52.805731483112936
              ], 
              [
                -131.653960862959, 
                52.79572186536861
              ], 
              [
                -131.6891983690507, 
                52.79083893210844
              ], 
              [
                -131.7314347509558, 
                52.78969966043676
              ], 
              [
                -131.77106670525026, 
                52.783270423906664
              ], 
              [
                -131.79796305596284, 
                52.76215244590555
              ], 
              [
                -131.81102443901767, 
                52.77065654211411
              ], 
              [
                -131.82433028920389, 
                52.77317950874132
              ], 
              [
                -131.8382869725331, 
                52.77179602374635
              ], 
              [
                -131.85317940338737, 
                52.768377912016994
              ], 
              [
                -131.8396703296877, 
                52.7679710501025
              ], 
              [
                -131.8273819464925, 
                52.76471586904241
              ], 
              [
                -131.80479885929006, 
                52.75470602714406
              ], 
              [
                -131.83356697566077, 
                52.726141780395395
              ], 
              [
                -131.83950756873878, 
                52.71377183106766
              ], 
              [
                -131.78197170568913, 
                52.71735250556235
              ], 
              [
                -131.75597074464505, 
                52.714056623048194
              ], 
              [
                -131.72964428988112, 
                52.70066962009368
              ], 
              [
                -131.71092680636818, 
                52.681585926472906
              ], 
              [
                -131.69237226506962, 
                52.65412024743976
              ], 
              [
                -131.68732654409686, 
                52.63100812410679
              ], 
              [
                -131.70921779081704, 
                52.62498596053234
              ], 
              [
                -131.69220942735737, 
                52.61371489963343
              ], 
              [
                -131.6591690835844, 
                52.58344148139189
              ], 
              [
                -131.64028884499413, 
                52.57721586645821
              ], 
              [
                -131.6204728175964, 
                52.573187597907555
              ], 
              [
                -131.62523349355112, 
                52.56435778129342
              ], 
              [
                -131.64264891749195, 
                52.55487704494775
              ], 
              [
                -131.6607966645844, 
                52.549261771891544
              ], 
              [
                -131.66079663510237, 
                52.54242580502729
              ], 
              [
                -131.65196687516323, 
                52.5393740412258
              ], 
              [
                -131.64297440118725, 
                52.53742095443266
              ], 
              [
                -131.62360596689084, 
                52.53620030400828
              ], 
              [
                -131.61554934398106, 
                52.532945113736616
              ], 
              [
                -131.61066643895379, 
                52.525702185578865
              ], 
              [
                -131.60456292657756, 
                52.51845934914152
              ], 
              [
                -131.59251867656704, 
                52.51512278171307
              ], 
              [
                -131.57982342388027, 
                52.52045324383763
              ], 
              [
                -131.56859293323586, 
                52.53058505763191
              ], 
              [
                -131.55565349193924, 
                52.536566514096954
              ], 
              [
                -131.53791248972541, 
                52.5294456321897
              ], 
              [
                -131.53986565268963, 
                52.513128937385936
              ], 
              [
                -131.51988677995502, 
                52.50779850323727
              ], 
              [
                -131.46898350676065, 
                52.50771716915288
              ], 
              [
                -131.48306229247794, 
                52.485174860683145
              ], 
              [
                -131.4641006894569, 
                52.473334026897625
              ], 
              [
                -131.4339900147685, 
                52.4651553181577
              ], 
              [
                -131.41437740602947, 
                52.45368072906162
              ], 
              [
                -131.44326742345527, 
                52.406398870842025
              ], 
              [
                -131.44855703050052, 
                52.391668948424766
              ], 
              [
                -131.42345133400124, 
                52.39398838053213
              ], 
              [
                -131.39777583419925, 
                52.389797257349315
              ], 
              [
                -131.3871963460407, 
                52.37811913700482
              ], 
              [
                -131.40758213149954, 
                52.35809964787882
              ], 
              [
                -131.3916722745133, 
                52.35960515522301
              ], 
              [
                -131.3785701935089, 
                52.3661563935078
              ], 
              [
                -131.3661188933713, 
                52.37010320702754
              ], 
              [
                -131.35228429941282, 
                52.36432525253428
              ], 
              [
                -131.35244714074582, 
                52.38515866678599
              ], 
              [
                -131.35521403447348, 
                52.3998884519384
              ], 
              [
                -131.35484773848367, 
                52.41242091916517
              ], 
              [
                -131.34552974770483, 
                52.42641835676834
              ], 
              [
                -131.3303930301113, 
                52.433986718154536
              ], 
              [
                -131.28917401592517, 
                52.4377302680579
              ], 
              [
                -131.24844317182564, 
                52.446926182695755
              ], 
              [
                -131.24152578970472, 
                52.435248059494285
              ], 
              [
                -131.24791412059596, 
                52.41982649458093
              ], 
              [
                -131.28307051654394, 
                52.40696856552924
              ], 
              [
                -131.2962540689693, 
                52.39398838053213
              ], 
              [
                -131.30410724348053, 
                52.37645093125837
              ], 
              [
                -131.30451409752257, 
                52.35809964787882
              ], 
              [
                -131.2936091368761, 
                52.36688869739452
              ], 
              [
                -131.2810766107976, 
                52.370591522997685
              ], 
              [
                -131.2499079278086, 
                52.371161121768814
              ], 
              [
                -131.2545059404474, 
                52.35529201101106
              ], 
              [
                -131.2627661266336, 
                52.3509789540966
              ], 
              [
                -131.27326416010118, 
                52.351711362716635
              ], 
              [
                -131.28465735667007, 
                52.350653387662405
              ], 
              [
                -131.30703689515448, 
                52.34308501036119
              ], 
              [
                -131.31550048426314, 
                52.338527764927335
              ], 
              [
                -131.32559165648755, 
                52.33022700986242
              ], 
              [
                -131.33263105639455, 
                52.34442786859832
              ], 
              [
                -131.34064689159692, 
                52.354437520176575
              ], 
              [
                -131.34972078411374, 
                52.35590236370493
              ], 
              [
                -131.35973066540845, 
                52.34442786859832
              ], 
              [
                -131.34439046014552, 
                52.33543531978454
              ], 
              [
                -131.3321833927353, 
                52.29718658578891
              ], 
              [
                -131.3181860241654, 
                52.28180575295468
              ], 
              [
                -131.30191000523246, 
                52.29364659678889
              ], 
              [
                -131.24290929957388, 
                52.26215240165183
              ], 
              [
                -131.2157283698784, 
                52.261297969470434
              ], 
              [
                -131.24811761081202, 
                52.27838773108872
              ], 
              [
                -131.26024324420942, 
                52.28974025366617
              ], 
              [
                -131.2567440016676, 
                52.30345292410185
              ], 
              [
                -131.24933838595686, 
                52.305731552554136
              ], 
              [
                -131.24010161355426, 
                52.30272036731225
              ], 
              [
                -131.22569744149186, 
                52.29604731405875
              ], 
              [
                -131.1981095412919, 
                52.313055767930024
              ], 
              [
                -131.18415278346217, 
                52.31842680961441
              ], 
              [
                -131.162505735276, 
                52.319769669576985
              ], 
              [
                -131.14256757385348, 
                52.3162296202723
              ], 
              [
                -131.13385983027172, 
                52.306586005269416
              ], 
              [
                -131.12808178371702, 
                52.29620997715756
              ], 
              [
                -131.0984595170159, 
                52.28799070438616
              ], 
              [
                -131.0854386621386, 
                52.2755802007156
              ], 
              [
                -131.0994766896242, 
                52.25608958264081
              ], 
              [
                -131.12515220262478, 
                52.249741983246466
              ], 
              [
                -131.1549373052065, 
                52.24774811519807
              ], 
              [
                -131.18101966442364, 
                52.24079010939971
              ], 
              [
                -131.18101963446713, 
                52.23456449364806
              ], 
              [
                -131.12608806907662, 
                52.234523878762786
              ], 
              [
                -131.10041248882902, 
                52.23045474528458
              ], 
              [
                -131.07860270266752, 
                52.22036370847577
              ], 
              [
                -131.04377187198426, 
                52.232977539367624
              ], 
              [
                -131.0239152004127, 
                52.235296974229705
              ], 
              [
                -131.00967369975976, 
                52.2271182984041
              ], 
              [
                -131.0081273392904, 
                52.212225584614295
              ], 
              [
                -131.01561440176363, 
                52.19525789470227
              ], 
              [
                -131.02708904274937, 
                52.180365348575585
              ], 
              [
                -131.03766845165688, 
                52.17194247756023
              ], 
              [
                -131.05223541806038, 
                52.16913477028142
              ], 
              [
                -131.0984594831064, 
                52.169012805936504
              ], 
              [
                -131.11270100367267, 
                52.17194247756023
              ]
            ]
          ], 
          [
            [
              [
                -128.8037816608832, 
                52.70066962009368
              ], 
              [
                -128.82579496758478, 
                52.67161684591452
              ], 
              [
                -128.85643482382636, 
                52.65900312036097
              ], 
              [
                -128.8914688782656, 
                52.660223699268734
              ], 
              [
                -128.9273168756519, 
                52.67279695658208
              ], 
              [
                -129.01724199648123, 
                52.71576569744341
              ], 
              [
                -129.04450421627627, 
                52.73452368640015
              ], 
              [
                -129.05699607254124, 
                52.74103409775693
              ], 
              [
                -129.05158435022676, 
                52.74510316895259
              ], 
              [
                -129.04735275919458, 
                52.7489689074404
              ], 
              [
                -129.04283611416398, 
                52.75234614277027
              ], 
              [
                -129.0364883153422, 
                52.75470602714406
              ], 
              [
                -129.03648844620932, 
                52.76215244590555
              ], 
              [
                -129.0629775264059, 
                52.76829647668597
              ], 
              [
                -129.07725985690277, 
                52.778306344264195
              ], 
              [
                -129.10167403302606, 
                52.80621986922013
              ], 
              [
                -129.11074778146528, 
                52.820135740239664
              ], 
              [
                -129.12120531236022, 
                52.84454997609345
              ], 
              [
                -129.1253964432573, 
                52.867865455265786
              ], 
              [
                -129.11534583762383, 
                52.878241283550324
              ], 
              [
                -129.09276273556262, 
                52.875677713710765
              ], 
              [
                -129.02969331443654, 
                52.857733615655725
              ], 
              [
                -129.01683495961677, 
                52.859320251144254
              ], 
              [
                -129.0275773071214, 
                52.868841892768806
              ], 
              [
                -129.07066808185562, 
                52.89252348906915
              ], 
              [
                -129.03648835107174, 
                52.905584968874315
              ], 
              [
                -129.00548257772988, 
                52.92666252835994
              ], 
              [
                -128.98867742462693, 
                52.933783158208584
              ], 
              [
                -128.9651586351102, 
                52.965887739449606
              ], 
              [
                -128.94713290215432, 
                52.97443264475057
              ], 
              [
                -128.94774320384184, 
                52.998968729247395
              ], 
              [
                -128.91397055088183, 
                53.01675043617623
              ], 
              [
                -128.83796151256092, 
                53.03587486061747
              ], 
              [
                -128.8516739286226, 
                53.05158109409757
              ], 
              [
                -128.87734953960666, 
                53.07200767838008
              ], 
              [
                -128.90542564911277, 
                53.08974850293504
              ], 
              [
                -128.93382733569243, 
                53.100165162600966
              ], 
              [
                -128.96080484127032, 
                53.11847567679203
              ], 
              [
                -129.01545165970916, 
                53.14573805502249
              ], 
              [
                -129.01427158545522, 
                53.13349027404332
              ], 
              [
                -129.01227777043567, 
                53.12449776101548
              ], 
              [
                -129.00837157547295, 
                53.11741773594245
              ], 
              [
                -129.00177964923833, 
                53.11102926327173
              ], 
              [
                -128.99893147540922, 
                53.10602451179359
              ], 
              [
                -128.99620508707542, 
                53.09967670739975
              ], 
              [
                -128.9920142053508, 
                53.09638100384325
              ], 
              [
                -128.97891195214584, 
                53.104396915386545
              ], 
              [
                -128.97109925243163, 
                53.10553604254316
              ], 
              [
                -128.96336826766225, 
                53.104437542150976
              ], 
              [
                -128.9576715826037, 
                53.10106019444806
              ], 
              [
                -128.94676687844904, 
                53.092027229683126
              ], 
              [
                -128.92125407333688, 
                53.08079665365729
              ], 
              [
                -128.90990138430476, 
                53.073431598302136
              ], 
              [
                -128.89167220713605, 
                53.05337136523675
              ], 
              [
                -128.8816624145271, 
                53.046820233039675
              ], 
              [
                -128.8646133799125, 
                53.04266995842693
              ], 
              [
                -128.8646135315859, 
                53.03587486061747
              ], 
              [
                -128.9048966657224, 
                53.03408442786524
              ], 
              [
                -128.92292236237918, 
                53.02997470884253
              ], 
              [
                -128.940296998981, 
                53.02220286206373
              ], 
              [
                -128.94953370189393, 
                53.01675043617623
              ], 
              [
                -128.9666235502641, 
                53.00348546648946
              ], 
              [
                -128.97447680691457, 
                52.99494061009486
              ], 
              [
                -128.97744721286043, 
                52.98969161460357
              ], 
              [
                -128.9839574030763, 
                52.974595363340796
              ], 
              [
                -128.98814851122359, 
                52.96759669206322
              ], 
              [
                -129.01280668213667, 
                52.94672263641594
              ], 
              [
                -129.05736234424919, 
                52.917954731501894
              ], 
              [
                -129.10000558797856, 
                52.902980787013256
              ], 
              [
                -129.11904863800342, 
                52.922919017915966
              ], 
              [
                -129.1255997994168, 
                52.93187089451469
              ], 
              [
                -129.1605118446727, 
                52.93032460772322
              ], 
              [
                -129.17711326797084, 
                52.936834887186166
              ], 
              [
                -129.1837459088677, 
                52.94953035169447
              ], 
              [
                -129.18911710087522, 
                52.96922445904741
              ], 
              [
                -129.1942033048604, 
                53.00486893195356
              ], 
              [
                -129.18980869283322, 
                53.023342160388275
              ], 
              [
                -129.17064381100894, 
                53.04718671559337
              ], 
              [
                -129.16624922232293, 
                53.06012611197798
              ], 
              [
                -129.15892483177683, 
                53.07416402980081
              ], 
              [
                -129.1428117223156, 
                53.08209876793426
              ], 
              [
                -129.12657644525208, 
                53.081488489397785
              ], 
              [
                -129.11904872410253, 
                53.070013829319336
              ], 
              [
                -129.0905656594867, 
                53.08856852550308
              ], 
              [
                -129.07896903447315, 
                53.1110702063057
              ], 
              [
                -129.07713773833683, 
                53.13621645417094
              ], 
              [
                -129.07811441813791, 
                53.16278720745254
              ], 
              [
                -129.08283451181242, 
                53.18805580214881
              ], 
              [
                -129.08234618834587, 
                53.20140211463987
              ], 
              [
                -129.06517478478182, 
                53.21450415329636
              ], 
              [
                -129.0639542616173, 
                53.23114658188054
              ], 
              [
                -129.067006121614, 
                53.24949791834302
              ], 
              [
                -129.07066802045875, 
                53.26178612440353
              ], 
              [
                -129.07860265936714, 
                53.273423561587414
              ], 
              [
                -129.08653736892916, 
                53.2822127585722
              ], 
              [
                -129.08836830671245, 
                53.29100170835433
              ], 
              [
                -129.07811448709458, 
                53.30280192245056
              ], 
              [
                -129.06427967389516, 
                53.307562490961956
              ], 
              [
                -129.04210379547567, 
                53.31061447150506
              ], 
              [
                -129.01976464957372, 
                53.31053281994077
              ], 
              [
                -128.97606372023483, 
                53.2948673663336
              ], 
              [
                -128.9050187875282, 
                53.29336182195937
              ], 
              [
                -128.86876381305623, 
                53.272528398768365
              ], 
              [
                -128.79515549988903, 
                53.218654784792875
              ], 
              [
                -128.70457937851626, 
                53.174628141632105
              ], 
              [
                -128.6795956390663, 
                53.166205274544694
              ], 
              [
                -128.6346735114104, 
                53.16315326866005
              ], 
              [
                -128.62193763988458, 
                53.15570710868529
              ], 
              [
                -128.587025623705, 
                53.11359294297248
              ], 
              [
                -128.58421800345795, 
                53.10761149380121
              ], 
              [
                -128.5822646818843, 
                53.10106019444806
              ], 
              [
                -128.5387265179633, 
                53.01972091994131
              ], 
              [
                -128.5274960001665, 
                52.98102458194477
              ], 
              [
                -128.52196198098954, 
                52.933498378632066
              ], 
              [
                -128.52403723243356, 
                52.89179107649279
              ], 
              [
                -128.53233794425338, 
                52.84662499182667
              ], 
              [
                -128.5645240120647, 
                52.74323163154214
              ], 
              [
                -128.57127853510755, 
                52.73737222174955
              ], 
              [
                -128.5846246540919, 
                52.74103409775693
              ], 
              [
                -128.57746341706022, 
                52.70099525584232
              ], 
              [
                -128.58405506730665, 
                52.68622460249916
              ], 
              [
                -128.60513250343718, 
                52.665960892668096
              ], 
              [
                -128.59723858122342, 
                52.66657120153468
              ], 
              [
                -128.58999578545038, 
                52.665960892668096
              ], 
              [
                -128.58348542140615, 
                52.66364160951377
              ], 
              [
                -128.57721919020446, 
                52.65912505222827
              ], 
              [
                -128.58189861579353, 
                52.648586378731316
              ], 
              [
                -128.58910063351874, 
                52.62303286355631
              ], 
              [
                -128.5945938223124, 
                52.61444727632428
              ], 
              [
                -128.60562090132575, 
                52.611232818325284
              ], 
              [
                -128.70360267132827, 
                52.611232818325284
              ], 
              [
                -128.72516843981967, 
                52.60736727080426
              ], 
              [
                -128.74852458455658, 
                52.597723741522266
              ], 
              [
                -128.755360535367, 
                52.60390865030763
              ], 
              [
                -128.7461644667915, 
                52.62164943087356
              ], 
              [
                -128.73973555356318, 
                52.639105608405266
              ], 
              [
                -128.73595117088743, 
                52.65619525024301
              ], 
              [
                -128.7348526826301, 
                52.67279695658208
              ], 
              [
                -128.73717211825078, 
                52.69163657380006
              ], 
              [
                -128.746449261187, 
                52.72638572263793
              ], 
              [
                -128.7485244499809, 
                52.7448183345233
              ], 
              [
                -128.7430720370179, 
                52.76373929322348
              ], 
              [
                -128.719146267453, 
                52.795355515603106
              ], 
              [
                -128.71373459680237, 
                52.813055823074116
              ], 
              [
                -128.7108046828836, 
                52.83665585903867
              ], 
              [
                -128.70230054034022, 
                52.84739813473798
              ], 
              [
                -128.6893610510164, 
                52.85394920574709
              ], 
              [
                -128.67284093044682, 
                52.86456938362778
              ], 
              [
                -128.65103098104217, 
                52.90884016381138
              ], 
              [
                -128.64842701764786, 
                52.916083204242234
              ], 
              [
                -128.64517154227002, 
                52.93366106481702
              ], 
              [
                -128.64468329494764, 
                52.953680629180916
              ], 
              [
                -128.64610751312367, 
                52.960150420585414
              ], 
              [
                -128.65314686636484, 
                52.96605045126825
              ], 
              [
                -128.66445866589967, 
                52.970892524448104
              ], 
              [
                -128.6749569875279, 
                52.971340386579385
              ], 
              [
                -128.6795954474923, 
                52.963934578240405
              ], 
              [
                -128.66958568458085, 
                52.92747624821835
              ], 
              [
                -128.66934167726455, 
                52.907904439452295
              ], 
              [
                -128.6833390194458, 
                52.89935946520029
              ], 
              [
                -128.7035211444444, 
                52.90387590199232
              ], 
              [
                -128.71898363751058, 
                52.91254314428575
              ], 
              [
                -128.7329809500607, 
                52.91803622576183
              ], 
              [
                -128.748524695948, 
                52.9130314682001
              ], 
              [
                -128.73692789055107, 
                52.89948153826201
              ], 
              [
                -128.7276098055378, 
                52.876125368783796
              ], 
              [
                -128.72785388899214, 
                52.85394920574709
              ], 
              [
                -128.74510656862827, 
                52.84414296468662
              ], 
              [
                -128.7572321850251, 
                52.83486558639028
              ], 
              [
                -128.76366135483832, 
                52.813055823074116
              ], 
              [
                -128.76903227043667, 
                52.768377912016994
              ], 
              [
                -128.7787167574283, 
                52.730129454557414
              ], 
              [
                -128.77725166027483, 
                52.71515524476361
              ], 
              [
                -128.75934807690783, 
                52.68691637404289
              ], 
              [
                -128.7567034037187, 
                52.67682541118067
              ], 
              [
                -128.7604060767156, 
                52.66909416563943
              ], 
              [
                -128.7727757322904, 
                52.665960892668096
              ], 
              [
                -128.7818902852482, 
                52.669826421758906
              ], 
              [
                -128.7889705619984, 
                52.67902258278306
              ], 
              [
                -128.79564376365377, 
                52.690497216306674
              ], 
              [
                -128.8037816608832, 
                52.70066962009368
              ]
            ]
          ], 
          [
            [
              [
                -129.29352777318704, 
                53.10789620075239
              ], 
              [
                -129.3017472266353, 
                53.11322665604603
              ], 
              [
                -129.32355716953117, 
                53.12421303084354
              ], 
              [
                -129.33136969862915, 
                53.132066249250585
              ], 
              [
                -129.33844977828795, 
                53.153713384816925
              ], 
              [
                -129.33877517517772, 
                53.17816801763845
              ], 
              [
                -129.3335667643805, 
                53.20180889181339
              ], 
              [
                -129.323882706047, 
                53.22089273273233
              ], 
              [
                -129.2620743429017, 
                53.26536692403762
              ], 
              [
                -129.24941966927125, 
                53.282944998808034
              ], 
              [
                -129.24909416527728, 
                53.295111356368395
              ], 
              [
                -129.2541399377336, 
                53.30434820429469
              ], 
              [
                -129.2723690488948, 
                53.32050212191287
              ], 
              [
                -129.27574618129563, 
                53.33100002649603
              ], 
              [
                -129.26138257984857, 
                53.334662141889325
              ], 
              [
                -129.2414445468756, 
                53.33364500353375
              ], 
              [
                -129.21304264127164, 
                53.32697161898438
              ], 
              [
                -129.19782483610427, 
                53.32168219058087
              ], 
              [
                -129.18394945090856, 
                53.313666183073316
              ], 
              [
                -129.17369554216867, 
                53.30280192245056
              ], 
              [
                -129.17007399608576, 
                53.29205961080651
              ], 
              [
                -129.17491609079576, 
                53.2743593892192
              ], 
              [
                -129.17369536439685, 
                53.26178612440353
              ], 
              [
                -129.16836513510816, 
                53.25104410663397
              ], 
              [
                -129.15672758878296, 
                53.23920311476511
              ], 
              [
                -129.15257743020342, 
                53.22833908245203
              ], 
              [
                -129.15245521277737, 
                53.21906159663677
              ], 
              [
                -129.15786685170733, 
                53.20009986602241
              ], 
              [
                -129.16002360599134, 
                53.186712996079315
              ], 
              [
                -129.15469305282303, 
                53.16364156131556
              ], 
              [
                -129.13418535973756, 
                53.12018464555348
              ], 
              [
                -129.139556480012, 
                53.104803813269065
              ], 
              [
                -129.1628311367267, 
                53.09943263770248
              ], 
              [
                -129.24030512787525, 
                53.10040923317569
              ], 
              [
                -129.2624405950462, 
                53.104803813269065
              ], 
              [
                -129.26943916100797, 
                53.092759413046224
              ], 
              [
                -129.27672267920508, 
                53.09198629047593
              ], 
              [
                -129.28453540681974, 
                53.098334170219246
              ], 
              [
                -129.29352777318704, 
                53.10789620075239
              ]
            ]
          ], 
          [
            [
              [
                -128.91364500155206, 
                53.40643953511079
              ], 
              [
                -128.90640211080506, 
                53.391180694841395
              ], 
              [
                -128.90640221490935, 
                53.380926890066576
              ], 
              [
                -128.91340072710386, 
                53.37140522632282
              ], 
              [
                -128.92731688263285, 
                53.35805900704909
              ], 
              [
                -128.92003331595802, 
                53.34943266838604
              ], 
              [
                -128.9207252042608, 
                53.33808028156858
              ], 
              [
                -128.92796784892292, 
                53.32819239733302
              ], 
              [
                -128.94001220667025, 
                53.323920020819926
              ], 
              [
                -128.95742749233662, 
                53.32542547853352
              ], 
              [
                -128.99551349475848, 
                53.33759188225449
              ], 
              [
                -129.01280666096199, 
                53.340277304915716
              ], 
              [
                -129.06041421076793, 
                53.33759188225449
              ], 
              [
                -129.07526592706358, 
                53.33344132424611
              ], 
              [
                -129.1037491328802, 
                53.31883370642575
              ], 
              [
                -129.1184790747699, 
                53.32050212191287
              ], 
              [
                -129.14818270653055, 
                53.363714872668695
              ], 
              [
                -129.11221254615305, 
                53.409328374583666
              ], 
              [
                -129.06578522396185, 
                53.452459967881346
              ], 
              [
                -129.0638322269163, 
                53.488348763806094
              ], 
              [
                -129.04845125164601, 
                53.50861232425091
              ], 
              [
                -129.02171784371387, 
                53.53213119467206
              ], 
              [
                -128.99722252275575, 
                53.54393144267241
              ], 
              [
                -128.98814853223556, 
                53.52936429137222
              ], 
              [
                -128.98656176591598, 
                53.5009220513233
              ], 
              [
                -128.97679593101904, 
                53.480169895036674
              ], 
              [
                -128.91364500155206, 
                53.40643953511079
              ]
            ]
          ], 
          [
            [
              [
                -129.74294998112472, 
                53.23529692464869
              ], 
              [
                -129.74290940558276, 
                53.23517496575305
              ], 
              [
                -129.73672437314426, 
                53.21564358328593
              ], 
              [
                -129.73794522141142, 
                53.191351732471794
              ], 
              [
                -129.74836171409905, 
                53.16990787797956
              ], 
              [
                -129.76960195292293, 
                53.15940983566074
              ], 
              [
                -129.7852675691103, 
                53.162420831879146
              ], 
              [
                -129.796457403245, 
                53.17145408853747
              ], 
              [
                -129.806060495401, 
                53.18121993434641
              ], 
              [
                -129.8173722391897, 
                53.186712996079315
              ], 
              [
                -129.83067788148017, 
                53.18374259698485
              ], 
              [
                -129.84146073798138, 
                53.17475006406645
              ], 
              [
                -129.85045317797218, 
                53.164862298093276
              ], 
              [
                -129.85830637987914, 
                53.15940983566074
              ], 
              [
                -129.8874407112365, 
                53.15778244198158
              ], 
              [
                -129.91295318985217, 
                53.15940983566074
              ], 
              [
                -129.92809002773367, 
                53.16376379217698
              ], 
              [
                -129.9394424420287, 
                53.168890624036266
              ], 
              [
                -129.99396711797385, 
                53.214178648064276
              ], 
              [
                -130.0077204206557, 
                53.23126853834592
              ], 
              [
                -130.0097549812022, 
                53.248195675178586
              ], 
              [
                -130.05382240111322, 
                53.2600772219153
              ], 
              [
                -130.0755917033367, 
                53.26898844697658
              ], 
              [
                -130.08486893360063, 
                53.27920155494619
              ], 
              [
                -130.08454336860487, 
                53.298244479477745
              ], 
              [
                -130.08617088621654, 
                53.31232317207349
              ], 
              [
                -130.0940649500904, 
                53.32257725663298
              ], 
              [
                -130.11217206187206, 
                53.330064250846945
              ], 
              [
                -130.14439852059908, 
                53.33173244423643
              ], 
              [
                -130.15562888225972, 
                53.33722550472335
              ], 
              [
                -130.15998292851148, 
                53.3549258976514
              ], 
              [
                -130.16466214099063, 
                53.362778944557135
              ], 
              [
                -130.1756893573738, 
                53.36554606270484
              ], 
              [
                -130.19815014821995, 
                53.36489487990022
              ], 
              [
                -130.19953352426162, 
                53.3676210321826
              ], 
              [
                -130.20588120920527, 
                53.374090786086995
              ], 
              [
                -130.21434490782283, 
                53.38100825488927
              ], 
              [
                -130.2220351811922, 
                53.385402635123064
              ], 
              [
                -130.3145239610902, 
                53.39276771143644
              ], 
              [
                -130.3255101041824, 
                53.39996968266618
              ], 
              [
                -130.36538662767478, 
                53.44741455544122
              ], 
              [
                -130.39338119804054, 
                53.47003804183394
              ], 
              [
                -130.40762299431648, 
                53.48484948831365
              ], 
              [
                -130.41388924689363, 
                53.49860272081691
              ], 
              [
                -130.40428630599496, 
                53.51019932811991
              ], 
              [
                -130.38206937478398, 
                53.5152854626284
              ], 
              [
                -130.33812424957597, 
                53.51630289448904
              ], 
              [
                -130.364898356279, 
                53.527329930339825
              ], 
              [
                -130.38499915978943, 
                53.526556714497815
              ], 
              [
                -130.40575119082257, 
                53.52069741417978
              ], 
              [
                -130.43431565564723, 
                53.51630289448904
              ], 
              [
                -130.44981850627397, 
                53.51679109952862
              ], 
              [
                -130.46092704802217, 
                53.51959885404699
              ], 
              [
                -130.46983808076249, 
                53.524888472116764
              ], 
              [
                -130.50259359605693, 
                53.54979079718438
              ], 
              [
                -130.50959225987796, 
                53.5511742285266
              ], 
              [
                -130.51891015293933, 
                53.55097064288472
              ], 
              [
                -130.52708906598554, 
                53.552679821850916
              ], 
              [
                -130.53050686309308, 
                53.55975973568183
              ], 
              [
                -130.5297745113303, 
                53.58291247177805
              ], 
              [
                -130.52562427677032, 
                53.6089542870213
              ], 
              [
                -130.51528882867348, 
                53.63035712842818
              ], 
              [
                -130.49608328197672, 
                53.63922774414446
              ], 
              [
                -130.44448812188602, 
                53.635402771165836
              ], 
              [
                -130.41454015638465, 
                53.62889230892171
              ], 
              [
                -130.39273020160536, 
                53.618109373871704
              ], 
              [
                -130.3659562934032, 
                53.61286052343661
              ], 
              [
                -130.31558191738011, 
                53.58978920872703
              ], 
              [
                -130.26130123347727, 
                53.580633853587635
              ], 
              [
                -130.23656178367173, 
                53.57078697602671
              ], 
              [
                -130.18789613834153, 
                53.54360571763211
              ], 
              [
                -130.11514245644196, 
                53.5194360114069
              ], 
              [
                -130.0750220543859, 
                53.49286541280778
              ], 
              [
                -129.9739884133947, 
                53.45799388430413
              ], 
              [
                -129.92857836230613, 
                53.432562671323915
              ], 
              [
                -129.90050194971795, 
                53.40900286945949
              ], 
              [
                -129.89053287047705, 
                53.40395729233947
              ], 
              [
                -129.8826391951576, 
                53.39817949474633
              ], 
              [
                -129.87596589245592, 
                53.37832260245417
              ], 
              [
                -129.86782779560235, 
                53.3676210321826
              ], 
              [
                -129.76610262319525, 
                53.26459377355706
              ], 
              [
                -129.74294998112472, 
                53.23529692464869
              ]
            ]
          ], 
          [
            [
              [
                -129.1662490490419, 
                53.385402635123064
              ], 
              [
                -129.17210842876318, 
                53.40839254877894
              ], 
              [
                -129.17430568744192, 
                53.450262659786674
              ], 
              [
                -129.17174224715757, 
                53.49323144446063
              ], 
              [
                -129.1588027904371, 
                53.532660151943425
              ], 
              [
                -129.16624912605107, 
                53.590765666017916
              ], 
              [
                -129.16527270790763, 
                53.61383709459781
              ], 
              [
                -129.15998278679015, 
                53.62702048811977
              ], 
              [
                -129.13613848363153, 
                53.649400139346284
              ], 
              [
                -129.1219376547861, 
                53.65558505281995
              ], 
              [
                -129.07957915590455, 
                53.66738508572137
              ], 
              [
                -129.07066823764697, 
                53.67645918638095
              ], 
              [
                -129.06065840402186, 
                53.68431231129462
              ], 
              [
                -129.0377089778554, 
                53.691839780017986
              ], 
              [
                -128.9955133212683, 
                53.700628824127264
              ], 
              [
                -128.90273988337958, 
                53.700628824127264
              ], 
              [
                -128.883656226445, 
                53.70481990711305
              ], 
              [
                -128.86286386229133, 
                53.71234784459088
              ], 
              [
                -128.8421933181477, 
                53.715969292380535
              ], 
              [
                -128.82363863799807, 
                53.708075418036536
              ], 
              [
                -128.8574926511851, 
                53.68284740685174
              ], 
              [
                -128.86827565600518, 
                53.66754805011806
              ], 
              [
                -128.86461330883532, 
                53.652818002459114
              ], 
              [
                -128.88166254651543, 
                53.621283253121554
              ], 
              [
                -128.87979069078978, 
                53.59210834211941
              ], 
              [
                -128.8842666733534, 
                53.57623926927467
              ], 
              [
                -128.9533585042573, 
                53.59149809107187
              ], 
              [
                -128.9805396800861, 
                53.58466233449238
              ], 
              [
                -129.06944735044812, 
                53.520453148919835
              ], 
              [
                -129.0812069306446, 
                53.51630289448904
              ], 
              [
                -129.09386155930048, 
                53.50893799193839
              ], 
              [
                -129.09349526741002, 
                53.492621181717176
              ], 
              [
                -129.08433996042717, 
                53.46792225582397
              ], 
              [
                -129.09141994550967, 
                53.450262659786674
              ], 
              [
                -129.1019589433074, 
                53.44302007450519
              ], 
              [
                -129.114857558005, 
                53.43886953978874
              ], 
              [
                -129.1290176705773, 
                53.43036526669692
              ], 
              [
                -129.14928126037805, 
                53.40875874096386
              ], 
              [
                -129.1662490490419, 
                53.385402635123064
              ]
            ]
          ], 
          [
            [
              [
                -130.40636134450597, 
                53.68699768189168
              ], 
              [
                -130.36705475855626, 
                53.71308008938216
              ], 
              [
                -130.30382241247978, 
                53.7457543156262
              ], 
              [
                -130.2909234884002, 
                53.75527564643998
              ], 
              [
                -130.29832912089879, 
                53.77285380335846
              ], 
              [
                -130.30174718562478, 
                53.78945545734495
              ], 
              [
                -130.29637622729356, 
                53.80097088518234
              ], 
              [
                -130.27725171010556, 
                53.80365627246553
              ], 
              [
                -130.26089442404404, 
                53.797837716588745
              ], 
              [
                -130.23338789861396, 
                53.784409967974064
              ], 
              [
                -130.22203515127302, 
                53.7763531288924
              ], 
              [
                -130.2307836560518, 
                53.764878646147146
              ], 
              [
                -130.2350967355798, 
                53.75307844814458
              ], 
              [
                -130.23468986738115, 
                53.74070868733866
              ], 
              [
                -130.22887110132763, 
                53.72797260714064
              ], 
              [
                -130.2167861151812, 
                53.718084888140346
              ], 
              [
                -130.20152737422399, 
                53.715806287888306
              ], 
              [
                -130.18443755349278, 
                53.71539940904805
              ], 
              [
                -130.13825451243434, 
                53.70282638341138
              ], 
              [
                -130.12474531175476, 
                53.69562415372577
              ], 
              [
                -130.11900798151567, 
                53.68357985771099
              ], 
              [
                -130.1218155559301, 
                53.672430728069564
              ], 
              [
                -130.12657615452855, 
                53.66351945814009
              ], 
              [
                -130.12751226436325, 
                53.65350991931045
              ], 
              [
                -130.11900808655784, 
                53.63922774414446
              ], 
              [
                -130.12645413481027, 
                53.63178122506211
              ], 
              [
                -130.11432855154487, 
                53.618150104788775
              ], 
              [
                -130.10578379383927, 
                53.60394941596778
              ], 
              [
                -130.09166426318072, 
                53.57029863818264
              ], 
              [
                -130.1170142631096, 
                53.570380080351
              ], 
              [
                -130.17365472484084, 
                53.590765666017916
              ], 
              [
                -130.2516168286345, 
                53.597072502793765
              ], 
              [
                -130.2938126364144, 
                53.61912670208044
              ], 
              [
                -130.33185781222627, 
                53.62400944517223
              ], 
              [
                -130.34862232906838, 
                53.63548424013918
              ], 
              [
                -130.36461350392767, 
                53.658270663585554
              ], 
              [
                -130.37287357674697, 
                53.66649004723182
              ], 
              [
                -130.38084860329704, 
                53.67182022879494
              ], 
              [
                -130.39793864114657, 
                53.680243264473205
              ], 
              [
                -130.40636134450597, 
                53.68699768189168
              ]
            ]
          ], 
          [
            [
              [
                -130.25279710444244, 
                53.892482910150036
              ], 
              [
                -130.23314368572753, 
                53.897935290636596
              ], 
              [
                -130.1961971356561, 
                53.91657141912572
              ], 
              [
                -130.18106035922833, 
                53.91290925479442
              ], 
              [
                -130.1574599473249, 
                53.898138603766846
              ], 
              [
                -130.10635341476615, 
                53.88035725485542
              ], 
              [
                -130.08145089375762, 
                53.86139549691555
              ], 
              [
                -130.07046455168904, 
                53.85643129053672
              ], 
              [
                -130.0372615384668, 
                53.85016512069497
              ], 
              [
                -130.03026273374854, 
                53.84808982429296
              ], 
              [
                -130.02672266834577, 
                53.83852762416963
              ], 
              [
                -130.01805584225835, 
                53.83246495783201
              ], 
              [
                -129.9961644068654, 
                53.824164025246894
              ], 
              [
                -129.9326878698673, 
                53.7819277208836
              ], 
              [
                -129.9002985979912, 
                53.77342353757919
              ], 
              [
                -129.89085838713865, 
                53.76642473767731
              ], 
              [
                -129.8756403575137, 
                53.75214257679441
              ], 
              [
                -129.86510175210515, 
                53.746161257362154
              ], 
              [
                -129.84137925973812, 
                53.73989482732357
              ], 
              [
                -129.8309626536695, 
                53.73541897348749
              ], 
              [
                -129.7774960323313, 
                53.68903242251203
              ], 
              [
                -129.76960215740314, 
                53.67645918638095
              ], 
              [
                -129.7599990501705, 
                53.66962301555328
              ], 
              [
                -129.67479417262783, 
                53.59271891075113
              ], 
              [
                -129.53457602609782, 
                53.50812413928782
              ], 
              [
                -129.52383393638587, 
                53.49945724107524
              ], 
              [
                -129.51573652314718, 
                53.488348763806094
              ], 
              [
                -129.533924906808, 
                53.48338448077018
              ], 
              [
                -129.5508926282299, 
                53.48224510802408
              ], 
              [
                -129.56749416260098, 
                53.484116825429986
              ], 
              [
                -129.61632239024726, 
                53.499090882420695
              ], 
              [
                -129.6297908576731, 
                53.496812279261675
              ], 
              [
                -129.6392309325533, 
                53.48151277024459
              ], 
              [
                -129.61896738037788, 
                53.484808784749404
              ], 
              [
                -129.61192793019626, 
                53.488348763806094
              ], 
              [
                -129.58804263894442, 
                53.474676695705945
              ], 
              [
                -129.55988510636158, 
                53.471258746362366
              ], 
              [
                -129.49893133386428, 
                53.47475809870336
              ], 
              [
                -129.47813889251114, 
                53.46832925735355
              ], 
              [
                -129.45124270870681, 
                53.45319251444925
              ], 
              [
                -129.4269913109493, 
                53.43500394491129
              ], 
              [
                -129.4139297633029, 
                53.41950099205024
              ], 
              [
                -129.4027970515119, 
                53.39836620845397
              ], 
              [
                -129.3687758894248, 
                53.38387055161185
              ], 
              [
                -129.33653588548611, 
                53.36061446985364
              ], 
              [
                -129.34575330490827, 
                53.32806754466159
              ], 
              [
                -129.32576082002274, 
                53.295910788320604
              ], 
              [
                -129.32871820992023, 
                53.26344933977976
              ], 
              [
                -129.36139978713695, 
                53.24554078917716
              ], 
              [
                -129.37936862330977, 
                53.28023764599949
              ], 
              [
                -129.3965740771551, 
                53.292449233014054
              ], 
              [
                -129.3909450219392, 
                53.30874847356466
              ], 
              [
                -129.406478247706, 
                53.332219883436984
              ], 
              [
                -129.42958904119166, 
                53.33563451331415
              ], 
              [
                -129.44131034318582, 
                53.315512049673806
              ], 
              [
                -129.45913666343375, 
                53.29482670135651
              ], 
              [
                -129.47524992928544, 
                53.297430852622796
              ], 
              [
                -129.50267484515183, 
                53.31708396582194
              ], 
              [
                -129.51292894601826, 
                53.310695807845306
              ], 
              [
                -129.5094294431305, 
                53.297186544542065
              ], 
              [
                -129.50255274450967, 
                53.28164285496895
              ], 
              [
                -129.50267499295197, 
                53.26862219426938
              ], 
              [
                -129.4822891119393, 
                53.24494041915323
              ], 
              [
                -129.48302171873243, 
                53.224107265904316
              ], 
              [
                -129.49864665844117, 
                53.21556228524781
              ], 
              [
                -129.5231015186401, 
                53.22833908245203
              ], 
              [
                -129.54507410840662, 
                53.21771890007769
              ], 
              [
                -129.56753493452396, 
                53.21531807622118
              ], 
              [
                -129.58503156798903, 
                53.22370012879236
              ], 
              [
                -129.59203053896954, 
                53.2450626990974
              ], 
              [
                -129.6017960732329, 
                53.256089628925956
              ], 
              [
                -129.64663657581673, 
                53.295477657208174
              ], 
              [
                -129.65973878292976, 
                53.309637807475276
              ], 
              [
                -129.65318778018823, 
                53.31061447150506
              ], 
              [
                -129.64443924656626, 
                53.31509022589036
              ], 
              [
                -129.63923083505819, 
                53.31708396582194
              ], 
              [
                -129.67393963967714, 
                53.330064250846945
              ], 
              [
                -129.67393960085715, 
                53.33759188225449
              ], 
              [
                -129.65973861909532, 
                53.34442768884464
              ], 
              [
                -129.6725968507352, 
                53.349269964386615
              ], 
              [
                -129.68496653128554, 
                53.34516015553615
              ], 
              [
                -129.69855720839922, 
                53.33893474674897
              ], 
              [
                -129.71495522586315, 
                53.33759188225449
              ], 
              [
                -129.72565665921243, 
                53.34174221069975
              ], 
              [
                -129.762766034373, 
                53.36489487990022
              ], 
              [
                -129.76406814486703, 
                53.36969633847693
              ], 
              [
                -129.76268469856004, 
                53.37653229260891
              ], 
              [
                -129.76211508889804, 
                53.382717239167086
              ], 
              [
                -129.76610256355912, 
                53.385402635123064
              ], 
              [
                -129.7968642948728, 
                53.378485330018115
              ], 
              [
                -129.80687406239704, 
                53.38532126851607
              ], 
              [
                -129.82225510144255, 
                53.40534097329876
              ], 
              [
                -129.83096273760347, 
                53.412665148058394
              ], 
              [
                -129.82213286262285, 
                53.44106672249945
              ], 
              [
                -129.8185114927797, 
                53.45941800689092
              ], 
              [
                -129.82103421756733, 
                53.471340147964014
              ], 
              [
                -129.8338923108764, 
                53.47260156152807
              ], 
              [
                -129.85326080698425, 
                53.467718755370704
              ], 
              [
                -129.87547759433485, 
                53.466375973090166
              ], 
              [
                -129.8967991891019, 
                53.47809470366212
              ], 
              [
                -129.8953344387081, 
                53.487250066719376
              ], 
              [
                -129.87633216426755, 
                53.51992422414013
              ], 
              [
                -129.87193772219698, 
                53.53620035151773
              ], 
              [
                -129.87702397854852, 
                53.55410399108208
              ], 
              [
                -129.88874267581133, 
                53.56171299044658
              ], 
              [
                -129.90591371602684, 
                53.563218348106744
              ], 
              [
                -129.92723541434512, 
                53.56289290705726
              ], 
              [
                -129.9186906155249, 
                53.571519327214155
              ], 
              [
                -129.90819262876894, 
                53.57684978898578
              ], 
              [
                -129.88630136579422, 
                53.584621610468545
              ], 
              [
                -129.91340073891652, 
                53.59536357232476
              ], 
              [
                -129.92682865860652, 
                53.59662514232961
              ], 
              [
                -129.94090732888947, 
                53.590765666017916
              ], 
              [
                -129.9409072748113, 
                53.598211903208444
              ], 
              [
                -129.93309480136224, 
                53.60032781464876
              ], 
              [
                -129.9129534001967, 
                53.611273645053224
              ], 
              [
                -129.93858808402882, 
                53.620428839308794
              ], 
              [
                -129.9542130098142, 
                53.60980865124501
              ], 
              [
                -129.96739649936612, 
                53.59320698816788
              ], 
              [
                -129.98550383989345, 
                53.584621610468545
              ], 
              [
                -130.030344045017, 
                53.58161026573738
              ], 
              [
                -130.04963126515236, 
                53.58779526822033
              ], 
              [
                -130.057525212321, 
                53.60785555353356
              ], 
              [
                -130.03331459916754, 
                53.631293052420794
              ], 
              [
                -129.9780980622783, 
                53.643011739395035
              ], 
              [
                -129.9180803026926, 
                53.643133947577574
              ], 
              [
                -129.87938382199292, 
                53.63178122506211
              ], 
              [
                -129.87193777328338, 
                53.63922774414446
              ], 
              [
                -129.90249594708942, 
                53.6587589029615
              ], 
              [
                -129.94619693052175, 
                53.66429257759212
              ], 
              [
                -129.9923395345541, 
                53.660711872553755
              ], 
              [
                -130.03026272191116, 
                53.652818002459114
              ], 
              [
                -130.05833895506788, 
                53.640204129866994
              ], 
              [
                -130.0757543212321, 
                53.63764065398206
              ], 
              [
                -130.0916641386211, 
                53.64606349298948
              ], 
              [
                -130.0975642094668, 
                53.661281597599235
              ], 
              [
                -130.09239658751306, 
                53.693060588725075
              ], 
              [
                -130.09850029260124, 
                53.708075418036536
              ], 
              [
                -130.16738835438505, 
                53.72797260714064
              ], 
              [
                -130.20238201078575, 
                53.73029210260423
              ], 
              [
                -130.21153726099394, 
                53.736639736940525
              ], 
              [
                -130.21458885248433, 
                53.75527564643998
              ], 
              [
                -130.21104880711556, 
                53.77106340144467
              ], 
              [
                -130.20523036942603, 
                53.7859562136737
              ], 
              [
                -130.20409081979113, 
                53.80117409726497
              ], 
              [
                -130.21458887728696, 
                53.81732807925362
              ], 
              [
                -130.23119071421587, 
                53.825669811358736
              ], 
              [
                -130.29092362975874, 
                53.83783600287404
              ], 
              [
                -130.27672277632152, 
                53.871039120827355
              ], 
              [
                -130.26732349137706, 
                53.88613527204338
              ], 
              [
                -130.25279710444244, 
                53.892482910150036
              ]
            ]
          ], 
          [
            [
              [
                -130.44737701156026, 
                53.981838216549555
              ], 
              [
                -130.45759020153008, 
                53.96308005300591
              ], 
              [
                -130.46328704548844, 
                53.93537030914377
              ], 
              [
                -130.47154692693118, 
                53.91022362715348
              ], 
              [
                -130.4892470881152, 
                53.899318646224565
              ], 
              [
                -130.52261298748618, 
                53.90216696684233
              ], 
              [
                -130.5443007859138, 
                53.91071186283432
              ], 
              [
                -130.58169498870458, 
                53.9439963659017
              ], 
              [
                -130.60383066886706, 
                53.95937747410495
              ], 
              [
                -130.61856032371134, 
                53.96572497627828
              ], 
              [
                -130.6295061489999, 
                53.964423069806664
              ], 
              [
                -130.63866134475157, 
                53.956244286010524
              ], 
              [
                -130.64899651440456, 
                53.949448927382726
              ], 
              [
                -130.6572973663006, 
                53.95099521822148
              ], 
              [
                -130.66026784554583, 
                53.967596877542185
              ], 
              [
                -130.67577049499764, 
                53.96100481619079
              ], 
              [
                -130.6842341896205, 
                53.94782136601116
              ], 
              [
                -130.69107005841153, 
                53.93276596369475
              ], 
              [
                -130.70124249924504, 
                53.920355401344025
              ], 
              [
                -130.69017501452913, 
                53.905829245000234
              ], 
              [
                -130.67467211553608, 
                53.898627125298525
              ], 
              [
                -130.6572158147775, 
                53.89370339030395
              ], 
              [
                -130.64037027569447, 
                53.88556552505238
              ], 
              [
                -130.62779685165634, 
                53.87221899901013
              ], 
              [
                -130.62222236328049, 
                53.85643129053672
              ], 
              [
                -130.62824464101712, 
                53.8433292125318
              ], 
              [
                -130.65029862975257, 
                53.83783600287404
              ], 
              [
                -130.65636138108374, 
                53.839585607191594
              ], 
              [
                -130.6813046072562, 
                53.851507989905194
              ], 
              [
                -130.69684799570166, 
                53.85126363001281
              ], 
              [
                -130.7080786630997, 
                53.85293211154063
              ], 
              [
                -130.7154842764165, 
                53.857652177053495
              ], 
              [
                -130.71519930041828, 
                53.8711611550562
              ], 
              [
                -130.70995035640917, 
                53.889553156652845
              ], 
              [
                -130.70840418154035, 
                53.905829245000234
              ], 
              [
                -130.71886146526234, 
                53.91290925479442
              ], 
              [
                -130.72362205209825, 
                53.92047746651364
              ], 
              [
                -130.71776292048935, 
                53.93716063901538
              ], 
              [
                -130.70547436175002, 
                53.95376206270758
              ], 
              [
                -130.69127349021517, 
                53.961371088654836
              ], 
              [
                -130.68651289075538, 
                53.965074021949036
              ], 
              [
                -130.67931071724723, 
                53.982977644841064
              ], 
              [
                -130.67389900422558, 
                53.989243987663194
              ], 
              [
                -130.66616770463844, 
                53.9910341826357
              ], 
              [
                -130.65566986810242, 
                53.99164473180202
              ], 
              [
                -130.64745025664817, 
                53.9910341826357
              ], 
              [
                -130.64659594420212, 
                53.989243987663194
              ], 
              [
                -130.63243564278017, 
                53.99998603872287
              ], 
              [
                -130.6188044785374, 
                54.013617243269856
              ], 
              [
                -130.60383051600337, 
                54.02529529900596
              ], 
              [
                -130.58511317099826, 
                54.03021889792598
              ], 
              [
                -130.56663983632464, 
                54.03294510888795
              ], 
              [
                -130.51622489542, 
                54.05695236315519
              ], 
              [
                -130.51854413154086, 
                54.06867101917269
              ], 
              [
                -130.45213784722742, 
                54.07558830390978
              ], 
              [
                -130.4343155416969, 
                54.081122120723336
              ], 
              [
                -130.42162026942628, 
                54.10004305802681
              ], 
              [
                -130.39248621201276, 
                54.09540443925962
              ], 
              [
                -130.33812418411082, 
                54.07123447129585
              ], 
              [
                -130.29039467513604, 
                54.02928295833283
              ], 
              [
                -130.28038501368235, 
                54.022772639968245
              ], 
              [
                -130.26471921018793, 
                54.01508210289627
              ], 
              [
                -130.24592021001988, 
                53.9964051833014
              ], 
              [
                -130.23151618808214, 
                53.97378174515483
              ], 
              [
                -130.2288710708007, 
                53.95384334805912
              ], 
              [
                -130.2418107822897, 
                53.93740479056196
              ], 
              [
                -130.28408757372833, 
                53.914496047168434
              ], 
              [
                -130.30089275078825, 
                53.90273676245295
              ], 
              [
                -130.32787018044436, 
                53.875677739903075
              ], 
              [
                -130.3340957432235, 
                53.86517967088464
              ], 
              [
                -130.33698483468737, 
                53.85504792344271
              ], 
              [
                -130.34121653567172, 
                53.845770513068906
              ], 
              [
                -130.35179602575766, 
                53.83783600287404
              ], 
              [
                -130.3620500518798, 
                53.83624920276455
              ], 
              [
                -130.39659594991105, 
                53.83624920276455
              ], 
              [
                -130.40636145475676, 
                53.83783600287404
              ], 
              [
                -130.41250564950295, 
                53.84491607021156
              ], 
              [
                -130.423329245703, 
                53.86717358392078
              ], 
              [
                -130.42438709720622, 
                53.87197492930354
              ], 
              [
                -130.44273825130267, 
                53.86347061880568
              ], 
              [
                -130.46190361372103, 
                53.84878179805006
              ], 
              [
                -130.47862718107447, 
                53.84393961382899
              ], 
              [
                -130.4895728677324, 
                53.865139204809445
              ], 
              [
                -130.49144455091997, 
                53.87750893728065
              ], 
              [
                -130.48936936281027, 
                53.87995034979379
              ], 
              [
                -130.48228915106102, 
                53.88003160427195
              ], 
              [
                -130.4691056276556, 
                53.88556552505238
              ], 
              [
                -130.46011300331864, 
                53.89227928674521
              ], 
              [
                -130.45323638460118, 
                53.899074542535054
              ], 
              [
                -130.41071528166904, 
                53.95319243363206
              ], 
              [
                -130.39606670101827, 
                53.96214412193051
              ], 
              [
                -130.36538666123315, 
                53.967596877542185
              ], 
              [
                -130.33128835319698, 
                53.967596877542185
              ], 
              [
                -130.33128829363562, 
                53.975002420263586
              ], 
              [
                -130.34422756461498, 
                53.977728485380986
              ], 
              [
                -130.350249700434, 
                53.98248922722852
              ], 
              [
                -130.34854093899534, 
                53.98859295426287
              ], 
              [
                -130.33812429734306, 
                53.99542891422765
              ], 
              [
                -130.34943585962066, 
                53.99941627365357
              ], 
              [
                -130.36115478737364, 
                53.99754469737692
              ], 
              [
                -130.38654548897873, 
                53.989243987663194
              ], 
              [
                -130.43268792152415, 
                53.987779007422134
              ], 
              [
                -130.44737701156026, 
                53.981838216549555
              ]
            ]
          ], 
          [
            [
              [
                -132.57941660879868, 
                53.207220901968434
              ], 
              [
                -132.56187901966015, 
                53.220038137468784
              ], 
              [
                -132.55577556497482, 
                53.22679275274227
              ], 
              [
                -132.55211350967403, 
                53.23517496575305
              ], 
              [
                -132.57111563176773, 
                53.23533757763023
              ], 
              [
                -132.6271867840889, 
                53.25560142839906
              ], 
              [
                -132.66795813195765, 
                53.260891013217424
              ], 
              [
                -132.70978748427243, 
                53.26178612440353
              ], 
              [
                -132.698475611007, 
                53.27887594544102
              ], 
              [
                -132.67365459197865, 
                53.288804277360164
              ], 
              [
                -132.6203508178414, 
                53.30280192245056
              ], 
              [
                -132.61925192858374, 
                53.304876874634374
              ], 
              [
                -132.618031421772, 
                53.30906814152251
              ], 
              [
                -132.6160783596426, 
                53.313666183073316
              ], 
              [
                -132.61290433501804, 
                53.31708396582194
              ], 
              [
                -132.5787654625922, 
                53.323920020819926
              ], 
              [
                -132.56623280506997, 
                53.3195660798494
              ], 
              [
                -132.55296788636255, 
                53.31268950423176
              ], 
              [
                -132.54263260774758, 
                53.31207916117806
              ], 
              [
                -132.53844140088157, 
                53.32697161898438
              ], 
              [
                -132.56895911522327, 
                53.33685944315845
              ], 
              [
                -132.75755765491877, 
                53.31708396582194
              ], 
              [
                -132.74864645788918, 
                53.331244060349825
              ], 
              [
                -132.7136123945687, 
                53.36977769874176
              ], 
              [
                -132.7029515328101, 
                53.378485330018115
              ], 
              [
                -132.6912735513193, 
                53.378119193184986
              ], 
              [
                -132.66128510296508, 
                53.36782474614867
              ], 
              [
                -132.64830477035844, 
                53.36489487990022
              ], 
              [
                -132.5316055513995, 
                53.36489487990022
              ], 
              [
                -132.51886947799744, 
                53.36172098525429
              ], 
              [
                -132.501779762266, 
                53.34756094972276
              ], 
              [
                -132.48302145052853, 
                53.34121312812738
              ], 
              [
                -132.46475189594292, 
                53.327093948712005
              ], 
              [
                -132.43822172545703, 
                53.32151919377508
              ], 
              [
                -132.4276017923942, 
                53.31549723223146
              ], 
              [
                -132.420155443927, 
                53.30678949383542
              ], 
              [
                -132.41490638899674, 
                53.296576248489394
              ], 
              [
                -132.40013581676158, 
                53.33030828356463
              ], 
              [
                -132.4251604485838, 
                53.350775612052225
              ], 
              [
                -132.49746650695596, 
                53.378485330018115
              ], 
              [
                -132.50389565134626, 
                53.386623453569975
              ], 
              [
                -132.51317299698633, 
                53.40643953511079
              ], 
              [
                -132.5179337675059, 
                53.412665148058394
              ], 
              [
                -132.52896069125373, 
                53.417303731000494
              ], 
              [
                -132.5530899174115, 
                53.418361668492174
              ], 
              [
                -132.64122483127048, 
                53.432318514060924
              ], 
              [
                -132.66136646240253, 
                53.43992759144645
              ], 
              [
                -132.65526294091111, 
                53.463039564249414
              ], 
              [
                -132.66104067979487, 
                53.4830588548839
              ], 
              [
                -132.67056234793034, 
                53.49095290836455
              ], 
              [
                -132.68468170515547, 
                53.45766829988566
              ], 
              [
                -132.70653235705024, 
                53.45091380498996
              ], 
              [
                -132.73346934057034, 
                53.45355878874158
              ], 
              [
                -132.75755774790358, 
                53.46108633179305
              ], 
              [
                -132.7575577330694, 
                53.46792225582397
              ], 
              [
                -132.74205482298464, 
                53.47626374463476
              ], 
              [
                -132.72752848821744, 
                53.490057719970935
              ], 
              [
                -132.72264554699152, 
                53.504950177319365
              ], 
              [
                -132.73643968035304, 
                53.51630289448904
              ], 
              [
                -132.74889078964955, 
                53.51618076452114
              ], 
              [
                -132.75397692705909, 
                53.508530907412364
              ], 
              [
                -132.7564182924228, 
                53.49957904522176
              ], 
              [
                -132.76097575694953, 
                53.49518467646734
              ], 
              [
                -132.77049725737564, 
                53.49355708697948
              ], 
              [
                -132.84227446404262, 
                53.46893944569928
              ], 
              [
                -132.86188722313972, 
                53.466864371238024
              ], 
              [
                -132.87364650099414, 
                53.47475809870336
              ], 
              [
                -132.87022857756304, 
                53.487982425591575
              ], 
              [
                -132.83755441899504, 
                53.510646809327845
              ], 
              [
                -132.82648686753228, 
                53.522528466423
              ], 
              [
                -132.92886316959743, 
                53.522528466423
              ], 
              [
                -132.91844638645932, 
                53.53050361839377
              ], 
              [
                -132.90534431103805, 
                53.55036051848328
              ], 
              [
                -132.89411364944146, 
                53.55662661380138
              ], 
              [
                -132.90802965159716, 
                53.56757223885631
              ], 
              [
                -132.92955475804763, 
                53.56549708172815
              ], 
              [
                -132.9542129460692, 
                53.55890527168348
              ], 
              [
                -132.97728422238734, 
                53.55662661380138
              ], 
              [
                -132.97240164243732, 
                53.57648360320421
              ], 
              [
                -132.99063078453972, 
                53.58982993381363
              ], 
              [
                -132.9698379369188, 
                53.598211903208444
              ], 
              [
                -132.94847571057466, 
                53.598293356855905
              ], 
              [
                -132.90021722877617, 
                53.58893461523729
              ], 
              [
                -132.88418540694934, 
                53.59446854442717
              ], 
              [
                -132.89110261579853, 
                53.61969630712575
              ], 
              [
                -132.98387609340895, 
                53.66718169623704
              ], 
              [
                -133.01081284025918, 
                53.68699768189168
              ], 
              [
                -132.9982804593828, 
                53.68097570564719
              ], 
              [
                -132.98680570803583, 
                53.67991763065602
              ], 
              [
                -132.97716231320743, 
                53.68431231129462
              ], 
              [
                -132.96983807835394, 
                53.69448482247669
              ], 
              [
                -132.95579998517243, 
                53.68781163878727
              ], 
              [
                -132.94017487863593, 
                53.68610255428988
              ], 
              [
                -132.9307755729016, 
                53.69013097640776
              ], 
              [
                -132.93565817254205, 
                53.700628824127264
              ], 
              [
                -132.95152757513355, 
                53.70673258432463
              ], 
              [
                -132.97130296767298, 
                53.71019124473676
              ], 
              [
                -132.98371342059443, 
                53.7175968175143
              ], 
              [
                -132.9772842676921, 
                53.73541897348749
              ], 
              [
                -132.9819229141415, 
                53.744940434686185
              ], 
              [
                -132.97809826430958, 
                53.763332566812814
              ], 
              [
                -132.98350984487396, 
                53.7695172733168
              ], 
              [
                -132.99518785838723, 
                53.77073793303423
              ], 
              [
                -133.00328534859278, 
                53.76581457829181
              ], 
              [
                -133.0101212014938, 
                53.75922270296875
              ], 
              [
                -133.0182184073943, 
                53.75527564643998
              ], 
              [
                -133.0286758706571, 
                53.75551988642479
              ], 
              [
                -133.0407607349708, 
                53.76080951033471
              ], 
              [
                -133.06135009623733, 
                53.76471591701023
              ], 
              [
                -133.09850011444132, 
                53.77920155145707
              ], 
              [
                -133.11042237045285, 
                53.786607201619084
              ], 
              [
                -133.11143950120115, 
                53.79791893688802
              ], 
              [
                -133.09727952393342, 
                53.80727782702468
              ], 
              [
                -133.06541895368795, 
                53.81732807925362
              ], 
              [
                -133.0787653678269, 
                53.833319346179614
              ], 
              [
                -133.11986237581456, 
                53.86041895801559
              ], 
              [
                -133.13744049203112, 
                53.875677739903075
              ], 
              [
                -133.14439863152265, 
                53.89691809578749
              ], 
              [
                -133.13581279475088, 
                53.91498429358258
              ], 
              [
                -133.12385007493643, 
                53.929754960125585
              ], 
              [
                -133.12067632059313, 
                53.94086342629575
              ], 
              [
                -133.10081929493842, 
                53.95453506563972
              ], 
              [
                -133.1001685048306, 
                53.97085202975775
              ], 
              [
                -133.10472581541762, 
                53.98749430082395
              ], 
              [
                -133.10073809489128, 
                54.00234610513963
              ], 
              [
                -133.09532623535748, 
                54.00381087934678
              ], 
              [
                -133.0790908212918, 
                54.00145079505165
              ], 
              [
                -133.07286537388921, 
                54.00234610513963
              ], 
              [
                -133.0689997273966, 
                54.005926754209504
              ], 
              [
                -133.06810473941883, 
                54.0094669734224
              ], 
              [
                -133.06773839435485, 
                54.012884817621064
              ], 
              [
                -133.06541907789267, 
                54.01601797367259
              ], 
              [
                -133.05109625661137, 
                54.026556799085185
              ], 
              [
                -133.0434463104912, 
                54.03440979871412
              ], 
              [
                -133.03807548665714, 
                54.043890841256996
              ], 
              [
                -133.0467424448922, 
                54.04970949505403
              ], 
              [
                -133.05117762841806, 
                54.05780679143987
              ], 
              [
                -133.05418844694643, 
                54.0673687352668
              ], 
              [
                -133.06663974599041, 
                54.09491605349677
              ], 
              [
                -133.07262124690246, 
                54.10004305802681
              ], 
              [
                -133.08653732659064, 
                54.10468178869751
              ], 
              [
                -133.04474834090573, 
                54.148016520725875
              ], 
              [
                -133.04051689690468, 
                54.16453700363309
              ], 
              [
                -133.072865363985, 
                54.16681549698633
              ], 
              [
                -133.053374820949, 
                54.183091554583264
              ], 
              [
                -133.02529860527386, 
                54.176092816417466
              ], 
              [
                -132.99787339663297, 
                54.16364157202847
              ], 
              [
                -132.98037687658902, 
                54.16303142707708
              ], 
              [
                -132.96882065810738, 
                54.16860576077643
              ], 
              [
                -132.95278880928214, 
                54.16771062678986
              ], 
              [
                -132.93683830301597, 
                54.162909208342725
              ], 
              [
                -132.92544527892036, 
                54.15619553005382
              ], 
              [
                -132.91624901864125, 
                54.1488710372173
              ], 
              [
                -132.9088028435641, 
                54.145331103169845
              ], 
              [
                -132.83438057828647, 
                54.12815981985915
              ], 
              [
                -132.7780654870152, 
                54.12518945356638
              ], 
              [
                -132.75348890186362, 
                54.12848557208688
              ], 
              [
                -132.70303316758947, 
                54.14264572321377
              ], 
              [
                -132.67564864975455, 
                54.14569740938614
              ], 
              [
                -132.64903716182474, 
                54.141302730740556
              ], 
              [
                -132.6019586487349, 
                54.12262591529397
              ], 
              [
                -132.5756730411266, 
                54.11835363858597
              ], 
              [
                -132.5668837980058, 
                54.10814025602719
              ], 
              [
                -132.5633845057168, 
                54.08502832843327
              ], 
              [
                -132.5636286010777, 
                54.05988180212075
              ], 
              [
                -132.5657854470833, 
                54.043890841256996
              ], 
              [
                -132.58014894843117, 
                54.022650510315565
              ], 
              [
                -132.60020906018434, 
                54.014959978105686
              ], 
              [
                -132.6227921308627, 
                54.01048412614382
              ], 
              [
                -132.64460202120688, 
                53.99892813090108
              ], 
              [
                -132.67520089423883, 
                53.968654614134614
              ], 
              [
                -132.68130439368636, 
                53.950832333659704
              ], 
              [
                -132.6613664243013, 
                53.94086342629575
              ], 
              [
                -132.65469303368374, 
                53.9439963659017
              ], 
              [
                -132.63093030445128, 
                53.964423069806664
              ], 
              [
                -132.62100187518968, 
                53.97052654370599
              ], 
              [
                -132.61021883530287, 
                53.973618841440064
              ], 
              [
                -132.58625248799612, 
                53.975002420263586
              ], 
              [
                -132.56810454941507, 
                53.981838216549555
              ], 
              [
                -132.55508382581417, 
                53.998724712087935
              ], 
              [
                -132.5472307671269, 
                54.020005757843066
              ], 
              [
                -132.54466721525384, 
                54.04018798035753
              ], 
              [
                -132.53237875060822, 
                54.04633213563372
              ], 
              [
                -132.45653241962097, 
                54.06378821196408
              ], 
              [
                -132.43932055831172, 
                54.075425630774866
              ], 
              [
                -132.42467188535448, 
                54.0884462460929
              ], 
              [
                -132.4068498988189, 
                54.0993514520206
              ], 
              [
                -132.29674231183003, 
                54.112290752209645
              ], 
              [
                -132.28400640820266, 
                54.10846597430606
              ], 
              [
                -132.27554262736373, 
                54.09516008796466
              ], 
              [
                -132.23839268902364, 
                54.07160063631597
              ], 
              [
                -132.22996998999776, 
                54.05353437143991
              ], 
              [
                -132.23180090591586, 
                54.04075754927692
              ], 
              [
                -132.23379484223125, 
                54.03497966699683
              ], 
              [
                -132.2303769160264, 
                54.030747936782426
              ], 
              [
                -132.21629810144586, 
                54.022772639968245
              ], 
              [
                -132.20295166619832, 
                54.01862217344761
              ], 
              [
                -132.17393952835735, 
                54.014959978105686
              ], 
              [
                -132.16104084051867, 
                54.00849032202099
              ], 
              [
                -132.14854906068493, 
                53.99249918752325
              ], 
              [
                -132.1445206537652, 
                53.974310629616234
              ], 
              [
                -132.1473280851567, 
                53.95453506563972
              ], 
              [
                -132.15489670248596, 
                53.934027493514115
              ], 
              [
                -132.14395106485003, 
                53.92316323588753
              ], 
              [
                -132.12682059241965, 
                53.90200443943257
              ], 
              [
                -132.11424727718008, 
                53.881293108107585
              ], 
              [
                -132.11701404920953, 
                53.87197492930354
              ], 
              [
                -132.14395099294313, 
                53.84125398884521
              ], 
              [
                -132.1546119331458, 
                53.83641199142498
              ], 
              [
                -132.18394927208246, 
                53.834214514008735
              ], 
              [
                -132.19587170243662, 
                53.83100021048147
              ], 
              [
                -132.21133366991583, 
                53.81513081653727
              ], 
              [
                -132.22398843949998, 
                53.794663830674644
              ], 
              [
                -132.24063051319806, 
                53.77704484873534
              ], 
              [
                -132.26781160314368, 
                53.7695172733168
              ], 
              [
                -132.37401273549898, 
                53.762111637243564
              ], 
              [
                -132.39533446826852, 
                53.75332268539306
              ], 
              [
                -132.43325748525123, 
                53.72675189756568
              ], 
              [
                -132.45278894244143, 
                53.7211368575824
              ], 
              [
                -132.47606359675777, 
                53.717962949346074
              ], 
              [
                -132.52505451774965, 
                53.70384351704895
              ], 
              [
                -132.5521132520021, 
                53.700628824127264
              ], 
              [
                -132.60802169089595, 
                53.70343666296277
              ], 
              [
                -132.63719647810535, 
                53.70099524024124
              ], 
              [
                -132.65794830537615, 
                53.690741216585614
              ], 
              [
                -132.66592377920577, 
                53.67694747081386
              ], 
              [
                -132.65754155629023, 
                53.67470945779555
              ], 
              [
                -132.630930062978, 
                53.68016177700774
              ], 
              [
                -132.6151422335586, 
                53.67963274098788
              ], 
              [
                -132.6050513292909, 
                53.67715087037842
              ], 
              [
                -132.59837808566553, 
                53.67096591198171
              ], 
              [
                -132.5930882034668, 
                53.659653906353654
              ], 
              [
                -132.59410566196036, 
                53.65375403295493
              ], 
              [
                -132.60676012197678, 
                53.63178122506211
              ], 
              [
                -132.58926348775063, 
                53.637111732020905
              ], 
              [
                -132.5671281703333, 
                53.65932862236439
              ], 
              [
                -132.55211348699643, 
                53.66649004723182
              ], 
              [
                -132.5398656405585, 
                53.66461818558896
              ], 
              [
                -132.5134984752484, 
                53.6496442479055
              ], 
              [
                -132.49746654663392, 
                53.64606349298948
              ], 
              [
                -132.46178149025394, 
                53.65110922139938
              ], 
              [
                -132.39110257795596, 
                53.67112856351098
              ], 
              [
                -132.35289476489766, 
                53.67275634951148
              ], 
              [
                -132.38149968637222, 
                53.647935178541935
              ], 
              [
                -132.42113206784848, 
                53.6345890305908
              ], 
              [
                -132.45929941007822, 
                53.616400577379
              ], 
              [
                -132.48379475095396, 
                53.5771345304664
              ], 
              [
                -132.4678848349086, 
                53.577826182485545
              ], 
              [
                -132.4569393422909, 
                53.58494708720311
              ], 
              [
                -132.4471735527184, 
                53.59503807846586
              ], 
              [
                -132.43480379115013, 
                53.60443752108443
              ], 
              [
                -132.40802969677347, 
                53.613023127094166
              ], 
              [
                -132.3801976475171, 
                53.618109373871704
              ], 
              [
                -132.3184707051767, 
                53.617743111738896
              ], 
              [
                -132.28978420502224, 
                53.6227480162162
              ], 
              [
                -132.27090424794855, 
                53.63922774414446
              ], 
              [
                -132.2882379917184, 
                53.63873923731754
              ], 
              [
                -132.31029214365157, 
                53.64166903328663
              ], 
              [
                -132.3282363683112, 
                53.64850486668497
              ], 
              [
                -132.33299705874444, 
                53.659653906353654
              ], 
              [
                -132.31883714687092, 
                53.67275634951148
              ], 
              [
                -132.2961320568443, 
                53.67373290123344
              ], 
              [
                -132.2538143328254, 
                53.66649004723182
              ], 
              [
                -132.2180884486604, 
                53.65591064643863
              ], 
              [
                -132.20230045621108, 
                53.655462836925295
              ], 
              [
                -132.1958714442402, 
                53.66962301555328
              ], 
              [
                -132.18871003831148, 
                53.68113836544095
              ], 
              [
                -132.15916915347256, 
                53.699896625695644
              ], 
              [
                -132.1548964712843, 
                53.71430071402719
              ], 
              [
                -132.16246484151634, 
                53.72614154562298
              ], 
              [
                -132.18805919763747, 
                53.7414005973814
              ], 
              [
                -132.19587140330069, 
                53.75527564643998
              ], 
              [
                -132.19383708832328, 
                53.77399327345685
              ], 
              [
                -132.18398999698942, 
                53.7875836875963
              ], 
              [
                -132.17308492168007, 
                53.79804092541648
              ], 
              [
                -132.16787676400006, 
                53.80707429255213
              ], 
              [
                -132.1610409431172, 
                53.813666199155946
              ], 
              [
                -132.11701414393963, 
                53.84125398884521
              ], 
              [
                -132.08698488196288, 
                53.87763097556318
              ], 
              [
                -132.0785213898503, 
                53.892482910150036
              ], 
              [
                -132.08633372437123, 
                53.901922859577695
              ], 
              [
                -132.10912033819412, 
                53.923041169030135
              ], 
              [
                -132.11388089187895, 
                53.93032452039563
              ], 
              [
                -132.115305144987, 
                53.942857166785615
              ], 
              [
                -132.126942591719, 
                53.975002420263586
              ], 
              [
                -132.12816331415598, 
                53.99917236030306
              ], 
              [
                -132.1303605815739, 
                54.01093180158869
              ], 
              [
                -132.1371964208725, 
                54.01601797367259
              ], 
              [
                -132.1482642156228, 
                54.01894774043688
              ], 
              [
                -132.16087788905108, 
                54.02627171896351
              ], 
              [
                -132.1821998346172, 
                54.043890841256996
              ], 
              [
                -132.167063016643, 
                54.04584387428644
              ], 
              [
                -132.1304420057652, 
                54.033677610619684
              ], 
              [
                -132.04649802694618, 
                54.02269100925918
              ], 
              [
                -131.99347887588266, 
                54.02578350836757
              ], 
              [
                -131.91637138054128, 
                54.04010665871014
              ], 
              [
                -131.86436931513924, 
                54.06704340301904
              ], 
              [
                -131.79430095306705, 
                54.08038975516458
              ], 
              [
                -131.75475027034636, 
                54.1025252635474
              ], 
              [
                -131.723378113836, 
                54.11212804803228
              ], 
              [
                -131.70921796273362, 
                54.11835363858597
              ], 
              [
                -131.69465101021993, 
                54.129095923716
              ], 
              [
                -131.68154868380788, 
                54.14150630018791
              ], 
              [
                -131.66079667898515, 
                54.16681549698633
              ], 
              [
                -131.66226168280116, 
                54.159125215580325
              ], 
              [
                -131.66392982418276, 
                54.15607331567906
              ], 
              [
                -131.66828371692992, 
                54.15314367679918
              ], 
              [
                -131.6624243854184, 
                54.14468017526711
              ], 
              [
                -131.66026774176188, 
                54.13694899234255
              ], 
              [
                -131.6621799735232, 
                54.13031631622113
              ], 
              [
                -131.66828358661687, 
                54.12518945356638
              ], 
              [
                -131.67072514608648, 
                54.079087708497404
              ], 
              [
                -131.67870041521553, 
                54.034165841179636
              ], 
              [
                -131.6932672713772, 
                53.991888635660445
              ], 
              [
                -131.71544333506333, 
                53.95384334805912
              ], 
              [
                -131.74864646136993, 
                53.9164898331571
              ], 
              [
                -131.8190812387453, 
                53.85492589930264
              ], 
              [
                -131.85317937079307, 
                53.81732807925362
              ], 
              [
                -131.86436940256854, 
                53.79999433239593
              ], 
              [
                -131.87051362036468, 
                53.78290449952895
              ], 
              [
                -131.87315848403574, 
                53.763332566812814
              ], 
              [
                -131.87368717233568, 
                53.73851133622974
              ], 
              [
                -131.87653565874993, 
                53.71820714291414
              ], 
              [
                -131.88394137619662, 
                53.69794358341456
              ], 
              [
                -131.89488672976677, 
                53.67820861466767
              ], 
              [
                -131.92198641548137, 
                53.640204129866994
              ], 
              [
                -131.93333915155588, 
                53.61863856070363
              ], 
              [
                -131.9361872175256, 
                53.596096014391534
              ], 
              [
                -131.9252008256645, 
                53.573716397013314
              ], 
              [
                -131.9221898603392, 
                53.56378810797123
              ], 
              [
                -131.92544503019633, 
                53.5519879419067
              ], 
              [
                -131.93199626117305, 
                53.540838970088366
              ], 
              [
                -131.93822180692553, 
                53.53278229203858
              ], 
              [
                -131.94261626699213, 
                53.5216331359437
              ], 
              [
                -131.93968679488827, 
                53.50971113926201
              ], 
              [
                -131.92833418137934, 
                53.488348763806094
              ], 
              [
                -131.91576090906585, 
                53.453029726090676
              ], 
              [
                -131.91372628873847, 
                53.43805565771211
              ], 
              [
                -131.91901606129244, 
                53.38886137722776
              ], 
              [
                -131.91673734820577, 
                53.37543357945857
              ], 
              [
                -131.90782632313304, 
                53.35805900704909
              ], 
              [
                -131.92479393057906, 
                53.3419862576003
              ], 
              [
                -131.9630427150802, 
                53.282944998808034
              ], 
              [
                -131.98444572856016, 
                53.2609316713507
              ], 
              [
                -132.00788315733425, 
                53.253566694436024
              ], 
              [
                -132.09561117502963, 
                53.25454340199948
              ], 
              [
                -132.16576089829366, 
                53.24591708499944
              ], 
              [
                -132.1963598531994, 
                53.23456454210229
              ], 
              [
                -132.21129326028168, 
                53.23407639359138
              ], 
              [
                -132.224354470353, 
                53.23065812649053
              ], 
              [
                -132.2299699006241, 
                53.217759549525915
              ], 
              [
                -132.23574791647852, 
                53.2075870434175
              ], 
              [
                -132.2493791744532, 
                53.207220901968434
              ], 
              [
                -132.27774004289353, 
                53.21466706366234
              ], 
              [
                -132.2610571502464, 
                53.20050695566572
              ], 
              [
                -132.2451064850942, 
                53.19660056727321
              ], 
              [
                -132.2095435857833, 
                53.20099533828334
              ], 
              [
                -132.1269426736822, 
                53.20099533828334
              ], 
              [
                -132.1363826186791, 
                53.18866608555748
              ], 
              [
                -132.15469321405533, 
                53.17601150874814
              ], 
              [
                -132.17638104315867, 
                53.165513465720345
              ], 
              [
                -132.19587148372494, 
                53.15940983566074
              ], 
              [
                -132.2275286123534, 
                53.156805886027726
              ], 
              [
                -132.2554418674688, 
                53.16132233917484
              ], 
              [
                -132.27993730432735, 
                53.17267487231245
              ], 
              [
                -132.3016657238048, 
                53.1901308362494
              ], 
              [
                -132.31505273631723, 
                53.1980653753222
              ], 
              [
                -132.3196916670138, 
                53.190497261878626
              ], 
              [
                -132.31965095442285, 
                53.17780192934177
              ], 
              [
                -132.31871512789533, 
                53.169989472741015
              ], 
              [
                -132.32445232411942, 
                53.16526931699417
              ], 
              [
                -132.33771732403434, 
                53.162014133715225
              ], 
              [
                -132.37450126475144, 
                53.15729416341761
              ], 
              [
                -132.40054273038368, 
                53.14789455734815
              ], 
              [
                -132.414621582571, 
                53.14573805502249
              ], 
              [
                -132.4433487790595, 
                53.145982180268994
              ], 
              [
                -132.45677662504067, 
                53.147772651041
              ], 
              [
                -132.46955312887704, 
                53.15192286168596
              ], 
              [
                -132.4610488440026, 
                53.16364156131556
              ], 
              [
                -132.45783429290975, 
                53.17047746680617
              ], 
              [
                -132.45653237179852, 
                53.176825277049936
              ], 
              [
                -132.45958422819103, 
                53.18447511074993
              ], 
              [
                -132.46646083966527, 
                53.18748616394989
              ], 
              [
                -132.4732559798679, 
                53.18675363930468
              ], 
              [
                -132.47638903193922, 
                53.18329489847707
              ], 
              [
                -132.48452702691296, 
                53.16791401464273
              ], 
              [
                -132.5034072129207, 
                53.16742571170842
              ], 
              [
                -132.53844169730598, 
                53.179877173551255
              ], 
              [
                -132.53844157601122, 
                53.186712996079315
              ], 
              [
                -132.51793388496444, 
                53.19354904913365
              ], 
              [
                -132.5325416339296, 
                53.198676003960834
              ], 
              [
                -132.56427966141342, 
                53.20209373084729
              ], 
              [
                -132.57941660879868, 
                53.207220901968434
              ]
            ]
          ], 
          [
            [
              [
                -130.22915611306243, 
                54.11835363858597
              ], 
              [
                -130.243397453212, 
                54.12262591529397
              ], 
              [
                -130.253529516455, 
                54.132554514079274
              ], 
              [
                -130.2616266136161, 
                54.14419166419197
              ], 
              [
                -130.26984621630396, 
                54.15314367679918
              ], 
              [
                -130.25918534578744, 
                54.18211497110463
              ], 
              [
                -130.25279703686388, 
                54.19065992885855
              ], 
              [
                -130.24201424313358, 
                54.19578696003976
              ], 
              [
                -130.2277725068895, 
                54.19717023696104
              ], 
              [
                -130.21646072975847, 
                54.19440337644278
              ], 
              [
                -130.21458883444478, 
                54.18732315724411
              ], 
              [
                -130.1859026053977, 
                54.17987714442162
              ], 
              [
                -130.16250580144427, 
                54.160956252199306
              ], 
              [
                -130.15587321075836, 
                54.141587664708624
              ], 
              [
                -130.21353122187367, 
                54.12059169700092
              ], 
              [
                -130.22915611306243, 
                54.11835363858597
              ]
            ]
          ], 
          [
            [
              [
                -130.65404218025512, 
                54.11835363858597
              ], 
              [
                -130.67284110255815, 
                54.112779182114345
              ], 
              [
                -130.69762110760502, 
                54.114935505775904
              ], 
              [
                -130.71922766795896, 
                54.12327708496165
              ], 
              [
                -130.72850491762617, 
                54.13605368956661
              ], 
              [
                -130.73940994833322, 
                54.13641997806869
              ], 
              [
                -130.78994713044455, 
                54.16176998150673
              ], 
              [
                -130.80483967185933, 
                54.17365145632002
              ], 
              [
                -130.79434174964618, 
                54.186753787013515
              ], 
              [
                -130.7867324324279, 
                54.202541297156486
              ], 
              [
                -130.77603116901312, 
                54.21409750548939
              ], 
              [
                -130.75645914946043, 
                54.214545022145316
              ], 
              [
                -130.68106025555696, 
                54.17206443062644
              ], 
              [
                -130.64940356674396, 
                54.1445988094346
              ], 
              [
                -130.65404218025512, 
                54.11835363858597
              ]
            ]
          ], 
          [
            [
              [
                -130.35326071466213, 
                54.26764542864307
              ], 
              [
                -130.35610929411172, 
                54.26544841676751
              ], 
              [
                -130.36213120713685, 
                54.25844951093944
              ], 
              [
                -130.36538666963907, 
                54.25556075131285
              ], 
              [
                -130.3707168662498, 
                54.252264660047054
              ], 
              [
                -130.36937400014276, 
                54.248236251838705
              ], 
              [
                -130.36538642337635, 
                54.242498997677295
              ], 
              [
                -130.39435788876892, 
                54.254055091018635
              ], 
              [
                -130.44408130928483, 
                54.291205262125295
              ], 
              [
                -130.46910558589542, 
                54.3039411366902
              ], 
              [
                -130.4620255504336, 
                54.31769443142597
              ], 
              [
                -130.45091718552865, 
                54.3275821582598
              ], 
              [
                -130.4368791930696, 
                54.33266850767288
              ], 
              [
                -130.42064381634893, 
                54.33185468260683
              ], 
              [
                -130.3881730082381, 
                54.311021251460595
              ], 
              [
                -130.3797094269037, 
                54.3039411366902
              ], 
              [
                -130.36164310893574, 
                54.27802162306221
              ], 
              [
                -130.3548478654186, 
                54.27175535033888
              ], 
              [
                -130.35301674242035, 
                54.26898835869099
              ], 
              [
                -130.35326071466213, 
                54.26764542864307
              ]
            ]
          ], 
          [
            [
              [
                -130.35212143350068, 
                54.267726846873664
              ], 
              [
                -130.3520402297816, 
                54.2684187448368
              ], 
              [
                -130.35195864986395, 
                54.269028909686625
              ], 
              [
                -130.35236584087394, 
                54.26959884217133
              ], 
              [
                -130.35399316223186, 
                54.27199929359646
              ], 
              [
                -130.35423727158135, 
                54.296779538079434
              ], 
              [
                -130.33429942161894, 
                54.3197697275935
              ], 
              [
                -130.3050429514335, 
                54.33368547700075
              ], 
              [
                -130.2772518892034, 
                54.33185468260683
              ], 
              [
                -130.25304107551293, 
                54.31134668198117
              ], 
              [
                -130.2650447266158, 
                54.278794664576736
              ], 
              [
                -130.2984511413529, 
                54.253648029421555
              ], 
              [
                -130.33812429960838, 
                54.25556075131285
              ], 
              [
                -130.34679120760973, 
                54.261786258625605
              ], 
              [
                -130.35000558057766, 
                54.26504133083195
              ], 
              [
                -130.35212143350068, 
                54.267726846873664
              ]
            ]
          ], 
          [
            [
              [
                -130.76016192383818, 
                54.36200593708742
              ], 
              [
                -130.76964266759256, 
                54.38117092934578
              ], 
              [
                -130.7560114880853, 
                54.393866245533026
              ], 
              [
                -130.73330630141817, 
                54.40363177042744
              ], 
              [
                -130.71548433087193, 
                54.41380457018905
              ], 
              [
                -130.7086482348367, 
                54.40639882426886
              ], 
              [
                -130.70124279385536, 
                54.41380457018905
              ], 
              [
                -130.6986384261267, 
                54.40912502062289
              ], 
              [
                -130.69766203692518, 
                54.40424237025527
              ], 
              [
                -130.69497628426126, 
                54.40058006897047
              ], 
              [
                -130.68757082435707, 
                54.39960363635556
              ], 
              [
                -130.69017480249084, 
                54.392523382643716
              ], 
              [
                -130.6917618957962, 
                54.38983800247263
              ], 
              [
                -130.69497634355503, 
                54.385890997114075
              ], 
              [
                -130.69107019018156, 
                54.3670922590685
              ], 
              [
                -130.71336840451275, 
                54.358954272833024
              ], 
              [
                -130.74278724125372, 
                54.358343819098174
              ], 
              [
                -130.76016192383818, 
                54.36200593708742
              ]
            ]
          ], 
          [
            [
              [
                -130.74278712696764, 
                54.60561747643132
              ], 
              [
                -130.7557267634791, 
                54.57526282812876
              ], 
              [
                -130.76366114678348, 
                54.56273010337701
              ], 
              [
                -130.77692615633933, 
                54.55036034526286
              ], 
              [
                -130.83006748919416, 
                54.521307662881476
              ], 
              [
                -130.83836837770102, 
                54.51284422144881
              ], 
              [
                -130.9619034469316, 
                54.454779361156234
              ], 
              [
                -130.9691055929795, 
                54.4619815073482
              ], 
              [
                -130.96833258810742, 
                54.46979410659149
              ], 
              [
                -130.9642633863016, 
                54.47772849992046
              ], 
              [
                -130.9619033619594, 
                54.48517479047167
              ], 
              [
                -130.96190351454536, 
                54.53978105167934
              ], 
              [
                -130.95881091722515, 
                54.55003481963724
              ], 
              [
                -130.9451390499156, 
                54.56000390175853
              ], 
              [
                -130.94017507658808, 
                54.57294355873778
              ], 
              [
                -130.9310604452408, 
                54.5845401930474
              ], 
              [
                -130.92780511915748, 
                54.59137602290475
              ], 
              [
                -130.92910721468186, 
                54.59772368954963
              ], 
              [
                -130.93309476080714, 
                54.605414042126114
              ], 
              [
                -130.9352108021071, 
                54.61395910839467
              ], 
              [
                -130.93122306726607, 
                54.6227073836475
              ], 
              [
                -130.9171037880794, 
                54.63007246500445
              ], 
              [
                -130.89732829787152, 
                54.63373448247774
              ], 
              [
                -130.87995370450946, 
                54.63092693990184
              ], 
              [
                -130.87315820807973, 
                54.61928934059919
              ], 
              [
                -130.8541561970106, 
                54.63007246500445
              ], 
              [
                -130.83971110397553, 
                54.626166117137444
              ], 
              [
                -130.82575433586177, 
                54.61701078578315
              ], 
              [
                -130.8079728042007, 
                54.61180249281449
              ], 
              [
                -130.7927954705422, 
                54.618150218412374
              ], 
              [
                -130.7735083772639, 
                54.629462082842515
              ], 
              [
                -130.75698812882445, 
                54.63373448247774
              ], 
              [
                -130.75023340419608, 
                54.61928934059919
              ], 
              [
                -130.74868726125197, 
                54.611639676489936
              ], 
              [
                -130.74714121937427, 
                54.60858808683034
              ], 
              [
                -130.74278712696764, 
                54.60561747643132
              ]
            ]
          ], 
          [
            [
              [
                -130.59194900691838, 
                54.7421735551724
              ], 
              [
                -130.59805255350204, 
                54.74603914429129
              ], 
              [
                -130.60969003440385, 
                54.755520040489834
              ], 
              [
                -130.61510169722675, 
                54.76508210281548
              ], 
              [
                -130.6025285678554, 
                54.769476738576316
              ], 
              [
                -130.58873465442193, 
                54.770697471588704
              ], 
              [
                -130.5786026355717, 
                54.77391182112321
              ], 
              [
                -130.50987720665597, 
                54.80487713481177
              ], 
              [
                -130.4835505135945, 
                54.810370118230274
              ], 
              [
                -130.46157777628514, 
                54.80365617628867
              ], 
              [
                -130.45213783855425, 
                54.79389070449325
              ], 
              [
                -130.43431567670362, 
                54.769476738576316
              ], 
              [
                -130.4407446351345, 
                54.76064691402952
              ], 
              [
                -130.4526260062903, 
                54.735052709948526
              ], 
              [
                -130.45482344582652, 
                54.725083795097454
              ], 
              [
                -130.4617815380376, 
                54.71210372990543
              ], 
              [
                -130.47801660847557, 
                54.71234760983736
              ], 
              [
                -130.51008055555897, 
                54.72166577782497
              ], 
              [
                -130.5122776975099, 
                54.717759413303014
              ], 
              [
                -130.52171803274803, 
                54.710354027801024
              ], 
              [
                -130.53465741616878, 
                54.70604081255716
              ], 
              [
                -130.54727121742619, 
                54.71141178585151
              ], 
              [
                -130.55699610971828, 
                54.71930562645719
              ], 
              [
                -130.581613859186, 
                54.73383221161644
              ], 
              [
                -130.59194900691838, 
                54.7421735551724
              ]
            ]
          ], 
          [
            [
              [
                -130.20836325803228, 
                54.811102464810304
              ], 
              [
                -130.20978744799515, 
                54.803045858904845
              ], 
              [
                -130.21275807451093, 
                54.79730878335015
              ], 
              [
                -130.21694910783754, 
                54.793280419338465
              ], 
              [
                -130.22203524701234, 
                54.78998440599736
              ], 
              [
                -130.2170303943256, 
                54.79043202498967
              ], 
              [
                -130.2015274340185, 
                54.78998440599736
              ], 
              [
                -130.20376533206618, 
                54.78339255545892
              ], 
              [
                -130.20628829018452, 
                54.76911048847656
              ], 
              [
                -130.2083634400427, 
                54.762640718842185
              ], 
              [
                -130.22130271270464, 
                54.743719654110045
              ], 
              [
                -130.2399797321597, 
                54.73053630280265
              ], 
              [
                -130.28351815408365, 
                54.71482993199151
              ], 
              [
                -130.29702702564558, 
                54.71234760983736
              ], 
              [
                -130.3243710388951, 
                54.71063886928946
              ], 
              [
                -130.33812430238294, 
                54.70799402013389
              ], 
              [
                -130.3644912702527, 
                54.69989648750372
              ], 
              [
                -130.3776749090017, 
                54.6981875438851
              ], 
              [
                -130.37629146536108, 
                54.704657289711434
              ], 
              [
                -130.3404435895354, 
                54.736883948889265
              ], 
              [
                -130.3194881846703, 
                54.750677894069824
              ], 
              [
                -130.27407789874832, 
                54.76512276105668
              ], 
              [
                -130.23314356797434, 
                54.803045858904845
              ], 
              [
                -130.20836325803228, 
                54.811102464810304
              ]
            ]
          ], 
          [
            [
              [
                -130.4312230719497, 
                54.78998440599736
              ], 
              [
                -130.43814046914653, 
                54.79486729200663
              ], 
              [
                -130.44786547690774, 
                54.8065861090359
              ], 
              [
                -130.4568578082757, 
                54.82029850670399
              ], 
              [
                -130.46157783827167, 
                54.83152895546649
              ], 
              [
                -130.42113199577668, 
                54.85089755633019
              ], 
              [
                -130.2547095872545, 
                54.969672078206
              ], 
              [
                -130.20400956799043, 
                55.021307683073566
              ], 
              [
                -130.18179277309258, 
                55.031561591085065
              ], 
              [
                -130.16738847627693, 
                55.01654694225437
              ], 
              [
                -130.15347242234475, 
                54.99144111339833
              ], 
              [
                -130.15005455177058, 
                54.9694278578771
              ], 
              [
                -130.15782629849335, 
                54.94773997369407
              ], 
              [
                -130.17735766808116, 
                54.92401775276205
              ], 
              [
                -130.18895415636106, 
                54.91461816229088
              ], 
              [
                -130.21349052729482, 
                54.89940028235535
              ], 
              [
                -130.22545325946044, 
                54.88959382202874
              ], 
              [
                -130.25853446591302, 
                54.8430851726498
              ], 
              [
                -130.26984606740498, 
                54.83152895546649
              ], 
              [
                -130.28209384631455, 
                54.8249372118597
              ], 
              [
                -130.3244521248959, 
                54.811102464810304
              ], 
              [
                -130.3707575089517, 
                54.78156149223754
              ], 
              [
                -130.39964774105593, 
                54.76943607937945
              ], 
              [
                -130.4094947127912, 
                54.767401542684
              ], 
              [
                -130.41388899161421, 
                54.77317930410614
              ], 
              [
                -130.4312230719497, 
                54.78998440599736
              ]
            ]
          ], 
          [
            [
              [
                -123.2869358762302, 
                48.61269750413633
              ], 
              [
                -123.28311113265359, 
                48.61127350579979
              ], 
              [
                -123.28034425166531, 
                48.601304486117215
              ], 
              [
                -123.28795323987636, 
                48.59125395570764
              ], 
              [
                -123.30288653262566, 
                48.59699128978149
              ], 
              [
                -123.3126522439118, 
                48.608466004330865
              ], 
              [
                -123.32534738444821, 
                48.61933005262395
              ], 
              [
                -123.336659357906, 
                48.631089644764565
              ], 
              [
                -123.33800209295983, 
                48.634222736391614
              ], 
              [
                -123.33267179675066, 
                48.62954350490778
              ], 
              [
                -123.33193915444771, 
                48.634426048689626
              ], 
              [
                -123.33861252835588, 
                48.64647056023608
              ], 
              [
                -123.33747300421166, 
                48.648423439589166
              ], 
              [
                -123.3268122129007, 
                48.6400412967035
              ], 
              [
                -123.31696533705187, 
                48.62897374651174
              ], 
              [
                -123.30528717765363, 
                48.61880109897901
              ], 
              [
                -123.29458582530307, 
                48.61456950612082
              ], 
              [
                -123.2869358762302, 
                48.61269750413633
              ]
            ]
          ], 
          [
            [
              [
                -123.3690080271191, 
                48.77423747541924
              ], 
              [
                -123.38231352807105, 
                48.75617087126091
              ], 
              [
                -123.40758204606908, 
                48.75405494029417
              ], 
              [
                -123.4584041540429, 
                48.76740149841733
              ], 
              [
                -123.45148668779004, 
                48.75946674833177
              ], 
              [
                -123.42853758052914, 
                48.73834872010121
              ], 
              [
                -123.42764231158621, 
                48.72955955134048
              ], 
              [
                -123.44041905131694, 
                48.722113319183954
              ], 
              [
                -123.4610082732884, 
                48.71539948865227
              ], 
              [
                -123.4820857020673, 
                48.71222560562698
              ], 
              [
                -123.49624600465536, 
                48.71556237174641
              ], 
              [
                -123.50885979048469, 
                48.72406642495049
              ], 
              [
                -123.52041579239012, 
                48.72866442265193
              ], 
              [
                -123.53111728151417, 
                48.73436102687506
              ], 
              [
                -123.54092364117426, 
                48.74632397114337
              ], 
              [
                -123.54637601914166, 
                48.757269492549966
              ], 
              [
                -123.549712681344, 
                48.770738007643594
              ], 
              [
                -123.54678293302577, 
                48.78392152728504
              ], 
              [
                -123.53351809007722, 
                48.7941349022027
              ], 
              [
                -123.53351790891234, 
                48.80097061959183
              ], 
              [
                -123.55337484140628, 
                48.81468338030929
              ], 
              [
                -123.56981361804816, 
                48.832424235581676
              ], 
              [
                -123.57152247407649, 
                48.8497580647985
              ], 
              [
                -123.54718985018403, 
                48.86237206709652
              ], 
              [
                -123.57192956989415, 
                48.881496581298094
              ], 
              [
                -123.58665935426238, 
                48.89801672363152
              ], 
              [
                -123.5937394614175, 
                48.9190942327416
              ], 
              [
                -123.59557055019022, 
                48.9518091162979
              ], 
              [
                -123.59007740493045, 
                48.947414607900946
              ], 
              [
                -123.58649648471041, 
                48.94257225553957
              ], 
              [
                -123.58189867191658, 
                48.931301300472015
              ], 
              [
                -123.50308189086579, 
                48.89166907949226
              ], 
              [
                -123.4310604678917, 
                48.841945846576955
              ], 
              [
                -123.44517981597606, 
                48.841701563760076
              ], 
              [
                -123.45881111471842, 
                48.84491621947581
              ], 
              [
                -123.47134350198522, 
                48.85106022604395
              ], 
              [
                -123.48228927721593, 
                48.85932048309884
              ], 
              [
                -123.48863683099849, 
                48.86229073643426
              ], 
              [
                -123.49453678686892, 
                48.86098852142528
              ], 
              [
                -123.49876868574353, 
                48.856268624109596
              ], 
              [
                -123.49998949160458, 
                48.84935143058762
              ], 
              [
                -123.4960016592557, 
                48.84552631569306
              ], 
              [
                -123.47203523401784, 
                48.8282737670276
              ], 
              [
                -123.3690080271191, 
                48.77423747541924
              ]
            ]
          ], 
          [
            [
              [
                -123.65392002707885, 
                49.03367744729841
              ], 
              [
                -123.65884365076914, 
                49.04120526106863
              ], 
              [
                -123.69798745458073, 
                49.08209872463714
              ], 
              [
                -123.70274815127254, 
                49.0999209364216
              ], 
              [
                -123.69725507576041, 
                49.10932045624365
              ], 
              [
                -123.68700110049447, 
                49.108547261415985
              ], 
              [
                -123.65855868062759, 
                49.07269923524123
              ], 
              [
                -123.57038326717182, 
                48.99176666920683
              ], 
              [
                -123.54674231738309, 
                48.97622304946124
              ], 
              [
                -123.47191317776648, 
                48.93813706608907
              ], 
              [
                -123.45714275649541, 
                48.93325435872017
              ], 
              [
                -123.42878177923559, 
                48.92967365960438
              ], 
              [
                -123.39093989062773, 
                48.92015206401708
              ], 
              [
                -123.3659560824337, 
                48.90713112923526
              ], 
              [
                -123.3344619567215, 
                48.90298075667017
              ], 
              [
                -123.32184822644551, 
                48.89655196464934
              ], 
              [
                -123.31444248455867, 
                48.88231025578507
              ], 
              [
                -123.31712804480743, 
                48.869818409813355
              ], 
              [
                -123.32738200647081, 
                48.86395910222762
              ], 
              [
                -123.3423559098046, 
                48.869818409813355
              ], 
              [
                -123.36929270548167, 
                48.86188377424635
              ], 
              [
                -123.39452055185836, 
                48.872381799970974
              ], 
              [
                -123.43732653931545, 
                48.903998008062565
              ], 
              [
                -123.5307510727665, 
                48.94196194093916
              ], 
              [
                -123.63292399743266, 
                49.024359490539545
              ], 
              [
                -123.65392002707885, 
                49.03367744729841
              ]
            ]
          ], 
          [
            [
              [
                -123.72126222209606, 
                49.16079341838145
              ], 
              [
                -123.70441634854447, 
                49.15599178404885
              ], 
              [
                -123.69701086133855, 
                49.147691136465085
              ], 
              [
                -123.69709229312772, 
                49.13711177012464
              ], 
              [
                -123.70567776516928, 
                49.132879831941
              ], 
              [
                -123.71174065777687, 
                49.133856474705624
              ], 
              [
                -123.71812904547325, 
                49.13320548231524
              ], 
              [
                -123.73232984818054, 
                49.13031643260528
              ], 
              [
                -123.74950111778662, 
                49.12885164407726
              ], 
              [
                -123.77668213183108, 
                49.1332868949711
              ], 
              [
                -123.84284418310597, 
                49.15102770989467
              ], 
              [
                -123.8619684812097, 
                49.1635602022657
              ], 
              [
                -123.86742112349592, 
                49.17438396973481
              ], 
              [
                -123.8660781361328, 
                49.17942928864885
              ], 
              [
                -123.86803134431248, 
                49.1833356377029
              ], 
              [
                -123.87047291240486, 
                49.185492405475166
              ], 
              [
                -123.86978099440795, 
                49.19049706607467
              ], 
              [
                -123.86343351346683, 
                49.19627526940164
              ], 
              [
                -123.83385159437826, 
                49.201157828829075
              ], 
              [
                -123.823963973714, 
                49.19867582147475
              ], 
              [
                -123.81786035387235, 
                49.19061905663206
              ], 
              [
                -123.80931566695303, 
                49.18414960958026
              ], 
              [
                -123.76862543870888, 
                49.16901274257792
              ], 
              [
                -123.72126222209606, 
                49.16079341838145
              ]
            ]
          ], 
          [
            [
              [
                -125.94994049681128, 
                49.200750971237014
              ], 
              [
                -125.94497626985962, 
                49.19782124349436
              ], 
              [
                -125.9373266943707, 
                49.1907413568666
              ], 
              [
                -125.93814038017743, 
                49.18488184583353
              ], 
              [
                -125.94570887501622, 
                49.1835799218872
              ], 
              [
                -125.95409095800105, 
                49.18130118336881
              ], 
              [
                -125.96027593063347, 
                49.17210531030353
              ], 
              [
                -125.96198492965236, 
                49.15265545781474
              ], 
              [
                -125.9689020204638, 
                49.14874894148411
              ], 
              [
                -125.97935949510398, 
                49.149725642572236
              ], 
              [
                -126.01170813533464, 
                49.159125065049295
              ], 
              [
                -126.01634686611143, 
                49.16917558987355
              ], 
              [
                -126.01830002304845, 
                49.181464038215694
              ], 
              [
                -126.03018156221971, 
                49.19033451529241
              ], 
              [
                -126.03502356876066, 
                49.201808988058694
              ], 
              [
                -126.02432213174765, 
                49.21198158534029
              ], 
              [
                -126.00645922654927, 
                49.2140568395564
              ], 
              [
                -125.98501544125764, 
                49.211004964332076
              ], 
              [
                -125.96133369021078, 
                49.20490131961283
              ], 
              [
                -125.94994049681128, 
                49.200750971237014
              ]
            ]
          ], 
          [
            [
              [
                -126.0833226918881, 
                49.31488675329675
              ], 
              [
                -126.07632392015944, 
                49.30361550730036
              ], 
              [
                -126.07140048482644, 
                49.290472682036565
              ], 
              [
                -126.06371008713423, 
                49.277573956660646
              ], 
              [
                -126.04849199520646, 
                49.26703522790464
              ], 
              [
                -126.0694066207938, 
                49.25551982578976
              ], 
              [
                -126.08958897219081, 
                49.254339883234394
              ], 
              [
                -126.13573151453508, 
                49.26471581654317
              ], 
              [
                -126.15831456053446, 
                49.273586305000904
              ], 
              [
                -126.19253496519167, 
                49.27228425304514
              ], 
              [
                -126.22354068595372, 
                49.27708552415405
              ], 
              [
                -126.24034572505902, 
                49.301825137680304
              ], 
              [
                -126.22740647240698, 
                49.30780681657086
              ], 
              [
                -126.22980716936758, 
                49.32021727639463
              ], 
              [
                -126.23403880587205, 
                49.33173241918383
              ], 
              [
                -126.24034583784774, 
                49.342759513786675
              ], 
              [
                -126.23131275445155, 
                49.35732671051405
              ], 
              [
                -126.23289956483713, 
                49.36640048331962
              ], 
              [
                -126.23143459693964, 
                49.37860736956421
              ], 
              [
                -126.22671478016285, 
                49.38251389214354
              ], 
              [
                -126.20616609375003, 
                49.383734382607656
              ], 
              [
                -126.15021718397563, 
                49.39622622517439
              ], 
              [
                -126.13170333903761, 
                49.396796064552795
              ], 
              [
                -126.10802158883614, 
                49.384100623816096
              ], 
              [
                -126.08625240424368, 
                49.363104554639214
              ], 
              [
                -126.0751032721433, 
                49.33852768154023
              ], 
              [
                -126.0833226918881, 
                49.31488675329675
              ]
            ]
          ], 
          [
            [
              [
                -123.33067777674002, 
                49.37287008047192
              ], 
              [
                -123.33657793211113, 
                49.36456940669242
              ], 
              [
                -123.34410566256561, 
                49.35578041764913
              ], 
              [
                -123.35936429503491, 
                49.342922158779125
              ], 
              [
                -123.3758845482643, 
                49.33710355837103
              ], 
              [
                -123.38475512436817, 
                49.335516802466174
              ], 
              [
                -123.4160049816102, 
                49.33722561691621
              ], 
              [
                -123.42617746415618, 
                49.3400738723377
              ], 
              [
                -123.42943287355067, 
                49.34674728837389
              ], 
              [
                -123.42699141265133, 
                49.3554142161915
              ], 
              [
                -123.42577067449601, 
                49.367499135462424
              ], 
              [
                -123.41812092777153, 
                49.380926860285264
              ], 
              [
                -123.384673736529, 
                49.40403892780155
              ], 
              [
                -123.36969954622924, 
                49.41136287169974
              ], 
              [
                -123.34996493012164, 
                49.417547868230535
              ], 
              [
                -123.326323995337, 
                49.42047757324386
              ], 
              [
                -123.31517496183005, 
                49.41339756096705
              ], 
              [
                -123.31920319331, 
                49.399318680068085
              ], 
              [
                -123.32542890572725, 
                49.389634584930036
              ], 
              [
                -123.33014896039145, 
                49.38418211410423
              ], 
              [
                -123.33014895861845, 
                49.381537256010354
              ], 
              [
                -123.32656805369027, 
                49.3814963563536
              ], 
              [
                -123.33067777674002, 
                49.37287008047192
              ]
            ]
          ], 
          [
            [
              [
                -124.23216721879835, 
                49.499335142580335
              ], 
              [
                -124.17174223061994, 
                49.46426005659861
              ], 
              [
                -124.17170167823443, 
                49.45473873416838
              ], 
              [
                -124.18618731432801, 
                49.44700756613153
              ], 
              [
                -124.23241135048725, 
                49.458563647849495
              ], 
              [
                -124.24815838261944, 
                49.4584415324003
              ], 
              [
                -124.2578833885225, 
                49.45612227960535
              ], 
              [
                -124.26846262811358, 
                49.455511708687844
              ], 
              [
                -124.2970271202352, 
                49.45791246943118
              ], 
              [
                -124.31794178228584, 
                49.46295798270129
              ], 
              [
                -124.35228418425729, 
                49.47492081984291
              ], 
              [
                -124.36107333348274, 
                49.48004787505492
              ], 
              [
                -124.35773688416998, 
                49.48354738648973
              ], 
              [
                -124.35570226871309, 
                49.490383194126366
              ], 
              [
                -124.36522372569168, 
                49.49725979050323
              ], 
              [
                -124.37653571948918, 
                49.49994550695492
              ], 
              [
                -124.37905846980969, 
                49.5072696820046
              ], 
              [
                -124.37364673189732, 
                49.51528568687806
              ], 
              [
                -124.36489832250565, 
                49.521063639302355
              ], 
              [
                -124.3546036372258, 
                49.522406307909726
              ], 
              [
                -124.32917228720054, 
                49.51284409292422
              ], 
              [
                -124.32310950036123, 
                49.512030336742384
              ], 
              [
                -124.2958879339535, 
                49.512437369513606
              ], 
              [
                -124.28359935752921, 
                49.51048405206826
              ], 
              [
                -124.26895084788944, 
                49.506292885994874
              ], 
              [
                -124.25133224213187, 
                49.50429931601935
              ], 
              [
                -124.23216721879835, 
                49.499335142580335
              ]
            ]
          ], 
          [
            [
              [
                -123.45156812211904, 
                49.44521714169141
              ], 
              [
                -123.44912688346068, 
                49.45868576335624
              ], 
              [
                -123.45445712926598, 
                49.46930569353911
              ], 
              [
                -123.45665447957867, 
                49.47821692722328
              ], 
              [
                -123.44473222946543, 
                49.48615143808842
              ], 
              [
                -123.44473217594796, 
                49.49359766397106
              ], 
              [
                -123.4526260566165, 
                49.50812403279896
              ], 
              [
                -123.43968659818952, 
                49.52130761943218
              ], 
              [
                -123.41812081526774, 
                49.53091045156222
              ], 
              [
                -123.39167229970519, 
                49.53632229732101
              ], 
              [
                -123.38239508002098, 
                49.53974041272405
              ], 
              [
                -123.37254785318062, 
                49.54205948647641
              ], 
              [
                -123.36217207721256, 
                49.54075764022938
              ], 
              [
                -123.35676034688154, 
                49.53489832848402
              ], 
              [
                -123.34235596919304, 
                49.50665930031356
              ], 
              [
                -123.32249903595354, 
                49.486069915780185
              ], 
              [
                -123.32380132480031, 
                49.46185954697018
              ], 
              [
                -123.34268149692234, 
                49.4429386065993
              ], 
              [
                -123.37584390820297, 
                49.43838128654013
              ], 
              [
                -123.36742089834598, 
                49.45384333873992
              ], 
              [
                -123.37462311048883, 
                49.46352765859731
              ], 
              [
                -123.38939361840868, 
                49.46743390852466
              ], 
              [
                -123.40379785977335, 
                49.46572485881548
              ], 
              [
                -123.41519133642592, 
                49.45868576335624
              ], 
              [
                -123.42320714169347, 
                49.45123930218632
              ], 
              [
                -123.4334204580136, 
                49.44599039774432
              ], 
              [
                -123.45156812211904, 
                49.44521714169141
              ]
            ]
          ], 
          [
            [
              [
                -124.60741117847051, 
                49.53091045156222
              ], 
              [
                -124.60041258863176, 
                49.527573988739
              ], 
              [
                -124.59414622657093, 
                49.52163313330675
              ], 
              [
                -124.6048478042666, 
                49.52094149431775
              ], 
              [
                -124.62450101768746, 
                49.5234234669642
              ], 
              [
                -124.63560954769947, 
                49.51740148499362
              ], 
              [
                -124.64273035438741, 
                49.50429931601935
              ], 
              [
                -124.65322834311777, 
                49.49599846816492
              ], 
              [
                -124.66291256581563, 
                49.49433014712047
              ], 
              [
                -124.67178304090416, 
                49.4972191825856
              ], 
              [
                -124.69127357604474, 
                49.50934480455342
              ], 
              [
                -124.70376530922506, 
                49.52118547433199
              ], 
              [
                -124.70250398404013, 
                49.53766504545202
              ], 
              [
                -124.68374588416314, 
                49.549261769881724
              ], 
              [
                -124.65514065467805, 
                49.54710509426395
              ], 
              [
                -124.60741117847051, 
                49.53091045156222
              ]
            ]
          ], 
          [
            [
              [
                -124.70872974189218, 
                49.4970158331095
              ], 
              [
                -124.69416265754685, 
                49.49062745523337
              ], 
              [
                -124.69082597904085, 
                49.48285553955213
              ], 
              [
                -124.70201567335597, 
                49.479478162795004
              ], 
              [
                -124.70962491155757, 
                49.47996666463435
              ], 
              [
                -124.72223861856055, 
                49.481878835848285
              ], 
              [
                -124.74640855523111, 
                49.48847065003793
              ], 
              [
                -124.82542888515135, 
                49.540106564557185
              ], 
              [
                -124.83853114147098, 
                49.556586106736106
              ], 
              [
                -124.84015862784179, 
                49.577582062955415
              ], 
              [
                -124.83604908197228, 
                49.59772384510187
              ], 
              [
                -124.82721921923577, 
                49.6029727395264
              ], 
              [
                -124.80333402094449, 
                49.58494689886885
              ], 
              [
                -124.79246986487502, 
                49.57973868431621
              ], 
              [
                -124.71646082377922, 
                49.499497885606715
              ], 
              [
                -124.70872974189218, 
                49.4970158331095
              ]
            ]
          ], 
          [
            [
              [
                -124.10948653896621, 
                49.677964680397444
              ], 
              [
                -124.13638262209422, 
                49.656561598097966
              ], 
              [
                -124.16368578169492, 
                49.65981692205659
              ], 
              [
                -124.18773357282946, 
                49.67894120014037
              ], 
              [
                -124.20506755822805, 
                49.70526769869861
              ], 
              [
                -124.14561920334333, 
                49.74754458667618
              ], 
              [
                -124.13316804759863, 
                49.75385157154289
              ], 
              [
                -124.11912990933193, 
                49.75482807291388
              ], 
              [
                -124.10265050454848, 
                49.746893604069186
              ], 
              [
                -124.10122649097157, 
                49.760443571942204
              ], 
              [
                -124.09813386595931, 
                49.76699447265897
              ], 
              [
                -124.09024016907216, 
                49.77033127396592
              ], 
              [
                -124.04747464207145, 
                49.77924214262536
              ], 
              [
                -124.02013111912379, 
                49.78099207988175
              ], 
              [
                -124.0196428346504, 
                49.77627202504473
              ], 
              [
                -124.02122962613076, 
                49.77509186995088
              ], 
              [
                -124.02399665753873, 
                49.7752954408806
              ], 
              [
                -124.02696688314653, 
                49.77415594229843
              ], 
              [
                -124.07453359847587, 
                49.7413596988921
              ], 
              [
                -124.08161365098398, 
                49.72943746825049
              ], 
              [
                -124.0857641672064, 
                49.72406651971083
              ], 
              [
                -124.10948653896621, 
                49.677964680397444
              ]
            ]
          ], 
          [
            [
              [
                -124.66441808247855, 
                49.746893604069186
              ], 
              [
                -124.65640204351764, 
                49.754217720328604
              ], 
              [
                -124.65172277690651, 
                49.76154204850058
              ], 
              [
                -124.6516820646358, 
                49.76825589195116
              ], 
              [
                -124.65758211792861, 
                49.77415594229843
              ], 
              [
                -124.65758229179262, 
                49.78099207988175
              ], 
              [
                -124.65428633292737, 
                49.787990708798866
              ], 
              [
                -124.65469319325832, 
                49.79230381288966
              ], 
              [
                -124.65758216007397, 
                49.801499740932805
              ], 
              [
                -124.64513094224101, 
                49.80231349010392
              ], 
              [
                -124.63263900938531, 
                49.80166236641536
              ], 
              [
                -124.6205134491779, 
                49.799302445073735
              ], 
              [
                -124.60920153987871, 
                49.794623013518056
              ], 
              [
                -124.59703528943395, 
                49.78563060496265
              ], 
              [
                -124.57603910405967, 
                49.76194885840232
              ], 
              [
                -124.56200116353091, 
                49.75372962549707
              ], 
              [
                -124.52106684549638, 
                49.746893604069186
              ], 
              [
                -124.48778228444512, 
                49.73419822617441
              ], 
              [
                -124.39126542660603, 
                49.720038150225236
              ], 
              [
                -124.34788990181674, 
                49.70416915566723
              ], 
              [
                -124.32921288916064, 
                49.6817079230148
              ], 
              [
                -124.32274329818584, 
                49.670803133027285
              ], 
              [
                -124.29409757385552, 
                49.64988854647504
              ], 
              [
                -124.28766853104877, 
                49.640448433611986
              ], 
              [
                -124.28246006664688, 
                49.62783434979975
              ], 
              [
                -124.26976481948624, 
                49.615871534350646
              ], 
              [
                -124.17320728352813, 
                49.55414474128889
              ], 
              [
                -124.1440322583479, 
                49.52960835165663
              ], 
              [
                -124.12315838569857, 
                49.49982337196714
              ], 
              [
                -124.14342199259369, 
                49.489325248621334
              ], 
              [
                -124.16226154702275, 
                49.49599846816492
              ], 
              [
                -124.19762124120695, 
                49.52094149431775
              ], 
              [
                -124.37840727240315, 
                49.60285055560247
              ], 
              [
                -124.43883224186241, 
                49.61188395012996
              ], 
              [
                -124.44172121423306, 
                49.617255015443114
              ], 
              [
                -124.43871015880454, 
                49.624090967052084
              ], 
              [
                -124.4390764292136, 
                49.630804904129235
              ], 
              [
                -124.46206614300478, 
                49.653753895166965
              ], 
              [
                -124.47175036742762, 
                49.669500942337734
              ], 
              [
                -124.4725642012737, 
                49.67177962531437
              ], 
              [
                -124.4787491066409, 
                49.67316309919356
              ], 
              [
                -124.48525953664178, 
                49.67291897444521
              ], 
              [
                -124.49307201326452, 
                49.67177962531437
              ], 
              [
                -124.5170793270161, 
                49.68341717035775
              ], 
              [
                -124.51732334158204, 
                49.68545153088487
              ], 
              [
                -124.53404690147418, 
                49.68964252614078
              ], 
              [
                -124.57213290661126, 
                49.70844143201931
              ], 
              [
                -124.61441001456078, 
                49.71649817713911
              ], 
              [
                -124.63320880465244, 
                49.725734787260166
              ], 
              [
                -124.66441808247855, 
                49.746893604069186
              ]
            ]
          ], 
          [
            [
              [
                -126.65868071792677, 
                49.78782778178966
              ], 
              [
                -126.64907787380791, 
                49.77317936631073
              ], 
              [
                -126.64256749825105, 
                49.7587344263729
              ], 
              [
                -126.63878326110543, 
                49.74079002535551
              ], 
              [
                -126.63394111847701, 
                49.692328087668
              ], 
              [
                -126.61921144533923, 
                49.65277747191505
              ], 
              [
                -126.61766529845825, 
                49.630804904129235
              ], 
              [
                -126.6388239225483, 
                49.5950380380157
              ], 
              [
                -126.67943272283253, 
                49.591782918485755
              ], 
              [
                -126.80675210805009, 
                49.62738681573837
              ], 
              [
                -126.82213296601485, 
                49.63629794640122
              ], 
              [
                -126.84019927972471, 
                49.653753895166965
              ], 
              [
                -126.85610928935519, 
                49.66567629972378
              ], 
              [
                -126.91250579304831, 
                49.69163660792833
              ], 
              [
                -126.97398852916609, 
                49.73598880809047
              ], 
              [
                -126.97057044587832, 
                49.754706126397664
              ], 
              [
                -126.96153713031232, 
                49.758530868773796
              ], 
              [
                -126.9484756711493, 
                49.75202052526462
              ], 
              [
                -126.93301334426586, 
                49.739406493487174
              ], 
              [
                -126.92735743773358, 
                49.74998594150039
              ], 
              [
                -126.91934168135792, 
                49.75893798413578
              ], 
              [
                -126.90876211426787, 
                49.765082030269035
              ], 
              [
                -126.88023830848095, 
                49.76898823174587
              ], 
              [
                -126.864084521787, 
                49.77334228387296
              ], 
              [
                -126.85570223355099, 
                49.77985255561004
              ], 
              [
                -126.86412505380501, 
                49.78782778178966
              ], 
              [
                -126.87384998813813, 
                49.78888572304462
              ], 
              [
                -126.88345285443152, 
                49.7860781075061
              ], 
              [
                -126.8919572484677, 
                49.78241618211954
              ], 
              [
                -126.89826426014352, 
                49.78099207988175
              ], 
              [
                -126.90575122018444, 
                49.78375898537366
              ], 
              [
                -126.9188533130991, 
                49.79271067231754
              ], 
              [
                -126.92247465026144, 
                49.794623013518056
              ], 
              [
                -126.93000230962292, 
                49.796820268621374
              ], 
              [
                -126.94395898393435, 
                49.80621964682122
              ], 
              [
                -126.95348063473824, 
                49.80829503056533
              ], 
              [
                -126.96226975641751, 
                49.80898682894351
              ], 
              [
                -126.98704986728418, 
                49.81513085156115
              ], 
              [
                -126.97809821206741, 
                49.828558775223335
              ], 
              [
                -126.96959389781632, 
                49.833482185262575
              ], 
              [
                -126.946644621334, 
                49.83624904617483
              ], 
              [
                -126.86416593792502, 
                49.855454954368014
              ], 
              [
                -126.8009335048558, 
                49.88076418565785
              ], 
              [
                -126.7685440718603, 
                49.88344960745441
              ], 
              [
                -126.7581680325063, 
                49.870672844989265
              ], 
              [
                -126.74217677313642, 
                49.85639056323239
              ], 
              [
                -126.7228897362087, 
                49.84979884771773
              ], 
              [
                -126.70274823708128, 
                49.86017494108671
              ], 
              [
                -126.69050049495512, 
                49.85712315920217
              ], 
              [
                -126.67756089511542, 
                49.83368549294306
              ], 
              [
                -126.65868071792677, 
                49.78782778178966
              ]
            ]
          ], 
          [
            [
              [
                -127.24063066400534, 
                50.02171458612439
              ], 
              [
                -127.2322891921784, 
                50.013251044199706
              ], 
              [
                -127.23184160089798, 
                50.010158595886004
              ], 
              [
                -127.2342016268992, 
                50.00535716388745
              ], 
              [
                -127.24193274594964, 
                50.003119207943776
              ], 
              [
                -127.25104719270944, 
                49.99957901533316
              ], 
              [
                -127.2723283087058, 
                49.977972784279835
              ], 
              [
                -127.28502355374857, 
                49.978583060158215
              ], 
              [
                -127.29596919926097, 
                49.98737213057535
              ], 
              [
                -127.30801343358388, 
                49.99184800152943
              ], 
              [
                -127.31859276563658, 
                49.99957901533316
              ], 
              [
                -127.3192032538079, 
                50.00812409078533
              ], 
              [
                -127.3145645821785, 
                50.013251044199706
              ], 
              [
                -127.31346594957135, 
                50.01996491052105
              ], 
              [
                -127.31135006388315, 
                50.026190496869646
              ], 
              [
                -127.30158443980275, 
                50.03229401289705
              ], 
              [
                -127.28600012916955, 
                50.037054755189494
              ], 
              [
                -127.2634985024214, 
                50.034328518471064
              ], 
              [
                -127.24063066400534, 
                50.02171458612439
              ]
            ]
          ], 
          [
            [
              [
                -125.02749589890048, 
                50.14411042001947
              ], 
              [
                -124.98582923654699, 
                50.178941154271655
              ], 
              [
                -124.97972572312739, 
                50.188788162185645
              ], 
              [
                -124.98330644881807, 
                50.199896557442585
              ], 
              [
                -125.0006404214571, 
                50.222154030489136
              ], 
              [
                -125.00698808863405, 
                50.232855540098534
              ], 
              [
                -125.00047766712329, 
                50.23346588601141
              ], 
              [
                -124.99567623530294, 
                50.23208242321396
              ], 
              [
                -124.98648027387345, 
                50.22601959898565
              ], 
              [
                -124.92910722816072, 
                50.16937897544516
              ], 
              [
                -124.91828366172267, 
                50.15094636021653
              ], 
              [
                -124.91746985585281, 
                50.14549388183339
              ], 
              [
                -124.91759192350857, 
                50.13873932217681
              ], 
              [
                -124.9188126305586, 
                50.13296133176677
              ], 
              [
                -124.92170162900148, 
                50.13043854626905
              ], 
              [
                -124.92568925540688, 
                50.12767161519399
              ], 
              [
                -124.92129472932606, 
                50.12173086477201
              ], 
              [
                -124.91441809678176, 
                50.11595286561815
              ], 
              [
                -124.910796682699, 
                50.11371491519671
              ], 
              [
                -124.9096573582598, 
                50.09861888456571
              ], 
              [
                -124.90611731651819, 
                50.08779531445288
              ], 
              [
                -124.89997311268243, 
                50.07880280391204
              ], 
              [
                -124.89098059763202, 
                50.06903717658174
              ], 
              [
                -124.91958573981648, 
                50.05963776065431
              ], 
              [
                -124.94863847774253, 
                50.05475495198167
              ], 
              [
                -124.96304277452943, 
                50.04877350673955
              ], 
              [
                -124.9763077449406, 
                50.02167389379394
              ], 
              [
                -124.98648027264751, 
                50.01439036659875
              ], 
              [
                -125.00548255136071, 
                50.017645575410825
              ], 
              [
                -125.01073157531381, 
                50.02960846635727
              ], 
              [
                -125.00910397128015, 
                50.04328034245592
              ], 
              [
                -125.0069880829689, 
                50.05166249969131
              ], 
              [
                -125.00649980305376, 
                50.063706771925084
              ], 
              [
                -125.00743567650372, 
                50.0722516955722
              ], 
              [
                -125.01329505022845, 
                50.08002350412418
              ], 
              [
                -125.05288652266525, 
                50.105169988620666
              ], 
              [
                -125.05980384049266, 
                50.1154645855584
              ], 
              [
                -125.05060788043772, 
                50.126410226893825
              ], 
              [
                -125.02749589890048, 
                50.14411042001947
              ]
            ]
          ], 
          [
            [
              [
                -125.19884192680313, 
                50.04108307591214
              ], 
              [
                -125.21971594822367, 
                50.05980052098499
              ], 
              [
                -125.22671464763101, 
                50.06903717658174
              ], 
              [
                -125.22264563497774, 
                50.07029856770717
              ], 
              [
                -125.21247311128876, 
                50.075181382327536
              ], 
              [
                -125.23029537533209, 
                50.089667057110745
              ], 
              [
                -125.28327388813678, 
                50.116766664630916
              ], 
              [
                -125.2943415967997, 
                50.127020570252164
              ], 
              [
                -125.29987545908249, 
                50.131048899613944
              ], 
              [
                -125.31175696779196, 
                50.13589102115447
              ], 
              [
                -125.32371985429492, 
                50.14325592507457
              ], 
              [
                -125.32917233207871, 
                50.154689848346415
              ], 
              [
                -125.32974198451024, 
                50.16551340667859
              ], 
              [
                -125.33482825808336, 
                50.19375235060097
              ], 
              [
                -125.34894772757967, 
                50.220038161529736
              ], 
              [
                -125.3494360047476, 
                50.24168529208921
              ], 
              [
                -125.34406490527006, 
                50.26166412693356
              ], 
              [
                -125.33600826868026, 
                50.274481513886776
              ], 
              [
                -125.31802324537816, 
                50.28351472091468
              ], 
              [
                -125.29027259235505, 
                50.29132721864344
              ], 
              [
                -125.2631729846919, 
                50.294012766144284
              ], 
              [
                -125.24722245745875, 
                50.28750234314646
              ], 
              [
                -125.23534094521862, 
                50.26536692362523
              ], 
              [
                -125.2301326097005, 
                50.26080962991701
              ], 
              [
                -125.21544348185608, 
                50.256496477965115
              ], 
              [
                -125.19855708949599, 
                50.237250060803596
              ], 
              [
                -125.17975827267247, 
                50.22894929238966
              ], 
              [
                -125.17145748135665, 
                50.21898020476727
              ], 
              [
                -125.165679489834, 
                50.20595937568529
              ], 
              [
                -125.16466224044025, 
                50.19253164462519
              ], 
              [
                -125.17235266939329, 
                50.178371487573095
              ], 
              [
                -125.18415280341468, 
                50.16828034598581
              ], 
              [
                -125.19127356414106, 
                50.158189191770155
              ], 
              [
                -125.18517005190165, 
                50.14411042001947
              ], 
              [
                -125.20958411238348, 
                50.13857656317247
              ], 
              [
                -125.2252091120196, 
                50.13165924476078
              ], 
              [
                -125.22765052208835, 
                50.12079499136262
              ], 
              [
                -125.21247311293237, 
                50.10317617618823
              ], 
              [
                -125.2026261102585, 
                50.09723542382377
              ], 
              [
                -125.19399980059198, 
                50.09491607913923
              ], 
              [
                -125.18614661422112, 
                50.09153880425064
              ], 
              [
                -125.17833411163483, 
                50.08270904931884
              ], 
              [
                -125.17536373640819, 
                50.07371653946316
              ], 
              [
                -125.17149817680296, 
                50.04108307591214
              ], 
              [
                -125.16055253804865, 
                50.00307851805548
              ], 
              [
                -125.16307520715444, 
                49.99314999785893
              ], 
              [
                -125.1783341140002, 
                50.000067450000365
              ], 
              [
                -125.1868790360149, 
                50.009833075017085
              ], 
              [
                -125.19371497337335, 
                50.030910549424256
              ], 
              [
                -125.19884192680313, 
                50.04108307591214
              ]
            ]
          ], 
          [
            [
              [
                -124.89098059943713, 
                50.19253164462519
              ], 
              [
                -124.91274981034658, 
                50.19432201417501
              ], 
              [
                -124.92593339279316, 
                50.19985585511582
              ], 
              [
                -124.9578344429962, 
                50.234320384508436
              ], 
              [
                -124.96515865346605, 
                50.249212952888854
              ], 
              [
                -124.96426346932104, 
                50.262111713474795
              ], 
              [
                -124.94863847445497, 
                50.26764557325951
              ], 
              [
                -124.93683833889713, 
                50.27619049012659
              ], 
              [
                -124.92833411372517, 
                50.29266998869075
              ], 
              [
                -124.91706295165807, 
                50.303452863240004
              ], 
              [
                -124.88267981912367, 
                50.289618233391685
              ], 
              [
                -124.83568275345974, 
                50.281236078406906
              ], 
              [
                -124.81574459177651, 
                50.27383046736569
              ], 
              [
                -124.81191972056683, 
                50.26947662387293
              ], 
              [
                -124.8165583935686, 
                50.26239654700128
              ], 
              [
                -124.82201087275408, 
                50.24652741298014
              ], 
              [
                -124.81566321947946, 
                50.211574616064375
              ], 
              [
                -124.7917374356003, 
                50.19798411881076
              ], 
              [
                -124.7658585330266, 
                50.18915436969072
              ], 
              [
                -124.7537735713995, 
                50.16828034598581
              ], 
              [
                -124.76353919402635, 
                50.156236072297474
              ], 
              [
                -124.78624427312717, 
                50.139227609547554
              ], 
              [
                -124.8123673194552, 
                50.12400950978651
              ], 
              [
                -124.83234616058782, 
                50.11737702293746
              ], 
              [
                -124.84251868800095, 
                50.122219147540136
              ], 
              [
                -124.85228431002861, 
                50.13328685216668
              ], 
              [
                -124.86676998807101, 
                50.154689848346415
              ], 
              [
                -124.86937416004366, 
                50.16632722397566
              ], 
              [
                -124.85826575583722, 
                50.1734886760799
              ], 
              [
                -124.841908324355, 
                50.17877837834663
              ], 
              [
                -124.8289281847514, 
                50.18504465919196
              ], 
              [
                -124.84044348987146, 
                50.198309637985766
              ], 
              [
                -124.85610917270908, 
                50.199530333886564
              ], 
              [
                -124.89098059943713, 
                50.19253164462519
              ]
            ]
          ], 
          [
            [
              [
                -124.8026423896579, 
                50.22858308365225
              ], 
              [
                -124.80825762399854, 
                50.23187898203536
              ], 
              [
                -124.81224524835345, 
                50.23981354665766
              ], 
              [
                -124.79466711433011, 
                50.262111713474795
              ], 
              [
                -124.78648841802277, 
                50.27728913791895
              ], 
              [
                -124.7734268855012, 
                50.289496159310794
              ], 
              [
                -124.75894120839985, 
                50.29653554719691
              ], 
              [
                -124.7485245439403, 
                50.30394114905954
              ], 
              [
                -124.72508705017727, 
                50.3045108170877
              ], 
              [
                -124.68980871588288, 
                50.290676165973345
              ], 
              [
                -124.66144771281591, 
                50.26284413488631
              ], 
              [
                -124.65074622392345, 
                50.22443268504492
              ], 
              [
                -124.66454017096666, 
                50.191229562361144
              ], 
              [
                -124.69383705148803, 
                50.17104727762259
              ], 
              [
                -124.71556555535133, 
                50.16217682086299
              ], 
              [
                -124.72581947146493, 
                50.16323477532968
              ], 
              [
                -124.73070228488987, 
                50.16795482780956
              ], 
              [
                -124.73058021194564, 
                50.174505932604184
              ], 
              [
                -124.73643957483141, 
                50.18646880888173
              ], 
              [
                -124.74282793451336, 
                50.20416901823888
              ], 
              [
                -124.73916581933922, 
                50.219916083383694
              ], 
              [
                -124.72687740723491, 
                50.243150131135785
              ], 
              [
                -124.70860755516853, 
                50.26044343170688
              ], 
              [
                -124.7053930269263, 
                50.274115295146146
              ], 
              [
                -124.7125544992731, 
                50.28571199033095
              ], 
              [
                -124.72329668050764, 
                50.29287344169985
              ], 
              [
                -124.72716223065795, 
                50.29116444559489
              ], 
              [
                -124.72500567040304, 
                50.28148021835029
              ], 
              [
                -124.72516842737053, 
                50.2732608128032
              ], 
              [
                -124.72679603071958, 
                50.26630280506966
              ], 
              [
                -124.73326574774353, 
                50.25372955193522
              ], 
              [
                -124.75666255842327, 
                50.21938710469458
              ], 
              [
                -124.76797441534669, 
                50.214260160653865
              ], 
              [
                -124.78246008437951, 
                50.21918365464637
              ], 
              [
                -124.8026423896579, 
                50.22858308365225
              ]
            ]
          ], 
          [
            [
              [
                -125.33600827415657, 
                50.30174389002593
              ], 
              [
                -125.3602188748229, 
                50.29498932031521
              ], 
              [
                -125.38219153920592, 
                50.29629141159497
              ], 
              [
                -125.39806067167615, 
                50.30784739315474
              ], 
              [
                -125.40420489072535, 
                50.33218008976712
              ], 
              [
                -125.39435788002172, 
                50.34951406838038
              ], 
              [
                -125.371652804093, 
                50.35101960369801
              ], 
              [
                -125.32917233672445, 
                50.3427188245285
              ], 
              [
                -125.31371008749811, 
                50.34967682219971
              ], 
              [
                -125.31114660248669, 
                50.36326730711995
              ], 
              [
                -125.3140763004195, 
                50.38027578235122
              ], 
              [
                -125.31484942505857, 
                50.397365640470234
              ], 
              [
                -125.31012935206974, 
                50.411281633030086
              ], 
              [
                -125.30044511591173, 
                50.42747630390159
              ], 
              [
                -125.28795325736816, 
                50.43740469375694
              ], 
              [
                -125.23448646737968, 
                50.414374102593825
              ], 
              [
                -125.22301184232123, 
                50.41156646665579
              ], 
              [
                -125.21617590743696, 
                50.4090843730189
              ], 
              [
                -125.20490474588954, 
                50.396226297168106
              ], 
              [
                -125.19884193193654, 
                50.39109935763947
              ], 
              [
                -125.19253496352756, 
                50.390326242945605
              ], 
              [
                -125.1773575357674, 
                50.392523487962215
              ], 
              [
                -125.17149818193525, 
                50.39109935763947
              ], 
              [
                -125.16730710660289, 
                50.384711017983584
              ], 
              [
                -125.15929114988819, 
                50.361639721475676
              ], 
              [
                -125.15782629788106, 
                50.353257550505134
              ], 
              [
                -125.1524958847953, 
                50.34454985719716
              ], 
              [
                -125.1290177026441, 
                50.32119374711115
              ], 
              [
                -125.1150610065404, 
                50.29718659610207
              ], 
              [
                -125.07713782411226, 
                50.2621931000008
              ], 
              [
                -125.06847083485594, 
                50.25023021321699
              ], 
              [
                -125.06456458405911, 
                50.24192943132033
              ], 
              [
                -125.05630448482269, 
                50.23139068503585
              ], 
              [
                -125.04898027082179, 
                50.21914296854299
              ], 
              [
                -125.04796302234668, 
                50.20555247864889
              ], 
              [
                -125.05524655342508, 
                50.194525462996936
              ], 
              [
                -125.06533769335536, 
                50.19358958427218
              ], 
              [
                -125.07555090416886, 
                50.198675840288956
              ], 
              [
                -125.08275306134735, 
                50.20555247864889
              ], 
              [
                -125.09618078915196, 
                50.16404856565053
              ], 
              [
                -125.10606848568735, 
                50.1452090482529
              ], 
              [
                -125.12791907453553, 
                50.133856511474626
              ], 
              [
                -125.13426673143371, 
                50.12791575749102
              ], 
              [
                -125.14220130394831, 
                50.12579987533711
              ], 
              [
                -125.15440833153548, 
                50.133856511474626
              ], 
              [
                -125.15282141691488, 
                50.14020416777286
              ], 
              [
                -125.13735918256658, 
                50.17206452402885
              ], 
              [
                -125.13206946182912, 
                50.19098541542127
              ], 
              [
                -125.13011633415992, 
                50.21352772941488
              ], 
              [
                -125.1360977909521, 
                50.2323672605793
              ], 
              [
                -125.16698156921923, 
                50.247259826493156
              ], 
              [
                -125.18000241417265, 
                50.26349519094264
              ], 
              [
                -125.21149654599087, 
                50.318101300624534
              ], 
              [
                -125.21247311582484, 
                50.322251700411556
              ], 
              [
                -125.22374426390822, 
                50.32233306816836
              ], 
              [
                -125.23477129615979, 
                50.31757234215212
              ], 
              [
                -125.2458389971715, 
                50.314357816314164
              ], 
              [
                -125.25715085300186, 
                50.31883373497297
              ], 
              [
                -125.26838132354175, 
                50.32623933569536
              ], 
              [
                -125.27700761092048, 
                50.326646220307026
              ], 
              [
                -125.2860408110172, 
                50.32404205005277
              ], 
              [
                -125.31261145933838, 
                50.31981029162102
              ], 
              [
                -125.32119706969021, 
                50.31415436477381
              ], 
              [
                -125.32774817772155, 
                50.30735911893039
              ], 
              [
                -125.33600827415657, 
                50.30174389002593
              ]
            ]
          ], 
          [
            [
              [
                -125.502268033049, 
                50.41380442905476
              ], 
              [
                -125.50324459205491, 
                50.404933982716344
              ], 
              [
                -125.59203041258915, 
                50.388006913692465
              ], 
              [
                -125.60899816252505, 
                50.390936575978955
              ], 
              [
                -125.62067621939855, 
                50.38873930649373
              ], 
              [
                -125.63581294448348, 
                50.38251372727518
              ], 
              [
                -125.7434789678572, 
                50.377346093612644
              ], 
              [
                -125.76622472947797, 
                50.37970611139371
              ], 
              [
                -125.77025307432689, 
                50.380926842071204
              ], 
              [
                -125.78083247331072, 
                50.385728242871025
              ], 
              [
                -125.78184973667271, 
                50.389349674409154
              ], 
              [
                -125.78213457468631, 
                50.393255933329556
              ], 
              [
                -125.78335527346098, 
                50.39740631751313
              ], 
              [
                -125.77916417949885, 
                50.4014346230896
              ], 
              [
                -125.77179926974709, 
                50.40403878925388
              ], 
              [
                -125.7349340362259, 
                50.41071196678649
              ], 
              [
                -125.68765215312541, 
                50.41034577570536
              ], 
              [
                -125.65640216169736, 
                50.41787345524595
              ], 
              [
                -125.63597572463729, 
                50.42548249972513
              ], 
              [
                -125.61558996064844, 
                50.430405978255074
              ], 
              [
                -125.60806230234299, 
                50.43431224015637
              ], 
              [
                -125.59300697082689, 
                50.43789297748347
              ], 
              [
                -125.54686438711487, 
                50.443426825128014
              ], 
              [
                -125.52342688257096, 
                50.441717836070204
              ], 
              [
                -125.50666255452384, 
                50.43081288244598
              ], 
              [
                -125.502268033049, 
                50.41380442905476
              ]
            ]
          ], 
          [
            [
              [
                -125.36799070466604, 
                50.461127037445195
              ], 
              [
                -125.33958899312015, 
                50.45254140479142
              ], 
              [
                -125.32787026153962, 
                50.433742597330124
              ], 
              [
                -125.33800206586011, 
                50.41205473698553
              ], 
              [
                -125.34634355313345, 
                50.40228912903253
              ], 
              [
                -125.354969867301, 
                50.39809806161953
              ], 
              [
                -125.38206946707382, 
                50.393500069315856
              ], 
              [
                -125.37852941907545, 
                50.3891462182662
              ], 
              [
                -125.37653562147766, 
                50.38255444070594
              ], 
              [
                -125.3785701059829, 
                50.37555571980575
              ], 
              [
                -125.3924047621898, 
                50.36741772139029
              ], 
              [
                -125.41567948759295, 
                50.35960520619114
              ], 
              [
                -125.44774329758106, 
                50.3537051501216
              ], 
              [
                -125.48656165531482, 
                50.35765208758679
              ], 
              [
                -125.51406816372868, 
                50.36823151281383
              ], 
              [
                -125.53205320634643, 
                50.37287020336392
              ], 
              [
                -125.54478918806277, 
                50.377834372606436
              ], 
              [
                -125.539784311793, 
                50.38442617711622
              ], 
              [
                -125.51939855736258, 
                50.390814509249076
              ], 
              [
                -125.49950112309995, 
                50.40106844607068
              ], 
              [
                -125.4901017076675, 
                50.41327547546536
              ], 
              [
                -125.49103754906008, 
                50.421942433352335
              ], 
              [
                -125.47801672921257, 
                50.42951080700881
              ], 
              [
                -125.40859939732265, 
                50.44773995853822
              ], 
              [
                -125.39769447466898, 
                50.451971757768774
              ], 
              [
                -125.38853918150602, 
                50.459051813315355
              ], 
              [
                -125.36799070466604, 
                50.461127037445195
              ]
            ]
          ], 
          [
            [
              [
                -125.74913490385441, 
                50.42182038984652
              ], 
              [
                -125.75674393466616, 
                50.419826554620286
              ], 
              [
                -125.78506427001783, 
                50.41193269847843
              ], 
              [
                -125.80426999741378, 
                50.408596108694375
              ], 
              [
                -125.82363846276984, 
                50.40884022128826
              ], 
              [
                -125.87173416819157, 
                50.41620513298957
              ], 
              [
                -125.9066463017722, 
                50.41705965229931
              ], 
              [
                -125.94863847080444, 
                50.424994202232405
              ], 
              [
                -125.9654434849907, 
                50.43821848755238
              ], 
              [
                -125.9539281728386, 
                50.44326404707365
              ], 
              [
                -125.93907630992456, 
                50.44456615789996
              ], 
              [
                -125.88857989088889, 
                50.461249100857465
              ], 
              [
                -125.85090084475243, 
                50.46942780172566
              ], 
              [
                -125.80581622651769, 
                50.47504305431866
              ], 
              [
                -125.79369055150141, 
                50.47235748068226
              ], 
              [
                -125.7700089005916, 
                50.45917387567525
              ], 
              [
                -125.766102658194, 
                50.4539248611119
              ], 
              [
                -125.76390539964635, 
                50.44867584427548
              ], 
              [
                -125.75601151718104, 
                50.443182677535496
              ], 
              [
                -125.74323483181877, 
                50.43667227002154
              ], 
              [
                -125.73916582986944, 
                50.428615639084846
              ], 
              [
                -125.74913490385441, 
                50.42182038984652
              ]
            ]
          ], 
          [
            [
              [
                -126.53770912268722, 
                50.58380769353495
              ], 
              [
                -126.52440344588094, 
                50.57941314847791
              ], 
              [
                -126.51844240938928, 
                50.57569408885791
              ], 
              [
                -126.51895751783417, 
                50.57001569081799
              ], 
              [
                -126.53017842939809, 
                50.56520675611177
              ], 
              [
                -126.54300230729245, 
                50.56268777889735
              ], 
              [
                -126.58101593190877, 
                50.556504819998366
              ], 
              [
                -126.61489825169932, 
                50.55267976675155
              ], 
              [
                -126.65029862845961, 
                50.55874257611373
              ], 
              [
                -126.65794836550785, 
                50.56391021697286
              ], 
              [
                -126.64834550348164, 
                50.569891665139615
              ], 
              [
                -126.65367590336346, 
                50.578599342624294
              ], 
              [
                -126.66803950650637, 
                50.58478423549505
              ], 
              [
                -126.6708878111661, 
                50.58958566383613
              ], 
              [
                -126.66124426083528, 
                50.590969132954044
              ], 
              [
                -126.62702387819458, 
                50.589829804862276
              ], 
              [
                -126.6104223229464, 
                50.59129465626525
              ], 
              [
                -126.59699459320359, 
                50.59430572903026
              ], 
              [
                -126.58690345919526, 
                50.594875403083975
              ], 
              [
                -126.58177648829968, 
                50.5911318945541
              ], 
              [
                -126.57591710753557, 
                50.588609102229405
              ], 
              [
                -126.53770912268722, 
                50.58380769353495
              ]
            ]
          ], 
          [
            [
              [
                -126.3365372344005, 
                50.60346099994797
              ], 
              [
                -126.3248591621613, 
                50.604803759503675
              ], 
              [
                -126.28807532040224, 
                50.60346099994797
              ], 
              [
                -126.26146401126003, 
                50.580878013787775
              ], 
              [
                -126.24486242146143, 
                50.571519259199164
              ], 
              [
                -126.22667394667448, 
                50.56928130563228
              ], 
              [
                -126.23485266904724, 
                50.55707428715359
              ], 
              [
                -126.24461828114576, 
                50.554144584942826
              ], 
              [
                -126.25584876441401, 
                50.55524323365878
              ], 
              [
                -126.26821855224145, 
                50.55499908906354
              ], 
              [
                -126.27989662209345, 
                50.55048249791378
              ], 
              [
                -126.30003820187474, 
                50.537298880538934
              ], 
              [
                -126.30549068097746, 
                50.53457264916042
              ], 
              [
                -126.41270910190629, 
                50.52741118668178
              ], 
              [
                -126.41905677105949, 
                50.52399323216702
              ], 
              [
                -126.4481501995873, 
                50.51923249515361
              ], 
              [
                -126.6245010979572, 
                50.53457264916042
              ], 
              [
                -126.58413652517096, 
                50.54808177538559
              ], 
              [
                -126.36758379813372, 
                50.582953203137905
              ], 
              [
                -126.3622126880371, 
                50.58563873244687
              ], 
              [
                -126.34675045373145, 
                50.59882233160665
              ], 
              [
                -126.3365372344005, 
                50.60346099994797
              ]
            ]
          ], 
          [
            [
              [
                -126.4037979649391, 
                50.62982817438749
              ], 
              [
                -126.38459226239115, 
                50.62860750039759
              ], 
              [
                -126.36351478049156, 
                50.618841866734556
              ], 
              [
                -126.37441971830062, 
                50.604966530546186
              ], 
              [
                -126.42564857128716, 
                50.58856843170879
              ], 
              [
                -126.437570758138, 
                50.587713924267405
              ], 
              [
                -126.45262609500347, 
                50.588120822924765
              ], 
              [
                -126.48542234166285, 
                50.57855867380906
              ], 
              [
                -126.5001114715552, 
                50.57892488798347
              ], 
              [
                -126.5108536311218, 
                50.581854543763384
              ], 
              [
                -126.51317297650381, 
                50.58445872106444
              ], 
              [
                -126.50658119435663, 
                50.58576082036915
              ], 
              [
                -126.51146398541185, 
                50.58795806337854
              ], 
              [
                -126.52953038732352, 
                50.59223051879909
              ], 
              [
                -126.53795325297268, 
                50.5959333338731
              ], 
              [
                -126.53624427347847, 
                50.59845612581568
              ], 
              [
                -126.54572506237496, 
                50.59829335921782
              ], 
              [
                -126.55850175513606, 
                50.60317617195629
              ], 
              [
                -126.54759681500464, 
                50.613714917581916
              ], 
              [
                -126.4712621828894, 
                50.62824128774385
              ], 
              [
                -126.4037979649391, 
                50.62982817438749
              ]
            ]
          ], 
          [
            [
              [
                -126.8592830141668, 
                50.645738030825974
              ], 
              [
                -126.83971108244248, 
                50.63373445887366
              ], 
              [
                -126.83307858394468, 
                50.625230214312154
              ], 
              [
                -126.83804276514927, 
                50.6218936134175
              ], 
              [
                -126.84675046043854, 
                50.62498607594451
              ], 
              [
                -126.85374916442018, 
                50.62885164247984
              ], 
              [
                -126.86245684543049, 
                50.62860750039759
              ], 
              [
                -126.87238520373128, 
                50.62482329122183
              ], 
              [
                -126.89712479230728, 
                50.620998427222844
              ], 
              [
                -127.00324459124955, 
                50.62645090990624
              ], 
              [
                -127.03746497367281, 
                50.640082098733934
              ], 
              [
                -127.06965086047045, 
                50.63373445887366
              ], 
              [
                -127.12214106534806, 
                50.629950246023434
              ], 
              [
                -127.15038000640094, 
                50.63996002189875
              ], 
              [
                -127.14146886444857, 
                50.6547712101518
              ], 
              [
                -127.12352455802943, 
                50.666327232363514
              ], 
              [
                -127.10749263219572, 
                50.67108794732648
              ], 
              [
                -127.07331294068628, 
                50.6688906764116
              ], 
              [
                -127.03709877708525, 
                50.66250236243801
              ], 
              [
                -126.93464109203296, 
                50.66030509312385
              ], 
              [
                -126.89476477963349, 
                50.66592031678187
              ], 
              [
                -126.88133707791579, 
                50.65973545709781
              ], 
              [
                -126.8592830141668, 
                50.645738030825974
              ]
            ]
          ], 
          [
            [
              [
                -126.6176651532468, 
                50.6723086448774
              ], 
              [
                -126.60179604670341, 
                50.674505947440494
              ], 
              [
                -126.59019934235006, 
                50.679348042826156
              ], 
              [
                -126.58482825383648, 
                50.68781159082146
              ], 
              [
                -126.58771723963805, 
                50.701076551503604
              ], 
              [
                -126.54995683043481, 
                50.732896221020965
              ], 
              [
                -126.52700759191559, 
                50.743719767738924
              ], 
              [
                -126.50780190093361, 
                50.73993562919783
              ], 
              [
                -126.47887118916653, 
                50.75690335011478
              ], 
              [
                -126.42829342601918, 
                50.79450104619896
              ], 
              [
                -126.39793857767353, 
                50.80825426816394
              ], 
              [
                -126.3795466455718, 
                50.811509470609714
              ], 
              [
                -126.34113523832528, 
                50.812811610954356
              ], 
              [
                -126.3234757148137, 
                50.815741277797315
              ], 
              [
                -126.28945875914972, 
                50.82855862959285
              ], 
              [
                -126.27228753985294, 
                50.83002347871097
              ], 
              [
                -126.2442114272762, 
                50.81631097843595
              ], 
              [
                -126.23277750499359, 
                50.80646396887654
              ], 
              [
                -126.2236221911915, 
                50.79507069539279
              ], 
              [
                -126.21983799758124, 
                50.784654014536926
              ], 
              [
                -126.21344969017419, 
                50.77155184265973
              ], 
              [
                -126.18529215285183, 
                50.759711039801886
              ], 
              [
                -126.1788630614992, 
                50.75079984631211
              ], 
              [
                -126.18590248134015, 
                50.74160391711945
              ], 
              [
                -126.23289956155061, 
                50.72695549128859
              ], 
              [
                -126.24469970000956, 
                50.71743401445479
              ], 
              [
                -126.26821857229093, 
                50.68528882403349
              ], 
              [
                -126.26439366227117, 
                50.6646182071802
              ], 
              [
                -126.2880753404122, 
                50.65460848289946
              ], 
              [
                -126.35020912651689, 
                50.65184155271962
              ], 
              [
                -126.43464110455585, 
                50.66913485987796
              ], 
              [
                -126.4600724080207, 
                50.66486238625171
              ], 
              [
                -126.44933021990609, 
                50.656968506132074
              ], 
              [
                -126.44896400079084, 
                50.65045808024748
              ], 
              [
                -126.45677648464702, 
                50.645982151563906
              ], 
              [
                -126.47028562376455, 
                50.64443595398211
              ], 
              [
                -126.48485268363248, 
                50.64618563112034
              ], 
              [
                -126.508615671919, 
                50.654974658303956
              ], 
              [
                -126.52147373229634, 
                50.658026401495135
              ], 
              [
                -126.57599849795955, 
                50.65228912557948
              ], 
              [
                -126.60342360257785, 
                50.654852573819745
              ], 
              [
                -126.6176651532468, 
                50.6723086448774
              ]
            ]
          ], 
          [
            [
              [
                -126.78213459202384, 
                50.77472567802239
              ], 
              [
                -126.79613198430852, 
                50.77496981498209
              ], 
              [
                -126.85484777769778, 
                50.78603749298665
              ], 
              [
                -126.88609778715852, 
                50.8115908882563
              ], 
              [
                -126.90510006218717, 
                50.821926172035695
              ], 
              [
                -126.90510009249483, 
                50.82933180386903
              ], 
              [
                -126.89199787949194, 
                50.82933180386903
              ], 
              [
                -126.879465313336, 
                50.8342959815305
              ], 
              [
                -126.86266027786034, 
                50.8361270111818
              ], 
              [
                -126.82628330921455, 
                50.836167685307885
              ], 
              [
                -126.81554114032691, 
                50.8283145149339
              ], 
              [
                -126.80459547757532, 
                50.81403226207872
              ], 
              [
                -126.79344640115801, 
                50.80731840872241
              ], 
              [
                -126.78213456718895, 
                50.821926172035695
              ], 
              [
                -126.78433185972716, 
                50.832342867809665
              ], 
              [
                -126.77065994967155, 
                50.8363304598025
              ], 
              [
                -126.6824437984746, 
                50.83437732915517
              ], 
              [
                -126.66612705924337, 
                50.836167685307885
              ], 
              [
                -126.65729735659095, 
                50.84324781784649
              ], 
              [
                -126.64997309303382, 
                50.84780506051268
              ], 
              [
                -126.64098060399539, 
                50.84979890150313
              ], 
              [
                -126.63377848554728, 
                50.84808994956194
              ], 
              [
                -126.62775628557637, 
                50.84406156015961
              ], 
              [
                -126.62254794963982, 
                50.83942288496549
              ], 
              [
                -126.61766514525203, 
                50.836167685307885
              ], 
              [
                -126.58812415888703, 
                50.82225170139545
              ], 
              [
                -126.57542881341269, 
                50.813706744104195
              ], 
              [
                -126.5624080244235, 
                50.80206942194755
              ], 
              [
                -126.57371983339253, 
                50.80215075841766
              ], 
              [
                -126.59373939548433, 
                50.80711498522232
              ], 
              [
                -126.6034236036275, 
                50.80825426816394
              ], 
              [
                -126.61534581073629, 
                50.805975629890035
              ], 
              [
                -126.63756259906184, 
                50.7971865584563
              ], 
              [
                -126.67284097986001, 
                50.79254795145617
              ], 
              [
                -126.74120034801639, 
                50.77472567802239
              ], 
              [
                -126.74583899855845, 
                50.77667878078127
              ], 
              [
                -126.76081297324262, 
                50.78611890182026
              ], 
              [
                -126.76854405257879, 
                50.78839750364389
              ], 
              [
                -126.76842200277443, 
                50.78628164166865
              ], 
              [
                -126.77253167452702, 
                50.78164293788905
              ], 
              [
                -126.77798420333725, 
                50.777004325448196
              ], 
              [
                -126.78213459202384, 
                50.77472567802239
              ]
            ]
          ], 
          [
            [
              [
                -123.32119694896606, 
                48.49583553154471
              ], 
              [
                -123.30223553463755, 
                48.48419837492998
              ], 
              [
                -123.28718019635288, 
                48.468329235857084
              ], 
              [
                -123.28062897241338, 
                48.448390939722955
              ], 
              [
                -123.28709884395906, 
                48.42413981698012
              ], 
              [
                -123.30247954806244, 
                48.41429262011371
              ], 
              [
                -123.33039298749456, 
                48.40477116991332
              ], 
              [
                -123.35704506834176, 
                48.400580166373075
              ], 
              [
                -123.43732670962905, 
                48.44464762960422
              ], 
              [
                -123.453358503396, 
                48.43357978973755
              ], 
              [
                -123.48021393646444, 
                48.392319980675964
              ], 
              [
                -123.49624594622098, 
                48.383205530401526
              ], 
              [
                -123.51109766994661, 
                48.380519781041905
              ], 
              [
                -123.51512612333639, 
                48.37376538836027
              ], 
              [
                -123.51569571744795, 
                48.36473210292717
              ], 
              [
                -123.5198460768277, 
                48.3552919589237
              ], 
              [
                -123.5279028672397, 
                48.34833413614816
              ], 
              [
                -123.54548096219175, 
                48.33657465810897
              ], 
              [
                -123.55459560370704, 
                48.32794842831552
              ], 
              [
                -123.55060778562819, 
                48.31305561820216
              ], 
              [
                -123.57217352790782, 
                48.30609759448867
              ], 
              [
                -123.5952855755197, 
                48.310044620210995
              ], 
              [
                -123.59557053873912, 
                48.32794842831552
              ], 
              [
                -123.61245680740568, 
                48.32684964296928
              ], 
              [
                -123.63996344887474, 
                48.3167993491227
              ], 
              [
                -123.65392016050124, 
                48.31427656905981
              ], 
              [
                -123.66779528939091, 
                48.31761291496768
              ], 
              [
                -123.68504793730177, 
                48.33218002615135
              ], 
              [
                -123.70539311055177, 
                48.33803955053013
              ], 
              [
                -123.7337540052432, 
                48.35077542013965
              ], 
              [
                -123.78062912854283, 
                48.36286053282323
              ], 
              [
                -123.84117590744665, 
                48.36188385163169
              ], 
              [
                -123.8907770402243, 
                48.366888606578904
              ], 
              [
                -124.13149992252366, 
                48.43349858498683
              ], 
              [
                -124.38914946027569, 
                48.51797099533389
              ], 
              [
                -124.41421463175183, 
                48.519761440233225
              ], 
              [
                -124.43789616802474, 
                48.52553930910228
              ], 
              [
                -124.42967692310393, 
                48.53851964188637
              ], 
              [
                -124.40778552972287, 
                48.55239482523795
              ], 
              [
                -124.39069571301748, 
                48.56073632941609
              ], 
              [
                -124.40143782857251, 
                48.56525284344123
              ], 
              [
                -124.43468183608191, 
                48.569159327229954
              ], 
              [
                -124.44530177389991, 
                48.56818254669234
              ], 
              [
                -124.45726485900852, 
                48.562730308358425
              ], 
              [
                -124.46751859917327, 
                48.55597554998813
              ], 
              [
                -124.48566654479683, 
                48.540228673872846
              ], 
              [
                -124.49356030421878, 
                48.542140961172066
              ], 
              [
                -124.51357994584582, 
                48.54706459753073
              ], 
              [
                -124.66539474291291, 
                48.57322835625104
              ], 
              [
                -124.73119046868226, 
                48.596380817719115
              ], 
              [
                -124.76935786415683, 
                48.61505766847626
              ], 
              [
                -124.79991624185114, 
                48.63922772293086
              ], 
              [
                -124.81623298927116, 
                48.64712162148925
              ], 
              [
                -125.0939835263155, 
                48.73004791697828
              ], 
              [
                -125.10875395044488, 
                48.738755498355665
              ], 
              [
                -125.14391040675113, 
                48.77435958663044
              ], 
              [
                -125.15982008671905, 
                48.78681057895013
              ], 
              [
                -125.18516992525333, 
                48.80097061959183
              ], 
              [
                -125.17113198019263, 
                48.81590405716388
              ], 
              [
                -125.11001554748167, 
                48.841945846576955
              ], 
              [
                -125.10513264697043, 
                48.8478458070004
              ], 
              [
                -125.09557047259052, 
                48.863470806526884
              ], 
              [
                -125.08897863060355, 
                48.869818409813355
              ], 
              [
                -125.07843997368161, 
                48.8761661613993
              ], 
              [
                -125.06875555510513, 
                48.88019427422482
              ], 
              [
                -125.05817635673282, 
                48.882269742098416
              ], 
              [
                -125.03449457988424, 
                48.88373442395671
              ], 
              [
                -125.0219619593319, 
                48.88654195912771
              ], 
              [
                -125.01146391597338, 
                48.89199443748688
              ], 
              [
                -125.00698803718278, 
                48.900213876945855
              ], 
              [
                -125.00963284706634, 
                48.914292596793
              ], 
              [
                -125.01378342966508, 
                48.92137290542803
              ], 
              [
                -125.01366128962572, 
                48.92812737892436
              ], 
              [
                -125.00357001737117, 
                48.94122944150618
              ], 
              [
                -124.98412031109312, 
                48.95600014451052
              ], 
              [
                -124.96324625475566, 
                48.96295811280942
              ], 
              [
                -124.9182835334599, 
                48.972235270720226
              ], 
              [
                -124.88267969313746, 
                48.99054581859235
              ], 
              [
                -124.84699468943809, 
                49.02045330428813
              ], 
              [
                -124.81944726485257, 
                49.05801000345224
              ], 
              [
                -124.80842044509582, 
                49.099188624735945
              ], 
              [
                -124.80089257937524, 
                49.11676651778404
              ], 
              [
                -124.78697666661759, 
                49.133490271942804
              ], 
              [
                -124.77940831913935, 
                49.152044973781365
              ], 
              [
                -124.79881761553604, 
                49.18878827531839
              ], 
              [
                -124.80842045162598, 
                49.24656818894882
              ], 
              [
                -124.81460526701434, 
                49.24286529494517
              ], 
              [
                -124.82062748829524, 
                49.23798258365427
              ], 
              [
                -124.82555093334325, 
                49.23216383034414
              ], 
              [
                -124.82892811345235, 
                49.22549053790296
              ], 
              [
                -124.82852124373646, 
                49.21771876478106
              ], 
              [
                -124.82201091905543, 
                49.18138261077974
              ], 
              [
                -124.8220109318432, 
                49.14012286100981
              ], 
              [
                -124.82803298966793, 
                49.11985909647128
              ], 
              [
                -124.84203027902646, 
                49.10390844908222
              ], 
              [
                -124.85802172360647, 
                49.08958580895052
              ], 
              [
                -124.8698624187296, 
                49.07465239288625
              ], 
              [
                -124.87922110730203, 
                49.032293951763876
              ], 
              [
                -124.88801011759054, 
                49.01398334424271
              ], 
              [
                -124.9077042622003, 
                49.00641514310046
              ], 
              [
                -124.92467202340653, 
                49.00283440007653
              ], 
              [
                -124.96764067617534, 
                48.987941706435016
              ], 
              [
                -124.99274646463714, 
                48.985907193670464
              ], 
              [
                -125.04482977696752, 
                48.99274310617489
              ], 
              [
                -125.05646737924609, 
                48.99062749722384
              ], 
              [
                -125.07603922589095, 
                48.98118728228607
              ], 
              [
                -125.0858455901152, 
                48.97907145479931
              ], 
              [
                -125.11123605397339, 
                48.98387269628637
              ], 
              [
                -125.12922128713274, 
                48.992987525362295
              ], 
              [
                -125.14688077500419, 
                48.99852135897167
              ], 
              [
                -125.17149807086115, 
                48.99274310617489
              ], 
              [
                -125.2018936330114, 
                48.96674219441636
              ], 
              [
                -125.22126225137842, 
                48.95477945596937
              ], 
              [
                -125.24038657532004, 
                48.95547115817469
              ], 
              [
                -125.2650447417586, 
                48.96303947371755
              ], 
              [
                -125.31517502398944, 
                48.965318207833484
              ], 
              [
                -125.33600814204345, 
                48.972235270720226
              ], 
              [
                -125.3024797494267, 
                49.00311936025124
              ], 
              [
                -125.28282640712855, 
                49.01536705477467
              ], 
              [
                -125.26085373466789, 
                49.020697439262925
              ], 
              [
                -125.26085367770492, 
                49.027533308747174
              ], 
              [
                -125.29718994007558, 
                49.026312604992434
              ], 
              [
                -125.3087052397174, 
                49.027533308747174
              ], 
              [
                -125.3169652336092, 
                49.03139875257528
              ], 
              [
                -125.32502201573365, 
                49.03733967582786
              ], 
              [
                -125.33340409629919, 
                49.041815491437326
              ], 
              [
                -125.34284417039825, 
                49.04116441405507
              ], 
              [
                -125.35387112388403, 
                49.027248322658664
              ], 
              [
                -125.35899820731305, 
                49.00641514310046
              ], 
              [
                -125.36628169735695, 
                48.987372127938244
              ], 
              [
                -125.40050202490734, 
                48.972601562286805
              ], 
              [
                -125.42979891101872, 
                48.94399643141593
              ], 
              [
                -125.44896401982939, 
                48.93744540829096
              ], 
              [
                -125.4522191845013, 
                48.93439359766138
              ], 
              [
                -125.4554336669204, 
                48.92755761739853
              ], 
              [
                -125.46056072898749, 
                48.920721809943906
              ], 
              [
                -125.469471716186, 
                48.91766987874107
              ], 
              [
                -125.48936936614393, 
                48.918646666192544
              ], 
              [
                -125.49836165687786, 
                48.92047745622358
              ], 
              [
                -125.50047775261115, 
                48.92381429546538
              ], 
              [
                -125.51439369677269, 
                48.92649975716283
              ], 
              [
                -125.53111732196578, 
                48.932521882892885
              ], 
              [
                -125.54710843087645, 
                48.940252881795864
              ], 
              [
                -125.55882718579902, 
                48.948309527679974
              ], 
              [
                -125.57306879368284, 
                48.95579659292052
              ], 
              [
                -125.60655689348144, 
                48.96185958827437
              ], 
              [
                -125.62022860143534, 
                48.96881739841401
              ], 
              [
                -125.62612869057531, 
                48.97553129400604
              ], 
              [
                -125.63341217053987, 
                48.98786033800451
              ], 
              [
                -125.63703355247007, 
                48.99274310617489
              ], 
              [
                -125.67235269614814, 
                49.01780836825224
              ], 
              [
                -125.69823148454851, 
                49.02912007721782
              ], 
              [
                -125.70934005202388, 
                49.037421059252445
              ], 
              [
                -125.73582917251898, 
                49.05304589704731
              ], 
              [
                -125.83625237811714, 
                49.0690371418171
              ], 
              [
                -125.84927311529138, 
                49.073919841039434
              ], 
              [
                -125.86278227505152, 
                49.0807558317592
              ], 
              [
                -125.8716934500974, 
                49.09015529524936
              ], 
              [
                -125.87100184236418, 
                49.1026066123414
              ], 
              [
                -125.86156176936717, 
                49.11001224775319
              ], 
              [
                -125.8309219980779, 
                49.114406636040115
              ], 
              [
                -125.81578517201001, 
                49.12303281106258
              ], 
              [
                -125.80028224955852, 
                49.11212787186147
              ], 
              [
                -125.78477942117564, 
                49.10492584232599
              ], 
              [
                -125.76756740909954, 
                49.10346088395058
              ], 
              [
                -125.74689690458281, 
                49.1094424095158
              ], 
              [
                -125.7397354530775, 
                49.11432522916
              ], 
              [
                -125.70128346058314, 
                49.1347111561506
              ], 
              [
                -125.69225019419913, 
                49.1333683076519
              ], 
              [
                -125.68358314690096, 
                49.14842358163394
              ], 
              [
                -125.64565995026672, 
                49.164007868567126
              ], 
              [
                -125.63703360610347, 
                49.17462793606317
              ], 
              [
                -125.632313664169, 
                49.18793372926786
              ], 
              [
                -125.62230391279374, 
                49.196193837409666
              ], 
              [
                -125.61294506539771, 
                49.20636621864835
              ], 
              [
                -125.61034087397945, 
                49.22549053790296
              ], 
              [
                -125.6985978258491, 
                49.18109776975584
              ], 
              [
                -125.72325608226822, 
                49.16059002050333
              ], 
              [
                -125.7466935205066, 
                49.148138776002824
              ], 
              [
                -125.75511639963091, 
                49.16889076196954
              ], 
              [
                -125.75373280111653, 
                49.22235740015364
              ], 
              [
                -125.74282802470853, 
                49.25177654593301
              ], 
              [
                -125.7405491734122, 
                49.26740130591537
              ], 
              [
                -125.7503148327894, 
                49.26365785708825
              ], 
              [
                -125.76305083837296, 
                49.25372947408203
              ], 
              [
                -125.77733322558954, 
                49.247707527596084
              ], 
              [
                -125.79112707699244, 
                49.24701568614477
              ], 
              [
                -125.8021133648462, 
                49.25340398505151
              ], 
              [
                -125.8031307803601, 
                49.262518759128525
              ], 
              [
                -125.80199138328004, 
                49.30019770849235
              ], 
              [
                -125.79869543391403, 
                49.31146880757088
              ], 
              [
                -125.79010974856935, 
                49.32269919107947
              ], 
              [
                -125.78160546881364, 
                49.33844620550047
              ], 
              [
                -125.7756242270338, 
                49.3554142161915
              ], 
              [
                -125.77476966628451, 
                49.37010326314871
              ], 
              [
                -125.78160560328482, 
                49.37010326314871
              ], 
              [
                -125.79279538191545, 
                49.359930736721
              ], 
              [
                -125.80630454154007, 
                49.343451297854635
              ], 
              [
                -125.81777911395325, 
                49.32404207409517
              ], 
              [
                -125.82469654609557, 
                49.29559982644272
              ], 
              [
                -125.82998622487901, 
                49.2838403444054
              ], 
              [
                -125.83690347023644, 
                49.27313876262857
              ], 
              [
                -125.84373939119959, 
                49.26703522790464
              ], 
              [
                -125.8517145771909, 
                49.266424789309134
              ], 
              [
                -125.86489818210498, 
                49.276190428257294
              ], 
              [
                -125.87726795974218, 
                49.28009666151505
              ], 
              [
                -125.90119371119482, 
                49.274481392031014
              ], 
              [
                -125.93980868930778, 
                49.24091213764055
              ], 
              [
                -125.95604405243174, 
                49.232896199630375
              ], 
              [
                -125.97736559626618, 
                49.23517476367444
              ], 
              [
                -125.99437417747212, 
                49.242336358574676
              ], 
              [
                -126.01016189684199, 
                49.255072314145714
              ], 
              [
                -126.02806563179918, 
                49.27387124587018
              ], 
              [
                -126.00890059030833, 
                49.29230385991655
              ], 
              [
                -125.97874914941892, 
                49.30402252382886
              ], 
              [
                -125.95091710097721, 
                49.320257856687746
              ], 
              [
                -125.92878179885396, 
                49.373033054053636
              ], 
              [
                -125.91002356978052, 
                49.39838288322799
              ], 
              [
                -125.89899658670934, 
                49.42218663473698
              ], 
              [
                -125.91197672180326, 
                49.43838128654013
              ], 
              [
                -125.92178294267433, 
                49.419826490398805
              ], 
              [
                -125.95848536589963, 
                49.393296483403915
              ], 
              [
                -125.96662348104954, 
                49.380072308671295
              ], 
              [
                -125.9698380483406, 
                49.357855568940515
              ], 
              [
                -125.97923750395638, 
                49.34178302635889
              ], 
              [
                -125.99425215979373, 
                49.33038980650566
              ], 
              [
                -126.01439365042866, 
                49.32233303593637
              ], 
              [
                -126.0236710244845, 
                49.32868072691091
              ], 
              [
                -126.04645740471081, 
                49.337835910496366
              ], 
              [
                -126.05907132664375, 
                49.34589253883891
              ], 
              [
                -126.0764867318026, 
                49.383734382607656
              ], 
              [
                -126.07164469140585, 
                49.39630771925593
              ], 
              [
                -126.05817628797138, 
                49.41193274422843
              ], 
              [
                -126.05532783220009, 
                49.421047155861594
              ], 
              [
                -126.05435139583697, 
                49.43838128654013
              ], 
              [
                -126.05508385811123, 
                49.44529865113858
              ], 
              [
                -126.06289620272206, 
                49.44440328831188
              ], 
              [
                -126.12193769041137, 
                49.42621498208957
              ], 
              [
                -126.14126538806401, 
                49.423570006614824
              ], 
              [
                -126.1565650219229, 
                49.418402542883676
              ], 
              [
                -126.173980370685, 
                49.41535076608459
              ], 
              [
                -126.17764247972546, 
                49.41111899514813
              ], 
              [
                -126.18016512249844, 
                49.40672429830912
              ], 
              [
                -126.18569897927159, 
                49.4042422043594
              ], 
              [
                -126.19786537126426, 
                49.40460847441174
              ], 
              [
                -126.21353101542691, 
                49.40737534834539
              ], 
              [
                -126.22712147428898, 
                49.41278709053849
              ], 
              [
                -126.23289944606374, 
                49.421047155861594
              ], 
              [
                -126.23574787927977, 
                49.43549228769441
              ], 
              [
                -126.24351973446326, 
                49.4462752168875
              ], 
              [
                -126.25479085188549, 
                49.45050694098943
              ], 
              [
                -126.26821851218634, 
                49.44521714169141
              ], 
              [
                -126.25877833100277, 
                49.43146379642917
              ], 
              [
                -126.25670327342075, 
                49.41592033746717
              ], 
              [
                -126.26130121061482, 
                49.4003359756151
              ], 
              [
                -126.27513596348744, 
                49.38190349413148
              ], 
              [
                -126.28429116877186, 
                49.366522555551526
              ], 
              [
                -126.28807540956632, 
                49.362697756024424
              ], 
              [
                -126.29735257386984, 
                49.36253478889733
              ], 
              [
                -126.30256112281343, 
                49.36709232999832
              ], 
              [
                -126.30577542614546, 
                49.3727480052702
              ], 
              [
                -126.30923422762096, 
                49.37628820931734
              ], 
              [
                -126.33771737376799, 
                49.38605391895384
              ], 
              [
                -126.3499650999734, 
                49.392157440927654
              ], 
              [
                -126.36070725104362, 
                49.40053955914902
              ], 
              [
                -126.37555911206827, 
                49.40745684591828
              ], 
              [
                -126.39509043124107, 
                49.414008032828946
              ], 
              [
                -126.40501873988113, 
                49.42137285355609
              ], 
              [
                -126.39118397797155, 
                49.430894190969155
              ], 
              [
                -126.40575120052185, 
                49.44208416109988
              ], 
              [
                -126.42137601496613, 
                49.46556213704285
              ], 
              [
                -126.43211818488486, 
                49.472560815396406
              ], 
              [
                -126.44835351306494, 
                49.470526281950185
              ], 
              [
                -126.46532148396724, 
                49.460150534047806
              ], 
              [
                -126.47948153311285, 
                49.44745509669191
              ], 
              [
                -126.48737548493939, 
                49.43838128654013
              ], 
              [
                -126.47524991821074, 
                49.418402542883676
              ], 
              [
                -126.46393783314161, 
                49.40558488719758
              ], 
              [
                -126.46434490263373, 
                49.39565669690584
              ], 
              [
                -126.4873754036358, 
                49.383734382607656
              ], 
              [
                -126.51040617367892, 
                49.377753135394336
              ], 
              [
                -126.52782132762405, 
                49.37885152551044
              ], 
              [
                -126.54230718844953, 
                49.38568767500026
              ], 
              [
                -126.55626388632388, 
                49.396796064552795
              ], 
              [
                -126.57266200562461, 
                49.41429281689338
              ], 
              [
                -126.57428955587353, 
                49.425685984840115
              ], 
              [
                -126.5683487305227, 
                49.43813707470888
              ], 
              [
                -126.5624080223675, 
                49.45888908270331
              ], 
              [
                -126.5627335648954, 
                49.46088292249948
              ], 
              [
                -126.56240801055297, 
                49.48615143808842
              ], 
              [
                -126.56041425489795, 
                49.49628334234481
              ], 
              [
                -126.5578507458852, 
                49.50324131351435
              ], 
              [
                -126.55760665858078, 
                49.51040283207888
              ], 
              [
                -126.56240802555361, 
                49.52094149431775
              ], 
              [
                -126.55626381955271, 
                49.52094149431775
              ], 
              [
                -126.55626369050455, 
                49.52716693207093
              ], 
              [
                -126.56297772385263, 
                49.531317514145
              ], 
              [
                -126.56769774075647, 
                49.53579338483292
              ], 
              [
                -126.5767715928748, 
                49.5482445087586
              ], 
              [
                -126.57095305389413, 
                49.55414474128889
              ], 
              [
                -126.57087156771566, 
                49.55975985446714
              ], 
              [
                -126.57184807340529, 
                49.566473656891326
              ], 
              [
                -126.56932529694764, 
                49.575588250845136
              ], 
              [
                -126.56509359608859, 
                49.5835635922295
              ], 
              [
                -126.5625708919604, 
                49.587388557171984
              ], 
              [
                -126.54881763861357, 
                49.596014861028465
              ], 
              [
                -126.53302964048993, 
                49.60248431429133
              ], 
              [
                -126.4990941846543, 
                49.61058174970069
              ], 
              [
                -126.45254474994482, 
                49.63629794640122
              ], 
              [
                -126.4170628574205, 
                49.63849507231521
              ], 
              [
                -126.33653736916864, 
                49.630804904129235
              ], 
              [
                -126.21816967487749, 
                49.64569727441355
              ], 
              [
                -126.19668546466373, 
                49.65448652523229
              ], 
              [
                -126.1856990197464, 
                49.65745676927239
              ], 
              [
                -126.17198650325506, 
                49.65741613600136
              ], 
              [
                -126.14891510687887, 
                49.65155663793424
              ], 
              [
                -126.13792875347946, 
                49.65005107480273
              ], 
              [
                -126.08950752692402, 
                49.660874639881044
              ], 
              [
                -126.09203028128323, 
                49.66998918551821
              ], 
              [
                -126.09854081818817, 
                49.6778018240702
              ], 
              [
                -126.1074926061397, 
                49.683294947934435
              ], 
              [
                -126.11709547720412, 
                49.68545153088487
              ], 
              [
                -126.19497633269403, 
                49.68138251588279
              ], 
              [
                -126.29678296686642, 
                49.66083400606539
              ], 
              [
                -126.32437087927262, 
                49.648260787558904
              ], 
              [
                -126.33877507243376, 
                49.64964413384126
              ], 
              [
                -126.45323643819152, 
                49.67430245451198
              ], 
              [
                -126.47716223393404, 
                49.6839867152159
              ], 
              [
                -126.48737535669429, 
                49.6950543168194
              ], 
              [
                -126.47940017025513, 
                49.71181872492175
              ], 
              [
                -126.41201745191121, 
                49.77171466456203
              ], 
              [
                -126.411203485399, 
                49.778224894369934
              ], 
              [
                -126.4256080096476, 
                49.78099207988175
              ], 
              [
                -126.45274815638504, 
                49.7902285607026
              ], 
              [
                -126.46735595469836, 
                49.79230381288966
              ], 
              [
                -126.47370348406965, 
                49.78436909894054
              ], 
              [
                -126.47227929941505, 
                49.74970109487216
              ], 
              [
                -126.47777263102583, 
                49.734930777739514
              ], 
              [
                -126.49356037144321, 
                49.718939543303605
              ], 
              [
                -126.51671302667307, 
                49.708400790608906
              ], 
              [
                -126.54531802895384, 
                49.70441300016612
              ], 
              [
                -126.57310941866463, 
                49.706935842736115
              ], 
              [
                -126.59349519278733, 
                49.71580632138213
              ], 
              [
                -126.60521401910846, 
                49.73212314030351
              ], 
              [
                -126.63727774479973, 
                49.81712468054917
              ], 
              [
                -126.64134692925043, 
                49.83331953923648
              ], 
              [
                -126.64439851139068, 
                49.87348047311034
              ], 
              [
                -126.64972889288038, 
                49.89801658188158
              ], 
              [
                -126.66372646572763, 
                49.896877458651154
              ], 
              [
                -126.68346096404515, 
                49.88491433866061
              ], 
              [
                -126.70588142552624, 
                49.87718346104583
              ], 
              [
                -126.7263890472273, 
                49.88239157887719
              ], 
              [
                -126.74893151642453, 
                49.89557534375967
              ], 
              [
                -126.76720140709233, 
                49.91242108566095
              ], 
              [
                -126.78294828228972, 
                49.942450162089216
              ], 
              [
                -126.80223552743554, 
                49.95457596626279
              ], 
              [
                -126.8436173580628, 
                49.97345616816215
              ], 
              [
                -126.84260009954032, 
                49.960638778976836
              ], 
              [
                -126.81086175796462, 
                49.94334541681109
              ], 
              [
                -126.80264247855055, 
                49.92812745479316
              ], 
              [
                -126.80850174861617, 
                49.914374081547976
              ], 
              [
                -126.82258061203909, 
                49.89972574215877
              ], 
              [
                -126.83946705581364, 
                49.88816981048885
              ], 
              [
                -126.85387121985819, 
                49.88344960745441
              ], 
              [
                -126.87165268270776, 
                49.88247291777014
              ], 
              [
                -126.88341210545407, 
                49.88312394031855
              ], 
              [
                -126.8915909712426, 
                49.891017994958595
              ], 
              [
                -126.91022707541693, 
                49.95742428668342
              ], 
              [
                -126.91934164208733, 
                49.97345616816215
              ], 
              [
                -126.92198635246831, 
                49.96845112153421
              ], 
              [
                -126.9234920739217, 
                49.95880777722083
              ], 
              [
                -126.92552643549547, 
                49.95233788996251
              ], 
              [
                -126.92857829591259, 
                49.93325434616965
              ], 
              [
                -126.9298395144052, 
                49.88312394031855
              ], 
              [
                -126.93614663159492, 
                49.866644617858775
              ], 
              [
                -126.94493560186895, 
                49.86359275732599
              ], 
              [
                -127.0729875068244, 
                49.86225014912144
              ], 
              [
                -127.09825594536625, 
                49.85830307779728
              ], 
              [
                -127.12193761527632, 
                49.85773345052736
              ], 
              [
                -127.14191648762338, 
                49.866644617858775
              ], 
              [
                -127.22907475899345, 
                49.9464786783723
              ], 
              [
                -127.23753832508412, 
                49.96181887543498
              ], 
              [
                -127.23094636241197, 
                49.97650781770783
              ], 
              [
                -127.19985917877221, 
                50.007513738745146
              ], 
              [
                -127.19383704301839, 
                50.01113515802077
              ], 
              [
                -127.1883845687633, 
                50.0114199887352
              ], 
              [
                -127.18358313717829, 
                50.013251044199706
              ], 
              [
                -127.17943274514546, 
                50.02118561304404
              ], 
              [
                -127.17959550688333, 
                50.026190496869646
              ], 
              [
                -127.1862686836724, 
                50.028998113633726
              ], 
              [
                -127.18626868396109, 
                50.03424713695665
              ], 
              [
                -127.17756100206424, 
                50.05341217707198
              ], 
              [
                -127.16429602961007, 
                50.071234443797735
              ], 
              [
                -127.14753170848024, 
                50.08441803988411
              ], 
              [
                -127.10610917712867, 
                50.0955264319121
              ], 
              [
                -127.08873450141583, 
                50.11074453011818
              ], 
              [
                -127.0831192685036, 
                50.13076406333267
              ], 
              [
                -127.09691321878759, 
                50.15094636021653
              ], 
              [
                -127.10643469827066, 
                50.14325592507457
              ], 
              [
                -127.10895748373405, 
                50.13495514247618
              ], 
              [
                -127.11058509335898, 
                50.12636953674298
              ], 
              [
                -127.1173396506352, 
                50.11737702293746
              ], 
              [
                -127.1249893907712, 
                50.11493561820394
              ], 
              [
                -127.14745032469186, 
                50.110541082656624
              ], 
              [
                -127.16388912751891, 
                50.09735748957891
              ], 
              [
                -127.18968665437362, 
                50.09564850653183
              ], 
              [
                -127.21544348956303, 
                50.09943268462776
              ], 
              [
                -127.22720292801665, 
                50.10659414190447
              ], 
              [
                -127.23444576823506, 
                50.11713288137558
              ], 
              [
                -127.25121009360564, 
                50.13190339101243
              ], 
              [
                -127.27049719663, 
                50.1452090482529
              ], 
              [
                -127.28526771079326, 
                50.15094636021653
              ], 
              [
                -127.29206295831467, 
                50.14427318268542
              ], 
              [
                -127.28783118742535, 
                50.12840404281131
              ], 
              [
                -127.27989661578873, 
                50.10932038199209
              ], 
              [
                -127.27562415649552, 
                50.09292227189578
              ], 
              [
                -127.27725175763125, 
                50.07632070570413
              ], 
              [
                -127.2833145824001, 
                50.06244538044653
              ], 
              [
                -127.2958064451557, 
                50.05093008129027
              ], 
              [
                -127.3165583988167, 
                50.04108307591214
              ], 
              [
                -127.33946692514483, 
                50.034857488045105
              ], 
              [
                -127.3625382151516, 
                50.03253815316945
              ], 
              [
                -127.3848363930328, 
                50.034491279153166
              ], 
              [
                -127.40534420581723, 
                50.04108307591214
              ], 
              [
                -127.44054114432228, 
                50.06061432424479
              ], 
              [
                -127.45689856862957, 
                50.074123441815146
              ], 
              [
                -127.46743730614035, 
                50.08950430138224
              ], 
              [
                -127.46947180862077, 
                50.10785553557844
              ], 
              [
                -127.45885169078146, 
                50.116441146645435
              ], 
              [
                -127.41901608204151, 
                50.13043854626905
              ], 
              [
                -127.48790442804265, 
                50.13043854626905
              ], 
              [
                -127.47874915245315, 
                50.14354075639298
              ], 
              [
                -127.46288001366419, 
                50.15615469184698
              ], 
              [
                -127.42642168622196, 
                50.178859776008956
              ], 
              [
                -127.46344967039934, 
                50.186957094009685
              ], 
              [
                -127.49547278924074, 
                50.168605864593644
              ], 
              [
                -127.52456620826499, 
                50.14325592507457
              ], 
              [
                -127.55280514404363, 
                50.13043854626905
              ], 
              [
                -127.59361731695704, 
                50.12006256695245
              ], 
              [
                -127.6141658233031, 
                50.11880117877761
              ], 
              [
                -127.63125566504493, 
                50.13043854626905
              ], 
              [
                -127.63560950665062, 
                50.14541250493902
              ], 
              [
                -127.63084875934315, 
                50.16014231705609
              ], 
              [
                -127.62116451254839, 
                50.17365142906997
              ], 
              [
                -127.61082922665673, 
                50.18504465919196
              ], 
              [
                -127.64989173952702, 
                50.1780459754401
              ], 
              [
                -127.68871008734196, 
                50.16014231705609
              ], 
              [
                -127.72472082920247, 
                50.13597239489916
              ], 
              [
                -127.77415931065421, 
                50.09194570683659
              ], 
              [
                -127.78473873520763, 
                50.08502838612038
              ], 
              [
                -127.79637610358533, 
                50.08270904931884
              ], 
              [
                -127.80451412965333, 
                50.08600495294587
              ], 
              [
                -127.82135982761596, 
                50.10000234335542
              ], 
              [
                -127.82652747497276, 
                50.10317617618823
              ], 
              [
                -127.87564042598868, 
                50.10602447766185
              ], 
              [
                -127.89810136211486, 
                50.114081117695385
              ], 
              [
                -127.90623938904933, 
                50.13043854626905
              ], 
              [
                -127.89683997127025, 
                50.14297109408595
              ], 
              [
                -127.84044348700026, 
                50.17544179678934
              ], 
              [
                -127.77529863571456, 
                50.232855540098534
              ], 
              [
                -127.75523840565224, 
                50.238104553100136
              ], 
              [
                -127.74697831840184, 
                50.24323151134037
              ], 
              [
                -127.74795488490955, 
                50.253973703208075
              ], 
              [
                -127.7551163368152, 
                50.259466860489745
              ], 
              [
                -127.76500403227361, 
                50.258856507892986
              ], 
              [
                -127.78612220291035, 
                50.253973703208075
              ], 
              [
                -127.80431067261406, 
                50.25287506326838
              ], 
              [
                -127.8109431656049, 
                50.25560130687055
              ], 
              [
                -127.82628333955093, 
                50.269964919314596
              ], 
              [
                -127.83348548271378, 
                50.274481513886776
              ], 
              [
                -127.85098223363994, 
                50.281236078406906
              ], 
              [
                -127.84093177507955, 
                50.29173412258738
              ], 
              [
                -127.81346595205805, 
                50.29474518626416
              ], 
              [
                -127.80260169929743, 
                50.30174389002593
              ], 
              [
                -127.80028235042116, 
                50.314398498867696
              ], 
              [
                -127.80890866044882, 
                50.321763416690985
              ], 
              [
                -127.8220922542715, 
                50.32343171049568
              ], 
              [
                -127.83360755916652, 
                50.31883373497297
              ], 
              [
                -127.84268144668515, 
                50.31875234895018
              ], 
              [
                -127.86620032121408, 
                50.33771392984486
              ], 
              [
                -127.8780004618612, 
                50.3427188245285
              ], 
              [
                -127.88634194046726, 
                50.339748455875046
              ], 
              [
                -127.90684975423197, 
                50.32591382072142
              ], 
              [
                -127.9186905639291, 
                50.322251700411556
              ], 
              [
                -127.9439997931638, 
                50.32786691710887
              ], 
              [
                -127.96808834730201, 
                50.34223053852427
              ], 
              [
                -127.97883053989005, 
                50.35700105154956
              ], 
              [
                -127.96426347352372, 
                50.36383697828743
              ], 
              [
                -127.95425371392227, 
                50.3933780012919
              ], 
              [
                -127.94212806960407, 
                50.414374102593825
              ], 
              [
                -127.92613685993044, 
                50.42527905203957
              ], 
              [
                -127.92613683785278, 
                50.432114964912884
              ], 
              [
                -127.93130450850985, 
                50.44098543812404
              ], 
              [
                -127.93114174489011, 
                50.45233797316331
              ], 
              [
                -127.92577063917648, 
                50.462103585375196
              ], 
              [
                -127.9155167442543, 
                50.46625398746252
              ], 
              [
                -127.8804825423412, 
                50.4584414635464
              ], 
              [
                -127.86412512535888, 
                50.459540102024434
              ], 
              [
                -127.85781814678174, 
                50.47370024430129
              ], 
              [
                -127.82437090667766, 
                50.46637605347541
              ], 
              [
                -127.79849198812539, 
                50.47186920486138
              ], 
              [
                -127.77399654680892, 
                50.48159414060823
              ], 
              [
                -127.7445369177693, 
                50.48676179120655
              ], 
              [
                -127.59117590732151, 
                50.48574452897955
              ], 
              [
                -127.56956947082983, 
                50.478420321375275
              ], 
              [
                -127.55239822584531, 
                50.464097381415584
              ], 
              [
                -127.49779211182998, 
                50.40078358593357
              ], 
              [
                -127.47549393601864, 
                50.38373443323051
              ], 
              [
                -127.44692947662594, 
                50.37689848919826
              ], 
              [
                -127.48224850076438, 
                50.43524811264555
              ], 
              [
                -127.50788325339482, 
                50.46596912810738
              ], 
              [
                -127.55785072134859, 
                50.49298737893893
              ], 
              [
                -127.56248938850254, 
                50.5210635456404
              ], 
              [
                -127.54963131742312, 
                50.54389069573368
              ], 
              [
                -127.52261308985068, 
                50.54197826229224
              ], 
              [
                -127.50047766462261, 
                50.567206118318694
              ], 
              [
                -127.42369542787358, 
                50.58124419260156
              ], 
              [
                -127.41901607536104, 
                50.60346099994797
              ], 
              [
                -127.51178952060826, 
                50.58905671192934
              ], 
              [
                -127.53229733171563, 
                50.57925039486883
              ], 
              [
                -127.54580645192175, 
                50.570217198630985
              ], 
              [
                -127.55614172525378, 
                50.572495828740614
              ], 
              [
                -127.56476803860697, 
                50.57916901810589
              ], 
              [
                -127.57323158523036, 
                50.582953203137905
              ], 
              [
                -127.58747310845276, 
                50.593207095228514
              ], 
              [
                -127.6002498057307, 
                50.600246487882565
              ], 
              [
                -127.61457271535392, 
                50.60346099994797
              ], 
              [
                -127.81989499656028, 
                50.61115144546141
              ], 
              [
                -127.87767494438098, 
                50.630113034252744
              ], 
              [
                -127.86595617159772, 
                50.61725493654804
              ], 
              [
                -127.84333248839522, 
                50.603908598600015
              ], 
              [
                -127.81843012422536, 
                50.59341052969451
              ], 
              [
                -127.79946853990027, 
                50.589178762680966
              ], 
              [
                -127.68651281091272, 
                50.589178762680966
              ], 
              [
                -127.63483637830865, 
                50.57965727909955
              ], 
              [
                -127.6108292451327, 
                50.57062410638984
              ], 
              [
                -127.59373938343325, 
                50.55874257611373
              ], 
              [
                -127.5926000639458, 
                50.54360586094108
              ], 
              [
                -127.61485755108485, 
                50.5366071640927
              ], 
              [
                -127.66266841589128, 
                50.53457264916042
              ], 
              [
                -127.83739173561864, 
                50.490179760037684
              ], 
              [
                -127.84593666800696, 
                50.506252362356086
              ], 
              [
                -127.86587481510294, 
                50.50438061310018
              ], 
              [
                -127.90623939177533, 
                50.48676179120655
              ], 
              [
                -127.95051021260991, 
                50.47728098394245
              ], 
              [
                -127.99697830146316, 
                50.47402576388348
              ], 
              [
                -128.01398679861322, 
                50.48086173801279
              ], 
              [
                -128.0325414566868, 
                50.49217355550275
              ], 
              [
                -128.05003821753357, 
                50.49579499175828
              ], 
              [
                -128.0638728353556, 
                50.47931547995909
              ], 
              [
                -128.05589759718478, 
                50.478501702827074
              ], 
              [
                -128.0519913302961, 
                50.476996150427894
              ], 
              [
                -128.046742310712, 
                50.46686431814623
              ], 
              [
                -128.04173744273248, 
                50.45994701652166
              ], 
              [
                -128.04352779699423, 
                50.45473867181265
              ], 
              [
                -128.0601700447073, 
                50.45258209113766
              ], 
              [
                -128.0674942667686, 
                50.454291079476626
              ], 
              [
                -128.077504019118, 
                50.45856352559679
              ], 
              [
                -128.08739174527207, 
                50.46426017355341
              ], 
              [
                -128.1043188015165, 
                50.47662993640501
              ], 
              [
                -128.1315811964217, 
                50.48212312752203
              ], 
              [
                -128.14525306378425, 
                50.48676179120655
              ], 
              [
                -128.15314695595757, 
                50.492621179448335
              ], 
              [
                -128.16478429655916, 
                50.50690337347514
              ], 
              [
                -128.17316646983772, 
                50.5140648458238
              ], 
              [
                -128.18932043493248, 
                50.52240630932319
              ], 
              [
                -128.20018471442754, 
                50.526109132667976
              ], 
              [
                -128.21068274696842, 
                50.5276553420517
              ], 
              [
                -128.21800696165033, 
                50.53021881336365
              ], 
              [
                -128.2225235582538, 
                50.53656646350787
              ], 
              [
                -128.22622635632428, 
                50.54437896250283
              ], 
              [
                -128.23818924095002, 
                50.56293364360255
              ], 
              [
                -128.24209551390953, 
                50.58600495748235
              ], 
              [
                -128.2481990224229, 
                50.596625066375516
              ], 
              [
                -128.2892146560593, 
                50.61025626071533
              ], 
              [
                -128.3100479760654, 
                50.60773346066423
              ], 
              [
                -128.31981359595696, 
                50.60980865014213
              ], 
              [
                -128.32396399731093, 
                50.62051015941676
              ], 
              [
                -128.33629309974697, 
                50.63678620188651
              ], 
              [
                -128.33869383092974, 
                50.64716219527249
              ], 
              [
                -128.32705645671274, 
                50.65184155271962
              ], 
              [
                -128.30479893967657, 
                50.654974658303956
              ], 
              [
                -128.28433184279504, 
                50.662095453411666
              ], 
              [
                -128.27774006291386, 
                50.66913485987796
              ], 
              [
                -128.29670161205115, 
                50.6723086448774
              ], 
              [
                -128.30801349721975, 
                50.671128670885324
              ], 
              [
                -128.32872472905103, 
                50.66600168426966
              ], 
              [
                -128.34105385321433, 
                50.66486238625171
              ], 
              [
                -128.3491104879001, 
                50.66766999644053
              ], 
              [
                -128.36172441013542, 
                50.67438385291248
              ], 
              [
                -128.37344315170105, 
                50.68231841482622
              ], 
              [
                -128.37857011413814, 
                50.68911367199474
              ], 
              [
                -128.38434808818704, 
                50.70897042044991
              ], 
              [
                -128.40587317417348, 
                50.74408600303768
              ], 
              [
                -128.40587318587578, 
                50.761053788603355
              ], 
              [
                -128.4172257469127, 
                50.771877380245215
              ], 
              [
                -128.40680903030378, 
                50.78050362794296
              ], 
              [
                -128.3865453529229, 
                50.78632230717252
              ], 
              [
                -128.36831618729585, 
                50.78839750364389
              ], 
              [
                -128.3680313924433, 
                50.79083894842026
              ], 
              [
                -128.34821533063806, 
                50.80512119492239
              ], 
              [
                -128.33999591195916, 
                50.80695223096694
              ], 
              [
                -128.30345620166315, 
                50.80206942194755
              ], 
              [
                -128.26716060353414, 
                50.81207916099254
              ], 
              [
                -128.22655185521526, 
                50.83173245492547
              ], 
              [
                -128.18675697503252, 
                50.84503816375294
              ], 
              [
                -128.1526586349762, 
                50.836167685307885
              ], 
              [
                -128.09788980960693, 
                50.86579013987111
              ], 
              [
                -128.07697503150692, 
                50.87030667318036
              ], 
              [
                -128.05622310127316, 
                50.86896392357458
              ], 
              [
                -128.01768958345681, 
                50.86220937856249
              ], 
              [
                -127.91836503910058, 
                50.87079499018096
              ], 
              [
                -127.88247634501299, 
                50.866888716472914
              ], 
              [
                -127.57013909680536, 
                50.79511136241475
              ], 
              [
                -127.53587806872552, 
                50.780951249504675
              ], 
              [
                -127.51805576950876, 
                50.77977120062249
              ], 
              [
                -127.50519771823706, 
                50.77334218809495
              ], 
              [
                -127.49559487696777, 
                50.76235588367195
              ], 
              [
                -127.4879044348858, 
                50.74738191261457
              ], 
              [
                -127.49030514094811, 
                50.74648671986198
              ], 
              [
                -127.49331622404218, 
                50.73993562919783
              ], 
              [
                -127.49449624941126, 
                50.7312686505947
              ], 
              [
                -127.49132240524204, 
                50.72353751309263
              ], 
              [
                -127.48131260231544, 
                50.71336494708529
              ], 
              [
                -127.47728432707696, 
                50.707424240593404
              ], 
              [
                -127.47362221286488, 
                50.698960692949456
              ], 
              [
                -127.45824131726346, 
                50.716538779362104
              ], 
              [
                -127.4450577208207, 
                50.73786039173626
              ], 
              [
                -127.4290258486659, 
                50.75189850896774
              ], 
              [
                -127.40534421387999, 
                50.74738191261457
              ], 
              [
                -127.42129475898923, 
                50.72894932174032
              ], 
              [
                -127.40363524369589, 
                50.70774976769815
              ], 
              [
                -127.37295491391691, 
                50.689154398648796
              ], 
              [
                -127.35008704168372, 
                50.678534245570354
              ], 
              [
                -127.2632543505406, 
                50.65591053762005
              ], 
              [
                -127.23468992084172, 
                50.64443595398211
              ], 
              [
                -127.21922767334358, 
                50.63471101082126
              ], 
              [
                -127.20954340761243, 
                50.62710193714103
              ], 
              [
                -127.19855710098227, 
                50.62128327652176
              ], 
              [
                -127.1794327515335, 
                50.617092196034484
              ], 
              [
                -127.1264542453118, 
                50.620021892611916
              ], 
              [
                -127.11115475753049, 
                50.617092196034484
              ], 
              [
                -127.10558021592286, 
                50.61237214673819
              ], 
              [
                -127.10094153785494, 
                50.605414132025224
              ], 
              [
                -127.09780839575681, 
                50.59926992155052
              ], 
              [
                -127.09691321442807, 
                50.596625066375516
              ], 
              [
                -127.08739174874835, 
                50.59442782138727
              ], 
              [
                -127.08067785638322, 
                50.59491607467978
              ], 
              [
                -127.07355709993911, 
                50.59617748139552
              ], 
              [
                -127.06273352742821, 
                50.596625066375516
              ], 
              [
                -127.01130124003772, 
                50.58930085241428
              ], 
              [
                -126.99449620898909, 
                50.589178762680966
              ], 
              [
                -127.0012914559883, 
                50.589178762680966
              ], 
              [
                -126.9938044775746, 
                50.58893462232093
              ], 
              [
                -126.98688716388868, 
                50.58779530394337
              ], 
              [
                -126.98033607832603, 
                50.58567944138691
              ], 
              [
                -126.97398842118231, 
                50.582953203137905
              ], 
              [
                -126.97899330660998, 
                50.57990144888855
              ], 
              [
                -126.98884028418898, 
                50.57208891779378
              ], 
              [
                -126.99449621261166, 
                50.56928130563228
              ], 
              [
                -126.97716223687435, 
                50.5629743486731
              ], 
              [
                -126.87328039106343, 
                50.562201225921754
              ], 
              [
                -126.85728917679641, 
                50.559149464337956
              ], 
              [
                -126.85045326112348, 
                50.55158112980991
              ], 
              [
                -126.85505123940447, 
                50.54389069573368
              ], 
              [
                -126.86266027894702, 
                50.53611887426331
              ], 
              [
                -126.86424720619391, 
                50.53009675379624
              ], 
              [
                -126.85045325495815, 
                50.5276553420517
              ], 
              [
                -126.84447179623598, 
                50.53034087299322
              ], 
              [
                -126.83657793558291, 
                50.543361728220574
              ], 
              [
                -126.82933507957353, 
                50.548163141565624
              ], 
              [
                -126.82306883062559, 
                50.54901766323348
              ], 
              [
                -126.7894180949972, 
                50.548570050705976
              ], 
              [
                -126.7655330073788, 
                50.544419664415884
              ], 
              [
                -126.67931068214277, 
                50.51752351175349
              ], 
              [
                -126.65526282483964, 
                50.5140648458238
              ], 
              [
                -126.63149982114908, 
                50.507147546869305
              ], 
              [
                -126.59532630261337, 
                50.48021068077783
              ], 
              [
                -126.56932530953814, 
                50.47931547995909
              ], 
              [
                -126.56297767773135, 
                50.48427970072369
              ], 
              [
                -126.56224523079261, 
                50.49811430825191
              ], 
              [
                -126.55565345422477, 
                50.500962636652616
              ], 
              [
                -126.54845130101604, 
                50.499823309017806
              ], 
              [
                -126.53701737039422, 
                50.494696343214066
              ], 
              [
                -126.5314021591761, 
                50.49355704531398
              ], 
              [
                -126.52110754865146, 
                50.49286529941217
              ], 
              [
                -126.49258378623011, 
                50.48737213504899
              ], 
              [
                -126.48363196989382, 
                50.48305899139662
              ], 
              [
                -126.45982827091954, 
                50.474839603667455
              ], 
              [
                -126.36440996471778, 
                50.48676179120655
              ], 
              [
                -126.33971105163867, 
                50.483547251042104
              ], 
              [
                -126.29385331875163, 
                50.46942780172566
              ], 
              [
                -126.27163653608397, 
                50.46625398746252
              ], 
              [
                -126.19310461582415, 
                50.469712626276326
              ], 
              [
                -126.11725825165958, 
                50.4553896990151
              ], 
              [
                -126.02354894445587, 
                50.42560454508319
              ], 
              [
                -125.957508922442, 
                50.39500560593728
              ], 
              [
                -125.93578040897148, 
                50.39109935763947
              ], 
              [
                -125.83751380389522, 
                50.387274484222246
              ], 
              [
                -125.78913325281287, 
                50.37689848919826
              ], 
              [
                -125.75267493038754, 
                50.359035544972315
              ], 
              [
                -125.74034582788595, 
                50.356390687411995
              ], 
              [
                -125.5892227721016, 
                50.37067290349107
              ], 
              [
                -125.56432043506625, 
                50.366156309259765
              ], 
              [
                -125.52440344960337, 
                50.3470726575569
              ], 
              [
                -125.47671464689435, 
                50.33901601676355
              ], 
              [
                -125.45445716426926, 
                50.32880280565874
              ], 
              [
                -125.43618730619032, 
                50.313625395453265
              ], 
              [
                -125.42471269156545, 
                50.29490794227099
              ], 
              [
                -125.432199671455, 
                50.28750234314646
              ], 
              [
                -125.4196671143517, 
                50.272528379539935
              ], 
              [
                -125.41051184360892, 
                50.25690338206911
              ], 
              [
                -125.38805090637626, 
                50.19855377279375
              ], 
              [
                -125.34959876290281, 
                50.14411042001947
              ], 
              [
                -125.36953691138139, 
                50.13857656317247
              ], 
              [
                -125.35008703953012, 
                50.12490468607919
              ], 
              [
                -125.3184301428532, 
                50.1114769559651
              ], 
              [
                -125.30186926903154, 
                50.10659414190447
              ], 
              [
                -125.29271399391243, 
                50.09039947863655
              ], 
              [
                -125.25914466306031, 
                50.06464264733614
              ], 
              [
                -125.26085364590499, 
                50.048529365026965
              ], 
              [
                -125.2230118485157, 
                50.017767645586225
              ], 
              [
                -125.2191055979907, 
                50.0099551449896
              ], 
              [
                -125.21947181804033, 
                49.991034257286934
              ], 
              [
                -125.21589116565447, 
                49.983059083501466
              ], 
              [
                -125.2053117125995, 
                49.96922441889007
              ], 
              [
                -125.18789623744215, 
                49.93781153332148
              ], 
              [
                -125.17833403083415, 
                49.92499411305992
              ], 
              [
                -124.88206947205109, 
                49.72492097413941
              ], 
              [
                -124.87291418330467, 
                49.7125918539568
              ], 
              [
                -124.86986233695148, 
                49.6950543168194
              ], 
              [
                -124.87584375906448, 
                49.67743547526524
              ], 
              [
                -124.8909804809347, 
                49.67206438457055
              ], 
              [
                -124.97325596741432, 
                49.68496325805849
              ], 
              [
                -124.97972558347603, 
                49.6817079230148
              ], 
              [
                -124.97622638192075, 
                49.66803621840908
              ], 
              [
                -124.96792570023675, 
                49.66250247928701
              ], 
              [
                -124.9578345217277, 
                49.65961344370555
              ], 
              [
                -124.94863840874288, 
                49.653753895166965
              ], 
              [
                -124.94131429532457, 
                49.646918080366774
              ], 
              [
                -124.91828378670732, 
                49.630804904129235
              ], 
              [
                -124.90949457637412, 
                49.62132393840869
              ], 
              [
                -124.83804275389633, 
                49.51727934174385
              ], 
              [
                -124.81786035692069, 
                49.51178605538756
              ], 
              [
                -124.80842042273011, 
                49.50665930031356
              ], 
              [
                -124.80459550531675, 
                49.49970123703716
              ], 
              [
                -124.79963129584465, 
                49.48078031980961
              ], 
              [
                -124.794748395285, 
                49.472560815396406
              ], 
              [
                -124.7725723651588, 
                49.46149319613417
              ], 
              [
                -124.7236222105577, 
                49.46507397233857
              ], 
              [
                -124.70197507368265, 
                49.45547110732251
              ], 
              [
                -124.69196539833838, 
                49.449204936200374
              ], 
              [
                -124.66812098408789, 
                49.44306071474596
              ], 
              [
                -124.65758219050633, 
                49.43838128654013
              ], 
              [
                -124.64244553167514, 
                49.41681560208113
              ], 
              [
                -124.63707426169893, 
                49.411078090844214
              ], 
              [
                -124.59601806508134, 
                49.3911807686473
              ], 
              [
                -124.54507402526592, 
                49.37718333766176
              ], 
              [
                -124.44530197033234, 
                49.362697756024424
              ], 
              [
                -124.38727779884375, 
                49.36066315281622
              ], 
              [
                -124.35997478716797, 
                49.356634889713526
              ], 
              [
                -124.33885648489037, 
                49.34589253883891
              ], 
              [
                -124.32900950368091, 
                49.3387718000166
              ], 
              [
                -124.31956936957295, 
                49.33490620450553
              ], 
              [
                -124.20848553045013, 
                49.30805090641171
              ], 
              [
                -124.19835376543668, 
                49.30914962326773
              ], 
              [
                -124.18541407295871, 
                49.31378801239322
              ], 
              [
                -124.17467197631369, 
                49.31488675329675
              ], 
              [
                -124.15916906086588, 
                49.310451548299646
              ], 
              [
                -124.10948638477103, 
                49.28009666151505
              ], 
              [
                -124.12677978367267, 
                49.27431878948936
              ], 
              [
                -124.16307524664015, 
                49.27167380226686
              ], 
              [
                -124.17837478929822, 
                49.260239958595605
              ], 
              [
                -124.16486565666247, 
                49.2548688437051
              ], 
              [
                -124.15168221423517, 
                49.25543868521375
              ], 
              [
                -124.12287348730482, 
                49.260239958595605
              ], 
              [
                -124.10855057564974, 
                49.25812407992377
              ], 
              [
                -124.08458400180972, 
                49.24872454402147
              ], 
              [
                -124.07135990418529, 
                49.24656818894882
              ], 
              [
                -124.00938868322491, 
                49.24591691930114
              ], 
              [
                -123.97769133502628, 
                49.24095301536832
              ], 
              [
                -123.9549455014688, 
                49.229193497618525
              ], 
              [
                -123.94981845189402, 
                49.22304917692436
              ], 
              [
                -123.94579006777435, 
                49.21523660190672
              ], 
              [
                -123.94627841278566, 
                49.20844142876802
              ], 
              [
                -123.96418214502143, 
                49.20307043945905
              ], 
              [
                -123.96214757755274, 
                49.19700753920061
              ], 
              [
                -123.95124254167732, 
                49.184515572646994
              ], 
              [
                -123.93077551847172, 
                49.143540755178606
              ], 
              [
                -123.91710371142904, 
                49.13491453421165
              ], 
              [
                -123.90453028920679, 
                49.133612236289615
              ], 
              [
                -123.88361558942276, 
                49.13670470123851
              ], 
              [
                -123.84166407450296, 
                49.12763078676717
              ], 
              [
                -123.82835850514059, 
                49.12995023471705
              ], 
              [
                -123.81338457577702, 
                49.11859773109333
              ], 
              [
                -123.80492092488642, 
                49.10398985277959
              ], 
              [
                -123.79784084732984, 
                49.08714415021897
              ], 
              [
                -123.78734287360372, 
                49.0690371418171
              ], 
              [
                -123.75690671561514, 
                49.04214103072183
              ], 
              [
                -123.75137275576785, 
                49.02798074680002
              ], 
              [
                -123.7737524966033, 
                49.020697439262925
              ], 
              [
                -123.76488190641463, 
                49.00787987969718
              ], 
              [
                -123.7608944347398, 
                48.99583579875025
              ], 
              [
                -123.76488193712986, 
                48.98753486452857
              ], 
              [
                -123.77989653045569, 
                48.985907193670464
              ], 
              [
                -123.79385339615564, 
                48.99347574561925
              ], 
              [
                -123.80410732497617, 
                49.00535728274687
              ], 
              [
                -123.81602937945142, 
                49.01268132617518
              ], 
              [
                -123.83511311593242, 
                49.00641514310046
              ], 
              [
                -123.8351131829738, 
                49.00018963753904
              ], 
              [
                -123.78734297659948, 
                48.965399569453865
              ], 
              [
                -123.73973547101184, 
                48.94285715198083
              ], 
              [
                -123.73277745278232, 
                48.93439359766138
              ], 
              [
                -123.71792562917788, 
                48.921535602216494
              ], 
              [
                -123.59382065993822, 
                48.83698138247473
              ], 
              [
                -123.57994541585967, 
                48.82160062135251
              ], 
              [
                -123.5918677319199, 
                48.814602063884
              ], 
              [
                -123.59609953002516, 
                48.8114282687183
              ], 
              [
                -123.60049403694511, 
                48.8043888515841
              ], 
              [
                -123.60228442836497, 
                48.797308805624176
              ], 
              [
                -123.59870363710735, 
                48.7941349022027
              ], 
              [
                -123.59044349054399, 
                48.79547760787116
              ], 
              [
                -123.58250885242025, 
                48.7977561725316
              ], 
              [
                -123.57506273354704, 
                48.798244659693864
              ], 
              [
                -123.56826743909332, 
                48.7941349022027
              ], 
              [
                -123.56529712940461, 
                48.780910701084366
              ], 
              [
                -123.56655842741806, 
                48.76072829270443
              ], 
              [
                -123.57298751225365, 
                48.74624267502394
              ], 
              [
                -123.5850317850253, 
                48.7497013361528
              ], 
              [
                -123.59878505565638, 
                48.758449727077
              ], 
              [
                -123.61758382570203, 
                48.76325108973525
              ], 
              [
                -123.63658599916174, 
                48.76386131272236
              ], 
              [
                -123.65078693128247, 
                48.75995516717486
              ], 
              [
                -123.65078693710062, 
                48.75311923723941
              ], 
              [
                -123.63158109359867, 
                48.742132770259964
              ], 
              [
                -123.56086182131435, 
                48.712144319591374
              ], 
              [
                -123.55199126651222, 
                48.70538962660757
              ], 
              [
                -123.53087324498074, 
                48.68496336699054
              ], 
              [
                -123.52668200870099, 
                48.67804586089172
              ], 
              [
                -123.52993739179384, 
                48.664740408980975
              ], 
              [
                -123.536976633591, 
                48.657619461810704
              ], 
              [
                -123.54234783431801, 
                48.65029537390454
              ], 
              [
                -123.54092366955955, 
                48.63646072481362
              ], 
              [
                -123.53465727659808, 
                48.62811911111343
              ], 
              [
                -123.52529856168518, 
                48.62067283317074
              ], 
              [
                -123.51695708708448, 
                48.610825823735624
              ], 
              [
                -123.51366124310404, 
                48.59544503091052
              ], 
              [
                -123.51756755560397, 
                48.58038976931003
              ], 
              [
                -123.5258684054871, 
                48.57208907156001
              ], 
              [
                -123.53482020120761, 
                48.56537517121888
              ], 
              [
                -123.54092359085125, 
                48.554510758652285
              ], 
              [
                -123.53547128378945, 
                48.54010666600143
              ], 
              [
                -123.5135800032168, 
                48.54755295038777
              ], 
              [
                -123.47203521715936, 
                48.575018537787955
              ], 
              [
                -123.47850494974884, 
                48.59080630589837
              ], 
              [
                -123.47500565850463, 
                48.62124257451079
              ], 
              [
                -123.4788712605407, 
                48.63646072481362
              ], 
              [
                -123.437326526152, 
                48.65009174095103
              ], 
              [
                -123.46178146383998, 
                48.66323487144458
              ], 
              [
                -123.47179117559999, 
                48.67243076829424
              ], 
              [
                -123.47203518499137, 
                48.684881779953834
              ], 
              [
                -123.46300205272904, 
                48.68964260934677
              ], 
              [
                -123.44603434199779, 
                48.69208409219461
              ], 
              [
                -123.4282934687247, 
                48.692450316486216
              ], 
              [
                -123.41681882012378, 
                48.6911074964616
              ], 
              [
                -123.40538480867079, 
                48.68634664178509
              ], 
              [
                -123.3992407466544, 
                48.68154538528379
              ], 
              [
                -123.39679927402105, 
                48.67389556405097
              ], 
              [
                -123.39635174406808, 
                48.66095618552545
              ], 
              [
                -123.39415449372842, 
                48.6570499546455
              ], 
              [
                -123.39028890653272, 
                48.64618566348218
              ], 
              [
                -123.38866118644252, 
                48.634832982719026
              ], 
              [
                -123.3932185741712, 
                48.629624766639935
              ], 
              [
                -123.39004470058732, 
                48.620428746946004
              ], 
              [
                -123.35533601346684, 
                48.56073632941609
              ], 
              [
                -123.3457738474554, 
                48.52338282534691
              ], 
              [
                -123.33706618658151, 
                48.508042681248604
              ], 
              [
                -123.32119694896606, 
                48.49583553154471
              ]
            ]
          ], 
          [
            [
              [
                -127.8455704203402, 
                50.92291898879707
              ], 
              [
                -127.84365801971536, 
                50.919094156623814
              ], 
              [
                -127.83897867773082, 
                50.91156650808106
              ], 
              [
                -127.84019933798183, 
                50.90326568125913
              ], 
              [
                -127.85155189459378, 
                50.896633213143296
              ], 
              [
                -127.86416579396631, 
                50.892523478153485
              ], 
              [
                -127.87498938688154, 
                50.890366928873064
              ], 
              [
                -127.88532468771581, 
                50.892767659706614
              ], 
              [
                -127.8950088897565, 
                50.89691800572396
              ], 
              [
                -127.92332923359044, 
                50.89667389777646
              ], 
              [
                -127.93716384930015, 
                50.90485258811009
              ], 
              [
                -127.95445717643979, 
                50.90228914653981
              ], 
              [
                -127.98102780603142, 
                50.90704987952943
              ], 
              [
                -127.98302164969314, 
                50.91673415520498
              ], 
              [
                -127.9400121925998, 
                50.92487215690892
              ], 
              [
                -127.93004310313567, 
                50.92991771549652
              ], 
              [
                -127.92308509201479, 
                50.93671296015598
              ], 
              [
                -127.9153946365832, 
                50.939642618875574
              ], 
              [
                -127.86058506053976, 
                50.93573636346088
              ], 
              [
                -127.84776770751091, 
                50.929266669547324
              ], 
              [
                -127.8455704203402, 
                50.92291898879707
              ]
            ]
          ], 
          [
            [
              [
                -127.54531819908271, 
                51.0897891684856
              ], 
              [
                -127.52692626047815, 
                51.08372633011842
              ], 
              [
                -127.52651936044148, 
                51.066229586165306
              ], 
              [
                -127.54198160586134, 
                51.05215081596696
              ], 
              [
                -127.55622312859131, 
                51.05036043779091
              ], 
              [
                -127.56383212623582, 
                51.05158108486976
              ], 
              [
                -127.57567296445427, 
                51.049994190328725
              ], 
              [
                -127.59117589230911, 
                51.05190662304156
              ], 
              [
                -127.59984289052016, 
                51.059027397678584
              ], 
              [
                -127.61017821852924, 
                51.070624122503816
              ], 
              [
                -127.61168373813683, 
                51.07510001814598
              ], 
              [
                -127.5995987268835, 
                51.07998277754654
              ], 
              [
                -127.55785072565648, 
                51.08930085936537
              ], 
              [
                -127.54531819908271, 
                51.0897891684856
              ]
            ]
          ], 
          [
            [
              [
                -131.68126388639124, 
                52.84210854873118
              ], 
              [
                -131.66515050823585, 
                52.841253961600714
              ], 
              [
                -131.65363521201482, 
                52.83771392626099
              ], 
              [
                -131.65518134529214, 
                52.830511690311134
              ], 
              [
                -131.67076591227413, 
                52.82489670544435
              ], 
              [
                -131.6798397180221, 
                52.823309704884394
              ], 
              [
                -131.7008356205816, 
                52.817694286254806
              ], 
              [
                -131.7435198106805, 
                52.81134689209893
              ], 
              [
                -131.77944907188882, 
                52.81159093437917
              ], 
              [
                -131.80797279142536, 
                52.8148867912562
              ], 
              [
                -131.8319391958442, 
                52.82615788578554
              ], 
              [
                -131.83763571823505, 
                52.84096899516417
              ], 
              [
                -131.81777899427334, 
                52.84674703372147
              ], 
              [
                -131.75942943512285, 
                52.85712305992303
              ], 
              [
                -131.73582931505467, 
                52.853664536371014
              ], 
              [
                -131.73053938775672, 
                52.84463112684063
              ], 
              [
                -131.74535070322867, 
                52.841253961600714
              ], 
              [
                -131.74347892949288, 
                52.84015530177094
              ], 
              [
                -131.72069241620162, 
                52.83917868520482
              ], 
              [
                -131.68126388639124, 
                52.84210854873118
              ]
            ]
          ], 
          [
            [
              [
                -132.22964424962402, 
                52.99518455504536
              ], 
              [
                -132.2198379848195, 
                52.992010775223314
              ], 
              [
                -132.20189367223313, 
                52.98444243869845
              ], 
              [
                -132.21568750701522, 
                52.975042918813166
              ], 
              [
                -132.30309002460473, 
                52.9667016145561
              ], 
              [
                -132.32408608979952, 
                52.968695401889505
              ], 
              [
                -132.38255780547277, 
                53.00409582700698
              ], 
              [
                -132.37531481566523, 
                53.006170877495066
              ], 
              [
                -132.36473559827613, 
                53.007310401416916
              ], 
              [
                -132.22964424962402, 
                52.99518455504536
              ]
            ]
          ], 
          [
            [
              [
                -132.97850484217022, 
                54.24599828405348
              ], 
              [
                -132.9685766873227, 
                54.24005773940535
              ], 
              [
                -132.96605401188987, 
                54.23419846690737
              ], 
              [
                -132.97728424554012, 
                54.21808496968014
              ], 
              [
                -132.97940003041336, 
                54.204657143606696
              ], 
              [
                -132.97809800079173, 
                54.196926072656375
              ], 
              [
                -132.98493411289812, 
                54.193304813761785
              ], 
              [
                -133.00047766367624, 
                54.19009023202402
              ], 
              [
                -133.01268469503583, 
                54.19448476343612
              ], 
              [
                -133.0152482243168, 
                54.206040801406346
              ], 
              [
                -133.02082265918506, 
                54.21491114412404
              ], 
              [
                -133.03400646963976, 
                54.216742397978585
              ], 
              [
                -133.04442285227995, 
                54.21930561276959
              ], 
              [
                -133.0521133786612, 
                54.222560910301134
              ], 
              [
                -133.0772191598071, 
                54.223862981505754
              ], 
              [
                -133.08177659959694, 
                54.231756998093836
              ], 
              [
                -133.07575441138476, 
                54.24567296523274
              ], 
              [
                -133.06139069112066, 
                54.2562522883141
              ], 
              [
                -133.03962158862038, 
                54.258775168351434
              ], 
              [
                -133.00568612779503, 
                54.2551131384577
              ], 
              [
                -132.99429269390987, 
                54.25263085439798
              ], 
              [
                -132.97850484217022, 
                54.24599828405348
              ]
            ]
          ], 
          [
            [
              [
                -123.28722080871061, 
                48.81281156272741
              ], 
              [
                -123.26598048126145, 
                48.80003475618743
              ], 
              [
                -123.25182038583158, 
                48.79018782473331
              ], 
              [
                -123.24901278225725, 
                48.77741114802391
              ], 
              [
                -123.25039635038823, 
                48.76609942689832
              ], 
              [
                -123.24046777813194, 
                48.761867428055176
              ], 
              [
                -123.21922754315344, 
                48.761867428055176
              ], 
              [
                -123.20225994139854, 
                48.758978639483715
              ], 
              [
                -123.18809966119375, 
                48.75617087126091
              ], 
              [
                -123.18244371321235, 
                48.743475530212116
              ], 
              [
                -123.1866755339944, 
                48.73639551284593
              ], 
              [
                -123.1994523252036, 
                48.73212317152492
              ], 
              [
                -123.22492425245834, 
                48.73493069379228
              ], 
              [
                -123.24046785197211, 
                48.73639551284593
              ], 
              [
                -123.25747627301857, 
                48.73920307877248
              ], 
              [
                -123.2829483926225, 
                48.75189853131244
              ], 
              [
                -123.29149321512841, 
                48.75617087126091
              ], 
              [
                -123.3069961755256, 
                48.76463444926848
              ], 
              [
                -123.31126867761371, 
                48.77171457723645
              ], 
              [
                -123.31126876409245, 
                48.78876383630256
              ], 
              [
                -123.31126870409963, 
                48.79726799541061
              ], 
              [
                -123.32262130177936, 
                48.80573160763526
              ], 
              [
                -123.32262119970392, 
                48.81281156272741
              ], 
              [
                -123.31265204442, 
                48.817083926303525
              ], 
              [
                -123.29857344178492, 
                48.815619293913954
              ], 
              [
                -123.28722080871061, 
                48.81281156272741
              ]
            ]
          ], 
          [
            [
              [
                -123.08901941839491, 
                48.7675236065813
              ], 
              [
                -123.10171452327255, 
                48.761867428055176
              ], 
              [
                -123.12018790759744, 
                48.76463444926848
              ], 
              [
                -123.13711499059097, 
                48.76463444926848
              ], 
              [
                -123.15835531056199, 
                48.76325108973525
              ], 
              [
                -123.17113207645822, 
                48.76894779366656
              ], 
              [
                -123.18529205284784, 
                48.77460350007344
              ], 
              [
                -123.20368406476966, 
                48.78449129717826
              ], 
              [
                -123.20368393406268, 
                48.7943788332742
              ], 
              [
                -123.2036840987803, 
                48.801459112499884
              ], 
              [
                -123.20368416094674, 
                48.808539266015416
              ], 
              [
                -123.20791588973292, 
                48.815619293913954
              ], 
              [
                -123.21642007771923, 
                48.81989170144626
              ], 
              [
                -123.2220759021115, 
                48.82269919628858
              ], 
              [
                -123.22350025183493, 
                48.83266851007998
              ], 
              [
                -123.20368398181462, 
                48.82977928243758
              ], 
              [
                -123.17959557771667, 
                48.815619293913954
              ], 
              [
                -123.14142823875513, 
                48.801459112499884
              ], 
              [
                -123.0904435653469, 
                48.79865152688279
              ], 
              [
                -123.05361906979817, 
                48.79584397010707
              ], 
              [
                -123.04377201891869, 
                48.78876383630256
              ], 
              [
                -123.042307110749, 
                48.78449129717826
              ], 
              [
                -123.05361896234645, 
                48.78310783734037
              ], 
              [
                -123.07062733825308, 
                48.77879457906779
              ], 
              [
                -123.07770747612157, 
                48.7760277239704
              ], 
              [
                -123.08901941839491, 
                48.7675236065813
              ]
            ]
          ], 
          [
            [
              [
                -125.86162534450422, 
                49.23738552844157
              ], 
              [
                -125.83072261967115, 
                49.237095672249026
              ], 
              [
                -125.79700214699902, 
                49.227034824955616
              ], 
              [
                -125.78601916951537, 
                49.20925454896343
              ], 
              [
                -125.79255145820032, 
                49.18099590820314
              ], 
              [
                -125.80135184692554, 
                49.143887469116365
              ], 
              [
                -125.84172699227418, 
                49.133780014746456
              ], 
              [
                -125.87989747303462, 
                49.14604608312288
              ], 
              [
                -125.88022973900381, 
                49.16105408986264
              ], 
              [
                -125.88755812524235, 
                49.17310067339282
              ], 
              [
                -125.91498556063624, 
                49.17629514851923
              ], 
              [
                -125.9234062436085, 
                49.19698153042882
              ], 
              [
                -125.9148947436696, 
                49.213290461324924
              ], 
              [
                -125.90106940803774, 
                49.225519955759175
              ], 
              [
                -125.86162534450422, 
                49.23738552844157
              ]
            ]
          ], 
          [
            [
              [
                -128.63907610656244, 
                50.80467025520602
              ], 
              [
                -128.6268875396065, 
                50.81188523860526
              ], 
              [
                -128.60653033944703, 
                50.81231764912975
              ], 
              [
                -128.60372835787746, 
                50.819826760035994
              ], 
              [
                -128.59084240585852, 
                50.81264667122023
              ], 
              [
                -128.57407326368815, 
                50.80853303221066
              ], 
              [
                -128.57224655748075, 
                50.80261711921916
              ], 
              [
                -128.57257831222898, 
                50.795158184033035
              ], 
              [
                -128.5890692143326, 
                50.79432014858966
              ], 
              [
                -128.6015141006761, 
                50.79305620638224
              ], 
              [
                -128.60343770945906, 
                50.78506783414369
              ], 
              [
                -128.61588795535212, 
                50.7828172313907
              ], 
              [
                -128.63512428814653, 
                50.78985555862364
              ], 
              [
                -128.63798881172173, 
                50.79923045396314
              ], 
              [
                -128.63907610656244, 
                50.80467025520602
              ]
            ]
          ], 
          [
            [
              [
                -128.70214001688043, 
                50.836558842972075
              ], 
              [
                -128.69793801942984, 
                50.831687963571014
              ], 
              [
                -128.68286284471796, 
                50.82903883417733
              ], 
              [
                -128.67336325712233, 
                50.828260050829826
              ], 
              [
                -128.66217747144267, 
                50.82503188698486
              ], 
              [
                -128.6704892213554, 
                50.81888898458514
              ], 
              [
                -128.66626617815248, 
                50.81351796258442
              ], 
              [
                -128.65500705009978, 
                50.808794812052355
              ], 
              [
                -128.66342644030172, 
                50.80463963683576
              ], 
              [
                -128.68224178599317, 
                50.803733475117035
              ], 
              [
                -128.69155135988382, 
                50.80154299491827
              ], 
              [
                -128.70444395479456, 
                50.80722250125943
              ], 
              [
                -128.71584239163704, 
                50.81441348798679
              ], 
              [
                -128.71479850691628, 
                50.8238677455195
              ], 
              [
                -128.70893319351688, 
                50.83144275480378
              ], 
              [
                -128.70214001688043, 
                50.836558842972075
              ]
            ]
          ], 
          [
            [
              [
                -127.7791195052065, 
                50.90152375942152
              ], 
              [
                -127.7448520565055, 
                50.912503719252115
              ], 
              [
                -127.71345752494096, 
                50.91300311466471
              ], 
              [
                -127.68818450173363, 
                50.90089944856711
              ], 
              [
                -127.66920433969719, 
                50.88035408239032
              ], 
              [
                -127.66347878943651, 
                50.86065128248808
              ], 
              [
                -127.65598929407398, 
                50.837846317314096
              ], 
              [
                -127.67413095650723, 
                50.837565570476166
              ], 
              [
                -127.7289165701069, 
                50.84607586309777
              ], 
              [
                -127.75258635257939, 
                50.85923681702437
              ], 
              [
                -127.78246992202156, 
                50.862914787874516
              ], 
              [
                -127.81738526222473, 
                50.868585570389214
              ], 
              [
                -127.83436004310346, 
                50.87872276355085
              ], 
              [
                -127.83480641585946, 
                50.88913715132507
              ], 
              [
                -127.7791195052065, 
                50.90152375942152
              ]
            ]
          ], 
          [
            [
              [
                -128.43821617328064, 
                51.98079699457907
              ], 
              [
                -128.4320533758835, 
                51.99514810411394
              ], 
              [
                -128.41741648913575, 
                52.00348860041551
              ], 
              [
                -128.4134513064544, 
                51.9831625968921
              ], 
              [
                -128.42076002503643, 
                51.95247582053894
              ], 
              [
                -128.42322687716901, 
                51.92593201759845
              ], 
              [
                -128.4323985770357, 
                51.90235505121273
              ], 
              [
                -128.44548609843022, 
                51.89810457132568
              ], 
              [
                -128.4543697455332, 
                51.917367747845695
              ], 
              [
                -128.47882812797442, 
                51.9068443940262
              ], 
              [
                -128.49268653422018, 
                51.926039908896406
              ], 
              [
                -128.48696519927535, 
                51.953658230111685
              ], 
              [
                -128.43821617328064, 
                51.98079699457907
              ]
            ]
          ], 
          [
            [
              [
                -129.43278816546783, 
                52.683119673391374
              ], 
              [
                -129.413311330885, 
                52.68764900692223
              ], 
              [
                -129.4001031096269, 
                52.679527328943536
              ], 
              [
                -129.40325581622858, 
                52.663349343949264
              ], 
              [
                -129.40244553528828, 
                52.646643431592196
              ], 
              [
                -129.41812547553874, 
                52.64516745743827
              ], 
              [
                -129.43547632038005, 
                52.63768593369957
              ], 
              [
                -129.44957206179168, 
                52.64399724389464
              ], 
              [
                -129.43653137812134, 
                52.65916590570487
              ], 
              [
                -129.4274290851625, 
                52.67425929736652
              ], 
              [
                -129.43278816546783, 
                52.683119673391374
              ]
            ]
          ], 
          [
            [
              [
                -129.35466215082792, 
                52.862510230608166
              ], 
              [
                -129.33028388620536, 
                52.84918033766545
              ], 
              [
                -129.31201752233042, 
                52.83933311927291
              ], 
              [
                -129.32398865131148, 
                52.82060497570695
              ], 
              [
                -129.32892430101555, 
                52.79961087310643
              ], 
              [
                -129.34770509103163, 
                52.799885405153475
              ], 
              [
                -129.3661918038161, 
                52.81449996564466
              ], 
              [
                -129.36766422461235, 
                52.84495101207275
              ], 
              [
                -129.35466215082792, 
                52.862510230608166
              ]
            ]
          ], 
          [
            [
              [
                -130.59211467440247, 
                53.49618307257102
              ], 
              [
                -130.587264311354, 
                53.47794325371615
              ], 
              [
                -130.58696588735157, 
                53.466191719836125
              ], 
              [
                -130.60245014190698, 
                53.47127578390414
              ], 
              [
                -130.62465238151475, 
                53.48152002734855
              ], 
              [
                -130.63606756388927, 
                53.498406446740944
              ], 
              [
                -130.61652268415347, 
                53.50640808555692
              ], 
              [
                -130.59211467440247, 
                53.49618307257102
              ]
            ]
          ], 
          [
            [
              [
                -130.60911733661305, 
                53.797010661997994
              ], 
              [
                -130.61721566965915, 
                53.82319114946067
              ], 
              [
                -130.56937886449202, 
                53.83674199448527
              ], 
              [
                -130.50982109945403, 
                53.8263073401689
              ], 
              [
                -130.44986385807465, 
                53.7961690735446
              ], 
              [
                -130.419964263943, 
                53.78327454538066
              ], 
              [
                -130.4378845698444, 
                53.75688864705293
              ], 
              [
                -130.49727187341935, 
                53.765166503261966
              ], 
              [
                -130.51274617896513, 
                53.7934746243091
              ], 
              [
                -130.55325673679494, 
                53.78438247505864
              ], 
              [
                -130.60911733661305, 
                53.797010661997994
              ]
            ]
          ], 
          [
            [
              [
                -130.81756225594165, 
                54.486324205808046
              ], 
              [
                -130.79000588002128, 
                54.49373436072239
              ], 
              [
                -130.76622418064915, 
                54.46886456947844
              ], 
              [
                -130.7284553803137, 
                54.43783474237773
              ], 
              [
                -130.72956763178016, 
                54.42080096663675
              ], 
              [
                -130.78474356137696, 
                54.41225326764286
              ], 
              [
                -130.8234492997605, 
                54.4208577200853
              ], 
              [
                -130.8285659107737, 
                54.43872766130841
              ], 
              [
                -130.87002690254283, 
                54.43475078002276
              ], 
              [
                -130.86138562283966, 
                54.45544308492388
              ], 
              [
                -130.81756225594165, 
                54.486324205808046
              ]
            ]
          ], 
          [
            [
              [
                -131.09876016732056, 
                54.627962004948685
              ], 
              [
                -131.05684021258827, 
                54.62571667177718
              ], 
              [
                -131.04995317989975, 
                54.606029423643285
              ], 
              [
                -131.06944002305102, 
                54.587859542582855
              ], 
              [
                -131.0909045567915, 
                54.5822398485477
              ], 
              [
                -131.10222389164693, 
                54.595584715717294
              ], 
              [
                -131.09876016732056, 
                54.627962004948685
              ]
            ]
          ]
        ]
      }, 
      "type": "Feature", 
      "properties": {
        "source": "https://simplemaps.com", 
        "id": "CABC", 
        "name": "British Columbia"
      }, 
      "id": 1
    }
  ]
}