{
    "type": "FeatureCollection",
    "features": [
        {
            "geometry": {
                "type": "MultiPolygon",
                "coordinates": [
                    [
                        [
                            [
                                -57.10033117056602,
                                51.41901273040558
                            ],
                            [
                                -57.10087603161832,
                                51.41921317938284
                            ],
                            [
                                -57.10087603868049,
                                51.44011631274966
                            ],
                            [
                                -57.10087599458303,
                                51.48362776605389
                            ],
                            [
                                -57.10087599943241,
                                51.53703536893638
                            ],
                            [
                                -57.10087600596214,
                                51.60160508755779
                            ],
                            [
                                -57.100875996108755,
                                51.64403141584628
                            ],
                            [
                                -57.100876043504044,
                                51.717825471367206
                            ],
                            [
                                -57.10095354478603,
                                51.79159354761739
                            ],
                            [
                                -57.10097934696827,
                                51.86530989454349
                            ],
                            [
                                -57.1009535441199,
                                51.889649575788084
                            ],
                            [
                                -57.10095357170451,
                                51.935589987159396
                            ],
                            [
                                -57.10097934725536,
                                52.000082030273155
                            ],
                            [
                                -57.1250605638177,
                                52.000082030273155
                            ],
                            [
                                -57.23365858684147,
                                52.000082030273155
                            ],
                            [
                                -57.34220493302183,
                                52.000082030273155
                            ],
                            [
                                -57.450880470411285,
                                52.000082030273155
                            ],
                            [
                                -57.559452654114025,
                                52.000082030273155
                            ],
                            [
                                -57.81246052823181,
                                52.00003049430591
                            ],
                            [
                                -57.93449441579976,
                                51.999978801706646
                            ],
                            [
                                -58.056579988043,
                                51.999978801706646
                            ],
                            [
                                -58.30514362644979,
                                51.999978801706646
                            ],
                            [
                                -58.55362975228937,
                                51.999978801706646
                            ],
                            [
                                -58.80221922911791,
                                51.999978801706646
                            ],
                            [
                                -59.050782869323356,
                                51.999978801706646
                            ],
                            [
                                -59.29934650021899,
                                51.999927109119625
                            ],
                            [
                                -59.547910139493574,
                                51.999927109119625
                            ],
                            [
                                -59.852206811937826,
                                51.999927109119625
                            ],
                            [
                                -60.15650348258333,
                                51.999927109119625
                            ],
                            [
                                -60.46082599344927,
                                51.999927109119625
                            ],
                            [
                                -60.76514850341583,
                                51.999927109119625
                            ],
                            [
                                -61.06944516674975,
                                51.99987541654486
                            ],
                            [
                                -61.37374183915749,
                                51.99987541654486
                            ],
                            [
                                -61.67803851066598,
                                51.99987541654486
                            ],
                            [
                                -61.98236101969679,
                                51.99987541654486
                            ],
                            [
                                -62.18537187692726,
                                51.999823723982395
                            ],
                            [
                                -62.38840857951952,
                                51.999823723982395
                            ],
                            [
                                -62.59144528211176,
                                51.999823723982395
                            ],
                            [
                                -62.794430307860615,
                                51.999823723982395
                            ],
                            [
                                -62.99746701045289,
                                51.999823723982395
                            ],
                            [
                                -63.20045203620167,
                                51.999823723982395
                            ],
                            [
                                -63.298120493240425,
                                51.999823723982395
                            ],
                            [
                                -63.395737274335005,
                                51.999823723982395
                            ],
                            [
                                -63.606525437583706,
                                51.999797877705745
                            ],
                            [
                                -63.63957251634313,
                                51.999797877705745
                            ],
                            [
                                -63.67261959420324,
                                51.999797877705745
                            ],
                            [
                                -63.70566667206329,
                                51.999797877705745
                            ],
                            [
                                -63.738713751722045,
                                51.999797877705745
                            ],
                            [
                                -63.774422191390684,
                                52.01362137430188
                            ],
                            [
                                -63.808166886271344,
                                52.04261182237127
                            ],
                            [
                                -63.819561567800505,
                                52.06811420052814
                            ],
                            [
                                -63.78816808102582,
                                52.07139554039277
                            ],
                            [
                                -63.75920342439621,
                                52.061990398203406
                            ],
                            [
                                -63.714374154158165,
                                52.04710765582861
                            ],
                            [
                                -63.67039754635427,
                                52.035738915521144
                            ],
                            [
                                -63.644094226484576,
                                52.03697911852828
                            ],
                            [
                                -63.64006344895325,
                                52.05062166217424
                            ],
                            [
                                -63.64964939020223,
                                52.06586613295844
                            ],
                            [
                                -63.663369540582316,
                                52.08188594461536
                            ],
                            [
                                -63.67176694534337,
                                52.097802255019516
                            ],
                            [
                                -63.68050025169686,
                                52.144052639562574
                            ],
                            [
                                -63.693574373539995,
                                52.18828763470475
                            ],
                            [
                                -63.71440002614796,
                                52.22864703289409
                            ],
                            [
                                -63.7354389749444,
                                52.25150580504768
                            ],
                            [
                                -63.75726558698528,
                                52.27055653850015
                            ],
                            [
                                -63.771734981424025,
                                52.28022001741204
                            ],
                            [
                                -63.783207142932966,
                                52.29122708377667
                            ],
                            [
                                -63.78522250839106,
                                52.30225997155665
                            ],
                            [
                                -63.776540892143906,
                                52.306833384635176
                            ],
                            [
                                -63.762149047704874,
                                52.30931393940728
                            ],
                            [
                                -63.75036675580077,
                                52.313344568973335
                            ],
                            [
                                -63.749514101601946,
                                52.322387957034245
                            ],
                            [
                                -63.77338861545264,
                                52.335100363803306
                            ],
                            [
                                -63.80545124315945,
                                52.33687587183007
                            ],
                            [
                                -63.855192408212076,
                                52.33577215895264
                            ],
                            [
                                -63.88200044939009,
                                52.33696467115266
                            ],
                            [
                                -63.88510498841827,
                                52.335013134135224
                            ],
                            [
                                -63.88972016025598,
                                52.33375050437281
                            ],
                            [
                                -63.90864739718085,
                                52.33827658347313
                            ],
                            [
                                -63.972656228713554,
                                52.353583032768256
                            ],
                            [
                                -64.00090330295744,
                                52.3695742516282
                            ],
                            [
                                -64.00640760537215,
                                52.375097671524316
                            ],
                            [
                                -64.02905270914987,
                                52.3978213053991
                            ],
                            [
                                -64.03813475087979,
                                52.41803616892734
                            ],
                            [
                                -64.04558106472535,
                                52.42858309495806
                            ],
                            [
                                -64.05186597888328,
                                52.43641193449634
                            ],
                            [
                                -64.0568115254857,
                                52.44257233789445
                            ],
                            [
                                -64.05775151380207,
                                52.44313286861701
                            ],
                            [
                                -64.0754374092165,
                                52.45364619446321
                            ],
                            [
                                -64.08117349308677,
                                52.47343826830605
                            ],
                            [
                                -64.0689261590797,
                                52.49436718470641
                            ],
                            [
                                -64.06535144534283,
                                52.497982113772856
                            ],
                            [
                                -64.05548550914719,
                                52.50795865924792
                            ],
                            [
                                -64.04360473122914,
                                52.51997290474845
                            ],
                            [
                                -64.03528398123582,
                                52.526960619421416
                            ],
                            [
                                -64.0156738460061,
                                52.54340244787833
                            ],
                            [
                                -63.995458946800625,
                                52.557879875834246
                            ],
                            [
                                -63.96676996043216,
                                52.57318979680879
                            ],
                            [
                                -63.95410112894106,
                                52.57994335923637
                            ],
                            [
                                -63.93460496645251,
                                52.58802143766752
                            ],
                            [
                                -63.90869137230001,
                                52.59874902289745
                            ],
                            [
                                -63.87593435180741,
                                52.608409565080564
                            ],
                            [
                                -63.84420312807399,
                                52.615225527545
                            ],
                            [
                                -63.83570768869075,
                                52.61674245021413
                            ],
                            [
                                -63.81496203704118,
                                52.620446986124854
                            ],
                            [
                                -63.812620845187325,
                                52.62021290766415
                            ],
                            [
                                -63.764448655189376,
                                52.62417845201511
                            ],
                            [
                                -63.71362487929953,
                                52.62862261526191
                            ],
                            [
                                -63.66274933000451,
                                52.633169936399945
                            ],
                            [
                                -63.61187400740436,
                                52.63758852387996
                            ],
                            [
                                -63.58448545427176,
                                52.63988803616094
                            ],
                            [
                                -63.55701943417953,
                                52.64216180666294
                            ],
                            [
                                -63.52963087031119,
                                52.644487136469984
                            ],
                            [
                                -63.5021648749288,
                                52.64676095691352
                            ],
                            [
                                -63.48004743967193,
                                52.64624434877414
                            ],
                            [
                                -63.457826554266944,
                                52.642937018473845
                            ],
                            [
                                -63.435579772360555,
                                52.639577892761096
                            ],
                            [
                                -63.41356568428539,
                                52.63895792156643
                            ],
                            [
                                -63.37909744191099,
                                52.651153434556086
                            ],
                            [
                                -63.384187608171814,
                                52.67321934667986
                            ],
                            [
                                -63.41031001717916,
                                52.6974038611022
                            ],
                            [
                                -63.438887107338616,
                                52.71587823216961
                            ],
                            [
                                -63.457154755640914,
                                52.72362975775605
                            ],
                            [
                                -63.47666257896666,
                                52.72913323617728
                            ],
                            [
                                -63.49650638487439,
                                52.73435266863227
                            ],
                            [
                                -63.51557487185622,
                                52.74101869309555
                            ],
                            [
                                -63.53404922987049,
                                52.75016549004156
                            ],
                            [
                                -63.554539024350035,
                                52.760449278894285
                            ],
                            [
                                -63.57557125852146,
                                52.768484815588806
                            ],
                            [
                                -63.59577668123852,
                                52.77088764508569
                            ],
                            [
                                -63.59356623529436,
                                52.776261254685096
                            ],
                            [
                                -63.605160626261046,
                                52.78553663945451
                            ],
                            [
                                -63.601721286446924,
                                52.81993037143183
                            ],
                            [
                                -63.61203945009033,
                                52.8612029024318
                            ],
                            [
                                -63.653311860936,
                                52.837127333628054
                            ],
                            [
                                -63.66706931753319,
                                52.81305173470568
                            ],
                            [
                                -63.718659743193655,
                                52.7786578853682
                            ],
                            [
                                -63.79432593286911,
                                52.7717793590969
                            ],
                            [
                                -64.0041272862298,
                                52.73394618762621
                            ],
                            [
                                -64.06259659105369,
                                52.72706756786937
                            ],
                            [
                                -64.10730838199181,
                                52.72018886086351
                            ],
                            [
                                -64.1245052185433,
                                52.69611328746912
                            ],
                            [
                                -64.16577749857309,
                                52.675476822515485
                            ],
                            [
                                -64.15889878691591,
                                52.63764382751391
                            ],
                            [
                                -64.1623382352951,
                                52.596371577876894
                            ],
                            [
                                -64.1898531458869,
                                52.57229594535457
                            ],
                            [
                                -64.18297440486481,
                                52.55165972879958
                            ],
                            [
                                -64.16233818449543,
                                52.53102349309756
                            ],
                            [
                                -64.14170199341297,
                                52.48975111193791
                            ],
                            [
                                -64.13599344953961,
                                52.4640625555847
                            ],
                            [
                                -64.1279445619396,
                                52.427842573709505
                            ],
                            [
                                -64.12794450689215,
                                52.386570053064446
                            ],
                            [
                                -64.1417020323332,
                                52.35561585859799
                            ],
                            [
                                -64.16577761062314,
                                52.321222195484424
                            ],
                            [
                                -64.20705000359636,
                                52.304025324077
                            ],
                            [
                                -64.22080742433273,
                                52.266192180550476
                            ],
                            [
                                -64.21048935368675,
                                52.221480468580374
                            ],
                            [
                                -64.1795350566346,
                                52.163011242098165
                            ],
                            [
                                -64.15593890119801,
                                52.13267332427613
                            ],
                            [
                                -64.15545945136145,
                                52.132056866464055
                            ],
                            [
                                -64.17265631336788,
                                52.11486007934195
                            ],
                            [
                                -64.21048935914034,
                                52.12861755631634
                            ],
                            [
                                -64.25176176602726,
                                52.11486007934195
                            ],
                            [
                                -64.25864046625492,
                                52.08390570265791
                            ],
                            [
                                -64.27239796723424,
                                52.03919398579506
                            ],
                            [
                                -64.25176175393345,
                                52.01167902956659
                            ],
                            [
                                -64.23456494787659,
                                51.98072478795979
                            ],
                            [
                                -64.27583733809631,
                                51.96696727867306
                            ],
                            [
                                -64.29938501514003,
                                51.98528215325295
                            ],
                            [
                                -64.3067916721628,
                                51.99104290204909
                            ],
                            [
                                -64.33774594104311,
                                52.01167902956659
                            ],
                            [
                                -64.36182152612213,
                                51.96696727867306
                            ],
                            [
                                -64.33774592704148,
                                51.87410430064264
                            ],
                            [
                                -64.33755839073825,
                                51.87110333592053
                            ],
                            [
                                -64.33430657191248,
                                51.81907444520845
                            ],
                            [
                                -64.29303416828893,
                                51.78468078408622
                            ],
                            [
                                -64.28740430165172,
                                51.76638373260187
                            ],
                            [
                                -64.27927673519149,
                                51.73996908315928
                            ],
                            [
                                -64.31801360165096,
                                51.70123200216382
                            ],
                            [
                                -64.31917593023203,
                                51.70006971894546
                            ],
                            [
                                -64.32398845173864,
                                51.69525718031822
                            ],
                            [
                                -64.34462464835832,
                                51.66774222384285
                            ],
                            [
                                -64.40653331003904,
                                51.653984849286786
                            ],
                            [
                                -64.43748762125587,
                                51.64022738652736
                            ],
                            [
                                -64.47876000872556,
                                51.60927303320997
                            ],
                            [
                                -64.50064288838476,
                                51.60197879197305
                            ],
                            [
                                -64.52839018547358,
                                51.59272971324446
                            ],
                            [
                                -64.53035049795713,
                                51.592076148887564
                            ],
                            [
                                -64.53987104663865,
                                51.59615642310318
                            ],
                            [
                                -64.57850164172754,
                                51.612712350076954
                            ],
                            [
                                -64.60261436449639,
                                51.63792113545243
                            ],
                            [
                                -64.61598313360983,
                                51.65189756758981
                            ],
                            [
                                -64.65416774443447,
                                51.69181783949228
                            ],
                            [
                                -64.68856139886316,
                                51.72277210506571
                            ],
                            [
                                -64.70856272897667,
                                51.73277287451089
                            ],
                            [
                                -64.77110624144106,
                                51.76404456209392
                            ],
                            [
                                -64.85709043004724,
                                51.77436266687114
                            ],
                            [
                                -64.9189990700359,
                                51.76060524870608
                            ],
                            [
                                -64.92243839875496,
                                51.72965086127466
                            ],
                            [
                                -64.9568320635769,
                                51.72277210506571
                            ],
                            [
                                -64.99122578740806,
                                51.73652967460362
                            ],
                            [
                                -65.03249819774368,
                                51.76060524870608
                            ],
                            [
                                -65.08064934945307,
                                51.750287160055066
                            ],
                            [
                                -65.13223983147766,
                                51.7571658323412
                            ],
                            [
                                -65.18383034230928,
                                51.77436266687114
                            ],
                            [
                                -65.1769516483756,
                                51.791559588115874
                            ],
                            [
                                -65.18383037955458,
                                51.82251388733939
                            ],
                            [
                                -65.22166340896642,
                                51.82595322665918
                            ],
                            [
                                -65.25261772577358,
                                51.84658945189524
                            ],
                            [
                                -65.27669325982018,
                                51.867225578503245
                            ],
                            [
                                -65.31796569273104,
                                51.8534681542164
                            ],
                            [
                                -65.3386018811363,
                                51.81907444520845
                            ],
                            [
                                -65.35923805815338,
                                51.85002869788838
                            ],
                            [
                                -65.39363175215702,
                                51.89817988209132
                            ],
                            [
                                -65.37299558619647,
                                51.91881616368821
                            ],
                            [
                                -65.35923807877073,
                                51.949770397541585
                            ],
                            [
                                -65.3764349324168,
                                51.98416410506721
                            ],
                            [
                                -65.39363176931688,
                                51.97728536846235
                            ],
                            [
                                -65.41426797557706,
                                51.98416410506721
                            ],
                            [
                                -65.43490420764695,
                                52.004800364216685
                            ],
                            [
                                -65.45897976580383,
                                52.02543654253441
                            ],
                            [
                                -65.48305535142732,
                                52.06670897928803
                            ],
                            [
                                -65.50025217039432,
                                52.09766324903753
                            ],
                            [
                                -65.5277671301865,
                                52.056390878939936
                            ],
                            [
                                -65.55184266621919,
                                52.03231523366894
                            ],
                            [
                                -65.61375128090161,
                                52.03231523366894
                            ],
                            [
                                -65.63438747051796,
                                52.01511836542589
                            ],
                            [
                                -65.66190243595064,
                                51.98760347642585
                            ],
                            [
                                -65.68253865308175,
                                52.02543654253441
                            ],
                            [
                                -65.66190246018292,
                                52.06326961021907
                            ],
                            [
                                -65.65719809598738,
                                52.093847436472615
                            ],
                            [
                                -65.6550236707274,
                                52.107981277250374
                            ],
                            [
                                -65.69629614372649,
                                52.10454203657713
                            ],
                            [
                                -65.6988988924272,
                                52.10324048356136
                            ],
                            [
                                -65.73068976208228,
                                52.08734508569263
                            ],
                            [
                                -65.75820473753194,
                                52.09078452333012
                            ],
                            [
                                -65.79498709597428,
                                52.100464072241984
                            ],
                            [
                                -65.82355267855911,
                                52.107981277250374
                            ],
                            [
                                -65.87170386037972,
                                52.09766324903753
                            ],
                            [
                                -65.90265814873182,
                                52.080466374212584
                            ],
                            [
                                -65.94049119844787,
                                52.09422385887153
                            ],
                            [
                                -65.95080929358316,
                                52.080466374212584
                            ],
                            [
                                -65.97321390252561,
                                52.06926417593237
                            ],
                            [
                                -65.99208168886057,
                                52.059830138981766
                            ],
                            [
                                -66.02647537899192,
                                52.080466374212584
                            ],
                            [
                                -66.08838401714364,
                                52.09078452333012
                            ],
                            [
                                -66.08494462706598,
                                52.12173878675911
                            ],
                            [
                                -66.07806588427545,
                                52.16988991609741
                            ],
                            [
                                -66.12277766854851,
                                52.20084423706785
                            ],
                            [
                                -66.16405008238318,
                                52.214601713705186
                            ],
                            [
                                -66.19500439918109,
                                52.221480468580374
                            ],
                            [
                                -66.21220127402177,
                                52.25243484798805
                            ],
                            [
                                -66.21280463243419,
                                52.25303816347771
                            ],
                            [
                                -66.24851633513612,
                                52.2887498758868
                            ],
                            [
                                -66.25691303134539,
                                52.29714658647211
                            ],
                            [
                                -66.28442793618805,
                                52.307464619013
                            ],
                            [
                                -66.30162477905165,
                                52.28682842431124
                            ],
                            [
                                -66.29130672582345,
                                52.25243484798805
                            ],
                            [
                                -66.27754921907113,
                                52.221480468580374
                            ],
                            [
                                -66.26379174373058,
                                52.15613247400562
                            ],
                            [
                                -66.30162476863354,
                                52.132056866464055
                            ],
                            [
                                -66.34977591347719,
                                52.132056866464055
                            ],
                            [
                                -66.37385148527733,
                                52.14237496872576
                            ],
                            [
                                -66.37992414419722,
                                52.16059288671197
                            ],
                            [
                                -66.38416957793851,
                                52.17332925702863
                            ],
                            [
                                -66.40824520499962,
                                52.218041142021356
                            ],
                            [
                                -66.43232071950978,
                                52.22835913007004
                            ],
                            [
                                -66.4472843481393,
                                52.25187340697234
                            ],
                            [
                                -66.45639629561812,
                                52.266192180550476
                            ],
                            [
                                -66.46102085400622,
                                52.28469037876001
                            ],
                            [
                                -66.46671441298298,
                                52.307464619013
                            ],
                            [
                                -66.47868172965775,
                                52.331399252880644
                            ],
                            [
                                -66.48047188308233,
                                52.33497956013579
                            ],
                            [
                                -66.47717831751076,
                                52.33801991116212
                            ],
                            [
                                -66.43576010082144,
                                52.37625195885622
                            ],
                            [
                                -66.38760896603613,
                                52.36937324578273
                            ],
                            [
                                -66.34977595448791,
                                52.359055200551325
                            ],
                            [
                                -66.3497759357986,
                                52.38313073734179
                            ],
                            [
                                -66.3635333770156,
                                52.441599928129776
                            ],
                            [
                                -66.38416962910829,
                                52.469114961793544
                            ],
                            [
                                -66.37729085712444,
                                52.5035085655804
                            ],
                            [
                                -66.37385148220596,
                                52.54134159385749
                            ],
                            [
                                -66.38474453204971,
                                52.556591888574296
                            ],
                            [
                                -66.39215061707374,
                                52.56696040185446
                            ],
                            [
                                -66.40824517261831,
                                52.5894927686305
                            ],
                            [
                                -66.40480578704435,
                                52.64796198149309
                            ],
                            [
                                -66.37385150992968,
                                52.66859824428212
                            ],
                            [
                                -66.31194286028011,
                                52.6101289299524
                            ],
                            [
                                -66.28786728786194,
                                52.6101289299524
                            ],
                            [
                                -66.29474600146764,
                                52.63764382751391
                            ],
                            [
                                -66.3325791758511,
                                52.737385739889035
                            ],
                            [
                                -66.33270908779456,
                                52.737565562665154
                            ],
                            [
                                -66.37729087382182,
                                52.799294202571026
                            ],
                            [
                                -66.40136636717978,
                                52.844005826556774
                            ],
                            [
                                -66.3910482958682,
                                52.87152082812623
                            ],
                            [
                                -66.3497759789127,
                                52.8612029024318
                            ],
                            [
                                -66.32913976590117,
                                52.85432415208692
                            ],
                            [
                                -66.32777521283016,
                                52.85350537333268
                            ],
                            [
                                -66.31194281203477,
                                52.844005826556774
                            ],
                            [
                                -66.28786730316094,
                                52.84744531605066
                            ],
                            [
                                -66.28899685380904,
                                52.865518752563716
                            ],
                            [
                                -66.29111653427448,
                                52.89943245733158
                            ],
                            [
                                -66.29130666318238,
                                52.90247518248443
                            ],
                            [
                                -66.31538224427082,
                                52.9368688724616
                            ],
                            [
                                -66.36353341531564,
                                53.00221690454565
                            ],
                            [
                                -66.42544205064242,
                                53.036610620628366
                            ],
                            [
                                -66.4535844675175,
                                53.030356587481734
                            ],
                            [
                                -66.45639640854048,
                                53.02973198173502
                            ],
                            [
                                -66.46327506795642,
                                52.99533816182117
                            ],
                            [
                                -66.50798692093647,
                                52.95750526527756
                            ],
                            [
                                -66.5125280443229,
                                52.955612922237336
                            ],
                            [
                                -66.54925928419564,
                                52.94030833724221
                            ],
                            [
                                -66.59553926007291,
                                52.93820468704
                            ],
                            [
                                -66.62492531765064,
                                52.9368688724616
                            ],
                            [
                                -66.64556149674291,
                                52.888717677669035
                            ],
                            [
                                -66.64556158745258,
                                52.82680923654527
                            ],
                            [
                                -66.65587966777768,
                                52.79585488351222
                            ],
                            [
                                -66.6566939222553,
                                52.79547469712966
                            ],
                            [
                                -66.7074702044461,
                                52.7717793590969
                            ],
                            [
                                -66.74874254477423,
                                52.775218593762474
                            ],
                            [
                                -66.76937871893014,
                                52.76490043169748
                            ],
                            [
                                -66.75906061762642,
                                52.706431184793054
                            ],
                            [
                                -66.76016491669725,
                                52.70348688905274
                            ],
                            [
                                -66.76937877585779,
                                52.67891635367172
                            ],
                            [
                                -66.79206175799399,
                                52.67891635367172
                            ],
                            [
                                -66.79345434918929,
                                52.67891635367172
                            ],
                            [
                                -66.81409053468352,
                                52.69267378740739
                            ],
                            [
                                -66.82440868462747,
                                52.72362818598313
                            ],
                            [
                                -66.85192366925344,
                                52.7305070065359
                            ],
                            [
                                -66.85225991225498,
                                52.72647185695159
                            ],
                            [
                                -66.85536290446488,
                                52.689234344010394
                            ],
                            [
                                -66.8656810980765,
                                52.66171957808586
                            ],
                            [
                                -66.88286991658953,
                                52.67604347383555
                            ],
                            [
                                -66.9069535264687,
                                52.69611328746912
                            ],
                            [
                                -66.94822595805442,
                                52.737385739889035
                            ],
                            [
                                -66.98605888881697,
                                52.758021731936296
                            ],
                            [
                                -66.99270101273653,
                                52.76009745418186
                            ],
                            [
                                -67.04108878197938,
                                52.775218593762474
                            ],
                            [
                                -67.05140684185915,
                                52.80961218746905
                            ],
                            [
                                -67.06172493171813,
                                52.874960146359705
                            ],
                            [
                                -67.06537212249914,
                                52.874628575089766
                            ],
                            [
                                -67.09955800021561,
                                52.87152082812623
                            ],
                            [
                                -67.13395174913484,
                                52.857763498646165
                            ],
                            [
                                -67.16490601131903,
                                52.81993037143183
                            ],
                            [
                                -67.20273912277435,
                                52.82680923654527
                            ],
                            [
                                -67.26120836550881,
                                52.8612029024318
                            ],
                            [
                                -67.30248073822091,
                                52.86808156716336
                            ],
                            [
                                -67.34719248912475,
                                52.9162326614938
                            ],
                            [
                                -67.33343498808422,
                                52.94374754484697
                            ],
                            [
                                -67.34031371966499,
                                52.978141212853345
                            ],
                            [
                                -67.3678287649146,
                                53.01597445318646
                            ],
                            [
                                -67.38502548391985,
                                53.10539778485713
                            ],
                            [
                                -67.35751054472458,
                                53.12947335911041
                            ],
                            [
                                -67.32655633716071,
                                53.13291291441516
                            ],
                            [
                                -67.2990412874366,
                                53.156988281121784
                            ],
                            [
                                -67.24057217109595,
                                53.16730662897747
                            ],
                            [
                                -67.20961775243848,
                                53.15354894836097
                            ],
                            [
                                -67.1683453420798,
                                53.15354894836097
                            ],
                            [
                                -67.1201942485484,
                                53.12259473794317
                            ],
                            [
                                -67.09267930888784,
                                53.12259473794317
                            ],
                            [
                                -67.0514068984977,
                                53.12259473794317
                            ],
                            [
                                -67.05828567722759,
                                53.0916405119617
                            ],
                            [
                                -67.04796756147333,
                                53.074443651805815
                            ],
                            [
                                -66.9963769618747,
                                53.08132222187771
                            ],
                            [
                                -66.98261948747863,
                                53.10539778485713
                            ],
                            [
                                -66.98261957083251,
                                53.14323098446223
                            ],
                            [
                                -66.99293771123048,
                                53.16730662897747
                            ],
                            [
                                -66.97574081221101,
                                53.18106398208491
                            ],
                            [
                                -66.96991135416727,
                                53.183395717196234
                            ],
                            [
                                -66.9688620646337,
                                53.187942693551605
                            ],
                            [
                                -66.96542279316279,
                                53.239533387467745
                            ],
                            [
                                -66.96493025132845,
                                53.24741250539222
                            ],
                            [
                                -66.9619833725752,
                                53.29456316728553
                            ],
                            [
                                -66.99637708248625,
                                53.32551754039712
                            ],
                            [
                                -67.01013449425572,
                                53.35303237044315
                            ],
                            [
                                -66.98605888417941,
                                53.38398660857768
                            ],
                            [
                                -66.96377174768097,
                                53.38992988736387
                            ],
                            [
                                -66.93446846410708,
                                53.39774425063095
                            ],
                            [
                                -66.88975658464882,
                                53.4149408979732
                            ],
                            [
                                -66.92071090315842,
                                53.43557712330289
                            ],
                            [
                                -66.97574085271584,
                                53.47684966231406
                            ],
                            [
                                -67.0307707329457,
                                53.514682706134295
                            ],
                            [
                                -67.11331556198765,
                                53.525000823982616
                            ],
                            [
                                -67.13029848919015,
                                53.52904427105171
                            ],
                            [
                                -67.18554231046241,
                                53.54219772048091
                            ],
                            [
                                -67.32311700884759,
                                53.56627329022555
                            ],
                            [
                                -67.3249548246846,
                                53.56811107618075
                            ],
                            [
                                -67.34375317855296,
                                53.58690942965544
                            ],
                            [
                                -67.39878300570994,
                                53.63506047553671
                            ],
                            [
                                -67.412540434028,
                                53.693529646606805
                            ],
                            [
                                -67.44693419741266,
                                53.707287279989856
                            ],
                            [
                                -67.45392397783827,
                                53.70986240245495
                            ],
                            [
                                -67.51228213485194,
                                53.73136276972118
                            ],
                            [
                                -67.52947894812796,
                                53.75887766411836
                            ],
                            [
                                -67.57419074576903,
                                53.76575643787984
                            ],
                            [
                                -67.59482689031306,
                                53.782953164784615
                            ],
                            [
                                -67.57763011565223,
                                53.79671074891203
                            ],
                            [
                                -67.54667586432159,
                                53.80358958769323
                            ],
                            [
                                -67.51228217732042,
                                53.81390766747228
                            ],
                            [
                                -67.52038418414259,
                                53.83281233910273
                            ],
                            [
                                -67.52260031452461,
                                53.83798330409632
                            ],
                            [
                                -67.56043330137734,
                                53.84830130436301
                            ],
                            [
                                -67.58348399648399,
                                53.85521641804145
                            ],
                            [
                                -67.59482704561023,
                                53.85861953430557
                            ],
                            [
                                -67.6017056986359,
                                53.88613432351761
                            ],
                            [
                                -67.61546320060451,
                                53.923967424381196
                            ],
                            [
                                -67.67049306739196,
                                53.94460360414377
                            ],
                            [
                                -67.71176548098235,
                                53.97211855211627
                            ],
                            [
                                -67.74615918980935,
                                53.98243671608188
                            ],
                            [
                                -67.78055272829066,
                                54.006512040669236
                            ],
                            [
                                -67.80806781703389,
                                54.034027250655356
                            ],
                            [
                                -67.80118893505664,
                                54.064981290381596
                            ],
                            [
                                -67.79087095636805,
                                54.09937519131598
                            ],
                            [
                                -67.77367407749527,
                                54.12689005624774
                            ],
                            [
                                -67.74271980825549,
                                54.154405065593025
                            ],
                            [
                                -67.70488676687228,
                                54.154405065593025
                            ],
                            [
                                -67.67393242171768,
                                54.168162467865464
                            ],
                            [
                                -67.63953866445696,
                                54.18879852436247
                            ],
                            [
                                -67.639538691529,
                                54.230070983827055
                            ],
                            [
                                -67.67393242214253,
                                54.264464759244476
                            ],
                            [
                                -67.69112923417114,
                                54.305737123650644
                            ],
                            [
                                -67.74615915162806,
                                54.34357023381134
                            ],
                            [
                                -67.74959852358596,
                                54.38140328452723
                            ],
                            [
                                -67.74959845488183,
                                54.42611493892188
                            ],
                            [
                                -67.70144744775625,
                                54.450190756706505
                            ],
                            [
                                -67.66705372445041,
                                54.460508772753
                            ],
                            [
                                -67.63265998360806,
                                54.484584227154656
                            ],
                            [
                                -67.63252412101038,
                                54.484516353723535
                            ],
                            [
                                -67.60514502252566,
                                54.470826719558744
                            ],
                            [
                                -67.54667579562324,
                                54.484584227154656
                            ],
                            [
                                -67.50884275795022,
                                54.48802360260624
                            ],
                            [
                                -67.4950853209309,
                                54.539614173616364
                            ],
                            [
                                -67.51572151915632,
                                54.57400783613105
                            ],
                            [
                                -67.5084365254168,
                                54.58274979970342
                            ],
                            [
                                -67.49852470431604,
                                54.59464408274452
                            ],
                            [
                                -67.42629796576195,
                                54.57056847134089
                            ],
                            [
                                -67.39878303080603,
                                54.55337164273714
                            ],
                            [
                                -67.34031370221453,
                                54.51209908889105
                            ],
                            [
                                -67.32047876537764,
                                54.504542932831
                            ],
                            [
                                -67.26808702827903,
                                54.484584227154656
                            ],
                            [
                                -67.23369341786513,
                                54.51553865051845
                            ],
                            [
                                -67.25432952516724,
                                54.54649278201264
                            ],
                            [
                                -67.26120832597519,
                                54.57056847134089
                            ],
                            [
                                -67.23713274423203,
                                54.58776529255333
                            ],
                            [
                                -67.19242098379938,
                                54.61184089590588
                            ],
                            [
                                -67.18852730637062,
                                54.61219477600377
                            ],
                            [
                                -67.15458800873344,
                                54.61528038495508
                            ],
                            [
                                -67.12363360055328,
                                54.64623451123981
                            ],
                            [
                                -67.10924708483591,
                                54.65931315734458
                            ],
                            [
                                -67.0902278441053,
                                54.6766032418289
                            ],
                            [
                                -67.08580052199495,
                                54.68062812102303
                            ],
                            [
                                -67.08580065156507,
                                54.73221886678434
                            ],
                            [
                                -67.17178478385217,
                                54.780369913114974
                            ],
                            [
                                -67.26464777112811,
                                54.835399907326575
                            ],
                            [
                                -67.31623822236995,
                                54.89386904514641
                            ],
                            [
                                -67.37814684085674,
                                54.948898932027404
                            ],
                            [
                                -67.42285859327066,
                                54.997050033679095
                            ],
                            [
                                -67.44349479816997,
                                55.03488307541254
                            ],
                            [
                                -67.44349479758691,
                                55.05071253364226
                            ],
                            [
                                -67.43507727720879,
                                55.06346100456187
                            ],
                            [
                                -67.40807634119156,
                                55.08061758098684
                            ],
                            [
                                -67.37882748247176,
                                55.088679107764285
                            ],
                            [
                                -67.35639991196936,
                                55.088317371981844
                            ],
                            [
                                -67.33373979345849,
                                55.08387319561747
                            ],
                            [
                                -67.31141557558482,
                                55.07741364468038
                            ],
                            [
                                -67.28981482502813,
                                55.07105744014476
                            ],
                            [
                                -67.27413102729952,
                                55.06599314771367
                            ],
                            [
                                -67.26886003163163,
                                55.061290592897514
                            ],
                            [
                                -67.27190894231872,
                                55.05519277608114
                            ],
                            [
                                -67.28108151052541,
                                55.04589102040102
                            ],
                            [
                                -67.2904607821133,
                                55.03958649526175
                            ],
                            [
                                -67.30097693558814,
                                55.0340054393127
                            ],
                            [
                                -67.30862504735713,
                                55.026770738066254
                            ],
                            [
                                -67.3094001937696,
                                55.01566030676542
                            ],
                            [
                                -67.29697201173788,
                                55.00599681238328
                            ],
                            [
                                -67.2726840863367,
                                54.99842621089741
                            ],
                            [
                                -67.24692338120954,
                                54.99276763487074
                            ],
                            [
                                -67.2300510462611,
                                54.98894361537159
                            ],
                            [
                                -67.19674566016393,
                                54.974629376073366
                            ],
                            [
                                -67.16703170471673,
                                54.957111053206845
                            ],
                            [
                                -67.13798952074748,
                                54.938662514925326
                            ],
                            [
                                -67.10688025844456,
                                54.92171255620229
                            ],
                            [
                                -67.086726433797,
                                54.91489123861454
                            ],
                            [
                                -67.06543577339498,
                                54.91024041320522
                            ],
                            [
                                -67.04448095692845,
                                54.9049176990725
                            ],
                            [
                                -67.0251797591311,
                                54.89602926258218
                            ],
                            [
                                -67.015878112411,
                                54.88486735268186
                            ],
                            [
                                -67.00890170296009,
                                54.868769978524554
                            ],
                            [
                                -67.00208052820248,
                                54.851510256452485
                            ],
                            [
                                -66.99329540689065,
                                54.83701478745551
                            ],
                            [
                                -66.96650124405242,
                                54.814328954695455
                            ],
                            [
                                -66.93616717657311,
                                54.79908440478142
                            ],
                            [
                                -66.90343005407688,
                                54.78820633046109
                            ],
                            [
                                -66.86940122276329,
                                54.77838798871621
                            ],
                            [
                                -66.83325346086838,
                                54.76440933727607
                            ],
                            [
                                -66.78503946013328,
                                54.74580601881286
                            ],
                            [
                                -66.73700613690914,
                                54.73389445906027
                            ],
                            [
                                -66.70134948399756,
                                54.74017330085208
                            ],
                            [
                                -66.70049680691731,
                                54.74823479413551
                            ],
                            [
                                -66.71016030462157,
                                54.75748488586343
                            ],
                            [
                                -66.72034046155622,
                                54.76688981495739
                            ],
                            [
                                -66.72106406864977,
                                54.775468349991016
                            ],
                            [
                                -66.70442414463493,
                                54.78409811050466
                            ],
                            [
                                -66.6832627520473,
                                54.78497680190922
                            ],
                            [
                                -66.66142937748891,
                                54.78254786252357
                            ],
                            [
                                -66.64246421308678,
                                54.7812044306665
                            ],
                            [
                                -66.6071175627359,
                                54.80394211432972
                            ],
                            [
                                -66.63835593455049,
                                54.851691079647395
                            ],
                            [
                                -66.693236189717,
                                54.90357401150153
                            ],
                            [
                                -66.72881552894155,
                                54.938662514925326
                            ],
                            [
                                -66.7281953726328,
                                54.95984978059193
                            ],
                            [
                                -66.70395902776194,
                                54.96909968732281
                            ],
                            [
                                -66.67512366447033,
                                54.97447419016838
                            ],
                            [
                                -66.66075758531053,
                                54.98424098238595
                            ],
                            [
                                -66.66478837193358,
                                54.99617827990584
                            ],
                            [
                                -66.67520117911612,
                                55.00754710533878
                            ],
                            [
                                -66.68768103667266,
                                55.01762401012126
                            ],
                            [
                                -66.69811967531992,
                                55.025633855946715
                            ],
                            [
                                -66.70917843258279,
                                55.03527151081355
                            ],
                            [
                                -66.71703325145091,
                                55.043152167775304
                            ],
                            [
                                -66.72354448051071,
                                55.05131704240491
                            ],
                            [
                                -66.7307791825711,
                                55.06201406720903
                            ],
                            [
                                -66.73700619084548,
                                55.06971385233572
                            ],
                            [
                                -66.74478349462103,
                                55.07751699433943
                            ],
                            [
                                -66.75225073820678,
                                55.08506175245666
                            ],
                            [
                                -66.75744421990724,
                                55.091753851166445
                            ],
                            [
                                -66.76232764509453,
                                55.1042078744547
                            ],
                            [
                                -66.76124243770631,
                                55.11301870294713
                            ],
                            [
                                -66.75697913491042,
                                55.12177786331979
                            ],
                            [
                                -66.75232825669038,
                                55.13399934040727
                            ],
                            [
                                -66.74977027095524,
                                55.146918446281035
                            ],
                            [
                                -66.74731563878036,
                                55.15976003435555
                            ],
                            [
                                -66.7430781738149,
                                55.1716197806966
                            ],
                            [
                                -66.73524919253632,
                                55.18172252077091
                            ],
                            [
                                -66.72253678868981,
                                55.18683848335017
                            ],
                            [
                                -66.70690467298932,
                                55.188983064761246
                            ],
                            [
                                -66.69375302232655,
                                55.1924712276807
                            ],
                            [
                                -66.68871457097947,
                                55.20174714896851
                            ],
                            [
                                -66.70091020418631,
                                55.22063487324406
                            ],
                            [
                                -66.72791113380462,
                                55.24096954174114
                            ],
                            [
                                -66.75814184969111,
                                55.25931467831474
                            ],
                            [
                                -66.78010433548998,
                                55.271872053973794
                            ],
                            [
                                -66.79359188100331,
                                55.280502014380346
                            ],
                            [
                                -66.81175615652688,
                                55.293007726569236
                            ],
                            [
                                -66.82834428619167,
                                55.306340237400875
                            ],
                            [
                                -66.83715511766952,
                                55.31724396311677
                            ],
                            [
                                -66.83824032326059,
                                55.32920706018129
                            ],
                            [
                                -66.83203915203221,
                                55.33465892650755
                            ],
                            [
                                -66.82020524611706,
                                55.336932682356576
                            ],
                            [
                                -66.8043664316421,
                                55.33920646698866
                            ],
                            [
                                -66.770414999983,
                                55.33879302773428
                            ],
                            [
                                -66.73139929655741,
                                55.32742421938515
                            ],
                            [
                                -66.69956661264932,
                                55.30711537648807
                            ],
                            [
                                -66.68675086630783,
                                55.27967520754165
                            ],
                            [
                                -66.67675147439935,
                                55.25781607325907
                            ],
                            [
                                -66.65106828127146,
                                55.25437957838795
                            ],
                            [
                                -66.61848629711224,
                                55.257454338064726
                            ],
                            [
                                -66.58799719748271,
                                55.25543894964072
                            ],
                            [
                                -66.55890337139665,
                                55.24037527854209
                            ],
                            [
                                -66.53570065514108,
                                55.21905875271412
                            ],
                            [
                                -66.5149784044123,
                                55.19495169576515
                            ],
                            [
                                -66.49330013559788,
                                55.171464745546594
                            ],
                            [
                                -66.47883073589075,
                                55.160457668422865
                            ],
                            [
                                -66.46547237564715,
                                55.15461822678715
                            ],
                            [
                                -66.45126135842202,
                                55.15043243825051
                            ],
                            [
                                -66.43400143159629,
                                55.14407624167433
                            ],
                            [
                                -66.42196081995084,
                                55.13730662312431
                            ],
                            [
                                -66.41082455020378,
                                55.12872833792901
                            ],
                            [
                                -66.3999983402648,
                                55.119633290678834
                            ],
                            [
                                -66.38883622896739,
                                55.111210027886955
                            ],
                            [
                                -66.34302507154771,
                                55.073641263170195
                            ],
                            [
                                -66.30057288363305,
                                55.033178617283
                            ],
                            [
                                -66.2543224539337,
                                54.998116116906616
                            ],
                            [
                                -66.19719425644912,
                                54.97679976649619
                            ],
                            [
                                -66.17654936474973,
                                54.97380224943732
                            ],
                            [
                                -66.15502618063344,
                                54.970598401241176
                            ],
                            [
                                -66.13412311977308,
                                54.96548253629435
                            ],
                            [
                                -66.11526113431871,
                                54.95659402880395
                            ],
                            [
                                -66.0978462027229,
                                54.944346763858164
                            ],
                            [
                                -66.07888107588946,
                                54.930859438800375
                            ],
                            [
                                -66.05932143246706,
                                54.9188186233247
                            ],
                            [
                                -66.0399169069592,
                                54.911015436635125
                            ],
                            [
                                -66.02875476398707,
                                54.91140294957573
                            ],
                            [
                                -66.01730850828703,
                                54.915821417822016
                            ],
                            [
                                -66.00586222660878,
                                54.921505913322974
                            ],
                            [
                                -65.9947000070766,
                                54.92543312154415
                            ],
                            [
                                -65.97110979752863,
                                54.927758711863376
                            ],
                            [
                                -65.9496899135924,
                                54.926053382056025
                            ],
                            [
                                -65.92850259977133,
                                54.922074340756986
                            ],
                            [
                                -65.90560983317464,
                                54.91762997180424
                            ],
                            [
                                -65.89289754744927,
                                54.91626075905773
                            ],
                            [
                                -65.87357045336616,
                                54.91334084443357
                            ],
                            [
                                -65.8559746648564,
                                54.90750147225421
                            ],
                            [
                                -65.84866244991265,
                                54.89701115908814
                            ],
                            [
                                -65.84948922647784,
                                54.881921555449615
                            ],
                            [
                                -65.84928254649259,
                                54.868950818654845
                            ],
                            [
                                -65.84669877657929,
                                54.856212670556395
                            ],
                            [
                                -65.8401875893097,
                                54.841872541394544
                            ],
                            [
                                -65.81905188750507,
                                54.81634430828009
                            ],
                            [
                                -65.79153424563674,
                                54.79639731065807
                            ],
                            [
                                -65.76189781845433,
                                54.77851727853732
                            ],
                            [
                                -65.73425088887609,
                                54.759345250899024
                            ],
                            [
                                -65.71267592810489,
                                54.738157823472875
                            ],
                            [
                                -65.69799985255614,
                                54.72280997933323
                            ],
                            [
                                -65.68060566684345,
                                54.71482389841913
                            ],
                            [
                                -65.67843958903018,
                                54.71455302297705
                            ],
                            [
                                -65.66204373281127,
                                54.72001824165879
                            ],
                            [
                                -65.65111321146964,
                                54.73094884397566
                            ],
                            [
                                -65.6256085562524,
                                54.749166357175184
                            ],
                            [
                                -65.57459939206042,
                                54.74005769456112
                            ],
                            [
                                -65.55023965420891,
                                54.727877831984536
                            ],
                            [
                                -65.54545125618027,
                                54.725483621166994
                            ],
                            [
                                -65.47986792723876,
                                54.73094884397566
                            ],
                            [
                                -65.44526049757731,
                                54.74552048814247
                            ],
                            [
                                -65.44525457630121,
                                54.780136426769
                            ],
                            [
                                -65.45800675503793,
                                54.79653201390307
                            ],
                            [
                                -65.48168968574019,
                                54.816571485729014
                            ],
                            [
                                -65.47258096512702,
                                54.84207623492415
                            ],
                            [
                                -65.42521524951475,
                                54.83296744533648
                            ],
                            [
                                -65.39971053159414,
                                54.82385846976796
                            ],
                            [
                                -65.37967119116074,
                                54.82385846976796
                            ],
                            [
                                -65.3523449196384,
                                54.825680419577075
                            ],
                            [
                                -65.31773147757494,
                                54.83661090721572
                            ],
                            [
                                -65.29587041158351,
                                54.825680419577075
                            ],
                            [
                                -65.2740092779292,
                                54.83661090721572
                            ],
                            [
                                -65.22117821242483,
                                54.85118483870664
                            ],
                            [
                                -65.19385184067556,
                                54.880332980436165
                            ],
                            [
                                -65.16288205380532,
                                54.929520648296375
                            ],
                            [
                                -65.1027639163136,
                                54.95684681730584
                            ],
                            [
                                -65.05357654263798,
                                54.949559970801104
                            ],
                            [
                                -65.00438908280071,
                                54.938629448996345
                            ],
                            [
                                -64.9406275358215,
                                54.929520648296375
                            ],
                            [
                                -64.87140067661173,
                                54.889441886559304
                            ],
                            [
                                -64.85500481103095,
                                54.87304598935034
                            ],
                            [
                                -64.8477178545281,
                                54.84936327263256
                            ],
                            [
                                -64.81128266663289,
                                54.840254441033196
                            ],
                            [
                                -64.78213453423133,
                                54.83478916728491
                            ],
                            [
                                -64.7584516228024,
                                54.816571485729014
                            ],
                            [
                                -64.765738679613,
                                54.78924515400726
                            ],
                            [
                                -64.77666923964794,
                                54.76738407213
                            ],
                            [
                                -64.77137083333898,
                                54.75042919950817
                            ],
                            [
                                -64.76756045419059,
                                54.73823595219121
                            ],
                            [
                                -64.714729478458,
                                54.729127191022165
                            ],
                            [
                                -64.68922486369935,
                                54.736414227708266
                            ],
                            [
                                -64.67439117425587,
                                54.73591973549824
                            ],
                            [
                                -64.6345721419634,
                                54.73459252111013
                            ],
                            [
                                -64.63102166365084,
                                54.734148530476034
                            ],
                            [
                                -64.57627574061509,
                                54.72730523836711
                            ],
                            [
                                -64.53801889473657,
                                54.74005769456112
                            ],
                            [
                                -64.50340539663792,
                                54.76374038586169
                            ],
                            [
                                -64.45786147700888,
                                54.79471035144042
                            ],
                            [
                                -64.39227821887398,
                                54.78924515400726
                            ],
                            [
                                -64.31394265366885,
                                54.76556237885944
                            ],
                            [
                                -64.24471572285006,
                                54.73277051480754
                            ],
                            [
                                -64.18095418457895,
                                54.710909421475456
                            ],
                            [
                                -64.16287632892237,
                                54.68921600627362
                            ],
                            [
                                -64.144519073643,
                                54.66718732649872
                            ],
                            [
                                -64.11354912110453,
                                54.63075204520438
                            ],
                            [
                                -64.0516093102756,
                                54.607069134203634
                            ],
                            [
                                -63.965986666912414,
                                54.607069134203634
                            ],
                            [
                                -63.89858171210985,
                                54.60160405364668
                            ],
                            [
                                -63.88135296625097,
                                54.61335100058368
                            ],
                            [
                                -63.858503024024515,
                                54.62893042033936
                            ],
                            [
                                -63.802028553314166,
                                54.64168280268963
                            ],
                            [
                                -63.740088664512335,
                                54.62346501759477
                            ],
                            [
                                -63.729158235102766,
                                54.64714810417888
                            ],
                            [
                                -63.75830621645499,
                                54.679939469038786
                            ],
                            [
                                -63.78927614135932,
                                54.710909421475456
                            ],
                            [
                                -63.87125523310298,
                                54.747344525341305
                            ],
                            [
                                -63.896759868054644,
                                54.76374038586169
                            ],
                            [
                                -63.904046889617085,
                                54.781957945749696
                            ],
                            [
                                -63.88400754806685,
                                54.79653201390307
                            ],
                            [
                                -63.83846372890825,
                                54.81292810150196
                            ],
                            [
                                -63.8238895624651,
                                54.82932373762537
                            ],
                            [
                                -63.8366418677719,
                                54.845719558900264
                            ],
                            [
                                -63.845750667176226,
                                54.880332980436165
                            ],
                            [
                                -63.82024612586322,
                                54.91859004812373
                            ],
                            [
                                -63.81478074258833,
                                54.940450945443104
                            ],
                            [
                                -63.77288034046505,
                                54.94227277792036
                            ],
                            [
                                -63.73826699943046,
                                54.933164114333486
                            ],
                            [
                                -63.69090119975635,
                                54.91676813273267
                            ],
                            [
                                -63.65993132383546,
                                54.90219409559377
                            ],
                            [
                                -63.605278572531084,
                                54.90219409559377
                            ],
                            [
                                -63.59434809013606,
                                54.91859004812373
                            ],
                            [
                                -63.597991587783866,
                                54.94409462848869
                            ],
                            [
                                -63.59616985958894,
                                54.96049050816118
                            ],
                            [
                                -63.57613054358429,
                                54.97870814129178
                            ],
                            [
                                -63.577952220300375,
                                55.00239084572643
                            ],
                            [
                                -63.58341749514936,
                                55.02060843015159
                            ],
                            [
                                -63.585239254484605,
                                55.04975656287214
                            ],
                            [
                                -63.60163507760588,
                                55.07161766116682
                            ],
                            [
                                -63.58888276804603,
                                55.12080513396499
                            ],
                            [
                                -63.565199913446385,
                                55.15724030750624
                            ],
                            [
                                -63.54880408599278,
                                55.184566678697834
                            ],
                            [
                                -63.534230023847954,
                                55.193675479825174
                            ],
                            [
                                -63.498059268883004,
                                55.20271815351885
                            ],
                            [
                                -63.49779485261274,
                                55.202784261777296
                            ],
                            [
                                -63.454072656507826,
                                55.204606029416304
                            ],
                            [
                                -63.41945924811853,
                                55.224645371270206
                            ],
                            [
                                -63.41833957333041,
                                55.22800435550412
                            ],
                            [
                                -63.4103504559833,
                                55.251971745956666
                            ],
                            [
                                -63.461359689572184,
                                55.24832822920317
                            ],
                            [
                                -63.49597308954838,
                                55.239219420725384
                            ],
                            [
                                -63.5506258442577,
                                55.226467120372334
                            ],
                            [
                                -63.594348048060795,
                                55.233754161160746
                            ],
                            [
                                -63.64535727994714,
                                55.244684706388206
                            ],
                            [
                                -63.659931344018325,
                                55.270189318867956
                            ],
                            [
                                -63.645357277494185,
                                55.286585143864855
                            ],
                            [
                                -63.59981332484956,
                                55.30115922253173
                            ],
                            [
                                -63.57248694963554,
                                55.30115922253173
                            ],
                            [
                                -63.541517057976854,
                                55.30844625641569
                            ],
                            [
                                -63.53605177792345,
                                55.32302031379505
                            ],
                            [
                                -63.557912883354945,
                                55.32484208184839
                            ],
                            [
                                -63.576130460332806,
                                55.32666382853932
                            ],
                            [
                                -63.57795221794903,
                                55.33941613442703
                            ],
                            [
                                -63.55426936913973,
                                55.34670318594579
                            ],
                            [
                                -63.526942993924685,
                                55.34670318594579
                            ],
                            [
                                -63.49050782727097,
                                55.34670318594579
                            ],
                            [
                                -63.4558944149935,
                                55.34305966305197
                            ],
                            [
                                -63.37573704224269,
                                55.35763372036522
                            ],
                            [
                                -63.34294538400229,
                                55.36127722045925
                            ],
                            [
                                -63.33019308775829,
                                55.38860362002612
                            ],
                            [
                                -63.33748011665505,
                                55.41228646901374
                            ],
                            [
                                -63.3611629749315,
                                55.41228646901374
                            ],
                            [
                                -63.39031110028855,
                                55.40499942051396
                            ],
                            [
                                -63.45589441913031,
                                55.41593000494618
                            ],
                            [
                                -63.51054715933235,
                                55.42321702054454
                            ],
                            [
                                -63.57795221902674,
                                55.42321702054454
                            ],
                            [
                                -63.64171375659184,
                                55.42503877103238
                            ],
                            [
                                -63.738266952330044,
                                55.43961284560856
                            ],
                            [
                                -63.76741508148418,
                                55.461473935372936
                            ],
                            [
                                -63.76923683784849,
                                55.48333503296209
                            ],
                            [
                                -63.74373223354072,
                                55.490622089856856
                            ],
                            [
                                -63.7127623419959,
                                55.49973088164506
                            ],
                            [
                                -63.685435969344795,
                                55.51977022939487
                            ],
                            [
                                -63.67450541769209,
                                55.55620539279944
                            ],
                            [
                                -63.674505405793994,
                                55.596284055278296
                            ],
                            [
                                -63.66904012930618,
                                55.623610425931155
                            ],
                            [
                                -63.6817924524928,
                                55.65093682849877
                            ],
                            [
                                -63.700010038682706,
                                55.654580351544354
                            ],
                            [
                                -63.727336396330564,
                                55.65275856067733
                            ],
                            [
                                -63.74919751461171,
                                55.654580351544354
                            ],
                            [
                                -63.74191046002802,
                                55.67461965560714
                            ],
                            [
                                -63.72733641420549,
                                55.6891937602744
                            ],
                            [
                                -63.71094059660882,
                                55.7146983895556
                            ],
                            [
                                -63.703653533174595,
                                55.731094160419424
                            ],
                            [
                                -63.692722992269395,
                                55.7529552768018
                            ],
                            [
                                -63.69636653020642,
                                55.77663817460978
                            ],
                            [
                                -63.71094056589645,
                                55.7839251503002
                            ],
                            [
                                -63.74373221351748,
                                55.789390420972616
                            ],
                            [
                                -63.76194981760593,
                                55.79303397612454
                            ],
                            [
                                -63.76741509888582,
                                55.80396453681685
                            ],
                            [
                                -63.76741509221219,
                                55.82946914130515
                            ],
                            [
                                -63.78198916314871,
                                55.84768673168608
                            ],
                            [
                                -63.82571137461443,
                                55.869547853168015
                            ],
                            [
                                -63.842107196821104,
                                55.89323070664106
                            ],
                            [
                                -63.840285410702656,
                                55.913269998306475
                            ],
                            [
                                -63.81478081848605,
                                55.92055707613277
                            ],
                            [
                                -63.789276201231104,
                                55.93148762510729
                            ],
                            [
                                -63.76194981183698,
                                55.93330935673344
                            ],
                            [
                                -63.72915816355151,
                                55.93695287718332
                            ],
                            [
                                -63.694544748645065,
                                55.94241814101894
                            ],
                            [
                                -63.69103275153078,
                                55.94116383444342
                            ],
                            [
                                -63.66773616349693,
                                55.95203724331137
                            ],
                            [
                                -63.641510368538306,
                                55.96237251994943
                            ],
                            [
                                -63.625206485931045,
                                55.96976230615416
                            ],
                            [
                                -63.60792071816844,
                                55.97766879887741
                            ],
                            [
                                -63.59068662133683,
                                55.98536857339336
                            ],
                            [
                                -63.57495115250701,
                                55.99172478645129
                            ],
                            [
                                -63.55570165874782,
                                55.99606556339219
                            ],
                            [
                                -63.53619380089989,
                                55.996608158150345
                            ],
                            [
                                -63.51650508419084,
                                55.99606556339219
                            ],
                            [
                                -63.496661327241966,
                                55.99715075460538
                            ],
                            [
                                -63.48469826068994,
                                55.999372891097
                            ],
                            [
                                -63.46663732103872,
                                56.00438545621765
                            ],
                            [
                                -63.45061763377759,
                                56.01218861198241
                            ],
                            [
                                -63.44493324771909,
                                56.022833996199296
                            ],
                            [
                                -63.46126299974821,
                                56.030818003732776
                            ],
                            [
                                -63.49418089332063,
                                56.029551941988544
                            ],
                            [
                                -63.5277705688646,
                                56.024435966379585
                            ],
                            [
                                -63.54611569798497,
                                56.02105115003534
                            ],
                            [
                                -63.56694130246713,
                                56.01854484833519
                            ],
                            [
                                -63.58719846687637,
                                56.01756300147052
                            ],
                            [
                                -63.60745561485888,
                                56.01836396034529
                            ],
                            [
                                -63.628436265861,
                                56.02149042230638
                            ],
                            [
                                -63.64732396826373,
                                56.02740731161028
                            ],
                            [
                                -63.665798300756364,
                                56.035546363530905
                            ],
                            [
                                -63.68424680098926,
                                56.04309114913535
                            ],
                            [
                                -63.70316036940464,
                                56.04727692905524
                            ],
                            [
                                -63.73659501258959,
                                56.046398414753966
                            ],
                            [
                                -63.77106317673357,
                                56.04296190224456
                            ],
                            [
                                -63.80431697647352,
                                56.043246149556126
                            ],
                            [
                                -63.834108445708715,
                                56.05340057917259
                            ],
                            [
                                -63.839198565670586,
                                56.06022185533375
                            ],
                            [
                                -63.84010290881184,
                                56.06722401947953
                            ],
                            [
                                -63.843926961314054,
                                56.07233998043914
                            ],
                            [
                                -63.85800877866842,
                                56.07363187332093
                            ],
                            [
                                -63.87092788344157,
                                56.0745103659971
                            ],
                            [
                                -63.877904216648076,
                                56.07859283174344
                            ],
                            [
                                -63.877516651972385,
                                56.08528494365837
                            ],
                            [
                                -63.86829241653881,
                                56.09414746720164
                            ],
                            [
                                -63.856794398124194,
                                56.100296940288416
                            ],
                            [
                                -63.84614905732922,
                                56.10582632485646
                            ],
                            [
                                -63.841394827315234,
                                56.112027501528544
                            ],
                            [
                                -63.84772517212723,
                                56.12034737376893
                            ],
                            [
                                -63.86180699627257,
                                56.1232929228899
                            ],
                            [
                                -63.88139236760485,
                                56.12034737376893
                            ],
                            [
                                -63.90110694890382,
                                56.11461133093601
                            ],
                            [
                                -63.915757208617336,
                                56.10923696444071
                            ],
                            [
                                -63.939011588799396,
                                56.09652453771156
                            ],
                            [
                                -63.97663203292754,
                                56.07768847974821
                            ],
                            [
                                -64.01032506485723,
                                56.06975614365449
                            ],
                            [
                                -64.02174557301191,
                                56.089806629853726
                            ],
                            [
                                -64.02001440576316,
                                56.11414621798242
                            ],
                            [
                                -64.01841244421259,
                                56.13634125794845
                            ],
                            [
                                -64.01094517502963,
                                56.15559068526236
                            ],
                            [
                                -63.99161820704205,
                                56.17117116072826
                            ],
                            [
                                -63.962834445949184,
                                56.17734651627316
                            ],
                            [
                                -63.92232011484566,
                                56.182979231421136
                            ],
                            [
                                -63.88780027121055,
                                56.19421887936618
                            ],
                            [
                                -63.876896511668264,
                                56.21729234860448
                            ],
                            [
                                -63.898703984192885,
                                56.23770457283107
                            ],
                            [
                                -63.941724606662575,
                                56.25300078272803
                            ],
                            [
                                -63.987225716370105,
                                56.261940826419774
                            ],
                            [
                                -64.01662960552308,
                                56.26333608872772
                            ],
                            [
                                -64.03637002439014,
                                56.25915033592847
                            ],
                            [
                                -64.05499936046543,
                                56.255946365041076
                            ],
                            [
                                -64.07300857036013,
                                56.25628221461196
                            ],
                            [
                                -64.09106950399182,
                                56.2628193206176
                            ],
                            [
                                -64.09491942086989,
                                56.26685012123121
                            ],
                            [
                                -64.09871762787618,
                                56.27312879107822
                            ],
                            [
                                -64.10274836456952,
                                56.27979500460217
                            ],
                            [
                                -64.10716671440825,
                                56.285066027061674
                            ],
                            [
                                -64.11458229562803,
                                56.289949474517826
                            ],
                            [
                                -64.12235956337743,
                                56.29377346539353
                            ],
                            [
                                -64.12987850302109,
                                56.29785593822925
                            ],
                            [
                                -64.1365705885223,
                                56.3036953519579
                            ],
                            [
                                -64.11471146891806,
                                56.32178212504436
                            ],
                            [
                                -64.10515129469387,
                                56.3478011455917
                            ],
                            [
                                -64.1081485977608,
                                56.37537064980347
                            ],
                            [
                                -64.12385821347802,
                                56.398392462145075
                            ],
                            [
                                -64.13499448719841,
                                56.40332756740278
                            ],
                            [
                                -64.15031655849977,
                                56.40782343393427
                            ],
                            [
                                -64.16385574715446,
                                56.414489628280165
                            ],
                            [
                                -64.16966937081335,
                                56.42565178167228
                            ],
                            [
                                -64.1623055056419,
                                56.43448849942444
                            ],
                            [
                                -64.14543312387663,
                                56.43614209845185
                            ],
                            [
                                -64.12703625998701,
                                56.43415245877728
                            ],
                            [
                                -64.11504734537927,
                                56.432059594653346
                            ],
                            [
                                -64.06078709332459,
                                56.423894721431964
                            ],
                            [
                                -64.0109710757162,
                                56.41903724990634
                            ],
                            [
                                -63.96146497598617,
                                56.41960555086373
                            ],
                            [
                                -63.907979930027665,
                                56.427770538360676
                            ],
                            [
                                -63.87712911887668,
                                56.4393460926508
                            ],
                            [
                                -63.87464856607451,
                                56.451644932638224
                            ],
                            [
                                -63.8932779600223,
                                56.46301381997339
                            ],
                            [
                                -63.92562743631908,
                                56.47166967515107
                            ],
                            [
                                -63.94704730660966,
                                56.48347771992236
                            ],
                            [
                                -63.94774489694778,
                                56.50262376422816
                            ],
                            [
                                -63.94164711509583,
                                56.5246638301859
                            ],
                            [
                                -63.94257727755095,
                                56.545075997134894
                            ],
                            [
                                -63.95301595665735,
                                56.5577109546005
                            ],
                            [
                                -63.967226912849576,
                                56.56584988061147
                            ],
                            [
                                -63.98296240008716,
                                56.5718960477258
                            ],
                            [
                                -63.99797443547318,
                                56.578097276836004
                            ],
                            [
                                -64.01497594758263,
                                56.58928516259096
                            ],
                            [
                                -64.02215900533494,
                                56.59956883364803
                            ],
                            [
                                -64.02699072325501,
                                56.61140268571892
                            ],
                            [
                                -64.03688676755375,
                                56.62729320174555
                            ],
                            [
                                -64.05732476288259,
                                56.643984629213364
                            ],
                            [
                                -64.08207784397119,
                                56.65612871552703
                            ],
                            [
                                -64.10605571327999,
                                56.669435405692404
                            ],
                            [
                                -64.1241165620595,
                                56.689511585716204
                            ],
                            [
                                -64.12571853819952,
                                56.70927783180647
                            ],
                            [
                                -64.11574498931607,
                                56.731266159132005
                            ],
                            [
                                -64.0998544802051,
                                56.751419956283804
                            ],
                            [
                                -64.08355062782584,
                                56.765631085099535
                            ],
                            [
                                -64.05745399794851,
                                56.77193555384387
                            ],
                            [
                                -64.01978185955157,
                                56.77756825088645
                            ],
                            [
                                -63.992858411548426,
                                56.788626960645125
                            ],
                            [
                                -63.998852923214955,
                                56.81157137770232
                            ],
                            [
                                -64.01084182037403,
                                56.83699611962476
                            ],
                            [
                                -63.99743180781044,
                                56.85477284957558
                            ],
                            [
                                -63.97079263101738,
                                56.86702020912912
                            ],
                            [
                                -63.943249043108324,
                                56.87549505528492
                            ],
                            [
                                -63.92717773722441,
                                56.87596025767528
                            ],
                            [
                                -63.904672637867414,
                                56.873867339428834
                            ],
                            [
                                -63.88351109506178,
                                56.873221304944025
                            ],
                            [
                                -63.87136711006379,
                                56.8781305228339
                            ],
                            [
                                -63.87162556110048,
                                56.89063634307039
                            ],
                            [
                                -63.88320104939697,
                                56.900713189755265
                            ],
                            [
                                -63.898083913686385,
                                56.90913654058197
                            ],
                            [
                                -63.9082382585839,
                                56.916784520654765
                            ],
                            [
                                -63.91539550961195,
                                56.93660254819164
                            ],
                            [
                                -63.9123982537381,
                                56.9573505955852
                            ],
                            [
                                -63.90040933535481,
                                56.975023958955866
                            ],
                            [
                                -63.88074638458054,
                                56.98556583055524
                            ],
                            [
                                -63.86588942557228,
                                56.99176702854871
                            ],
                            [
                                -63.86782728971174,
                                56.998536639672366
                            ],
                            [
                                -63.87718074695916,
                                57.00726999827413
                            ],
                            [
                                -63.884648039493676,
                                57.01951739585006
                            ],
                            [
                                -63.88402784304434,
                                57.02912907225477
                            ],
                            [
                                -63.88066892821083,
                                57.04411533297621
                            ],
                            [
                                -63.8760438736994,
                                57.05920482536579
                            ],
                            [
                                -63.87172885016075,
                                57.06933333245762
                            ],
                            [
                                -63.850283170025705,
                                57.08426789232229
                            ],
                            [
                                -63.821576927520056,
                                57.090572443821195
                            ],
                            [
                                -63.79524773247057,
                                57.100907635893336
                            ],
                            [
                                -63.780881737236605,
                                57.128012018550834
                            ],
                            [
                                -63.78274204082494,
                                57.13961329390966
                            ],
                            [
                                -63.78832317101959,
                                57.14922524278493
                            ],
                            [
                                -63.79253478120529,
                                57.15847529230234
                            ],
                            [
                                -63.790235110126275,
                                57.16891380617164
                            ],
                            [
                                -63.778608000218064,
                                57.183486715513645
                            ],
                            [
                                -63.76517208215939,
                                57.19650909616973
                            ],
                            [
                                -63.75256305430198,
                                57.210203389339014
                            ],
                            [
                                -63.743312948684526,
                                57.22673980381479
                            ],
                            [
                                -63.7502375922978,
                                57.24410308887889
                            ],
                            [
                                -63.77336281124911,
                                57.2630683667397
                            ],
                            [
                                -63.8007254319549,
                                57.27583235660776
                            ],
                            [
                                -63.82049170243589,
                                57.27454050774
                            ],
                            [
                                -63.82529765329408,
                                57.25536862699844
                            ],
                            [
                                -63.83547782636514,
                                57.21893659406285
                            ],
                            [
                                -63.85017979462247,
                                57.191806508170615
                            ],
                            [
                                -63.86842160724873,
                                57.20059155748965
                            ],
                            [
                                -63.875656338951316,
                                57.227360004343225
                            ],
                            [
                                -63.86919677471241,
                                57.24978755848507
                            ],
                            [
                                -63.85632928428644,
                                57.271310688770775
                            ],
                            [
                                -63.84477967369234,
                                57.29536619527931
                            ],
                            [
                                -63.84291931638511,
                                57.30676083739812
                            ],
                            [
                                -63.84206659550897,
                                57.31701850439184
                            ],
                            [
                                -63.837984217633604,
                                57.32533851707207
                            ],
                            [
                                -63.82661535141282,
                                57.33107450995123
                            ],
                            [
                                -63.81224932744053,
                                57.33675896060906
                            ],
                            [
                                -63.799201006834195,
                                57.34435535757225
                            ],
                            [
                                -63.78635940121839,
                                57.35148668384401
                            ],
                            [
                                -63.77276854887783,
                                57.35593094407919
                            ],
                            [
                                -63.74367465295791,
                                57.361356856819384
                            ],
                            [
                                -63.71765562996703,
                                57.37050369196084
                            ],
                            [
                                -63.70791459237728,
                                57.385231421640256
                            ],
                            [
                                -63.72786174370812,
                                57.40727150634877
                            ],
                            [
                                -63.74426898140392,
                                57.42171501659036
                            ],
                            [
                                -63.757498149035904,
                                57.440835298305885
                            ],
                            [
                                -63.76462950432225,
                                57.462642764353625
                            ],
                            [
                                -63.7630017122756,
                                57.48522539307158
                            ],
                            [
                                -63.76062458085908,
                                57.51093439121699
                            ],
                            [
                                -63.76377680955388,
                                57.53832284066652
                            ],
                            [
                                -63.76493949619484,
                                57.564393544362936
                            ],
                            [
                                -63.75659375113986,
                                57.58620099629832
                            ],
                            [
                                -63.73243502174702,
                                57.6031767087593
                            ],
                            [
                                -63.70052491285023,
                                57.61431313449946
                            ],
                            [
                                -63.66721943072674,
                                57.6245967061569
                            ],
                            [
                                -63.639210786888064,
                                57.63911775446447
                            ],
                            [
                                -63.61792006214346,
                                57.656739355899575
                            ],
                            [
                                -63.595414990529584,
                                57.680975628874116
                            ],
                            [
                                -63.58394282117875,
                                57.70805407575996
                            ],
                            [
                                -63.595776691120314,
                                57.73422813086481
                            ],
                            [
                                -63.61058207054877,
                                57.73949927059335
                            ],
                            [
                                -63.630554964863734,
                                57.73802641077413
                            ],
                            [
                                -63.649210227745286,
                                57.731153568612726
                            ],
                            [
                                -63.660165645746986,
                                57.71991396882825
                            ],
                            [
                                -63.66378298562243,
                                57.7083125926151
                            ],
                            [
                                -63.66680608049831,
                                57.696401218219044
                            ],
                            [
                                -63.67024248490314,
                                57.684644690997175
                            ],
                            [
                                -63.675255099841465,
                                57.67368928865356
                            ],
                            [
                                -63.69592562020662,
                                57.658961414143704
                            ],
                            [
                                -63.71675123461715,
                                57.67182886580065
                            ],
                            [
                                -63.73527724264384,
                                57.69596177269617
                            ],
                            [
                                -63.7488422711285,
                                57.71505615314245
                            ],
                            [
                                -63.76951291248542,
                                57.73053336295779
                            ],
                            [
                                -63.779951567460685,
                                57.72350539641941
                            ],
                            [
                                -63.788323192562004,
                                57.70645225005811
                            ],
                            [
                                -63.80294759388608,
                                57.69172441683655
                            ],
                            [
                                -63.817520339800794,
                                57.68852046387049
                            ],
                            [
                                -63.825349365273375,
                                57.69415327326089
                            ],
                            [
                                -63.83033605349433,
                                57.70490181963422
                            ],
                            [
                                -63.83633060028817,
                                57.717149274402836
                            ],
                            [
                                -63.84702749141614,
                                57.72378946942545
                            ],
                            [
                                -63.86232377906164,
                                57.725003976122586
                            ],
                            [
                                -63.87844682770696,
                                57.72552074216306
                            ],
                            [
                                -63.89188263410096,
                                57.73035237583346
                            ],
                            [
                                -63.90185632264119,
                                57.7457263508722
                            ],
                            [
                                -63.90619711726607,
                                57.76502745508244
                            ],
                            [
                                -63.91110633766509,
                                57.7832433260021
                            ],
                            [
                                -63.92283682055208,
                                57.79564555271412
                            ],
                            [
                                -63.93942494236878,
                                57.80096820321259
                            ],
                            [
                                -63.95740833386028,
                                57.804430511663035
                            ],
                            [
                                -63.97559858903611,
                                57.8075055240662
                            ],
                            [
                                -63.992858377713254,
                                57.8120269677723
                            ],
                            [
                                -64.01058340104262,
                                57.813680626784546
                            ],
                            [
                                -64.01585444583797,
                                57.804533981141375
                            ],
                            [
                                -64.01616454020696,
                                57.79058140846515
                            ],
                            [
                                -64.01885160984621,
                                57.778127205170044
                            ],
                            [
                                -64.05388833808557,
                                57.76789545852659
                            ],
                            [
                                -64.09414423636106,
                                57.80595507659669
                            ],
                            [
                                -64.12943930805538,
                                57.859931228905204
                            ],
                            [
                                -64.14995483594853,
                                57.897551642437364
                            ],
                            [
                                -64.16473425250052,
                                57.918015436361785
                            ],
                            [
                                -64.18341536259946,
                                57.93723920594616
                            ],
                            [
                                -64.20139869984345,
                                57.956617764948476
                            ],
                            [
                                -64.21439526712562,
                                57.97754662447568
                            ],
                            [
                                -64.21630737217272,
                                58.00325578059276
                            ],
                            [
                                -64.21338763493077,
                                58.02813795010055
                            ],
                            [
                                -64.221371571532,
                                58.045242726278715
                            ],
                            [
                                -64.25591740173961,
                                58.04787845663219
                            ],
                            [
                                -64.27640693656397,
                                58.04728388328433
                            ],
                            [
                                -64.2926075074777,
                                58.05066870682535
                            ],
                            [
                                -64.30834299205414,
                                58.05640480915281
                            ],
                            [
                                -64.32743756101226,
                                58.06283874324095
                            ],
                            [
                                -64.34679033913446,
                                58.06606844084147
                            ],
                            [
                                -64.36585896280191,
                                58.06596512316879
                            ],
                            [
                                -64.38492752196116,
                                58.06477648902286
                            ],
                            [
                                -64.40425446549382,
                                58.06451803516447
                            ],
                            [
                                -64.42763813176937,
                                58.074801783914786
                            ],
                            [
                                -64.4285683779476,
                                58.097022769820136
                            ],
                            [
                                -64.41898237213206,
                                58.12394614343816
                            ],
                            [
                                -64.41076570244432,
                                58.1482597039104
                            ],
                            [
                                -64.38963001598258,
                                58.187714617598644
                            ],
                            [
                                -64.35082104549262,
                                58.206447376187015
                            ],
                            [
                                -64.30397641246687,
                                58.21301037276221
                            ],
                            [
                                -64.25873368830322,
                                58.216033431885975
                            ],
                            [
                                -64.24199050326271,
                                58.219805773522005
                            ],
                            [
                                -64.22473060198199,
                                58.227479769631714
                            ],
                            [
                                -64.20917607539468,
                                58.23799606255419
                            ],
                            [
                                -64.19744535849382,
                                58.2503464436351
                            ],
                            [
                                -64.19114082357216,
                                58.264195708626694
                            ],
                            [
                                -64.18824707356134,
                                58.279130422515884
                            ],
                            [
                                -64.18574065727647,
                                58.293858017300664
                            ],
                            [
                                -64.1804955602243,
                                58.30713896417492
                            ],
                            [
                                -64.17499203363583,
                                58.31897289099314
                            ],
                            [
                                -64.17189146515524,
                                58.329308205960096
                            ],
                            [
                                -64.16705969521969,
                                58.338764953624164
                            ],
                            [
                                -64.15644022475685,
                                58.34811845074298
                            ],
                            [
                                -64.13261733546531,
                                58.35863451185117
                            ],
                            [
                                -64.1051513638023,
                                58.364654905654305
                            ],
                            [
                                -64.07691015840821,
                                58.36847890100716
                            ],
                            [
                                -64.05081358029227,
                                58.37230299123775
                            ],
                            [
                                -64.03014306097151,
                                58.38338767769073
                            ],
                            [
                                -64.01678456863864,
                                58.4017325809497
                            ],
                            [
                                -64.00254785807479,
                                58.420827273663875
                            ],
                            [
                                -63.97939680939083,
                                58.43397891520491
                            ],
                            [
                                -63.93952836064724,
                                58.43751861049552
                            ],
                            [
                                -63.90102935928476,
                                58.434934686580014
                            ],
                            [
                                -63.86457177605939,
                                58.43829389354287
                            ],
                            [
                                -63.83069779568568,
                                58.45950693561691
                            ],
                            [
                                -63.819871656796764,
                                58.474105653336274
                            ],
                            [
                                -63.81816621785025,
                                58.486042707810945
                            ],
                            [
                                -63.82568522179485,
                                58.49648149157944
                            ],
                            [
                                -63.8426092998532,
                                58.50661014961424
                            ],
                            [
                                -63.85222101819822,
                                58.51492988913076
                            ],
                            [
                                -63.855554244654485,
                                58.52536869349382
                            ],
                            [
                                -63.85723363625747,
                                58.536685674095125
                            ],
                            [
                                -63.86188444181738,
                                58.547537599068924
                            ],
                            [
                                -63.890409937619694,
                                58.56683892584215
                            ],
                            [
                                -63.91937454438707,
                                58.56019844834983
                            ],
                            [
                                -63.94813257487641,
                                58.5433520948235
                            ],
                            [
                                -63.976011975578594,
                                58.53213825035734
                            ],
                            [
                                -64.00655278155803,
                                58.52795251798239
                            ],
                            [
                                -64.03045309638753,
                                58.52676390132146
                            ],
                            [
                                -64.0526738732841,
                                58.5331716257463
                            ],
                            [
                                -64.07799530959639,
                                58.55203349699805
                            ],
                            [
                                -64.09326583819468,
                                58.57141240302962
                            ],
                            [
                                -64.09918279227188,
                                58.59208298023845
                            ],
                            [
                                -64.09654728173503,
                                58.614200471453096
                            ],
                            [
                                -64.0860827733357,
                                58.637816547681474
                            ],
                            [
                                -64.05941766227754,
                                58.669028990143275
                            ],
                            [
                                -64.02856691562761,
                                58.68230997467397
                            ],
                            [
                                -63.993426946188265,
                                58.684790451797355
                            ],
                            [
                                -63.95399772671631,
                                58.68323998625614
                            ],
                            [
                                -63.93536847658978,
                                58.68659913148477
                            ],
                            [
                                -63.91782430089144,
                                58.69445390312529
                            ],
                            [
                                -63.900099265742014,
                                58.7022053360024
                            ],
                            [
                                -63.880772215941285,
                                58.70499575366579
                            ],
                            [
                                -63.86046335725684,
                                58.70298033846322
                            ],
                            [
                                -63.84059387468478,
                                58.70024166725882
                            ],
                            [
                                -63.82062098853314,
                                58.698329732665016
                            ],
                            [
                                -63.80015696877259,
                                58.69843282496862
                            ],
                            [
                                -63.743726341928344,
                                58.70210191591471
                            ],
                            [
                                -63.68698556684156,
                                58.70540911710502
                            ],
                            [
                                -63.63029665649949,
                                58.70954346393956
                            ],
                            [
                                -63.57407271314088,
                                58.71589968918171
                            ],
                            [
                                -63.53358420680594,
                                58.72349609059099
                            ],
                            [
                                -63.497824157995595,
                                58.73719041597013
                            ],
                            [
                                -63.48374229179461,
                                58.758636071030395
                            ],
                            [
                                -63.50836602009273,
                                58.789693449785126
                            ],
                            [
                                -63.52399812657334,
                                58.80147565079656
                            ],
                            [
                                -63.53944941452435,
                                58.8133612911171
                            ],
                            [
                                -63.55523656043498,
                                58.824781773680314
                            ],
                            [
                                -63.571824740955655,
                                58.83527216873854
                            ],
                            [
                                -63.59339967765601,
                                58.84426391250922
                            ],
                            [
                                -63.61512960976649,
                                58.84891477806313
                            ],
                            [
                                -63.63727299182407,
                                58.852532181045866
                            ],
                            [
                                -63.65990719054948,
                                58.85860402710678
                            ],
                            [
                                -63.69251496256844,
                                58.870153614005496
                            ],
                            [
                                -63.72625968586173,
                                58.878525217517726
                            ],
                            [
                                -63.760417841755356,
                                58.87909371681977
                            ],
                            [
                                -63.79411095941762,
                                58.867311633446576
                            ],
                            [
                                -63.80633228942242,
                                58.85785459615615
                            ],
                            [
                                -63.81664181674237,
                                58.847261062654624
                            ],
                            [
                                -63.82770057727205,
                                58.837261679696255
                            ],
                            [
                                -63.84191152391412,
                                58.82979431360101
                            ],
                            [
                                -63.86519184736011,
                                58.82516942585534
                            ],
                            [
                                -63.891055809223595,
                                58.82439412250176
                            ],
                            [
                                -63.91717829906205,
                                58.8257894761163
                            ],
                            [
                                -63.94113030068765,
                                58.82741724224056
                            ],
                            [
                                -63.98218734372612,
                                58.82333500337126
                            ],
                            [
                                -64.0202727452696,
                                58.80940798570069
                            ],
                            [
                                -64.05626535587481,
                                58.78964170983684
                            ],
                            [
                                -64.09127623095222,
                                58.76783441089374
                            ],
                            [
                                -64.12633873473405,
                                58.75248658743575
                            ],
                            [
                                -64.15706035005785,
                                58.75078122523489
                            ],
                            [
                                -64.18806618730645,
                                58.75729241582917
                            ],
                            [
                                -64.2238262707685,
                                58.76646497064999
                            ],
                            [
                                -64.23659033681378,
                                58.76959137306158
                            ],
                            [
                                -64.24984538920243,
                                58.7743456849155
                            ],
                            [
                                -64.26152413766305,
                                58.78178688008843
                            ],
                            [
                                -64.26909478183822,
                                58.79284571516153
                            ],
                            [
                                -64.26984417277858,
                                58.80772866774072
                            ],
                            [
                                -64.26436640653473,
                                58.82142281418951
                            ],
                            [
                                -64.25863027117508,
                                58.83516865759788
                            ],
                            [
                                -64.25855280731662,
                                58.850051555168605
                            ],
                            [
                                -64.2781640489766,
                                58.87516636170807
                            ],
                            [
                                -64.31041002776101,
                                58.884674631617024
                            ],
                            [
                                -64.3464544780584,
                                58.88506243800134
                            ],
                            [
                                -64.37733108561608,
                                58.882814412210045
                            ],
                            [
                                -64.40138644079248,
                                58.88384790077442
                            ],
                            [
                                -64.42458916383691,
                                58.88803369978382
                            ],
                            [
                                -64.44771437289639,
                                58.89283961615232
                            ],
                            [
                                -64.47133050612048,
                                58.895888533464486
                            ],
                            [
                                -64.49554102358292,
                                58.89480351169233
                            ],
                            [
                                -64.51959630740994,
                                58.890979295724186
                            ],
                            [
                                -64.54362577119191,
                                58.887465166685466
                            ],
                            [
                                -64.56799136446865,
                                58.88725872392749
                            ],
                            [
                                -64.6050432899279,
                                58.896405321798305
                            ],
                            [
                                -64.63646250897759,
                                58.91198568012239
                            ],
                            [
                                -64.66702910223879,
                                58.92896136022249
                            ],
                            [
                                -64.70154910361359,
                                58.94231996041605
                            ],
                            [
                                -64.73283912964808,
                                58.94089876925592
                            ],
                            [
                                -64.76208804764752,
                                58.92741131584965
                            ],
                            [
                                -64.79133678773529,
                                58.91366518441893
                            ],
                            [
                                -64.82267862143479,
                                58.91133987224252
                            ],
                            [
                                -64.83521008342471,
                                58.91351016248699
                            ],
                            [
                                -64.85663007016689,
                                58.918161215749926
                            ],
                            [
                                -64.87598292283316,
                                58.925292611205876
                            ],
                            [
                                -64.88215823345506,
                                58.93505942080822
                            ],
                            [
                                -64.87252056457461,
                                58.94136392041519
                            ],
                            [
                                -64.85518311311662,
                                58.94805600267283
                            ],
                            [
                                -64.84030023334056,
                                58.956324120585634
                            ],
                            [
                                -64.83802655233376,
                                58.967150470985814
                            ],
                            [
                                -64.84471858791933,
                                58.97340321417984
                            ],
                            [
                                -64.85417531349042,
                                58.97955260778889
                            ],
                            [
                                -64.86192691094575,
                                58.986115736690714
                            ],
                            [
                                -64.8635288923047,
                                58.99368635366558
                            ],
                            [
                                -64.8578702094421,
                                59.000352424103674
                            ],
                            [
                                -64.84541630886464,
                                59.01422774510002
                            ],
                            [
                                -64.8321353315074,
                                59.02859356926285
                            ],
                            [
                                -64.82412556369769,
                                59.03675857762847
                            ],
                            [
                                -64.792654553377,
                                59.05458684195955
                            ],
                            [
                                -64.75420740469231,
                                59.065077352778104
                            ],
                            [
                                -64.71586346023754,
                                59.06569741787756
                            ],
                            [
                                -64.68465086901296,
                                59.05396682305249
                            ],
                            [
                                -64.67359203631162,
                                59.04445823334082
                            ],
                            [
                                -64.66540133007926,
                                59.036603428204245
                            ],
                            [
                                -64.65563456464788,
                                59.030144009748476
                            ],
                            [
                                -64.63989896492004,
                                59.02497615466285
                            ],
                            [
                                -64.6175231151296,
                                59.02208235123557
                            ],
                            [
                                -64.59682671895706,
                                59.02115220039809
                            ],
                            [
                                -64.57672455626295,
                                59.01794821077729
                            ],
                            [
                                -64.55623497839998,
                                59.008439958770936
                            ],
                            [
                                -64.53949171836193,
                                59.002393655990005
                            ],
                            [
                                -64.52106914522206,
                                59.001825340865345
                            ],
                            [
                                -64.50220722918851,
                                59.00156692764966
                            ],
                            [
                                -64.48424964253705,
                                58.99670929849494
                            ],
                            [
                                -64.46112445950607,
                                58.9874334148942
                            ],
                            [
                                -64.43789597443288,
                                58.98291184597555
                            ],
                            [
                                -64.41399559011136,
                                58.98198161291675
                            ],
                            [
                                -64.38895827573188,
                                58.983221707728156
                            ],
                            [
                                -64.35888255869817,
                                58.98539206128755
                            ],
                            [
                                -64.31831665803429,
                                58.992213517046046
                            ],
                            [
                                -64.2920649033663,
                                59.00725114391474
                            ],
                            [
                                -64.30488067886265,
                                59.034432982889726
                            ],
                            [
                                -64.31878163108733,
                                59.04611184342034
                            ],
                            [
                                -64.33294109724127,
                                59.05691242479595
                            ],
                            [
                                -64.34808226589622,
                                59.06621414076365
                            ],
                            [
                                -64.364928745868,
                                59.07334542552283
                            ],
                            [
                                -64.39066371508208,
                                59.07833237652079
                            ],
                            [
                                -64.41779365465463,
                                59.07988235593079
                            ],
                            [
                                -64.44451053932296,
                                59.08187218275213
                            ],
                            [
                                -64.46910851471534,
                                59.08838340271316
                            ],
                            [
                                -64.48952072233887,
                                59.1057208733671
                            ],
                            [
                                -64.49127758071178,
                                59.125926124055304
                            ],
                            [
                                -64.48921059387139,
                                59.146777683158845
                            ],
                            [
                                -64.49812480574153,
                                59.16574297791817
                            ],
                            [
                                -64.50771075105608,
                                59.17243502144047
                            ],
                            [
                                -64.5183819868353,
                                59.178532928986414
                            ],
                            [
                                -64.52789031966336,
                                59.18566405679533
                            ],
                            [
                                -64.53398816448563,
                                59.19530175484878
                            ],
                            [
                                -64.53287717462675,
                                59.21134737743985
                            ],
                            [
                                -64.52308451689191,
                                59.22429236791019
                            ],
                            [
                                -64.51210322201804,
                                59.23643624017471
                            ],
                            [
                                -64.50745226328918,
                                59.25007868363704
                            ],
                            [
                                -64.51241323583778,
                                59.26069825056755
                            ],
                            [
                                -64.52225772133237,
                                59.26832073225651
                            ],
                            [
                                -64.53246375915711,
                                59.2757878813362
                            ],
                            [
                                -64.53827736113658,
                                59.28563224579312
                            ],
                            [
                                -64.53646874311882,
                                59.29736289229711
                            ],
                            [
                                -64.52874312446028,
                                59.30728478026123
                            ],
                            [
                                -64.51853696678596,
                                59.31560458222244
                            ],
                            [
                                -64.50923512803398,
                                59.32273579505305
                            ],
                            [
                                -64.5053077537854,
                                59.341726941759205
                            ],
                            [
                                -64.52331703325237,
                                59.358496016600796
                            ],
                            [
                                -64.53719218379906,
                                59.37270708232997
                            ],
                            [
                                -64.52109485775706,
                                59.38417905385577
                            ],
                            [
                                -64.5073231736005,
                                59.38738313315906
                            ],
                            [
                                -64.492776300677,
                                59.39229246583311
                            ],
                            [
                                -64.48590326704613,
                                59.39952705518516
                            ],
                            [
                                -64.49510175156551,
                                59.41006917837844
                            ],
                            [
                                -64.5063671207414,
                                59.42107610319605
                            ],
                            [
                                -64.5034215813444,
                                59.42952522927344
                            ],
                            [
                                -64.49182022887935,
                                59.43642404339009
                            ],
                            [
                                -64.47716988217647,
                                59.442573409398115
                            ],
                            [
                                -64.45587929693235,
                                59.451203547671376
                            ],
                            [
                                -64.43427862905101,
                                59.45908433713855
                            ],
                            [
                                -64.41252271088283,
                                59.466603025402804
                            ],
                            [
                                -64.3907670331317,
                                59.474096274109954
                            ],
                            [
                                -64.37247354230702,
                                59.47921218472986
                            ],
                            [
                                -64.35573027951295,
                                59.48422463651522
                            ],
                            [
                                -64.34614431040757,
                                59.49192443983625
                            ],
                            [
                                -64.34937419632162,
                                59.50510211131915
                            ],
                            [
                                -64.37619420821468,
                                59.52349882529103
                            ],
                            [
                                -64.41409886569369,
                                59.529079872047134
                            ],
                            [
                                -64.45345048538806,
                                59.52587596014891
                            ],
                            [
                                -64.48450795120586,
                                59.517865997629265
                            ],
                            [
                                -64.51577217708675,
                                59.50468848249053
                            ],
                            [
                                -64.54724327539554,
                                59.49042603436703
                            ],
                            [
                                -64.57920503384129,
                                59.477300031303805
                            ],
                            [
                                -64.61194209818471,
                                59.46773996602174
                            ],
                            [
                                -64.64178529687099,
                                59.45921345356346
                            ],
                            [
                                -64.6719642405952,
                                59.45032495254842
                            ],
                            [
                                -64.70201409607573,
                                59.447276059168935
                            ],
                            [
                                -64.73131475566008,
                                59.45631963858871
                            ],
                            [
                                -64.7446730494613,
                                59.46515620115016
                            ],
                            [
                                -64.75586087184705,
                                59.47463861950054
                            ],
                            [
                                -64.76567958601316,
                                59.485155090970295
                            ],
                            [
                                -64.7749296033741,
                                59.49729894742973
                            ],
                            [
                                -64.77495536317616,
                                59.50094200689454
                            ],
                            [
                                -64.77229415229047,
                                59.5048954602481
                            ],
                            [
                                -64.77017534709402,
                                59.509287839388485
                            ],
                            [
                                -64.77188060836794,
                                59.5142486759877
                            ],
                            [
                                -64.77857285169766,
                                59.51820216260874
                            ],
                            [
                                -64.78653092806339,
                                59.51910634560227
                            ],
                            [
                                -64.79472164795908,
                                59.51905467785176
                            ],
                            [
                                -64.80216314906593,
                                59.52008836335039
                            ],
                            [
                                -64.82655427763528,
                                59.533601507116394
                            ],
                            [
                                -64.82791025483652,
                                59.5373779287328
                            ],
                            [
                                -64.8543485647769,
                                59.545211363792184
                            ],
                            [
                                -64.89341215946135,
                                59.5647433103876
                            ],
                            [
                                -64.90317789458946,
                                59.60380655811065
                            ],
                            [
                                -64.9017827894083,
                                59.64147493050169
                            ],
                            [
                                -64.88504130453703,
                                59.663796910826186
                            ],
                            [
                                -64.86550962909503,
                                59.6707726205764
                            ],
                            [
                                -64.82505106393639,
                                59.68053852356794
                            ],
                            [
                                -64.77445568156966,
                                59.699216435528164
                            ],
                            [
                                -64.77655739089727,
                                59.70428886230141
                            ],
                            [
                                -64.7813373536206,
                                59.709947257416715
                            ],
                            [
                                -64.78572992654905,
                                59.7181380953507
                            ],
                            [
                                -64.78862382460787,
                                59.72640635455672
                            ],
                            [
                                -64.79187946736143,
                                59.735320584472476
                            ],
                            [
                                -64.7953676300199,
                                59.74451899566388
                            ],
                            [
                                -64.79880402857887,
                                59.75366558626186
                            ],
                            [
                                -64.80200811276944,
                                59.75940190713812
                            ],
                            [
                                -64.80642626324811,
                                59.76570612893303
                            ],
                            [
                                -64.81030207819863,
                                59.77190743799705
                            ],
                            [
                                -64.81137288423722,
                                59.77555870581754
                            ],
                            [
                                -64.81187824045277,
                                59.77728183757242
                            ],
                            [
                                -64.8102762224845,
                                59.781260843664306
                            ],
                            [
                                -64.80683974958204,
                                59.78601509074452
                            ],
                            [
                                -64.8034808260752,
                                59.78994257352337
                            ],
                            [
                                -64.80187881806168,
                                59.79144112577106
                            ],
                            [
                                -64.8018012824965,
                                59.79877914581075
                            ],
                            [
                                -64.80146539410704,
                                59.80539374247301
                            ],
                            [
                                -64.80435923327036,
                                59.81180155403951
                            ],
                            [
                                -64.81410027473856,
                                59.818984631685765
                            ],
                            [
                                -64.79859731598502,
                                59.82844137345866
                            ],
                            [
                                -64.7815959097186,
                                59.83301496561792
                            ],
                            [
                                -64.76425834219368,
                                59.83665795088357
                            ],
                            [
                                -64.7477220246284,
                                59.84316941061651
                            ],
                            [
                                -64.74423372718282,
                                59.85148909144487
                            ],
                            [
                                -64.7553441787974,
                                59.85970567498403
                            ],
                            [
                                -64.76759147492498,
                                59.8688523720304
                            ],
                            [
                                -64.76769489139221,
                                59.88006626227174
                            ],
                            [
                                -64.73702496251727,
                                59.89184854376897
                            ],
                            [
                                -64.70139407772592,
                                59.8840195903294
                            ],
                            [
                                -64.67069814952009,
                                59.883373425690955
                            ],
                            [
                                -64.65439437746723,
                                59.91667911955371
                            ],
                            [
                                -64.66351521281423,
                                59.940372673797995
                            ],
                            [
                                -64.69007682038529,
                                59.94905418650051
                            ],
                            [
                                -64.72296897946285,
                                59.95132812800313
                            ],
                            [
                                -64.7510551535742,
                                59.955617326777706
                            ],
                            [
                                -64.76433597468144,
                                59.961870137768834
                            ],
                            [
                                -64.77689318347072,
                                59.96817439474535
                            ],
                            [
                                -64.790199895138,
                                59.971740118187064
                            ],
                            [
                                -64.80572868847197,
                                59.96998315999205
                            ],
                            [
                                -64.8230661440379,
                                59.96497056803843
                            ],
                            [
                                -64.83536509538824,
                                59.96393697447252
                            ],
                            [
                                -64.84533880411824,
                                59.9682780520557
                            ],
                            [
                                -64.8557515398059,
                                59.97923334779913
                            ],
                            [
                                -64.86161674851643,
                                59.98938765855624
                            ],
                            [
                                -64.86600928388381,
                                60.00078237577737
                            ],
                            [
                                -64.87071183853934,
                                60.0122287043353
                            ],
                            [
                                -64.8774556135717,
                                60.02258982964544
                            ],
                            [
                                -64.88846269391888,
                                60.03155569082478
                            ],
                            [
                                -64.89967648102532,
                                60.039539701101646
                            ],
                            [
                                -64.90422400671703,
                                60.047756255011834
                            ],
                            [
                                -64.89523230676724,
                                60.05731639274243
                            ],
                            [
                                -64.87735225987893,
                                60.0597451827086
                            ],
                            [
                                -64.85642330641024,
                                60.05331146979478
                            ],
                            [
                                -64.83539099934647,
                                60.04439728776888
                            ],
                            [
                                -64.81717505694914,
                                60.03928131946239
                            ],
                            [
                                -64.79939836311821,
                                60.039927273157176
                            ],
                            [
                                -64.78154415749998,
                                60.043570464590736
                            ],
                            [
                                -64.76389665409896,
                                60.04868642799653
                            ],
                            [
                                -64.74676591644125,
                                60.05385407062254
                            ],
                            [
                                -64.7323740310065,
                                60.056101997917004
                            ],
                            [
                                -64.71643185060645,
                                60.05855662597537
                            ],
                            [
                                -64.70514055161243,
                                60.064215199047744
                            ],
                            [
                                -64.70467546327805,
                                60.07617829241259
                            ],
                            [
                                -64.71467485295908,
                                60.08160431718528
                            ],
                            [
                                -64.73239986685589,
                                60.09160370275949
                            ],
                            [
                                -64.74102982972072,
                                60.10142222300055
                            ],
                            [
                                -64.7238732593641,
                                60.10589224206319
                            ],
                            [
                                -64.69725989672648,
                                60.10604727231278
                            ],
                            [
                                -64.67064653509166,
                                60.10620230273163
                            ],
                            [
                                -64.64398149097927,
                                60.106357323059015
                            ],
                            [
                                -64.6173681306916,
                                60.10646068029879
                            ],
                            [
                                -64.6027953755347,
                                60.10963878028881
                            ],
                            [
                                -64.59917802429831,
                                60.11782949215747
                            ],
                            [
                                -64.60256283013743,
                                60.12924998359608
                            ],
                            [
                                -64.60884151651524,
                                60.14203989968378
                            ],
                            [
                                -64.63599748221127,
                                60.17426015666976
                            ],
                            [
                                -64.6696130064807,
                                60.18340689337458
                            ],
                            [
                                -64.70787940608173,
                                60.179815383201436
                            ],
                            [
                                -64.74888464547908,
                                60.1736141970681
                            ],
                            [
                                -64.77330176642994,
                                60.18020295096433
                            ],
                            [
                                -64.80955278055204,
                                60.19772125685736
                            ],
                            [
                                -64.84278072975422,
                                60.21885692297877
                            ],
                            [
                                -64.85802527918543,
                                60.23632355995203
                            ],
                            [
                                -64.8446669206764,
                                60.264125478929415
                            ],
                            [
                                -64.80831254755383,
                                60.28076528687109
                            ],
                            [
                                -64.76420671229836,
                                60.28960195672191
                            ],
                            [
                                -64.72767147217633,
                                60.293787742554585
                            ],
                            [
                                -64.70291846394187,
                                60.29461457031057
                            ],
                            [
                                -64.67798458211878,
                                60.29352936116262
                            ],
                            [
                                -64.65317989964693,
                                60.292625030030884
                            ],
                            [
                                -64.6389634448655,
                                60.293490770440364
                            ],
                            [
                                -64.62899532638367,
                                60.29409780496171
                            ],
                            [
                                -64.60465573202343,
                                60.29792186832839
                            ],
                            [
                                -64.58145301586899,
                                60.301384191036526
                            ],
                            [
                                -64.55804358155706,
                                60.303347879774066
                            ],
                            [
                                -64.53329057876354,
                                60.3025727459385
                            ],
                            [
                                -64.53140646809031,
                                60.3039012793274
                            ],
                            [
                                -64.46422279137778,
                                60.29108308376247
                            ],
                            [
                                -64.44640051929997,
                                60.28241608185903
                            ],
                            [
                                -64.43276933783194,
                                60.26972077461884
                            ],
                            [
                                -64.41661535922837,
                                60.25971099721431
                            ],
                            [
                                -64.3806046216383,
                                60.24518463804261
                            ],
                            [
                                -64.39883379221465,
                                60.24017976188212
                            ],
                            [
                                -64.42577064235422,
                                60.242621169738776
                            ],
                            [
                                -64.45343991322477,
                                60.25055573952232
                            ],
                            [
                                -64.49510656949977,
                                60.27256906903902
                            ],
                            [
                                -64.58674068695876,
                                60.292954816680684
                            ],
                            [
                                -64.636545370717,
                                60.29303618979073
                            ],
                            [
                                -64.68106035584725,
                                60.278306389873805
                            ],
                            [
                                -64.75865638080334,
                                60.23834870292856
                            ],
                            [
                                -64.72931881679561,
                                60.234808665542246
                            ],
                            [
                                -64.65176347779914,
                                60.26414622892482
                            ],
                            [
                                -64.61709550785999,
                                60.27252838839869
                            ],
                            [
                                -64.55736243012075,
                                60.26984283468569
                            ],
                            [
                                -64.53892981141186,
                                60.26569244090051
                            ],
                            [
                                -64.48534095422028,
                                60.24017976188212
                            ],
                            [
                                -64.46324622479513,
                                60.23834870292856
                            ],
                            [
                                -64.48302160838719,
                                60.2196719328429
                            ],
                            [
                                -64.5429581319978,
                                60.19358957684192
                            ],
                            [
                                -64.56627356090901,
                                60.17633697106593
                            ],
                            [
                                -64.51528885991382,
                                60.17633697106593
                            ],
                            [
                                -64.5041397842142,
                                60.17853425714474
                            ],
                            [
                                -64.48631751811583,
                                60.188299881984655
                            ],
                            [
                                -64.45970618192396,
                                60.198187563610325
                            ],
                            [
                                -64.43797766392038,
                                60.212998758338706
                            ],
                            [
                                -64.41616777724285,
                                60.223374748928904
                            ],
                            [
                                -64.39492753555727,
                                60.217230532009204
                            ],
                            [
                                -64.40510005848178,
                                60.213853247985114
                            ],
                            [
                                -64.41490638515596,
                                60.20856355405668
                            ],
                            [
                                -64.42320715985308,
                                60.20246002612655
                            ],
                            [
                                -64.42906653402532,
                                60.1967634107741
                            ],
                            [
                                -64.40998287186517,
                                60.19725168660895
                            ],
                            [
                                -64.39981035029054,
                                60.189683333840414
                            ],
                            [
                                -64.3921606132056,
                                60.17902253160699
                            ],
                            [
                                -64.38060461964203,
                                60.170111392778686
                            ],
                            [
                                -64.39924068909338,
                                60.15119049715288
                            ],
                            [
                                -64.49791419225882,
                                60.11481354442333
                            ],
                            [
                                -64.4979141936832,
                                60.107367257752635
                            ],
                            [
                                -64.48668372089244,
                                60.105047915553
                            ],
                            [
                                -64.47695878751385,
                                60.10167063920484
                            ],
                            [
                                -64.46898352644412,
                                60.09625885345421
                            ],
                            [
                                -64.46324622083219,
                                60.08751048045172
                            ],
                            [
                                -64.49111894389566,
                                60.08100006682942
                            ],
                            [
                                -64.57306881513175,
                                60.08075592884978
                            ],
                            [
                                -64.63243567752201,
                                60.07151927548582
                            ],
                            [
                                -64.66295325306558,
                                60.06163157647446
                            ],
                            [
                                -64.67609615712556,
                                60.049668685572314
                            ],
                            [
                                -64.6891983705775,
                                60.04340241031036
                            ],
                            [
                                -64.81248938685158,
                                60.0082461607581
                            ],
                            [
                                -64.82315019399357,
                                60.00120677298966
                            ],
                            [
                                -64.82827716102989,
                                59.99115633825466
                            ],
                            [
                                -64.82233634978505,
                                59.98545963412334
                            ],
                            [
                                -64.81090252543875,
                                59.9834659725768
                            ],
                            [
                                -64.80646715149663,
                                59.984482975977755
                            ],
                            [
                                -64.5867406875203,
                                60.0602481115812
                            ],
                            [
                                -64.55557206952597,
                                60.05536530286048
                            ],
                            [
                                -64.50210527161391,
                                60.05695221373112
                            ],
                            [
                                -64.45152747168036,
                                60.0661481768386
                            ],
                            [
                                -64.4290665351424,
                                60.084173893595526
                            ],
                            [
                                -64.41950436103679,
                                60.10224030206035
                            ],
                            [
                                -64.39834550969073,
                                60.120835683405666
                            ],
                            [
                                -64.37718665255305,
                                60.12974681126835
                            ],
                            [
                                -64.3675430987472,
                                60.1182315132242
                            ],
                            [
                                -64.36949622015544,
                                60.097031963338175
                            ],
                            [
                                -64.3754776666063,
                                60.081162825715445
                            ],
                            [
                                -64.38630123672293,
                                60.076239326185224
                            ],
                            [
                                -64.40241451483425,
                                60.08751048045172
                            ],
                            [
                                -64.41372636497091,
                                60.07111237031375
                            ],
                            [
                                -64.3737686844102,
                                60.0401065126733
                            ],
                            [
                                -64.38805091153263,
                                60.02545807587427
                            ],
                            [
                                -64.39321855368738,
                                60.01447174648704
                            ],
                            [
                                -64.42096920489587,
                                60.008286850829265
                            ],
                            [
                                -64.539540168339,
                                60.0109317085554
                            ],
                            [
                                -64.48814856694733,
                                60.003607488913815
                            ],
                            [
                                -64.41661537469618,
                                59.98509350956183
                            ],
                            [
                                -64.40050217253147,
                                59.976060437708114
                            ],
                            [
                                -64.39492759693857,
                                59.9566105158645
                            ],
                            [
                                -64.4019262107842,
                                59.941473658548745
                            ],
                            [
                                -64.41759200056745,
                                59.93260337957396
                            ],
                            [
                                -64.43748936136737,
                                59.92914455587502
                            ],
                            [
                                -64.45030677274652,
                                59.92959219451286
                            ],
                            [
                                -64.50194243597234,
                                59.912095320131215
                            ],
                            [
                                -64.51842207959957,
                                59.9025333941613
                            ],
                            [
                                -64.49766995973617,
                                59.89695857604547
                            ],
                            [
                                -64.47638922098066,
                                59.90049891945731
                            ],
                            [
                                -64.43618725690712,
                                59.91929751558789
                            ],
                            [
                                -64.42357346276093,
                                59.92328537385458
                            ],
                            [
                                -64.40941314322511,
                                59.924180287979155
                            ],
                            [
                                -64.38125565439533,
                                59.92304106884474
                            ],
                            [
                                -64.36896728685657,
                                59.92743567134736
                            ],
                            [
                                -64.36139898838556,
                                59.936997947560975
                            ],
                            [
                                -64.35944570319295,
                                59.94660054805288
                            ],
                            [
                                -64.36388100956725,
                                59.95099521782268
                            ],
                            [
                                -64.3635148731476,
                                59.9579940384447
                            ],
                            [
                                -64.34723869480109,
                                59.973578124266496
                            ],
                            [
                                -64.32461505975905,
                                59.989447368773114
                            ],
                            [
                                -64.3055313248097,
                                59.99750388389852
                            ],
                            [
                                -64.24543208509962,
                                59.99498117070551
                            ],
                            [
                                -64.22423249687823,
                                59.99750388389852
                            ],
                            [
                                -64.22423255092176,
                                60.004950261871365
                            ],
                            [
                                -64.262521938911,
                                60.0031192078537
                            ],
                            [
                                -64.30260169185716,
                                60.00995514476537
                            ],
                            [
                                -64.32896887912462,
                                60.02814362220488
                            ],
                            [
                                -64.32603919052626,
                                60.0602481115812
                            ],
                            [
                                -64.30288652209012,
                                60.05182526050595
                            ],
                            [
                                -64.27733313754848,
                                60.04779694290141
                            ],
                            [
                                -64.22052975228945,
                                60.04657623947618
                            ],
                            [
                                -64.21719316266277,
                                60.044745183445514
                            ],
                            [
                                -64.21519934753348,
                                60.03558991023267
                            ],
                            [
                                -64.21056067556941,
                                60.032294011291675
                            ],
                            [
                                -64.18472245930543,
                                60.03082916785688
                            ],
                            [
                                -64.18260657456956,
                                60.032294011291675
                            ],
                            [
                                -64.17088782559259,
                                60.02240631797606
                            ],
                            [
                                -64.15721591125997,
                                59.99961979515824
                            ],
                            [
                                -64.1478572193718,
                                59.991319067073555
                            ],
                            [
                                -64.147857126518,
                                59.984482975977755
                            ],
                            [
                                -64.18122312193135,
                                59.97540926501771
                            ],
                            [
                                -64.27440352247605,
                                59.963731306317165
                            ],
                            [
                                -64.29873622970848,
                                59.94354905587006
                            ],
                            [
                                -64.22931873563304,
                                59.94163633082959
                            ],
                            [
                                -64.20335844524054,
                                59.933579683509485
                            ],
                            [
                                -64.18260653066646,
                                59.91559472082972
                            ],
                            [
                                -64.19440672854974,
                                59.90143467587331
                            ],
                            [
                                -64.21251372091443,
                                59.88983782580658
                            ],
                            [
                                -64.23448655499821,
                                59.88279873173185
                            ],
                            [
                                -64.25772043235912,
                                59.88206602485877
                            ],
                            [
                                -64.25772049368902,
                                59.87461983703621
                            ],
                            [
                                -64.21857671347883,
                                59.874457240783265
                            ],
                            [
                                -64.19904539499504,
                                59.87653232371896
                            ],
                            [
                                -64.18260650044635,
                                59.88206602485877
                            ],
                            [
                                -64.16982987317994,
                                59.892645560432605
                            ],
                            [
                                -64.16193597499137,
                                59.903550478397015
                            ],
                            [
                                -64.15318755338342,
                                59.912095320131215
                            ],
                            [
                                -64.13792879569732,
                                59.91559472082972
                            ],
                            [
                                -64.1263729336858,
                                59.907456909614304
                            ],
                            [
                                -64.1359757708543,
                                59.889227698307614
                            ],
                            [
                                -64.16218007996814,
                                59.86102926145939
                            ],
                            [
                                -64.17027746003014,
                                59.845648483555706
                            ],
                            [
                                -64.1743057084072,
                                59.830674406095106
                            ],
                            [
                                -64.17585195365562,
                                59.79612854315686
                            ],
                            [
                                -64.1925350554488,
                                59.77850999100292
                            ],
                            [
                                -64.25938879312332,
                                59.7883975149779
                            ],
                            [
                                -64.26455640565116,
                                59.76475651457001
                            ],
                            [
                                -64.24640858152753,
                                59.74262103441245
                            ],
                            [
                                -64.21226957798048,
                                59.71613176541848
                            ],
                            [
                                -64.17503825732129,
                                59.69354896521296
                            ],
                            [
                                -64.14785729549838,
                                59.68284751337795
                            ],
                            [
                                -64.03799401337938,
                                59.68284751337795
                            ],
                            [
                                -63.96231038964308,
                                59.69456621232232
                            ],
                            [
                                -63.943023256263245,
                                59.68968336041664
                            ],
                            [
                                -63.95580003018355,
                                59.674384016190025
                            ],
                            [
                                -63.9697973485046,
                                59.66233961582054
                            ],
                            [
                                -63.944488027431724,
                                59.66278708108008
                            ],
                            [
                                -63.93276937392546,
                                59.66087480687237
                            ],
                            [
                                -63.921986517648094,
                                59.6555037491043
                            ],
                            [
                                -63.95596268760866,
                                59.64581939234872
                            ],
                            [
                                -63.994740267708195,
                                59.64765029762938
                            ],
                            [
                                -64.03160554636811,
                                59.64496482505318
                            ],
                            [
                                -64.0597225509719,
                                59.621405492448346
                            ],
                            [
                                -64.06651765241236,
                                59.5917421640714
                            ],
                            [
                                -64.0728247529278,
                                59.57444909151254
                            ],
                            [
                                -64.09190835380609,
                                59.56098057233473
                            ],
                            [
                                -64.10472576472029,
                                59.54734943385635
                            ],
                            [
                                -64.11603756539621,
                                59.53131745232732
                            ],
                            [
                                -64.12059491395321,
                                59.51837809361671
                            ],
                            [
                                -64.06476798442505,
                                59.54559959599882
                            ],
                            [
                                -64.03994712568016,
                                59.562201333517834
                            ],
                            [
                                -64.0379940342142,
                                59.58043055637945
                            ],
                            [
                                -64.03184982920556,
                                59.58043055637945
                            ],
                            [
                                -64.03213465604912,
                                59.61017501701766
                            ],
                            [
                                -64.00731352499297,
                                59.624009372038955
                            ],
                            [
                                -63.97337805335271,
                                59.623724667586515
                            ],
                            [
                                -63.94644120869934,
                                59.611151431830514
                            ],
                            [
                                -63.8895563706244,
                                59.61725482750893
                            ],
                            [
                                -63.864084357694175,
                                59.61131405919769
                            ],
                            [
                                -63.87755283139152,
                                59.58384831951243
                            ],
                            [
                                -63.89077707422509,
                                59.57762266573243
                            ],
                            [
                                -63.92784578368891,
                                59.572821275316876
                            ],
                            [
                                -63.943023324619595,
                                59.56675867063778
                            ],
                            [
                                -63.98338782739546,
                                59.525824290001694
                            ],
                            [
                                -63.98070237493038,
                                59.50641526799528
                            ],
                            [
                                -63.96556552388243,
                                59.51194890130348
                            ],
                            [
                                -63.9356177015507,
                                59.539496260518675
                            ],
                            [
                                -63.92064368112337,
                                59.54938385119292
                            ],
                            [
                                -63.87413493686128,
                                59.57298418697026
                            ],
                            [
                                -63.76691645441362,
                                59.54828519688933
                            ],
                            [
                                -63.736927952518094,
                                59.532050020414324
                            ],
                            [
                                -63.72769111542365,
                                59.519964752361254
                            ],
                            [
                                -63.72813880417358,
                                59.50914134832468
                            ],
                            [
                                -63.7363988050913,
                                59.49799210916876
                            ],
                            [
                                -63.75743562150412,
                                59.47785056154468
                            ],
                            [
                                -63.78083242987514,
                                59.45005921778504
                            ],
                            [
                                -63.781646278443844,
                                59.44383370995643
                            ],
                            [
                                -63.78465727883511,
                                59.44041562744472
                            ],
                            [
                                -63.7854711936732,
                                59.43305090790284
                            ],
                            [
                                -63.787668407375,
                                59.42560453107947
                            ],
                            [
                                -63.79503330574813,
                                59.42218654691339
                            ],
                            [
                                -63.999826657927976,
                                59.418524532778086
                            ],
                            [
                                -64.03473882587517,
                                59.410508681410064
                            ],
                            [
                                -64.06598878046782,
                                59.39545326640853
                            ],
                            [
                                -64.06065824561787,
                                59.387274336416816
                            ],
                            [
                                -64.0528051214904,
                                59.38239163466378
                            ],
                            [
                                -64.04295817008854,
                                59.380438599406695
                            ],
                            [
                                -64.0318497988661,
                                59.381171066261174
                            ],
                            [
                                -64.03799400387186,
                                59.381171066261174
                            ],
                            [
                                -63.999826621608676,
                                59.39032622996839
                            ],
                            [
                                -63.96076407492525,
                                59.39057029270979
                            ],
                            [
                                -63.80589768582901,
                                59.37494554108172
                            ],
                            [
                                -63.79043533711282,
                                59.37897367665338
                            ],
                            [
                                -63.77891995804007,
                                59.38450739770978
                            ],
                            [
                                -63.76707913599182,
                                59.38877985525238
                            ],
                            [
                                -63.750599675793936,
                                59.38861714869686
                            ],
                            [
                                -63.75645905903007,
                                59.37632875053105
                            ],
                            [
                                -63.759348057782454,
                                59.372137672474246
                            ],
                            [
                                -63.764882024371786,
                                59.368150231879724
                            ],
                            [
                                -63.752268062282944,
                                59.36322667927743
                            ],
                            [
                                -63.739125123213384,
                                59.364325252260734
                            ],
                            [
                                -63.7250869659811,
                                59.367254820349835
                            ],
                            [
                                -63.70962486332036,
                                59.368150231879724
                            ],
                            [
                                -63.72638915508372,
                                59.350409294292575
                            ],
                            [
                                -63.74278726909282,
                                59.30817296971247
                            ],
                            [
                                -63.75405846875354,
                                59.28937421026471
                            ],
                            [
                                -63.774810406861775,
                                59.26341389818871
                            ],
                            [
                                -63.778553936796904,
                                59.26170498320634
                            ],
                            [
                                -63.78457590328,
                                59.25787982738996
                            ],
                            [
                                -63.82575439830381,
                                59.25206132786446
                            ],
                            [
                                -63.8257543526361,
                                59.24461496190287
                            ],
                            [
                                -63.77489180463764,
                                59.24803306920484
                            ],
                            [
                                -63.75035568124593,
                                59.25421798144497
                            ],
                            [
                                -63.73013257403802,
                                59.265082027201196
                            ],
                            [
                                -63.718169644701135,
                                59.282171804860035
                            ],
                            [
                                -63.6983535769295,
                                59.325303338253555
                            ],
                            [
                                -63.68578031390133,
                                59.33405167480723
                            ],
                            [
                                -63.67491623292157,
                                59.33934168721603
                            ],
                            [
                                -63.662180208553366,
                                59.36277915115557
                            ],
                            [
                                -63.651682154266375,
                                59.368150231879724
                            ],
                            [
                                -63.64329994959418,
                                59.36591220328535
                            ],
                            [
                                -63.62970936156182,
                                59.35614642141495
                            ],
                            [
                                -63.62401272964864,
                                59.353867745184935
                            ],
                            [
                                -63.55353746813501,
                                59.35358291313827
                            ],
                            [
                                -63.531564923817314,
                                59.34772372671957
                            ],
                            [
                                -63.53319251936139,
                                59.338812579437686
                            ],
                            [
                                -63.530344224942404,
                                59.33519118169825
                            ],
                            [
                                -63.52619383026206,
                                59.33173251648329
                            ],
                            [
                                -63.524077895199135,
                                59.323106129862786
                            ],
                            [
                                -63.525257932981496,
                                59.31651437475314
                            ],
                            [
                                -63.52782140033018,
                                59.31146878712462
                            ],
                            [
                                -63.531564930511315,
                                59.306708113063564
                            ],
                            [
                                -63.533192556199275,
                                59.280585102778254
                            ],
                            [
                                -63.53677317994494,
                                59.27020894868583
                            ],
                            [
                                -63.54515542374794,
                                59.258286886113886
                            ],
                            [
                                -63.552560919095534,
                                59.25352596869385
                            ],
                            [
                                -63.60977119720394,
                                59.22728083838271
                            ],
                            [
                                -63.624867358385416,
                                59.223944473008785
                            ],
                            [
                                -63.64142821430418,
                                59.22418858679396
                            ],
                            [
                                -63.63512130648109,
                                59.21910242221195
                            ],
                            [
                                -63.628977031991255,
                                59.216986420362176
                            ],
                            [
                                -63.61412504607966,
                                59.21666073368262
                            ],
                            [
                                -63.62026925207165,
                                59.21666073368262
                            ],
                            [
                                -63.602040159972475,
                                59.213975314412615
                            ],
                            [
                                -63.5720109303478,
                                59.215196131498296
                            ],
                            [
                                -63.54393466196606,
                                59.21979394757291
                            ],
                            [
                                -63.53156494781656,
                                59.22724036944858
                            ],
                            [
                                -63.47984768998288,
                                59.27098200138197
                            ],
                            [
                                -63.46637931019298,
                                59.27875388694872
                            ],
                            [
                                -63.41783606809583,
                                59.29096100685706
                            ],
                            [
                                -63.39256750102144,
                                59.29246652039015
                            ],
                            [
                                -63.38072664126154,
                                59.27875388694872
                            ],
                            [
                                -63.38829513662576,
                                59.26813400123821
                            ],
                            [
                                -63.407215964068484,
                                59.25629305986254
                            ],
                            [
                                -63.42992107343508,
                                59.24705645905413
                            ],
                            [
                                -63.44904536868547,
                                59.24461496190287
                            ],
                            [
                                -63.437001036042055,
                                59.229559518322674
                            ],
                            [
                                -63.44359281808505,
                                59.218084883925926
                            ],
                            [
                                -63.45636964447812,
                                59.2070174039539
                            ],
                            [
                                -63.46324619608563,
                                59.19310125832241
                            ],
                            [
                                -63.456288177859264,
                                59.19281640995946
                            ],
                            [
                                -63.42186441046342,
                                59.20673252883453
                            ],
                            [
                                -63.408599416619786,
                                59.209906323146356
                            ],
                            [
                                -63.408029727157064,
                                59.2153994388232
                            ],
                            [
                                -63.398793009931055,
                                59.21885799047161
                            ],
                            [
                                -63.38573161752348,
                                59.219590634212665
                            ],
                            [
                                -63.37328032039356,
                                59.21666073368262
                            ],
                            [
                                -63.36571209122771,
                                59.20954018794452
                            ],
                            [
                                -63.36082925405368,
                                59.19822829618433
                            ],
                            [
                                -63.36302657465268,
                                59.18773034371345
                            ],
                            [
                                -63.377023940072526,
                                59.18317300071632
                            ],
                            [
                                -63.39122469746297,
                                59.174872066395544
                            ],
                            [
                                -63.42585198484107,
                                59.13471095031505
                            ],
                            [
                                -63.4422094051507,
                                59.12055079043649
                            ],
                            [
                                -63.46548415226257,
                                59.11436590754104
                            ],
                            [
                                -63.52147374508583,
                                59.10822171826385
                            ],
                            [
                                -63.54181874500661,
                                59.09752013179196
                            ],
                            [
                                -63.56090248391279,
                                59.0822614785402
                            ],
                            [
                                -63.5817765154726,
                                59.07505934507743
                            ],
                            [
                                -63.66161055612163,
                                59.070258007460254
                            ],
                            [
                                -63.71987874485644,
                                59.0560977821071
                            ],
                            [
                                -63.74718173649631,
                                59.052801768207054
                            ],
                            [
                                -63.77574616200172,
                                59.05552795865306
                            ],
                            [
                                -63.82433020495074,
                                59.0686709625319
                            ],
                            [
                                -63.96287994618386,
                                59.08075581588214
                            ],
                            [
                                -63.973540804917484,
                                59.0789655382275
                            ],
                            [
                                -63.98473065255654,
                                59.07383870109196
                            ],
                            [
                                -63.99347899781756,
                                59.066107535958515
                            ],
                            [
                                -63.99705964499908,
                                59.05621970113799
                            ],
                            [
                                -64.0028377471941,
                                59.04893635481903
                            ],
                            [
                                -64.02985600987182,
                                59.037583870972995
                            ],
                            [
                                -64.0379938833872,
                                59.032334600671234
                            ],
                            [
                                -64.03990630799936,
                                59.01793028609724
                            ],
                            [
                                -64.02293867903778,
                                59.01951744337144
                            ],
                            [
                                -63.96939040273306,
                                59.036688499612254
                            ],
                            [
                                -63.955637202521686,
                                59.05540604018757
                            ],
                            [
                                -63.94644121514014,
                                59.05967846168488
                            ],
                            [
                                -63.89464271213599,
                                59.05967846168488
                            ],
                            [
                                -63.89464267341881,
                                59.052801768207054
                            ],
                            [
                                -63.916615444500614,
                                59.02680098418016
                            ],
                            [
                                -63.906727743364755,
                                58.98981367162231
                            ],
                            [
                                -63.88231361889725,
                                58.961981533862904
                            ],
                            [
                                -63.86046296000657,
                                58.963446254271325
                            ],
                            [
                                -63.85928294604661,
                                58.97858297167837
                            ],
                            [
                                -63.867014200866016,
                                58.99595787414407
                            ],
                            [
                                -63.880970902745936,
                                59.018133975769615
                            ],
                            [
                                -63.87075762122831,
                                59.03318920384971
                            ],
                            [
                                -63.853016695440154,
                                59.03717676479961
                            ],
                            [
                                -63.83214277774435,
                                59.03856040880121
                            ],
                            [
                                -63.81212316350584,
                                59.046006556839124
                            ],
                            [
                                -63.78026277341025,
                                59.02741111254233
                            ],
                            [
                                -63.76374264720522,
                                59.02106355282793
                            ],
                            [
                                -63.743804561594,
                                59.018133975769615
                            ],
                            [
                                -63.72313384197925,
                                59.020127541988
                            ],
                            [
                                -63.66185469155559,
                                59.03856040880121
                            ],
                            [
                                -63.617298975907396,
                                59.04096103712495
                            ],
                            [
                                -63.5357967564299,
                                59.03632246474132
                            ],
                            [
                                -63.524077999402905,
                                59.03856040880121
                            ],
                            [
                                -63.51675376331642,
                                59.04319905072665
                            ],
                            [
                                -63.51256257815399,
                                59.049749980484975
                            ],
                            [
                                -63.50747629793223,
                                59.05597553718956
                            ],
                            [
                                -63.49742591610405,
                                59.05967846168488
                            ],
                            [
                                -63.460601414494704,
                                59.07086831354138
                            ],
                            [
                                -63.452463319913676,
                                59.06993231629525
                            ],
                            [
                                -63.43773351916827,
                                59.06321847695989
                            ],
                            [
                                -63.42080646483503,
                                59.06500889148988
                            ],
                            [
                                -63.406971785974676,
                                59.07269924677812
                            ],
                            [
                                -63.401193795307506,
                                59.083848342164096
                            ],
                            [
                                -63.386626815672194,
                                59.10199626090799
                            ],
                            [
                                -63.35277266477739,
                                59.10443769439295
                            ],
                            [
                                -63.28514570801738,
                                59.0938175711467
                            ],
                            [
                                -63.286976621863154,
                                59.08917865834631
                            ],
                            [
                                -63.28954009180399,
                                59.07786679898026
                            ],
                            [
                                -63.2913304895519,
                                59.0733095628551
                            ],
                            [
                                -63.250396307853315,
                                59.07672763989949
                            ],
                            [
                                -63.23078362566425,
                                59.07416407476682
                            ],
                            [
                                -63.21279867353069,
                                59.06305580197822
                            ],
                            [
                                -63.19102939698416,
                                59.05963771238965
                            ],
                            [
                                -63.15835534970601,
                                59.06309655220746
                            ],
                            [
                                -63.13158116574249,
                                59.062323277756555
                            ],
                            [
                                -63.12743078063988,
                                59.046006556839124
                            ],
                            [
                                -63.161976633868406,
                                59.03001526749353
                            ],
                            [
                                -63.33975169704807,
                                59.032334600671234
                            ],
                            [
                                -63.33975172073555,
                                59.02558008309239
                            ],
                            [
                                -63.250558992873884,
                                59.01373922902446
                            ],
                            [
                                -63.22248287309178,
                                59.005072326312735
                            ],
                            [
                                -63.269439206895775,
                                58.979315411278385
                            ],
                            [
                                -63.28897041456318,
                                58.964178619845555
                            ],
                            [
                                -63.30557208242147,
                                58.94297925696902
                            ],
                            [
                                -63.282338009166054,
                                58.9512799964563
                            ],
                            [
                                -63.24103750412671,
                                58.975693975510055
                            ],
                            [
                                -63.21621660159909,
                                58.98395417002592
                            ],
                            [
                                -63.20103926874972,
                                58.985459834432085
                            ],
                            [
                                -63.18317627177156,
                                58.9843611312769
                            ],
                            [
                                -63.169585694116556,
                                58.97789126265926
                            ],
                            [
                                -63.16783600765724,
                                58.963446254271325
                            ],
                            [
                                -63.17662516246973,
                                58.95746496837602
                            ],
                            [
                                -63.194162582124335,
                                58.95355869206421
                            ],
                            [
                                -63.229847775913875,
                                58.950384815721634
                            ],
                            [
                                -63.2298477994054,
                                58.94297925696902
                            ],
                            [
                                -63.21182211452281,
                                58.94306069202105
                            ],
                            [
                                -63.19017493763606,
                                58.94000886223461
                            ],
                            [
                                -63.171294770207716,
                                58.93341713483291
                            ],
                            [
                                -63.161610474252264,
                                58.92247140942059
                            ],
                            [
                                -63.18504801812571,
                                58.914984505698335
                            ],
                            [
                                -63.23668364955847,
                                58.88153705099733
                            ],
                            [
                                -63.25796467856255,
                                58.87413163042749
                            ],
                            [
                                -63.32607993114571,
                                58.86102944824048
                            ],
                            [
                                -63.316232790952476,
                                58.85602433346643
                            ],
                            [
                                -63.31297760242094,
                                58.85639057955611
                            ],
                            [
                                -63.29832914343653,
                                58.85199601081054
                            ],
                            [
                                -63.27525790024714,
                                58.853094722361035
                            ],
                            [
                                -63.229847835071034,
                                58.86102944824048
                            ],
                            [
                                -63.19505765964527,
                                58.859116780666604
                            ],
                            [
                                -63.180775499515015,
                                58.86481350880939
                            ],
                            [
                                -63.16783599363841,
                                58.88153705099733
                            ],
                            [
                                -63.1547745689435,
                                58.87409093157671
                            ],
                            [
                                -63.17906662485684,
                                58.84149826673359
                            ],
                            [
                                -63.17886313676403,
                                58.828436680003534
                            ],
                            [
                                -63.154774525486474,
                                58.82627998487434
                            ],
                            [
                                -63.139393724340344,
                                58.83319740239721
                            ],
                            [
                                -63.124867265138064,
                                58.84678773879075
                            ],
                            [
                                -63.1166885496794,
                                58.862127900143705
                            ],
                            [
                                -63.120676261929525,
                                58.87409093157671
                            ],
                            [
                                -63.09186770950226,
                                58.89496502704216
                            ],
                            [
                                -63.052479594196356,
                                58.90228908390168
                            ],
                            [
                                -63.01451576717082,
                                58.89740633966838
                            ],
                            [
                                -62.98965402784534,
                                58.88153705099733
                            ],
                            [
                                -63.0279434523587,
                                58.87653223091951
                            ],
                            [
                                -63.047434062588806,
                                58.87079501239018
                            ],
                            [
                                -63.05239828993331,
                                58.86102944824048
                            ],
                            [
                                -63.04279530427957,
                                58.859320254785445
                            ],
                            [
                                -62.92690995624507,
                                58.82318756051727
                            ],
                            [
                                -62.91462157191959,
                                58.81260817958851
                            ],
                            [
                                -62.91002355211284,
                                58.796942424274675
                            ],
                            [
                                -62.91331941243733,
                                58.78461325714846
                            ],
                            [
                                -62.91722569354941,
                                58.77423733491726
                            ],
                            [
                                -62.91462149314024,
                                58.76483786140649
                            ],
                            [
                                -62.915516790948644,
                                58.76011800967448
                            ],
                            [
                                -62.917632651678915,
                                58.75840898270315
                            ],
                            [
                                -62.91812097280028,
                                58.75653730636419
                            ],
                            [
                                -62.9146215501333,
                                58.751166084960495
                            ],
                            [
                                -63.033314646729586,
                                58.71918377284137
                            ],
                            [
                                -63.04491118253414,
                                58.710191010693464
                            ],
                            [
                                -63.038685587424226,
                                58.70909236193357
                            ],
                            [
                                -63.02448484087028,
                                58.702744877792
                            ],
                            [
                                -63.020659992952844,
                                58.70164628297182
                            ],
                            [
                                -62.945627418856674,
                                58.702744877792
                            ],
                            [
                                -62.920033322046166,
                                58.70709868276582
                            ],
                            [
                                -62.89549721374893,
                                58.71417880181083
                            ],
                            [
                                -62.87287355726434,
                                58.715643717738764
                            ],
                            [
                                -62.85313881184073,
                                58.702744877792
                            ],
                            [
                                -62.84459385317924,
                                58.685166689216516
                            ],
                            [
                                -62.84650632384147,
                                58.66925692007514
                            ],
                            [
                                -62.85667878384705,
                                58.655625620558986
                            ],
                            [
                                -62.87295490548379,
                                58.64472081075117
                            ],
                            [
                                -62.886219931496406,
                                58.64044843999345
                            ],
                            [
                                -62.907826261416325,
                                58.63768131333792
                            ],
                            [
                                -62.91763264354518,
                                58.63141515377995
                            ],
                            [
                                -62.92113190139396,
                                58.62348042565474
                            ],
                            [
                                -62.92027739219336,
                                58.61530168478557
                            ],
                            [
                                -62.922515343141725,
                                58.60655330399444
                            ],
                            [
                                -62.93537348631796,
                                58.596625039783355
                            ],
                            [
                                -63.07835860772986,
                                58.559149619183685
                            ],
                            [
                                -63.12466388808632,
                                58.531561629275984
                            ],
                            [
                                -63.15477455564892,
                                58.52464429491402
                            ],
                            [
                                -63.159494510465045,
                                58.520086834541246
                            ],
                            [
                                -63.16307528828236,
                                58.50873437837238
                            ],
                            [
                                -63.16783612280699,
                                58.504828288709554
                            ],
                            [
                                -63.17564865593393,
                                58.50348557310193
                            ],
                            [
                                -63.278553773163175,
                                58.50580463938225
                            ],
                            [
                                -63.30557202445192,
                                58.51097232098087
                            ],
                            [
                                -63.32689372258775,
                                58.497015758714404
                            ],
                            [
                                -63.368641749621865,
                                58.49774814617369
                            ],
                            [
                                -63.412953286894414,
                                58.50853104877838
                            ],
                            [
                                -63.44220945170654,
                                58.52464429491402
                            ],
                            [
                                -63.44880119786854,
                                58.50446191521319
                            ],
                            [
                                -63.47142484212118,
                                58.490301666487824
                            ],
                            [
                                -63.49986739314593,
                                58.48143151333852
                            ],
                            [
                                -63.52407799323612,
                                58.47748455276442
                            ],
                            [
                                -63.3912654324264,
                                58.49107494291884
                            ],
                            [
                                -63.3749079646407,
                                58.490545892809656
                            ],
                            [
                                -63.356068469929134,
                                58.48716865403611
                            ],
                            [
                                -63.341949109329484,
                                58.47882736528394
                            ],
                            [
                                -63.3397516938486,
                                58.463202106752355
                            ],
                            [
                                -63.347075915921444,
                                58.45685445506446
                            ],
                            [
                                -63.387562653163116,
                                58.42902256980332
                            ],
                            [
                                -63.41030834567526,
                                58.4074566824622
                            ],
                            [
                                -63.420765801683864,
                                58.399603665509794
                            ],
                            [
                                -63.43529209722259,
                                58.391546900858486
                            ],
                            [
                                -63.487416159247225,
                                58.377875091639694
                            ],
                            [
                                -63.53477941813858,
                                58.35272856940638
                            ],
                            [
                                -63.58214263091183,
                                58.31745013041728
                            ],
                            [
                                -63.59300698063902,
                                58.30552808904862
                            ],
                            [
                                -63.56818608506637,
                                58.30577234672249
                            ],
                            [
                                -63.54653883831311,
                                58.311875670086714
                            ],
                            [
                                -63.48851470683368,
                                58.34422422782623
                            ],
                            [
                                -63.421701660876565,
                                58.36762121966229
                            ],
                            [
                                -63.2640274327277,
                                58.47003808325963
                            ],
                            [
                                -63.264027409924125,
                                58.463202106752355
                            ],
                            [
                                -63.24787348178983,
                                58.47068915999333
                            ],
                            [
                                -63.144113689482865,
                                58.47837954330832
                            ],
                            [
                                -63.1249080188899,
                                58.475897548632716
                            ],
                            [
                                -63.106678778954304,
                                58.46885803401933
                            ],
                            [
                                -63.0858455972653,
                                58.45636643480738
                            ],
                            [
                                -63.09801186997522,
                                58.44603103017714
                            ],
                            [
                                -63.12743078991929,
                                58.41478098664663
                            ],
                            [
                                -63.15713448295239,
                                58.39500545146991
                            ],
                            [
                                -63.165679451450316,
                                58.383490233262634
                            ],
                            [
                                -63.1616105147376,
                                58.36762121966229
                            ],
                            [
                                -63.15477457546521,
                                58.38129309243756
                            ],
                            [
                                -63.14053294344658,
                                58.383612261500424
                            ],
                            [
                                -63.079090937200995,
                                58.44269438075641
                            ],
                            [
                                -63.06330315540142,
                                58.45160547760582
                            ],
                            [
                                -63.05166581348534,
                                58.452093807414045
                            ],
                            [
                                -63.03062902321084,
                                58.44269438075641
                            ],
                            [
                                -63.028920121685324,
                                58.44053795095068
                            ],
                            [
                                -63.02733305408068,
                                58.43671281375301
                            ],
                            [
                                -63.02415925812585,
                                58.43244040848567
                            ],
                            [
                                -63.01764891602211,
                                58.42902256980332
                            ],
                            [
                                -63.00967360333403,
                                58.42869695710908
                            ],
                            [
                                -62.983469246718926,
                                58.43650957962562
                            ],
                            [
                                -62.97801680404034,
                                58.447373892128994
                            ],
                            [
                                -62.96080476669312,
                                58.459295878440564
                            ],
                            [
                                -62.937733451630784,
                                58.468206965058336
                            ],
                            [
                                -62.91462150895013,
                                58.47003808325963
                            ],
                            [
                                -62.853138864557685,
                                58.47748455276442
                            ],
                            [
                                -62.84410565064675,
                                58.475327958767444
                            ],
                            [
                                -62.83299725874142,
                                58.47129964841897
                            ],
                            [
                                -62.82355700828358,
                                58.4711366347824
                            ],
                            [
                                -62.817250130964624,
                                58.48493073442537
                            ],
                            [
                                -62.81151287164718,
                                58.490057765323535
                            ],
                            [
                                -62.804432668889206,
                                58.49481829256769
                            ],
                            [
                                -62.7978410242027,
                                58.49799238436665
                            ],
                            [
                                -62.784250529186664,
                                58.49799238436665
                            ],
                            [
                                -62.7923478456137,
                                58.48021078298491
                            ],
                            [
                                -62.792958111104134,
                                58.46592840781488
                            ],
                            [
                                -62.785959358073185,
                                58.45892961375275
                            ],
                            [
                                -62.77122955841542,
                                58.463202106752355
                            ],
                            [
                                -62.76724207248157,
                                58.46849207122582
                            ],
                            [
                                -62.76292886349448,
                                58.484361110997
                            ],
                            [
                                -62.7569473983921,
                                58.49107494291884
                            ],
                            [
                                -62.743723171032656,
                                58.49628337475678
                            ],
                            [
                                -62.7320856652651,
                                58.495672786816776
                            ],
                            [
                                -62.72008222442897,
                                58.492865412734076
                            ],
                            [
                                -62.70567786738933,
                                58.49107494291884
                            ],
                            [
                                -62.62059480205406,
                                58.50608949070173
                            ],
                            [
                                -62.57860275403637,
                                58.504217991500894
                            ],
                            [
                                -62.55825767925949,
                                58.47748455276442
                            ],
                            [
                                -62.60676030957976,
                                58.45636643480738
                            ],
                            [
                                -62.602040082376725,
                                58.44647843307221
                            ],
                            [
                                -62.59923253829839,
                                58.44269438075641
                            ],
                            [
                                -62.61558989711571,
                                58.4384218091286
                            ],
                            [
                                -62.63011630177996,
                                58.431708008082644
                            ],
                            [
                                -62.6539200479424,
                                58.41478098664663
                            ],
                            [
                                -62.6268204434122,
                                58.38617585047559
                            ],
                            [
                                -62.619374062954975,
                                58.370835521088544
                            ],
                            [
                                -62.63341224183796,
                                58.360174876977275
                            ],
                            [
                                -62.62661699042998,
                                58.35191478000018
                            ],
                            [
                                -62.62181557884921,
                                58.33685947683663
                            ],
                            [
                                -62.62035066007454,
                                58.32066468456351
                            ],
                            [
                                -62.623443116006484,
                                58.30927146947173
                            ],
                            [
                                -62.63451083632475,
                                58.301865892104665
                            ],
                            [
                                -62.70913654165595,
                                58.28510166273728
                            ],
                            [
                                -62.712513836025956,
                                58.28180579246464
                            ],
                            [
                                -62.715484245891034,
                                58.277289247389376
                            ],
                            [
                                -62.72118084481392,
                                58.273179519930835
                            ],
                            [
                                -62.73273683719925,
                                58.27134846910355
                            ],
                            [
                                -62.85553955936292,
                                58.26866290219388
                            ],
                            [
                                -62.87262930174953,
                                58.261908166241184
                            ],
                            [
                                -62.88634188913928,
                                58.237494143426254
                            ],
                            [
                                -62.89903727790945,
                                58.22614173716792
                            ],
                            [
                                -62.90758212966274,
                                58.21434148409048
                            ],
                            [
                                -62.901519315566894,
                                58.20311103593666
                            ],
                            [
                                -62.888050829044964,
                                58.20282609531285
                            ],
                            [
                                -62.878041063869794,
                                58.215155198778454
                            ],
                            [
                                -62.870228636165315,
                                58.23004790351656
                            ],
                            [
                                -62.86302645401969,
                                58.2372499934299
                            ],
                            [
                                -62.85366771824756,
                                58.24022034903936
                            ],
                            [
                                -62.83299727468951,
                                58.25377037990391
                            ],
                            [
                                -62.82168535032948,
                                58.257106836824896
                            ],
                            [
                                -62.79816653107882,
                                58.25360759610905
                            ],
                            [
                                -62.69717357111653,
                                58.25324117106098
                            ],
                            [
                                -62.67495687958559,
                                58.26117592632574
                            ],
                            [
                                -62.66759190536934,
                                58.27147040876197
                            ],
                            [
                                -62.65054278460665,
                                58.26911043939421
                            ],
                            [
                                -62.6166072872633,
                                58.25775798773337
                            ],
                            [
                                -62.60041252146178,
                                58.25458397717048
                            ],
                            [
                                -62.589955237671894,
                                58.24640539497517
                            ],
                            [
                                -62.58332264221809,
                                58.23521542507195
                            ],
                            [
                                -62.57876545409587,
                                58.22300857519546
                            ],
                            [
                                -62.61461332166778,
                                58.213812409736356
                            ],
                            [
                                -62.620350643340856,
                                58.20648822183808
                            ],
                            [
                                -62.624663879945174,
                                58.19574618555648
                            ],
                            [
                                -62.63524324703726,
                                58.18675356705971
                            ],
                            [
                                -62.64858968365993,
                                58.17999915379425
                            ],
                            [
                                -62.661366267032236,
                                58.17584857152376
                            ],
                            [
                                -62.75475011713966,
                                58.17121000714605
                            ],
                            [
                                -62.81745351723119,
                                58.179063107764414
                            ],
                            [
                                -63.07909102460916,
                                58.155341017561234
                            ],
                            [
                                -63.06444251624823,
                                58.14830150643733
                            ],
                            [
                                -63.02806562256393,
                                58.14484295235098
                            ],
                            [
                                -63.010813045128515,
                                58.14105881894406
                            ],
                            [
                                -63.034535299684514,
                                58.1182315359855
                            ],
                            [
                                -63.2005915278439,
                                58.06867083796108
                            ],
                            [
                                -63.209380615544724,
                                58.062241845941756
                            ],
                            [
                                -63.198801232426135,
                                58.057318420743236
                            ],
                            [
                                -63.149322022041744,
                                58.06268943773437
                            ],
                            [
                                -63.13434817297689,
                                58.06598552759405
                            ],
                            [
                                -63.149403458907884,
                                58.042954835613266
                            ],
                            [
                                -63.168120985520154,
                                58.0280217054087
                            ],
                            [
                                -63.192982468278814,
                                58.019964766032274
                            ],
                            [
                                -63.25548259629373,
                                58.01496010730805
                            ],
                            [
                                -63.28620365874537,
                                58.007798707837686
                            ],
                            [
                                -63.31525624914282,
                                57.997259719495936
                            ],
                            [
                                -63.33975172486166,
                                57.98399480275974
                            ],
                            [
                                -63.321766734167504,
                                57.98334382254484
                            ],
                            [
                                -63.13825429741618,
                                57.99986388741952
                            ],
                            [
                                -63.11953700054541,
                                58.004869035657
                            ],
                            [
                                -63.1032609333706,
                                58.01447185647388
                            ],
                            [
                                -63.09943608537231,
                                58.02130783032099
                            ],
                            [
                                -63.10106362359484,
                                58.03778720786658
                            ],
                            [
                                -63.09951732622735,
                                58.045477508174834
                            ],
                            [
                                -63.09243738950416,
                                58.058050997946026
                            ],
                            [
                                -63.06639559396984,
                                58.07286197053541
                            ],
                            [
                                -63.03575597581314,
                                58.082831098867835
                            ],
                            [
                                -62.98908450134918,
                                58.09251547642826
                            ],
                            [
                                -62.97972577519122,
                                58.09324789465475
                            ],
                            [
                                -62.97142499714408,
                                58.09638103784419
                            ],
                            [
                                -62.96987861893892,
                                58.1032167041727
                            ],
                            [
                                -62.96987863467999,
                                58.11005266982268
                            ],
                            [
                                -62.964426290974046,
                                58.11505778046972
                            ],
                            [
                                -62.948801188094414,
                                58.12433494393243
                            ],
                            [
                                -62.93399011200906,
                                58.130560743887045
                            ],
                            [
                                -62.92617759587449,
                                58.132880051577594
                            ],
                            [
                                -62.88947504828267,
                                58.137274453401005
                            ],
                            [
                                -62.85252837963896,
                                58.14703998240466
                            ],
                            [
                                -62.832630932865406,
                                58.14789449936544
                            ],
                            [
                                -62.83263107887364,
                                58.14105881894406
                            ],
                            [
                                -62.83800215505513,
                                58.14000084637954
                            ],
                            [
                                -62.85313871491862,
                                58.134832923747446
                            ],
                            [
                                -62.840809711446155,
                                58.12348055612158
                            ],
                            [
                                -62.818837020530424,
                                58.124741889487986
                            ],
                            [
                                -62.77122953503077,
                                58.134832923747446
                            ],
                            [
                                -62.765207447790644,
                                58.13263574176524
                            ],
                            [
                                -62.75861569117047,
                                58.12828197182019
                            ],
                            [
                                -62.749582502366934,
                                58.125352309812364
                            ],
                            [
                                -62.73643955444053,
                                58.12738673747691
                            ],
                            [
                                -62.735259482418556,
                                58.12950251856343
                            ],
                            [
                                -62.73493397955427,
                                58.1334901797439
                            ],
                            [
                                -62.73346920609132,
                                58.13776276392124
                            ],
                            [
                                -62.72899338272536,
                                58.14105881894406
                            ],
                            [
                                -62.71886143808163,
                                58.1442324556952
                            ],
                            [
                                -62.714182051709564,
                                58.14459862378444
                            ],
                            [
                                -62.68114180914735,
                                58.13462976168961
                            ],
                            [
                                -62.66559802201737,
                                58.127549389154304
                            ],
                            [
                                -62.65123446343057,
                                58.12384667546741
                            ],
                            [
                                -62.63341221148577,
                                58.12738673747691
                            ],
                            [
                                -62.61534575468773,
                                58.139349540654464
                            ],
                            [
                                -62.597808446672296,
                                58.15477131182942
                            ],
                            [
                                -62.58116621601613,
                                58.16526939823243
                            ],
                            [
                                -62.56574453137329,
                                58.16209533276246
                            ],
                            [
                                -62.560536351345824,
                                58.14862717767076
                            ],
                            [
                                -62.558990094536064,
                                58.13365316180906
                            ],
                            [
                                -62.55211338486336,
                                58.129339864848596
                            ],
                            [
                                -62.53099519013486,
                                58.14789449936544
                            ],
                            [
                                -62.52570560200429,
                                58.15635826181873
                            ],
                            [
                                -62.524728905899536,
                                58.16246154285359
                            ],
                            [
                                -62.521717815104196,
                                58.168280185865626
                            ],
                            [
                                -62.510487361207936,
                                58.17584857152376
                            ],
                            [
                                -62.47101803299638,
                                58.1821963559938
                            ],
                            [
                                -62.462066154512044,
                                58.1819928080036
                            ],
                            [
                                -62.450998527320955,
                                58.16779210374241
                            ],
                            [
                                -62.46532144464277,
                                58.151312614085946
                            ],
                            [
                                -62.52415927222015,
                                58.110174806996106
                            ],
                            [
                                -62.529408241575915,
                                58.1032167041727
                            ],
                            [
                                -62.53099530576235,
                                58.09324789465475
                            ],
                            [
                                -62.525379987411206,
                                58.08751044051946
                            ],
                            [
                                -62.51537018669989,
                                58.08173238410749
                            ],
                            [
                                -62.50975508777691,
                                58.07489668607191
                            ],
                            [
                                -62.51732343237112,
                                58.06598552759405
                            ],
                            [
                                -62.51732333189285,
                                58.05853906078921
                            ],
                            [
                                -62.49632729070506,
                                58.05992261549216
                            ],
                            [
                                -62.49083403655668,
                                58.06976946092163
                            ],
                            [
                                -62.49176999141167,
                                58.082627680575975
                            ],
                            [
                                -62.490061061723246,
                                58.09324789465475
                            ],
                            [
                                -62.47972568421961,
                                58.10191472654993
                            ],
                            [
                                -62.466135170005565,
                                58.107733377553615
                            ],
                            [
                                -62.45067292047769,
                                58.11127339791102
                            ],
                            [
                                -62.39598545534756,
                                58.11481349857446
                            ],
                            [
                                -62.376698337816045,
                                58.11290105021663
                            ],
                            [
                                -62.36652590575061,
                                58.10687908064985
                            ],
                            [
                                -62.37132730929346,
                                58.09625891146195
                            ],
                            [
                                -62.39020747015441,
                                58.09068428392158
                            ],
                            [
                                -62.42857816470858,
                                58.08641169285574
                            ],
                            [
                                -62.38703367145188,
                                58.07212964784891
                            ],
                            [
                                -62.39582263573671,
                                58.05963761258643
                            ],
                            [
                                -62.39118407519887,
                                58.051988069467434
                            ],
                            [
                                -62.3784886972573,
                                58.0519472642706
                            ],
                            [
                                -62.363107830180084,
                                58.062241845941756
                            ],
                            [
                                -62.344593902816406,
                                58.07147862525352
                            ],
                            [
                                -62.326893730628406,
                                58.06464272776214
                            ],
                            [
                                -62.31285562859112,
                                58.04877355933011
                            ],
                            [
                                -62.30504306063367,
                                58.03119531360088
                            ],
                            [
                                -62.326893637559685,
                                58.026963526497106
                            ],
                            [
                                -62.36644452592147,
                                58.005235201217836
                            ],
                            [
                                -62.387033615407574,
                                57.9976666583524
                            ],
                            [
                                -62.418283675086336,
                                57.99705641233215
                            ],
                            [
                                -62.47866785794912,
                                58.00983322561143
                            ],
                            [
                                -62.51048750451603,
                                58.01133873395404
                            ],
                            [
                                -62.53449456460037,
                                58.00568263014571
                            ],
                            [
                                -62.655629020494985,
                                57.94867582054747
                            ],
                            [
                                -62.674956847930126,
                                57.93561434789405
                            ],
                            [
                                -62.64391029862061,
                                57.937933683355766
                            ],
                            [
                                -62.59239661900601,
                                57.963446364869434
                            ],
                            [
                                -62.562001146052715,
                                57.96971270298622
                            ],
                            [
                                -62.48664308910304,
                                57.976548669535866
                            ],
                            [
                                -62.46934981735294,
                                57.9743514430566
                            ],
                            [
                                -62.43809979137316,
                                57.96519612401628
                            ],
                            [
                                -62.421131942916254,
                                57.963568387766685
                            ],
                            [
                                -62.429595574404054,
                                57.949042178774675
                            ],
                            [
                                -62.42772373317675,
                                57.93073146075814
                            ],
                            [
                                -62.423451357357855,
                                57.91498454223854
                            ],
                            [
                                -62.42487549238337,
                                57.908270641499705
                            ],
                            [
                                -62.427601663643614,
                                57.89996974355037
                            ],
                            [
                                -62.427967934998726,
                                57.88336828795285
                            ],
                            [
                                -62.42076574543115,
                                57.8706729037425
                            ],
                            [
                                -62.40062414449238,
                                57.87413156284799
                            ],
                            [
                                -62.39232340038994,
                                57.883734494339016
                            ],
                            [
                                -62.38585370729666,
                                57.89935955291009
                            ],
                            [
                                -62.377349465377414,
                                57.949774574149195
                            ],
                            [
                                -62.369211363744476,
                                57.96141180075758
                            ],
                            [
                                -62.33918206336929,
                                57.98399480275974
                            ],
                            [
                                -62.32774816489392,
                                57.967840867241826
                            ],
                            [
                                -62.32494062583582,
                                57.94574627997387
                            ],
                            [
                                -62.330962701954896,
                                57.92552319316614
                            ],
                            [
                                -62.346018041739256,
                                57.91510652756309
                            ],
                            [
                                -62.324086026761776,
                                57.90904361530789
                            ],
                            [
                                -62.30475827248812,
                                57.92051830577863
                            ],
                            [
                                -62.277739953494184,
                                57.956732338498355
                            ],
                            [
                                -62.266835076987974,
                                57.95001859881845
                            ],
                            [
                                -62.24258370493397,
                                57.94456599993537
                            ],
                            [
                                -62.233021626258264,
                                57.939317145856606
                            ],
                            [
                                -62.22671470070202,
                                57.93048746599729
                            ],
                            [
                                -62.22301176805314,
                                57.92206437737274
                            ],
                            [
                                -62.21833255174272,
                                57.9144962783173
                            ],
                            [
                                -62.208851729254,
                                57.908270641499705
                            ],
                            [
                                -62.200510189686696,
                                57.93480046891758
                            ],
                            [
                                -62.19517974424114,
                                57.943060484204246
                            ],
                            [
                                -62.157337956220275,
                                57.973130487235856
                            ],
                            [
                                -62.140858478043945,
                                57.97825746488072
                            ],
                            [
                                -62.121937554641875,
                                57.96906145827846
                            ],
                            [
                                -62.10362707467111,
                                57.95591867391084
                            ],
                            [
                                -62.08901933629145,
                                57.94928620230764
                            ],
                            [
                                -62.08153244504624,
                                57.946967023127215
                            ],
                            [
                                -62.07628328944055,
                                57.94110741292855
                            ],
                            [
                                -62.07323160722296,
                                57.93329504660989
                            ],
                            [
                                -62.07013917061188,
                                57.91181069201595
                            ],
                            [
                                -62.066517678143555,
                                57.90497462536828
                            ],
                            [
                                -62.06574455493869,
                                57.89891177930837
                            ],
                            [
                                -62.07233646478096,
                                57.88780358326676
                            ],
                            [
                                -62.088246265394545,
                                57.87437579388511
                            ],
                            [
                                -62.1271866204475,
                                57.85179265173682
                            ],
                            [
                                -62.140532992522516,
                                57.83319730708179
                            ],
                            [
                                -62.13410399592474,
                                57.83075597341962
                            ],
                            [
                                -62.129628127013845,
                                57.827134628801495
                            ],
                            [
                                -62.125396281316405,
                                57.82306548502899
                            ],
                            [
                                -62.11945544939191,
                                57.81891495621778
                            ],
                            [
                                -62.11872308497179,
                                57.797471374346216
                            ],
                            [
                                -62.08116616100704,
                                57.78961825971465
                            ],
                            [
                                -62.034738651012844,
                                57.78693253142064
                            ],
                            [
                                -62.007150868357925,
                                57.78135818195968
                            ],
                            [
                                -61.96296146691667,
                                57.735052936825966
                            ],
                            [
                                -61.95006256510781,
                                57.70917377991825
                            ],
                            [
                                -61.96861726446344,
                                57.69599020736975
                            ],
                            [
                                -61.96861733843824,
                                57.688544050622376
                            ],
                            [
                                -61.905181464483725,
                                57.67247145795509
                            ],
                            [
                                -61.89415438409501,
                                57.67182030438422
                            ],
                            [
                                -61.89297436906568,
                                57.6613222537006
                            ],
                            [
                                -61.88784741975353,
                                57.64838280732797
                            ],
                            [
                                -61.88670811617488,
                                57.63764065438616
                            ],
                            [
                                -61.88988195675,
                                57.62498605509535
                            ],
                            [
                                -61.898101328573524,
                                57.62169010338708
                            ],
                            [
                                -61.90933182563644,
                                57.62217843608765
                            ],
                            [
                                -61.92145749457203,
                                57.620917074480516
                            ],
                            [
                                -61.97398843692243,
                                57.60667556979039
                            ],
                            [
                                -62.0385636340215,
                                57.59764237053785
                            ],
                            [
                                -62.05744378991939,
                                57.58824286257324
                            ],
                            [
                                -62.068592920964235,
                                57.58612705239266
                            ],
                            [
                                -62.07681233642209,
                                57.58222082846046
                            ],
                            [
                                -62.07534749468711,
                                57.57282141856037
                            ],
                            [
                                -62.07144120842832,
                                57.561509504164576
                            ],
                            [
                                -62.07233635761001,
                                57.55206934094129
                            ],
                            [
                                -62.08967040205804,
                                57.54075759921883
                            ],
                            [
                                -62.115345858170045,
                                57.53461339521321
                            ],
                            [
                                -62.164173937436814,
                                57.531561555731564
                            ],
                            [
                                -62.24372311992584,
                                57.544989341065815
                            ],
                            [
                                -62.27033446208004,
                                57.538397569531014
                            ],
                            [
                                -62.289214607837245,
                                57.5236269477259
                            ],
                            [
                                -62.328684023895704,
                                57.46605047778877
                            ],
                            [
                                -62.348947683664704,
                                57.45774967657041
                            ],
                            [
                                -62.3741349094301,
                                57.463202241970826
                            ],
                            [
                                -62.42113194787172,
                                57.48309964621179
                            ],
                            [
                                -62.51610265058694,
                                57.50897855176726
                            ],
                            [
                                -62.54466713769391,
                                57.511053807928015
                            ],
                            [
                                -62.53368080035919,
                                57.496039143200505
                            ],
                            [
                                -62.515044708845984,
                                57.48309964621179
                            ],
                            [
                                -62.46955321507119,
                                57.46263260085086
                            ],
                            [
                                -62.41490638452445,
                                57.44896068893979
                            ],
                            [
                                -62.40387936292743,
                                57.44310130746912
                            ],
                            [
                                -62.38634196615733,
                                57.43085365531694
                            ],
                            [
                                -62.377064594479734,
                                57.428534269478774
                            ],
                            [
                                -62.31501218646731,
                                57.428534269478774
                            ],
                            [
                                -62.30138096403262,
                                57.43170802997764
                            ],
                            [
                                -62.27692626956538,
                                57.445786911529815
                            ],
                            [
                                -62.26378333751108,
                                57.44896068893979
                            ],
                            [
                                -62.210316523272105,
                                57.449326867024915
                            ],
                            [
                                -62.20201573397219,
                                57.45270413284596
                            ],
                            [
                                -62.1961157318012,
                                57.459540183259314
                            ],
                            [
                                -62.182240362430555,
                                57.465073957166986
                            ],
                            [
                                -62.16637125027295,
                                57.46857335824238
                            ],
                            [
                                -62.15937250105172,
                                57.469061547756475
                            ],
                            [
                                -62.1354874598773,
                                57.461004996754475
                            ],
                            [
                                -62.03132079090045,
                                57.45640701126008
                            ],
                            [
                                -61.90038004440649,
                                57.41547278183945
                            ],
                            [
                                -61.81704664891159,
                                57.377386731244776
                            ],
                            [
                                -61.80479899067799,
                                57.36705156031574
                            ],
                            [
                                -61.82347574026546,
                                57.358384552995524
                            ],
                            [
                                -61.92764241574491,
                                57.36705156031574
                            ],
                            [
                                -61.927642377628686,
                                57.36021555405604
                            ],
                            [
                                -61.88646402142973,
                                57.35081619425603
                            ],
                            [
                                -61.871490001943975,
                                57.34284082138662
                            ],
                            [
                                -61.876779733775905,
                                57.32892483882801
                            ],
                            [
                                -61.879017676641205,
                                57.318955740728335
                            ],
                            [
                                -61.87360588573708,
                                57.30695214631118
                            ],
                            [
                                -61.87075760475573,
                                57.29303617951279
                            ],
                            [
                                -61.88048254828711,
                                57.27765533605609
                            ],
                            [
                                -61.8939509427302,
                                57.27045313137052
                            ],
                            [
                                -61.93211830978597,
                                57.25901930358014
                            ],
                            [
                                -61.9450577593131,
                                57.25714755224954
                            ],
                            [
                                -62.02391518133007,
                                57.25714755224954
                            ],
                            [
                                -62.01866618336907,
                                57.24957923881809
                            ],
                            [
                                -62.011626783605024,
                                57.24298742042519
                            ],
                            [
                                -62.00316318532933,
                                57.238389335981815
                            ],
                            [
                                -61.99315343143578,
                                57.23668037219532
                            ],
                            [
                                -61.96556554044403,
                                57.23668037219532
                            ],
                            [
                                -61.962147574126966,
                                57.23456449107991
                            ],
                            [
                                -61.96271727583645,
                                57.22516514943931
                            ],
                            [
                                -61.95905510891442,
                                57.22308985069881
                            ],
                            [
                                -61.90672768697508,
                                57.219183695616515
                            ],
                            [
                                -61.882964689432114,
                                57.21002846263111
                            ],
                            [
                                -61.87303626407817,
                                57.19200267479607
                            ],
                            [
                                -61.86510172011389,
                                57.17064041838478
                            ],
                            [
                                -61.84675048942164,
                                57.170396288932615
                            ],
                            [
                                -61.81163489291211,
                                57.18829986818246
                            ],
                            [
                                -61.785267675763535,
                                57.19627507487087
                            ],
                            [
                                -61.77611245398382,
                                57.19110752555929
                            ],
                            [
                                -61.777943491294835,
                                57.176092845199896
                            ],
                            [
                                -61.784291104596214,
                                57.15477115202717
                            ],
                            [
                                -61.64924066291391,
                                57.23309962922889
                            ],
                            [
                                -61.61978107561768,
                                57.22992588761047
                            ],
                            [
                                -61.6307673660184,
                                57.22300850171712
                            ],
                            [
                                -61.6774795876652,
                                57.18390527990799
                            ],
                            [
                                -61.69151772232479,
                                57.174628025085774
                            ],
                            [
                                -61.69863845343698,
                                57.171576197650765
                            ],
                            [
                                -61.70075438698138,
                                57.16474034962059
                            ],
                            [
                                -61.696441177454204,
                                57.15790430433375
                            ],
                            [
                                -61.68439689866156,
                                57.15477115202717
                            ],
                            [
                                -61.526722814262115,
                                57.16120031395199
                            ],
                            [
                                -61.47179115311347,
                                57.15607332392969
                            ],
                            [
                                -61.42121335817988,
                                57.14109937528141
                            ],
                            [
                                -61.38190668777648,
                                57.12107978823327
                            ],
                            [
                                -61.365712040967814,
                                57.10687896924975
                            ],
                            [
                                -61.359120214844275,
                                57.08958562147053
                            ],
                            [
                                -61.36229408420895,
                                57.08002352200792
                            ],
                            [
                                -61.376372839572305,
                                57.06696195989281
                            ],
                            [
                                -61.379628016319046,
                                57.05516177214773
                            ],
                            [
                                -61.376291487696285,
                                57.04584384970328
                            ],
                            [
                                -61.35928305045514,
                                57.03302651435398
                            ],
                            [
                                -61.35228432383646,
                                57.02378980844406
                            ],
                            [
                                -61.35415607378823,
                                57.02423740860214
                            ],
                            [
                                -61.35488850404819,
                                57.018988399886545
                            ],
                            [
                                -61.3547257382076,
                                57.01756423793354
                            ],
                            [
                                -61.355051240460845,
                                57.01650626025276
                            ],
                            [
                                -61.36900790674126,
                                57.011216473777395
                            ],
                            [
                                -61.37067619802416,
                                57.002427405737656
                            ],
                            [
                                -61.36131752410151,
                                56.994208097398314
                            ],
                            [
                                -61.34483801556586,
                                56.98969146479006
                            ],
                            [
                                -61.349680161307866,
                                56.98114658775455
                            ],
                            [
                                -61.349842880679546,
                                56.973700220659516
                            ],
                            [
                                -61.345936620037115,
                                56.967596685934936
                            ],
                            [
                                -61.33869380957971,
                                56.96295806680949
                            ],
                            [
                                -61.34483798214504,
                                56.95551171584963
                            ],
                            [
                                -61.35724849390145,
                                56.96149321599772
                            ],
                            [
                                -61.37905842538808,
                                56.981268672693204
                            ],
                            [
                                -61.393218549562356,
                                56.98969146479006
                            ],
                            [
                                -61.41193597470164,
                                56.98175685250095
                            ],
                            [
                                -61.42902580309423,
                                56.980169911497185
                            ],
                            [
                                -61.46556551972663,
                                56.982855463413735
                            ],
                            [
                                -61.484282995835684,
                                56.982001023371716
                            ],
                            [
                                -61.50177972447501,
                                56.978949235152456
                            ],
                            [
                                -61.51903239163264,
                                56.97296790681679
                            ],
                            [
                                -61.53726151856538,
                                56.96295806680949
                            ],
                            [
                                -61.56729079499657,
                                56.92161688464159
                            ],
                            [
                                -61.5751033422667,
                                56.91453689399943
                            ],
                            [
                                -61.592111814812654,
                                56.91172929278113
                            ],
                            [
                                -61.611236137518034,
                                56.90440502519468
                            ],
                            [
                                -61.629465334528675,
                                56.89439531463603
                            ],
                            [
                                -61.64342200351696,
                                56.88353099110774
                            ],
                            [
                                -61.65147867358666,
                                56.868760536826414
                            ],
                            [
                                -61.64948479715531,
                                56.855291998282965
                            ],
                            [
                                -61.645375088742895,
                                56.84141665954936
                            ],
                            [
                                -61.647124761803134,
                                56.82579165593357
                            ],
                            [
                                -61.66417392076607,
                                56.808945963955516
                            ],
                            [
                                -61.68635008059233,
                                56.8091902016902
                            ],
                            [
                                -61.70860752294762,
                                56.81354396013746
                            ],
                            [
                                -61.72622632410538,
                                56.80878319255899
                            ],
                            [
                                -61.76060949384889,
                                56.79279204023899
                            ],
                            [
                                -61.80919351054798,
                                56.788519637797876
                            ],
                            [
                                -61.858265776633964,
                                56.79352452276522
                            ],
                            [
                                -61.89415445277345,
                                56.80536535136014
                            ],
                            [
                                -61.90465244870885,
                                56.79376857721112
                            ],
                            [
                                -61.90510009036675,
                                56.77745193863593
                            ],
                            [
                                -61.89818276426703,
                                56.76121657271286
                            ],
                            [
                                -61.886708153855125,
                                56.750067481121675
                            ],
                            [
                                -61.89720620363519,
                                56.73838942625929
                            ],
                            [
                                -61.901478635431054,
                                56.72382231532449
                            ],
                            [
                                -61.89830479378078,
                                56.71039455509321
                            ],
                            [
                                -61.8867081069947,
                                56.70233790253155
                            ],
                            [
                                -61.8762100731371,
                                56.72394437183867
                            ],
                            [
                                -61.86473550233262,
                                56.74127842641167
                            ],
                            [
                                -61.84715736106762,
                                56.75275300636248
                            ],
                            [
                                -61.81847082579534,
                                56.75690337553316
                            ],
                            [
                                -61.750803160609685,
                                56.75165431146678
                            ],
                            [
                                -61.72081457069975,
                                56.74327218207565
                            ],
                            [
                                -61.69493568443421,
                                56.72960034362961
                            ],
                            [
                                -61.71133375507939,
                                56.71104557898265
                            ],
                            [
                                -61.73192302318463,
                                56.703802880176575
                            ],
                            [
                                -61.75633705491577,
                                56.70404696407359
                            ],
                            [
                                -61.81407632753097,
                                56.712469843091185
                            ],
                            [
                                -61.81993568910154,
                                56.70897046924212
                            ],
                            [
                                -61.790516709762244,
                                56.68121975465745
                            ],
                            [
                                -61.77061927350299,
                                56.68785228749045
                            ],
                            [
                                -61.747181758660695,
                                56.67987699897872
                            ],
                            [
                                -61.72248289603197,
                                56.667670024307654
                            ],
                            [
                                -61.671620255309854,
                                56.655462975291115
                            ],
                            [
                                -61.65835524017566,
                                56.6421572330029
                            ],
                            [
                                -61.66266844977937,
                                56.62824132591936
                            ],
                            [
                                -61.68809971650998,
                                56.620347356204164
                            ],
                            [
                                -61.70250405428354,
                                56.621568134969735
                            ],
                            [
                                -61.743316250806316,
                                56.63397865874161
                            ],
                            [
                                -61.8688859004941,
                                56.63727453562922
                            ],
                            [
                                -61.902251713844606,
                                56.64317446612277
                            ],
                            [
                                -61.92764240885854,
                                56.65387609367957
                            ],
                            [
                                -61.89679926964846,
                                56.6685244563011
                            ],
                            [
                                -61.90514078302053,
                                56.678412230664705
                            ],
                            [
                                -61.928212013548254,
                                56.681992851563415
                            ],
                            [
                                -61.94131423822213,
                                56.67808662129626
                            ],
                            [
                                -61.95445713522817,
                                56.66526922536517
                            ],
                            [
                                -61.98444578267693,
                                56.66441480996299
                            ],
                            [
                                -62.03750564057912,
                                56.6749941666245
                            ],
                            [
                                -62.12466382497954,
                                56.70494204846404
                            ],
                            [
                                -62.237945142624,
                                56.716254021923106
                            ],
                            [
                                -62.264149524176595,
                                56.722154004430884
                            ],
                            [
                                -62.34801185728696,
                                56.75287508401956
                            ],
                            [
                                -62.48387613066921,
                                56.775580190085314
                            ],
                            [
                                -62.503081856380874,
                                56.78485752805445
                            ],
                            [
                                -62.47899326691735,
                                56.79828517535535
                            ],
                            [
                                -62.30504310014651,
                                56.81842682893014
                            ],
                            [
                                -62.27407794965084,
                                56.827826276818804
                            ],
                            [
                                -62.2601212386839,
                                56.828436619728706
                            ],
                            [
                                -62.22817951608391,
                                56.8174503079832
                            ],
                            [
                                -62.04442293853117,
                                56.82579165593357
                            ],
                            [
                                -62.08869382145215,
                                56.84129467768363
                            ],
                            [
                                -62.33885657359283,
                                56.84629954342709
                            ],
                            [
                                -62.35407465188152,
                                56.84406155056223
                            ],
                            [
                                -62.38451083330635,
                                56.83429589710382
                            ],
                            [
                                -62.40062411296586,
                                56.832017246840564
                            ],
                            [
                                -62.42174233617395,
                                56.83458083102514
                            ],
                            [
                                -62.47573812621591,
                                56.8530948691891
                            ],
                            [
                                -62.4937638348319,
                                56.85460038969852
                            ],
                            [
                                -62.512684681951384,
                                56.85276924009386
                            ],
                            [
                                -62.53038488290893,
                                56.84772367795914
                            ],
                            [
                                -62.544667157067174,
                                56.83946367474639
                            ],
                            [
                                -62.55467689540156,
                                56.82725659331752
                            ],
                            [
                                -62.561350068337596,
                                56.81456127290993
                            ],
                            [
                                -62.569894958312744,
                                56.803941097504826
                            ],
                            [
                                -62.58560140524373,
                                56.797837703564795
                            ],
                            [
                                -62.56786048081753,
                                56.795965886667375
                            ],
                            [
                                -62.414906401720906,
                                56.75031163259692
                            ],
                            [
                                -62.35968988914773,
                                56.722154004430884
                            ],
                            [
                                -62.338734523125495,
                                56.717027120086755
                            ],
                            [
                                -62.28429113328341,
                                56.7119814904841
                            ],
                            [
                                -62.267201321159966,
                                56.705389753037885
                            ],
                            [
                                -62.24767007543671,
                                56.695054473920834
                            ],
                            [
                                -62.16759190715355,
                                56.67808662129626
                            ],
                            [
                                -62.099924246240754,
                                56.650824218191175
                            ],
                            [
                                -62.007150885980614,
                                56.63397865874161
                            ],
                            [
                                -61.95848548515052,
                                56.63507722367712
                            ],
                            [
                                -61.93468176525082,
                                56.633042701212126
                            ],
                            [
                                -61.91405185483191,
                                56.62653223444577
                            ],
                            [
                                -61.94017497536289,
                                56.61615639356527
                            ],
                            [
                                -62.24299065666105,
                                56.62653223444577
                            ],
                            [
                                -62.238392737165924,
                                56.62250402856251
                            ],
                            [
                                -62.238881031595376,
                                56.62091713745878
                            ],
                            [
                                -62.2429906663077,
                                56.620347356204164
                            ],
                            [
                                -62.023915173018935,
                                56.593003657283404
                            ],
                            [
                                -62.000965991952256,
                                56.58763263163606
                            ],
                            [
                                -61.91771402909925,
                                56.58563880033836
                            ],
                            [
                                -61.86969967900648,
                                56.593003657283404
                            ],
                            [
                                -61.85391191395804,
                                56.590399482777194
                            ],
                            [
                                -61.78180901954662,
                                56.56602605427115
                            ],
                            [
                                -61.769642699802176,
                                56.564520561622324
                            ],
                            [
                                -61.75641841370825,
                                56.56513090786816
                            ],
                            [
                                -61.74632731833475,
                                56.569647602984716
                            ],
                            [
                                -61.735340939113065,
                                56.57672758576087
                            ],
                            [
                                -61.72370359897249,
                                56.58055251127421
                            ],
                            [
                                -61.712025536059485,
                                56.5753848628679
                            ],
                            [
                                -61.69920813104309,
                                56.56122466591518
                            ],
                            [
                                -61.69237222603758,
                                56.55528396946549
                            ],
                            [
                                -61.68126383305845,
                                56.548407353693555
                            ],
                            [
                                -61.658843558558786,
                                56.53937409949376
                            ],
                            [
                                -61.65265867523184,
                                56.53168369311463
                            ],
                            [
                                -61.65396073861812,
                                56.516669007559564
                            ],
                            [
                                -61.66759194513495,
                                56.50328200367849
                            ],
                            [
                                -61.71397866606645,
                                56.5014102622522
                            ],
                            [
                                -61.75658117230892,
                                56.48582589222318
                            ],
                            [
                                -61.97740636150015,
                                56.51068753453981
                            ],
                            [
                                -62.036773272268405,
                                56.50804276794812
                            ],
                            [
                                -62.085926906621125,
                                56.49005772035075
                            ],
                            [
                                -62.08592689810816,
                                56.48322176758303
                            ],
                            [
                                -62.06330318520853,
                                56.48334380997222
                            ],
                            [
                                -62.02009030673409,
                                56.48961010734391
                            ],
                            [
                                -61.98509678090089,
                                56.48912175985731
                            ],
                            [
                                -61.96996006186798,
                                56.48725001478093
                            ],
                            [
                                -61.95616617100224,
                                56.48309972528186
                            ],
                            [
                                -61.94880125828402,
                                56.475694119390496
                            ],
                            [
                                -61.94806880817404,
                                56.465643611176134
                            ],
                            [
                                -61.95274820865201,
                                56.46308020566358
                            ],
                            [
                                -61.96043857022227,
                                56.4634462895385
                            ],
                            [
                                -62.010121205605465,
                                56.45286689670477
                            ],
                            [
                                -62.10342360604612,
                                56.458929706893
                            ],
                            [
                                -62.14736898372241,
                                56.455267718583
                            ],
                            [
                                -62.125477679020904,
                                56.44285718442924
                            ],
                            [
                                -62.10338292319014,
                                56.43439358711312
                            ],
                            [
                                -62.08104408978973,
                                56.429551526444314
                            ],
                            [
                                -61.97541260127076,
                                56.42186113929191
                            ],
                            [
                                -61.962473151975985,
                                56.4245060031912
                            ],
                            [
                                -61.95311436125941,
                                56.44220607415228
                            ],
                            [
                                -61.93268793661092,
                                56.43659085280141
                            ],
                            [
                                -61.91246501205371,
                                56.422308733679664
                            ],
                            [
                                -61.90379801463727,
                                56.41429277262118
                            ],
                            [
                                -61.84471590726671,
                                56.409735339360395
                            ],
                            [
                                -61.813954272026756,
                                56.40338783851014
                            ],
                            [
                                -61.79051676697822,
                                56.39378496513708
                            ],
                            [
                                -61.81590735204722,
                                56.38861724762618
                            ],
                            [
                                -61.84577387373329,
                                56.387030306938314
                            ],
                            [
                                -61.83023027146396,
                                56.376898502134466
                            ],
                            [
                                -61.77684487987005,
                                56.35968663559139
                            ],
                            [
                                -61.77285719989595,
                                56.355210630227056
                            ],
                            [
                                -61.77090413595412,
                                56.349432749320556
                            ],
                            [
                                -61.76675373359731,
                                56.34361404310709
                            ],
                            [
                                -61.75641845673574,
                                56.33917883920529
                            ],
                            [
                                -61.7475479587396,
                                56.339422877374865
                            ],
                            [
                                -61.72642985392093,
                                56.3449161520537
                            ],
                            [
                                -61.71544351113888,
                                56.3454044054135
                            ],
                            [
                                -61.71544352171399,
                                56.33917883920529
                            ],
                            [
                                -61.735340944364324,
                                56.333360082458206
                            ],
                            [
                                -61.74331622440248,
                                56.332342867938564
                            ],
                            [
                                -61.719960081074234,
                                56.32416411329566
                            ],
                            [
                                -61.665394642211204,
                                56.32807034480939
                            ],
                            [
                                -61.63963784304758,
                                56.32554762681901
                            ],
                            [
                                -61.62271073887098,
                                56.31810130000885
                            ],
                            [
                                -61.60562088906602,
                                56.30683012824184
                            ],
                            [
                                -61.59707598606597,
                                56.29441968289048
                            ],
                            [
                                -61.605539504941035,
                                56.28392159436663
                            ],
                            [
                                -61.626698370651276,
                                56.283677475345904
                            ],
                            [
                                -61.76846268756069,
                                56.31309640895512
                            ],
                            [
                                -61.79625403275813,
                                56.31317779593881
                            ],
                            [
                                -61.81786046436398,
                                56.30442939789964
                            ],
                            [
                                -61.799183703623015,
                                56.297837595758345
                            ],
                            [
                                -61.660755981872946,
                                56.27777739763327
                            ],
                            [
                                -61.660755993459006,
                                56.270941481364545
                            ],
                            [
                                -61.74828039189894,
                                56.25633370519812
                            ],
                            [
                                -61.79653887599278,
                                56.256822025710605
                            ],
                            [
                                -61.831450980471324,
                                56.270941481364545
                            ],
                            [
                                -61.78807531957441,
                                56.269151098843146
                            ],
                            [
                                -61.76756749961963,
                                56.27265043481777
                            ],
                            [
                                -61.75641841191148,
                                56.28392159436663
                            ],
                            [
                                -61.77635658612186,
                                56.290228603813745
                            ],
                            [
                                -61.827463327658556,
                                56.29730862858002
                            ],
                            [
                                -61.907460086938386,
                                56.29551829028361
                            ],
                            [
                                -61.946888793546,
                                56.286851290087824
                            ],
                            [
                                -61.965565562599345,
                                56.28656647971613
                            ],
                            [
                                -61.98338781599589,
                                56.291001678206435
                            ],
                            [
                                -62.0003148958517,
                                56.3013369583543
                            ],
                            [
                                -62.01793373032718,
                                56.30894604465237
                            ],
                            [
                                -62.03840083771833,
                                56.308457735437145
                            ],
                            [
                                -62.07848057746433,
                                56.2982038047644
                            ],
                            [
                                -62.06720944371225,
                                56.285467849778435
                            ],
                            [
                                -62.046294710704636,
                                56.273749062488854
                            ],
                            [
                                -62.004017701286486,
                                56.257269587338115
                            ],
                            [
                                -62.016184066548995,
                                56.24848056874941
                            ],
                            [
                                -62.008900531827976,
                                56.24046460708022
                            ],
                            [
                                -61.93529213604072,
                                56.21735263412774
                            ],
                            [
                                -61.91445877648164,
                                56.21662016245215
                            ],
                            [
                                -61.88223221181189,
                                56.23436104345594
                            ],
                            [
                                -61.86668859780016,
                                56.23224516865464
                            ],
                            [
                                -61.8508194442239,
                                56.226019559102596
                            ],
                            [
                                -61.835194456491976,
                                56.22247954306578
                            ],
                            [
                                -61.79808510583025,
                                56.22382236266496
                            ],
                            [
                                -61.763172996817765,
                                56.22931552665423
                            ],
                            [
                                -61.77228755855835,
                                56.213812556795986
                            ],
                            [
                                -61.77684483863456,
                                56.20884834143492
                            ],
                            [
                                -61.72280838064979,
                                56.20884834143492
                            ],
                            [
                                -61.71165931315212,
                                56.21202221079426
                            ],
                            [
                                -61.69107013451852,
                                56.22077060976556
                            ],
                            [
                                -61.677560993513694,
                                56.22247954306578
                            ],
                            [
                                -61.599232571987876,
                                56.22361892145718
                            ],
                            [
                                -61.592518675525355,
                                56.22247954306578
                            ],
                            [
                                -61.58653723902271,
                                56.21893952004288
                            ],
                            [
                                -61.58267168300947,
                                56.21458568654173
                            ],
                            [
                                -61.58031165983587,
                                56.21076082185985
                            ],
                            [
                                -61.578846791690225,
                                56.20884834143492
                            ],
                            [
                                -61.55772865613373,
                                56.20115796595764
                            ],
                            [
                                -61.547027139314174,
                                56.20038481664733
                            ],
                            [
                                -61.43455969458806,
                                56.213812556795986
                            ],
                            [
                                -61.40314692770755,
                                56.22321195970246
                            ],
                            [
                                -61.37279211489289,
                                56.22882720447803
                            ],
                            [
                                -61.34483801155948,
                                56.22247954306578
                            ],
                            [
                                -61.34483800637819,
                                56.21629463828026
                            ],
                            [
                                -61.352284319458754,
                                56.20575594675071
                            ],
                            [
                                -61.34439043792502,
                                56.196641359860536
                            ],
                            [
                                -61.33433996909188,
                                56.187933653614415
                            ],
                            [
                                -61.33519446953224,
                                56.17808666456746
                            ],
                            [
                                -61.349964952781626,
                                56.17369208578653
                            ],
                            [
                                -61.371734193637,
                                56.17283765965557
                            ],
                            [
                                -61.3915095761145,
                                56.16941967743929
                            ],
                            [
                                -61.40005447075597,
                                56.15733466475315
                            ],
                            [
                                -61.403960722558104,
                                56.14109931614559
                            ],
                            [
                                -61.4094132310234,
                                56.13231031928803
                            ],
                            [
                                -61.406727655757905,
                                56.1299909298575
                            ],
                            [
                                -61.386463976157785,
                                56.13312405348075
                            ],
                            [
                                -61.37718663868378,
                                56.136460651927976
                            ],
                            [
                                -61.36986244101944,
                                56.141221434274065
                            ],
                            [
                                -61.36131750576854,
                                56.14557525021615
                            ],
                            [
                                -61.34854079868469,
                                56.14740627857645
                            ],
                            [
                                -61.33926346703705,
                                56.144598683044194
                            ],
                            [
                                -61.33958897876334,
                                56.13825101138694
                            ],
                            [
                                -61.34536700225929,
                                56.13133374730552
                            ],
                            [
                                -61.35228431297742,
                                56.12689851252647
                            ],
                            [
                                -61.35228432416899,
                                56.119452244709215
                            ],
                            [
                                -61.338612432660184,
                                56.11102936146334
                            ],
                            [
                                -61.34829669977519,
                                56.102972762338744
                            ],
                            [
                                -61.42601478480189,
                                56.08201733287047
                            ],
                            [
                                -61.443918436706944,
                                56.072577240042605
                            ],
                            [
                                -61.45531165368078,
                                56.05805084928853
                            ],
                            [
                                -61.425038223842066,
                                56.05011629474484
                            ],
                            [
                                -61.40037999475899,
                                56.05048245633734
                            ],
                            [
                                -61.344838036656654,
                                56.064805437572915
                            ],
                            [
                                -61.319976355222025,
                                56.067206101563485
                            ],
                            [
                                -61.291086374082035,
                                56.06403226000609
                            ],
                            [
                                -61.261586064301646,
                                56.05589426787727
                            ],
                            [
                                -61.23497475750433,
                                56.04376865715721
                            ],
                            [
                                -61.28189041248733,
                                56.04559964565269
                            ],
                            [
                                -61.30532793566761,
                                56.044053465653604
                            ],
                            [
                                -61.32559161220212,
                                56.03754305725544
                            ],
                            [
                                -61.31232663611102,
                                56.03253817029365
                            ],
                            [
                                -61.29873614709027,
                                56.0306257466506
                            ],
                            [
                                -61.27037511952756,
                                56.03070708000749
                            ],
                            [
                                -61.27037514890394,
                                56.0244815498133
                            ],
                            [
                                -61.39834550954111,
                                56.03270091881664
                            ],
                            [
                                -61.46812902883399,
                                56.029730522431926
                            ],
                            [
                                -61.50308181455649,
                                56.01019924729469
                            ],
                            [
                                -61.474435982766266,
                                56.01048408056842
                            ],
                            [
                                -61.45193435508993,
                                56.00706611216527
                            ],
                            [
                                -61.43915768418361,
                                56.00511302903473
                            ],
                            [
                                -61.38304602702569,
                                55.996568099151304
                            ],
                            [
                                -61.37987219553786,
                                55.993353574531454
                            ],
                            [
                                -61.37877355860918,
                                55.9863141790719
                            ],
                            [
                                -61.37987220927153,
                                55.97923413460318
                            ],
                            [
                                -61.383046040491635,
                                55.97614169271765
                            ],
                            [
                                -61.39317786078091,
                                55.97667063388935
                            ],
                            [
                                -61.40151932444347,
                                55.97813546396398
                            ],
                            [
                                -61.41372635666726,
                                55.98228585629214
                            ],
                            [
                                -61.41828365306525,
                                55.988389380639106
                            ],
                            [
                                -61.42800861143431,
                                55.99559157395752
                            ],
                            [
                                -61.436594220353356,
                                55.99856194510875
                            ],
                            [
                                -61.4472143323459,
                                56.002305425609826
                            ],
                            [
                                -61.454986115930254,
                                56.00307848754609
                            ],
                            [
                                -61.46214757380978,
                                56.002752966321154
                            ],
                            [
                                -61.4614151480721,
                                55.99103420922669
                            ],
                            [
                                -61.44713294807911,
                                55.98057690152898
                            ],
                            [
                                -61.4174698585134,
                                55.96552155677095
                            ],
                            [
                                -61.40274003778199,
                                55.95990631658621
                            ],
                            [
                                -61.34544837399774,
                                55.969305736696434
                            ],
                            [
                                -61.26292884299371,
                                55.969305736696434
                            ],
                            [
                                -61.242746532858234,
                                55.96678291427478
                            ],
                            [
                                -61.2297257254896,
                                55.962713953973264
                            ],
                            [
                                -61.20148678569781,
                                55.948187572141286
                            ],
                            [
                                -61.17658444739644,
                                55.976060304995954
                            ],
                            [
                                -61.13898679348437,
                                55.97215405898792
                            ],
                            [
                                -61.100087031164506,
                                55.95136137241006
                            ],
                            [
                                -61.07115639122383,
                                55.9282901293565
                            ],
                            [
                                -61.076039191037516,
                                55.92059967516093
                            ],
                            [
                                -61.078846802413956,
                                55.9120547424124
                            ],
                            [
                                -61.07970129882986,
                                55.902777406851456
                            ],
                            [
                                -61.0785212945259,
                                55.89288972847932
                            ],
                            [
                                -61.101877391785365,
                                55.90001045301146
                            ],
                            [
                                -61.138050892068975,
                                55.901434600842755
                            ],
                            [
                                -61.17332921662382,
                                55.898626992556196
                            ],
                            [
                                -61.19399981053822,
                                55.89288972847932
                            ],
                            [
                                -61.19326740231284,
                                55.87962478078371
                            ],
                            [
                                -61.16588293832103,
                                55.8696149689709
                            ],
                            [
                                -61.119536899979295,
                                55.85944242509661
                            ],
                            [
                                -61.0985001434066,
                                55.84833407957186
                            ],
                            [
                                -61.0659073397702,
                                55.849554723923625
                            ],
                            [
                                -60.94546466606576,
                                55.87030674264198
                            ],
                            [
                                -60.93394933964745,
                                55.869940480980674
                            ],
                            [
                                -60.91624914855144,
                                55.86351145146431
                            ],
                            [
                                -60.89586339744431,
                                55.860418985978825
                            ],
                            [
                                -60.78160559476542,
                                55.85968658477932
                            ],
                            [
                                -60.74681555029293,
                                55.85016508924076
                            ],
                            [
                                -60.728505029224166,
                                55.82526279518501
                            ],
                            [
                                -60.73599199548395,
                                55.800034906643695
                            ],
                            [
                                -60.7610570992229,
                                55.78086986714128
                            ],
                            [
                                -60.81786050046405,
                                55.75641514351241
                            ],
                            [
                                -60.872670032872534,
                                55.75267158209198
                            ],
                            [
                                -60.89297441545098,
                                55.749497793718824
                            ],
                            [
                                -60.94928952171961,
                                55.75507234207674
                            ],
                            [
                                -60.96865800945402,
                                55.749497793718824
                            ],
                            [
                                -60.95616615564748,
                                55.74567293947977
                            ],
                            [
                                -60.95018471819773,
                                55.74262119600832
                            ],
                            [
                                -60.94762120818246,
                                55.73961006449134
                            ],
                            [
                                -60.943918417324085,
                                55.72980376515171
                            ],
                            [
                                -60.935454889042695,
                                55.72984448155642
                            ],
                            [
                                -60.92027746440156,
                                55.73651762844807
                            ],
                            [
                                -60.9050186769957,
                                55.73663970251359
                            ],
                            [
                                -60.86229405603789,
                                55.74274319446913
                            ],
                            [
                                -60.77179930155824,
                                55.735541118813124
                            ],
                            [
                                -60.749012816425704,
                                55.73651762844807
                            ],
                            [
                                -60.72614500294663,
                                55.74762607671746
                            ],
                            [
                                -60.69640052653367,
                                55.769761472613
                            ],
                            [
                                -60.67064369837547,
                                55.79486728274487
                            ],
                            [
                                -60.65396074144759,
                                55.82530345386363
                            ],
                            [
                                -60.64085851568979,
                                55.82794828525032
                            ],
                            [
                                -60.61554930019218,
                                55.82526279518501
                            ],
                            [
                                -60.60195877369975,
                                55.819566120387144
                            ],
                            [
                                -60.606597461281225,
                                55.806626697474805
                            ],
                            [
                                -60.626088002685705,
                                55.7830264005488
                            ],
                            [
                                -60.61388098846356,
                                55.77362701896332
                            ],
                            [
                                -60.60716714146417,
                                55.75470616157871
                            ],
                            [
                                -60.60655677949864,
                                55.73301831438148
                            ],
                            [
                                -60.612416129617166,
                                55.715399451221316
                            ],
                            [
                                -60.60558019696708,
                                55.71470772957537
                            ],
                            [
                                -60.596547009703215,
                                55.71039460904505
                            ],
                            [
                                -60.59137935919885,
                                55.708563540511534
                            ],
                            [
                                -60.60216225132577,
                                55.69883863287537
                            ],
                            [
                                -60.614898222530755,
                                55.69029365122451
                            ],
                            [
                                -60.62877355163209,
                                55.68419014123399
                            ],
                            [
                                -60.64256749422188,
                                55.68187080057141
                            ],
                            [
                                -60.65623938284498,
                                55.676377662954344
                            ],
                            [
                                -60.65705319922896,
                                55.66417065981377
                            ],
                            [
                                -60.64891517515484,
                                55.651963622865516
                            ],
                            [
                                -60.636057088598434,
                                55.64655181259036
                            ],
                            [
                                -60.63125565765882,
                                55.64044829864346
                            ],
                            [
                                -60.63735917108406,
                                55.627020559647065
                            ],
                            [
                                -60.65343177344876,
                                55.60553620669113
                            ],
                            [
                                -60.677113419939474,
                                55.58930086534423
                            ],
                            [
                                -60.68512935852962,
                                55.57855865620646
                            ],
                            [
                                -60.68130448081689,
                                55.564561245231815
                            ],
                            [
                                -60.632679809949806,
                                55.61212798331981
                            ],
                            [
                                -60.61554927322179,
                                55.61920805602437
                            ],
                            [
                                -60.60220292960581,
                                55.62787506817581
                            ],
                            [
                                -60.589995893578774,
                                55.64813873042317
                            ],
                            [
                                -60.5714412148156,
                                55.68809643033542
                            ],
                            [
                                -60.54727129137271,
                                55.725938224534495
                            ],
                            [
                                -60.5355118436588,
                                55.73826731159058
                            ],
                            [
                                -60.53075109662045,
                                55.7461611818329
                            ],
                            [
                                -60.530100084249106,
                                55.75409580921318
                            ],
                            [
                                -60.53050697642991,
                                55.766913175127115
                            ],
                            [
                                -60.52379310275408,
                                55.78656648219982
                            ],
                            [
                                -60.507923954055904,
                                55.804022522304166
                            ],
                            [
                                -60.48961341241704,
                                55.81049225774211
                            ],
                            [
                                -60.475249811369025,
                                55.7973493652674
                            ],
                            [
                                -60.46300210069623,
                                55.80158115820151
                            ],
                            [
                                -60.452463360282295,
                                55.79368727160238
                            ],
                            [
                                -60.44041906599732,
                                55.78253813555331
                            ],
                            [
                                -60.42373614872363,
                                55.77684157142379
                            ],
                            [
                                -60.41844640506043,
                                55.77912015891236
                            ],
                            [
                                -60.40562905503851,
                                55.78880446591148
                            ],
                            [
                                -60.39952552356955,
                                55.79047272992114
                            ],
                            [
                                -60.39061437008364,
                                55.786688511193326
                            ],
                            [
                                -60.3819066959325,
                                55.7797305184093
                            ],
                            [
                                -60.37222245287344,
                                55.770005587168946
                            ],
                            [
                                -60.35704503458451,
                                55.77448148013682
                            ],
                            [
                                -60.34390215891196,
                                55.782578864181055
                            ],
                            [
                                -60.33470618542978,
                                55.78196849477598
                            ],
                            [
                                -60.33128819552035,
                                55.76007717815883
                            ],
                            [
                                -60.38589434494088,
                                55.72284578931272
                            ],
                            [
                                -60.37222244467813,
                                55.715399451221316
                            ],
                            [
                                -60.37694249560783,
                                55.710760777139804
                            ],
                            [
                                -60.38194740360838,
                                55.70408764873325
                            ],
                            [
                                -60.38589433116643,
                                55.70111724754837
                            ],
                            [
                                -60.37344317032276,
                                55.69135164424099
                            ],
                            [
                                -60.37511145679001,
                                55.68549225459175
                            ],
                            [
                                -60.386464012686744,
                                55.68268466945187
                            ],
                            [
                                -60.41832435828887,
                                55.67963290000049
                            ],
                            [
                                -60.45474200861148,
                                55.66986728922293
                            ],
                            [
                                -60.47154699907699,
                                55.66758859943581
                            ],
                            [
                                -60.49351965597663,
                                55.66010162024252
                            ],
                            [
                                -60.51219641299197,
                                55.64130279227053
                            ],
                            [
                                -60.525380007134025,
                                55.61676665954255
                            ],
                            [
                                -60.530506967812364,
                                55.591905020469504
                            ],
                            [
                                -60.504994263736215,
                                55.61204660482005
                            ],
                            [
                                -60.471180800705,
                                55.63019441798412
                            ],
                            [
                                -60.434315566765555,
                                55.63446687910935
                            ],
                            [
                                -60.39952552550205,
                                55.61298249971747
                            ],
                            [
                                -60.394398557898064,
                                55.58506906025626
                            ],
                            [
                                -60.41136634306822,
                                55.55455150498474
                            ],
                            [
                                -60.454741997515775,
                                55.50311922071705
                            ],
                            [
                                -60.42857825584698,
                                55.5108096406058
                            ],
                            [
                                -60.40099036922846,
                                55.53034089720641
                            ],
                            [
                                -60.35484778040351,
                                55.57514068108
                            ],
                            [
                                -60.34089108436807,
                                55.582709060523605
                            ],
                            [
                                -60.32628333097635,
                                55.58319733100222
                            ],
                            [
                                -60.31924394731429,
                                55.57611726147084
                            ],
                            [
                                -60.33722896749581,
                                55.547796937109
                            ],
                            [
                                -60.33389238571739,
                                55.53990306926299
                            ],
                            [
                                -60.32160396460471,
                                55.534979548455794
                            ],
                            [
                                -60.30402584021096,
                                55.53046294863682
                            ],
                            [
                                -60.3065079517668,
                                55.51935457810084
                            ],
                            [
                                -60.308583136546936,
                                55.513617254114045
                            ],
                            [
                                -60.31078040202373,
                                55.50934479209061
                            ],
                            [
                                -60.3328751325081,
                                55.51850007385801
                            ],
                            [
                                -60.34333249205772,
                                55.515977292840844
                            ],
                            [
                                -60.35114498529057,
                                55.505235091613265
                            ],
                            [
                                -60.365386525141396,
                                55.489447337187244
                            ],
                            [
                                -60.38654537996559,
                                55.47492097179894
                            ],
                            [
                                -60.45474198657493,
                                55.447862037351186
                            ],
                            [
                                -60.45474199122264,
                                55.441026109435455
                            ],
                            [
                                -60.44493568336747,
                                55.43577709940712
                            ],
                            [
                                -60.4432266930964,
                                55.42902253014466
                            ],
                            [
                                -60.44717364017377,
                                55.42145418498926
                            ],
                            [
                                -60.45474199670361,
                                55.41376375015809
                            ],
                            [
                                -60.44399980374463,
                                55.402167058500424
                            ],
                            [
                                -60.45116125982347,
                                55.3848330707388
                            ],
                            [
                                -60.482085744376846,
                                55.352280998613985
                            ],
                            [
                                -60.46007239503635,
                                55.35663483307138
                            ],
                            [
                                -60.441477013514614,
                                55.36847564617208
                            ],
                            [
                                -60.41323808006163,
                                55.40009185432919
                            ],
                            [
                                -60.428456175009394,
                                55.41526925540498
                            ],
                            [
                                -60.41893469054141,
                                55.42767973649224
                            ],
                            [
                                -60.37970943458045,
                                55.447862037351186
                            ],
                            [
                                -60.348133917186956,
                                55.48236725340967
                            ],
                            [
                                -60.32770749197764,
                                55.49481843869385
                            ],
                            [
                                -60.30402584713919,
                                55.489447337187244
                            ],
                            [
                                -60.311756966636544,
                                55.48700593020318
                            ],
                            [
                                -60.331288223274015,
                                55.47581616419331
                            ],
                            [
                                -60.330230273830445,
                                55.467718818625805
                            ],
                            [
                                -60.35529536916581,
                                55.44635649666212
                            ],
                            [
                                -60.36538652582681,
                                55.43488190853541
                            ],
                            [
                                -60.353342245597425,
                                55.434312229460566
                            ],
                            [
                                -60.343006967426625,
                                55.43756745475329
                            ],
                            [
                                -60.33531652830674,
                                55.44456613293232
                            ],
                            [
                                -60.3312882203403,
                                55.455308345457375
                            ],
                            [
                                -60.315297004230565,
                                55.44122955945191
                            ],
                            [
                                -60.30622310484041,
                                55.4366315659278
                            ],
                            [
                                -60.29369056182343,
                                55.43488190853541
                            ],
                            [
                                -60.283762175069896,
                                55.44061921009763
                            ],
                            [
                                -60.283599407156366,
                                55.45392486054799
                            ],
                            [
                                -60.29027258343674,
                                55.47923410414765
                            ],
                            [
                                -60.279449023415346,
                                55.50120677381319
                            ],
                            [
                                -60.25401771568566,
                                55.5049502790077
                            ],
                            [
                                -60.22447669235674,
                                55.49839915669919
                            ],
                            [
                                -60.20156816513558,
                                55.489447337187244
                            ],
                            [
                                -60.20946203963407,
                                55.47398508639909
                            ],
                            [
                                -60.2145890052481,
                                55.46836987713832
                            ],
                            [
                                -60.20710202447783,
                                55.46336499066999
                            ],
                            [
                                -60.20441646309718,
                                55.45697661645556
                            ],
                            [
                                -60.20669512243008,
                                55.4494082826193
                            ],
                            [
                                -60.21458899622176,
                                55.441026109435455
                            ],
                            [
                                -60.19977780279233,
                                55.435980543446156
                            ],
                            [
                                -60.194081186818764,
                                55.43488190853541
                            ],
                            [
                                -60.1940811845151,
                                55.42743561501192
                            ],
                            [
                                -60.197132949081386,
                                55.42540112290851
                            ],
                            [
                                -60.20156816511819,
                                55.42121003216065
                            ],
                            [
                                -60.22956296121909,
                                55.427801837207554
                            ],
                            [
                                -60.26854408314959,
                                55.42145418498926
                            ],
                            [
                                -60.36241615348503,
                                55.39044832563502
                            ],
                            [
                                -60.37466386891668,
                                55.380682689718604
                            ],
                            [
                                -60.382923949377776,
                                55.34577056004436
                            ],
                            [
                                -60.39110267615326,
                                55.33392977100085
                            ],
                            [
                                -60.413238087632834,
                                55.31134675216825
                            ],
                            [
                                -60.391468876352775,
                                55.30512115580109
                            ],
                            [
                                -60.403960736183166,
                                55.292181698538826
                            ],
                            [
                                -60.42808997241256,
                                55.28278229284649
                            ],
                            [
                                -60.441151494457785,
                                55.28709544197238
                            ],
                            [
                                -60.443714976591885,
                                55.29242585505079
                            ],
                            [
                                -60.45026607563197,
                                55.29576242842777
                            ],
                            [
                                -60.45889238343818,
                                55.297349353822135
                            ],
                            [
                                -60.46784420163175,
                                55.297064513392016
                            ],
                            [
                                -60.46690832933171,
                                55.29328033576468
                            ],
                            [
                                -60.49644934572278,
                                55.273260804531795
                            ],
                            [
                                -60.50255286382836,
                                55.27037181166341
                            ],
                            [
                                -60.50597083023409,
                                55.263739321534786
                            ],
                            [
                                -60.508534306339186,
                                55.24664947577655
                            ],
                            [
                                -60.51280676832594,
                                55.23899973871322
                            ],
                            [
                                -60.52855383637031,
                                55.22528716987273
                            ],
                            [
                                -60.534413212061594,
                                55.21686431922949
                            ],
                            [
                                -60.53673254913413,
                                55.204901430334786
                            ],
                            [
                                -60.547189910661245,
                                55.19806550222812
                            ],
                            [
                                -60.61241614738756,
                                55.167914134689134
                            ],
                            [
                                -60.56818600647061,
                                55.18207429478319
                            ],
                            [
                                -60.49209550460732,
                                55.22626373429905
                            ],
                            [
                                -60.45815996061702,
                                55.23558177421286
                            ],
                            [
                                -60.449940557036314,
                                55.231919660139845
                            ],
                            [
                                -60.44163977599703,
                                55.22492096206141
                            ],
                            [
                                -60.432972786354654,
                                55.220811265697776
                            ],
                            [
                                -60.423736127641206,
                                55.22565337842627
                            ],
                            [
                                -60.40754147186879,
                                55.248724680675004
                            ],
                            [
                                -60.396636526236705,
                                55.258734448364194
                            ],
                            [
                                -60.382801891060105,
                                55.26292553098415
                            ],
                            [
                                -60.3553360630088,
                                55.2591006451474
                            ],
                            [
                                -60.35997473932384,
                                55.249619859637455
                            ],
                            [
                                -60.412261526596794,
                                55.21417878507877
                            ],
                            [
                                -60.45201575773767,
                                55.198431715354175
                            ],
                            [
                                -60.46784420618383,
                                55.18842194432937
                            ],
                            [
                                -60.48131262711909,
                                55.17133209429854
                            ],
                            [
                                -60.502674934743396,
                                55.13434479546416
                            ],
                            [
                                -60.516224740968745,
                                55.11949290987779
                            ],
                            [
                                -60.5367732426402,
                                55.1076113982306
                            ],
                            [
                                -60.605580205731364,
                                55.08539459550287
                            ],
                            [
                                -60.65343176917932,
                                55.057318425384736
                            ],
                            [
                                -60.673898891455956,
                                55.05064524792941
                            ],
                            [
                                -60.67389889144326,
                                55.04380931090425
                            ],
                            [
                                -60.661447719401245,
                                55.037583724821204
                            ],
                            [
                                -60.66510982937568,
                                55.025498763770486
                            ],
                            [
                                -60.68757070593704,
                                54.995428657673976
                            ],
                            [
                                -60.6703181628684,
                                55.0098330747409
                            ],
                            [
                                -60.6124161448686,
                                55.0363630227412
                            ],
                            [
                                -60.574289517888346,
                                55.07355377975029
                            ],
                            [
                                -60.55719967273238,
                                55.08539459550287
                            ],
                            [
                                -60.53722083412471,
                                55.09239330018652
                            ],
                            [
                                -60.49323482964468,
                                55.101792709299716
                            ],
                            [
                                -60.47524980474897,
                                55.112738349476594
                            ],
                            [
                                -60.46157792811846,
                                55.15025462226378
                            ],
                            [
                                -60.457102018105026,
                                55.15485260817668
                            ],
                            [
                                -60.43492590945151,
                                55.16539133994995
                            ],
                            [
                                -60.42686927238023,
                                55.167914134689134
                            ],
                            [
                                -60.40754146928493,
                                55.16803619859116
                            ],
                            [
                                -60.39679928469177,
                                55.16376374233487
                            ],
                            [
                                -60.38744056050797,
                                55.16168854697331
                            ],
                            [
                                -60.37222246237809,
                                55.167914134689134
                            ],
                            [
                                -60.287098764933,
                                55.233384512781456
                            ],
                            [
                                -60.26903235806743,
                                55.242987376075526
                            ],
                            [
                                -60.24974524533112,
                                55.25055572968159
                            ],
                            [
                                -60.22887121871468,
                                55.25608957655029
                            ],
                            [
                                -60.22378495750584,
                                55.25433990608154
                            ],
                            [
                                -60.218251101595946,
                                55.24994537131325
                            ],
                            [
                                -60.21198482808462,
                                55.24778880022146
                            ],
                            [
                                -60.20466060662177,
                                55.25238677736278
                            ],
                            [
                                -60.19517981767545,
                                55.263373115332534
                            ],
                            [
                                -60.189523891743505,
                                55.26829661649418
                            ],
                            [
                                -60.172027152351326,
                                55.27525463258401
                            ],
                            [
                                -60.16344153666815,
                                55.2846133493181
                            ],
                            [
                                -60.154042118374036,
                                55.29022857782053
                            ],
                            [
                                -60.139515753033386,
                                55.28400299509278
                            ],
                            [
                                -60.173654751089586,
                                55.242417708202645
                            ],
                            [
                                -60.16966711620639,
                                55.231634823532644
                            ],
                            [
                                -60.17479407864664,
                                55.21991609020414
                            ],
                            [
                                -60.19408118780626,
                                55.1946475355221
                            ],
                            [
                                -60.17064368109007,
                                55.20408762624893
                            ],
                            [
                                -60.1341446616137,
                                55.23558177421286
                            ],
                            [
                                -60.08739172903348,
                                55.24860260211273
                            ],
                            [
                                -60.048207164609785,
                                55.27354564713617
                            ],
                            [
                                -60.02281653632985,
                                55.2765567086525
                            ],
                            [
                                -60.02920488166304,
                                55.26141998833363
                            ],
                            [
                                -60.04234778255407,
                                55.25377024218389
                            ],
                            [
                                -60.0575251990067,
                                55.24725984290299
                            ],
                            [
                                -60.07054602861302,
                                55.23558177421286
                            ],
                            [
                                -60.07616126172125,
                                55.22370026144874
                            ],
                            [
                                -60.08336340692376,
                                55.200751035931305
                            ],
                            [
                                -60.091053841176404,
                                55.18842194432937
                            ],
                            [
                                -60.17593339870174,
                                55.12396881838997
                            ],
                            [
                                -60.18789628943639,
                                55.09906647584624
                            ],
                            [
                                -60.19408118543653,
                                55.09906647584624
                            ],
                            [
                                -60.21686764301125,
                                55.10557689200255
                            ],
                            [
                                -60.25226803303587,
                                55.08653392107119
                            ],
                            [
                                -60.28429114439966,
                                55.054795638811186
                            ],
                            [
                                -60.29710852855099,
                                55.02338288109222
                            ],
                            [
                                -60.286366340257544,
                                55.0287539735106
                            ],
                            [
                                -60.2014054032102,
                                55.08751048441681
                            ],
                            [
                                -60.10757402282987,
                                55.133856511662955
                            ],
                            [
                                -60.09850012960103,
                                55.140082099191496
                            ],
                            [
                                -60.08861243256709,
                                55.1514753251603
                            ],
                            [
                                -60.07551021592601,
                                55.17365142592897
                            ],
                            [
                                -60.04043534919364,
                                55.21857330542365
                            ],
                            [
                                -60.030873172009024,
                                55.2229678330978
                            ],
                            [
                                -60.0208634133557,
                                55.22418854866526
                            ],
                            [
                                -60.016224735236904,
                                55.226914773548
                            ],
                            [
                                -60.022816536612574,
                                55.23558177421286
                            ],
                            [
                                -59.99644934937556,
                                55.24347565572399
                            ],
                            [
                                -59.939198375690566,
                                55.235419021298966
                            ],
                            [
                                -59.91295325309351,
                                55.242417708202645
                            ],
                            [
                                -59.92003333638997,
                                55.25413646870143
                            ],
                            [
                                -59.91828366202891,
                                55.26292553098415
                            ],
                            [
                                -59.909575976746254,
                                55.26841868847904
                            ],
                            [
                                -59.8961482408301,
                                55.27037181166341
                            ],
                            [
                                -59.884999155677654,
                                55.27350495530796
                            ],
                            [
                                -59.87775631853797,
                                55.28086986799482
                            ],
                            [
                                -59.872059699466256,
                                55.289658919942475
                            ],
                            [
                                -59.86571203966526,
                                55.297064513392016
                            ],
                            [
                                -59.84703528598918,
                                55.30988190297874
                            ],
                            [
                                -59.82412676013266,
                                55.32200756020818
                            ],
                            [
                                -59.799672007355106,
                                55.33038972265024
                            ],
                            [
                                -59.77635657536494,
                                55.331854559723794
                            ],
                            [
                                -59.773793093181126,
                                55.316514380441156
                            ],
                            [
                                -59.75743567778513,
                                55.29901764854385
                            ],
                            [
                                -59.76207434821472,
                                55.290269273426425
                            ],
                            [
                                -59.755848761039516,
                                55.28400299509278
                            ],
                            [
                                -59.76207434703945,
                                55.28400299509278
                            ],
                            [
                                -59.75816809604688,
                                55.280707094121155
                            ],
                            [
                                -59.755604623897305,
                                55.27903880975491
                            ],
                            [
                                -59.748402473328355,
                                55.2765567086525
                            ],
                            [
                                -59.734771286281166,
                                55.29222239458614
                            ],
                            [
                                -59.720204229895565,
                                55.27423736980499
                            ],
                            [
                                -59.71642004962437,
                                55.25230540326413
                            ],
                            [
                                -59.7354223257498,
                                55.25608957655029
                            ],
                            [
                                -59.739247201562335,
                                55.24620189310697
                            ],
                            [
                                -59.75584876611115,
                                55.2219099061782
                            ],
                            [
                                -59.74425208235062,
                                55.220811265697776
                            ],
                            [
                                -59.73680578814215,
                                55.2170270753325
                            ],
                            [
                                -59.7337540363053,
                                55.210638739607866
                            ],
                            [
                                -59.73542233391533,
                                55.20148347379554
                            ],
                            [
                                -59.74185136727304,
                                55.19481029153491
                            ],
                            [
                                -59.750111454675995,
                                55.19574615637352
                            ],
                            [
                                -59.76207435191706,
                                55.20148347379554
                            ],
                            [
                                -59.775135874910895,
                                55.197007561782485
                            ],
                            [
                                -59.78087317812456,
                                55.19330475922782
                            ],
                            [
                                -59.785796680170435,
                                55.18842194432937
                            ],
                            [
                                -59.80231685619834,
                                55.17767974544475
                            ],
                            [
                                -59.81883704419813,
                                55.16962311638437
                            ],
                            [
                                -59.84886634080865,
                                55.16404857160873
                            ],
                            [
                                -59.86994381277763,
                                55.15680572856903
                            ],
                            [
                                -59.89122473704203,
                                55.15232981610694
                            ],
                            [
                                -59.93455970132442,
                                55.16181061663117
                            ],
                            [
                                -59.9590958305978,
                                55.1612002592159
                            ],
                            [
                                -59.974476690706,
                                55.15595123643102
                            ],
                            [
                                -59.968169724032165,
                                55.14683665209181
                            ],
                            [
                                -59.9756567055998,
                                55.140082099191496
                            ],
                            [
                                -59.963978643844435,
                                55.11713287770306
                            ],
                            [
                                -59.95128333360539,
                                55.120469471191875
                            ],
                            [
                                -59.93691972653288,
                                55.135321357059446
                            ],
                            [
                                -59.920318161033734,
                                55.14683665209181
                            ],
                            [
                                -59.90949459457447,
                                55.14606354315424
                            ],
                            [
                                -59.89777584255273,
                                55.14158762713324
                            ],
                            [
                                -59.886097785175494,
                                55.13886139336001
                            ],
                            [
                                -59.8661189439147,
                                55.14777252783052
                            ],
                            [
                                -59.86204993525063,
                                55.14085521248899
                            ],
                            [
                                -59.86221269297466,
                                55.1293399089591
                            ],
                            [
                                -59.86571204494757,
                                55.11949290987779
                            ],
                            [
                                -59.799956835740616,
                                55.112738349476594
                            ],
                            [
                                -59.78795325177012,
                                55.11749908655453
                            ],
                            [
                                -59.76512610659765,
                                55.140082099191496
                            ],
                            [
                                -59.75584876003911,
                                55.14683665209181
                            ],
                            [
                                -59.735666469609875,
                                55.15058014422251
                            ],
                            [
                                -59.677072718041686,
                                55.14683665209181
                            ],
                            [
                                -59.67072506244932,
                                55.14500559790476
                            ],
                            [
                                -59.66038977860895,
                                55.13605377921632
                            ],
                            [
                                -59.6522110657611,
                                55.13316477852563
                            ],
                            [
                                -59.64342200292783,
                                55.13353098985832
                            ],
                            [
                                -59.62901770910029,
                                55.13873932919629
                            ],
                            [
                                -59.607655405227014,
                                55.14350007145052
                            ],
                            [
                                -59.56407630334625,
                                55.167914134689134
                            ],
                            [
                                -59.53840084019003,
                                55.17723215438578
                            ],
                            [
                                -59.53612220205844,
                                55.18329499311422
                            ],
                            [
                                -59.536122202616774,
                                55.19806550222812
                            ],
                            [
                                -59.530588345981386,
                                55.21405670996024
                            ],
                            [
                                -59.5178116528818,
                                55.21434153876411
                            ],
                            [
                                -59.5040177107705,
                                55.20575593453549
                            ],
                            [
                                -59.49522864876209,
                                55.1946475355221
                            ],
                            [
                                -59.49364173250371,
                                55.179632883008026
                            ],
                            [
                                -59.49819902287183,
                                55.16693756674378
                            ],
                            [
                                -59.50133216293766,
                                55.15436432887808
                            ],
                            [
                                -59.495228645594985,
                                55.140082099191496
                            ],
                            [
                                -59.46735592619426,
                                55.150742910394506
                            ],
                            [
                                -59.44005286629559,
                                55.15184154359939
                            ],
                            [
                                -59.43004309637148,
                                55.14203521973598
                            ],
                            [
                                -59.454213021934194,
                                55.11949290987779
                            ],
                            [
                                -59.48631751027929,
                                55.10089752455078
                            ],
                            [
                                -59.495228645277194,
                                55.09223053655587
                            ],
                            [
                                -59.51406816281644,
                                55.06724681163208
                            ],
                            [
                                -59.52464759049575,
                                55.0585391309945
                            ],
                            [
                                -59.543039516466095,
                                55.05064524792941
                            ],
                            [
                                -59.5427953768972,
                                55.05182526179405
                            ],
                            [
                                -59.548654752535896,
                                55.05243561507469
                            ],
                            [
                                -59.55695553293067,
                                55.05206940286119
                            ],
                            [
                                -59.56407630046589,
                                55.05064524792941
                            ],
                            [
                                -59.627919074995695,
                                55.0005557309916
                            ],
                            [
                                -59.63923086399187,
                                54.995428657673976
                            ],
                            [
                                -59.645578586431064,
                                54.99571362189404
                            ],
                            [
                                -59.65440828640184,
                                54.997503881596664
                            ],
                            [
                                -59.660796679003305,
                                55.000189520006785
                            ],
                            [
                                -59.65965735598105,
                                55.00287506696223
                            ],
                            [
                                -59.68016513563725,
                                54.98920312714131
                            ],
                            [
                                -59.72252351940505,
                                54.97459534964442
                            ],
                            [
                                -59.73542230098941,
                                54.96808496988032
                            ],
                            [
                                -59.71812896955224,
                                54.9555116527952
                            ],
                            [
                                -59.73200437192294,
                                54.93720126090257
                            ],
                            [
                                -59.75865631623319,
                                54.92064024114162
                            ],
                            [
                                -59.80125885727552,
                                54.9073345812801
                            ],
                            [
                                -59.82778887903522,
                                54.89252353112766
                            ],
                            [
                                -59.85008705792522,
                                54.874579198919406
                            ],
                            [
                                -59.85830638398876,
                                54.85887266866664
                            ],
                            [
                                -59.852772530901966,
                                54.844712513441316
                            ],
                            [
                                -59.84504140332154,
                                54.847520115226914
                            ],
                            [
                                -59.83531649126309,
                                54.85435609724906
                            ],
                            [
                                -59.82412675630469,
                                54.851996159604916
                            ],
                            [
                                -59.82005776055718,
                                54.84080641122302
                            ],
                            [
                                -59.82770751990064,
                                54.830430474064514
                            ],
                            [
                                -59.838490302669854,
                                54.819769474850474
                            ],
                            [
                                -59.84398353478199,
                                54.80731844062171
                            ],
                            [
                                -59.85777749436391,
                                54.789862414919675
                            ],
                            [
                                -59.9476619164651,
                                54.75641511295742
                            ],
                            [
                                -59.92198644830486,
                                54.74323149452828
                            ],
                            [
                                -59.89976959084275,
                                54.74693417098938
                            ],
                            [
                                -59.87832591913512,
                                54.75694396369657
                            ],
                            [
                                -59.843983514095754,
                                54.76593656304229
                            ],
                            [
                                -59.81899981994736,
                                54.78046299006698
                            ],
                            [
                                -59.791981646613436,
                                54.7868107580399
                            ],
                            [
                                -59.79230710723574,
                                54.794378997605406
                            ],
                            [
                                -59.79889892929902,
                                54.804388813976836
                            ],
                            [
                                -59.80308995767127,
                                54.814520544197805
                            ],
                            [
                                -59.80211341111759,
                                54.85301341423618
                            ],
                            [
                                -59.79344646272846,
                                54.875962721744706
                            ],
                            [
                                -59.766672339006554,
                                54.8894717650727
                            ],
                            [
                                -59.7496231516484,
                                54.90399806514161
                            ],
                            [
                                -59.73884023904371,
                                54.90729389169413
                            ],
                            [
                                -59.69884188706057,
                                54.91425194182807
                            ],
                            [
                                -59.69074459923685,
                                54.916937575506374
                            ],
                            [
                                -59.67625893879709,
                                54.9269473747525
                            ],
                            [
                                -59.62555909443437,
                                54.948187658239775
                            ],
                            [
                                -59.447621222747046,
                                55.061957097492225
                            ],
                            [
                                -59.42731686025571,
                                55.06622955750523
                            ],
                            [
                                -59.4135636069133,
                                55.05756256883547
                            ],
                            [
                                -59.413238084539486,
                                55.03021881607416
                            ],
                            [
                                -59.39818274599561,
                                55.039862371991404
                            ],
                            [
                                -59.364857552416765,
                                55.09906647584624
                            ],
                            [
                                -59.30955969805374,
                                55.14683665209181
                            ],
                            [
                                -59.30890866030984,
                                55.15001048863845
                            ],
                            [
                                -59.30955969855544,
                                55.164252017100644
                            ],
                            [
                                -59.29283606253891,
                                55.17755767504625
                            ],
                            [
                                -59.28673254630083,
                                55.18598052656946
                            ],
                            [
                                -59.28294837310684,
                                55.19330475922782
                            ],
                            [
                                -59.278146934198105,
                                55.20042551336559
                            ],
                            [
                                -59.268666149314875,
                                55.20831941165712
                            ],
                            [
                                -59.252268034887265,
                                55.21588776578691
                            ],
                            [
                                -59.232899546589586,
                                55.21991609020414
                            ],
                            [
                                -59.21605383666978,
                                55.21820709131459
                            ],
                            [
                                -59.20718340231037,
                                55.20831941165712
                            ],
                            [
                                -59.218739383922156,
                                55.20197174081892
                            ],
                            [
                                -59.22386633611066,
                                55.19269439518786
                            ],
                            [
                                -59.22419186453537,
                                55.18109773010361
                            ],
                            [
                                -59.22150631633277,
                                55.167914134689134
                            ],
                            [
                                -59.20685787230596,
                                55.177354224564915
                            ],
                            [
                                -59.18854733126126,
                                55.19481029153491
                            ],
                            [
                                -59.17284094745229,
                                55.21332428088118
                            ],
                            [
                                -59.159779425921805,
                                55.23871491084312
                            ],
                            [
                                -59.145619265288,
                                55.231634823532644
                            ],
                            [
                                -59.13158118050372,
                                55.213812559970414
                            ],
                            [
                                -59.12531491173873,
                                55.1946475355221
                            ],
                            [
                                -59.14264889063663,
                                55.154730533255076
                            ],
                            [
                                -59.18236243250687,
                                55.13133372299406
                            ],
                            [
                                -59.22789466308082,
                                55.11408112618832
                            ],
                            [
                                -59.26244055927607,
                                55.09223053655587
                            ],
                            [
                                -59.26805579232195,
                                55.08360423263532
                            ],
                            [
                                -59.276926236521334,
                                55.06549713804994
                            ],
                            [
                                -59.282866990391916,
                                55.058050846775586
                            ],
                            [
                                -59.29308020603289,
                                55.052801823052626
                            ],
                            [
                                -59.317982551161116,
                                55.045762437324576
                            ],
                            [
                                -59.38621985603197,
                                55.004584052064594
                            ],
                            [
                                -59.39281162079308,
                                54.98920312714131
                            ],
                            [
                                -59.38255768361544,
                                54.97801328830968
                            ],
                            [
                                -59.365956134189105,
                                54.98912171164453
                            ],
                            [
                                -59.346424933996836,
                                55.00706614799389
                            ],
                            [
                                -59.32762610612617,
                                55.01654694225437
                            ],
                            [
                                -59.304107225914386,
                                55.01764557482768
                            ],
                            [
                                -59.28221595015666,
                                55.02195872631601
                            ],
                            [
                                -59.26325436101248,
                                55.03034088702533
                            ],
                            [
                                -59.24535071435826,
                                55.04722727970672
                            ],
                            [
                                -59.24193274625727,
                                55.048529364518785
                            ],
                            [
                                -59.23859615770587,
                                55.049261785407225
                            ],
                            [
                                -59.23517818846884,
                                55.05064524792941
                            ],
                            [
                                -59.24083411345396,
                                55.071885482900136
                            ],
                            [
                                -59.22541256236253,
                                55.08405182170164
                            ],
                            [
                                -59.18053138041235,
                                55.09906647584624
                            ],
                            [
                                -59.16954505213583,
                                55.080308337290575
                            ],
                            [
                                -59.15428626287405,
                                55.074286201763535
                            ],
                            [
                                -59.14513098936946,
                                55.08055247674545
                            ],
                            [
                                -59.15257727941167,
                                55.09906647584624
                            ],
                            [
                                -59.14781653831543,
                                55.10846589166753
                            ],
                            [
                                -59.139759894583314,
                                55.11969635516042
                            ],
                            [
                                -59.127919076652766,
                                55.12726471933126
                            ],
                            [
                                -59.11164303319843,
                                55.12571849240018
                            ],
                            [
                                -59.09894772211121,
                                55.11505768825875
                            ],
                            [
                                -59.10171464657529,
                                55.10358307212576
                            ],
                            [
                                -59.1077774719907,
                                55.0914981119634
                            ],
                            [
                                -59.10480709469496,
                                55.078599350384444
                            ],
                            [
                                -59.08092200408013,
                                55.096421617161894
                            ],
                            [
                                -59.07347571284113,
                                55.108384502643005
                            ],
                            [
                                -59.070668095893225,
                                55.129461976750285
                            ],
                            [
                                -59.06407630069816,
                                55.14801666839155
                            ],
                            [
                                -59.047840949673486,
                                55.15949127734184
                            ],
                            [
                                -59.02741451649762,
                                55.1619733729869
                            ],
                            [
                                -59.00796465005535,
                                55.15367259714814
                            ],
                            [
                                -59.00523840885472,
                                55.1464297506698
                            ],
                            [
                                -59.005604621798774,
                                55.13666413161299
                            ],
                            [
                                -59.003895634891656,
                                55.12689850074205
                            ],
                            [
                                -58.99494381591926,
                                55.11949290987779
                            ],
                            [
                                -58.98940996200301,
                                55.12213776604713
                            ],
                            [
                                -58.971180793798325,
                                55.13666413161299
                            ],
                            [
                                -58.96385657558964,
                                55.140082099191496
                            ],
                            [
                                -58.954253709988826,
                                55.131089584977595
                            ],
                            [
                                -58.95824133871069,
                                55.11107005139309
                            ],
                            [
                                -58.9744360016957,
                                55.078599350384444
                            ],
                            [
                                -59.02594967390512,
                                55.019883530808066
                            ],
                            [
                                -59.040882942118685,
                                55.0065778672405
                            ],
                            [
                                -59.04478915268666,
                                54.998846667384086
                            ],
                            [
                                -59.03624421059857,
                                54.995428657673976
                            ],
                            [
                                -59.02953047334571,
                                54.997992397502145
                            ],
                            [
                                -59.01646887900144,
                                55.01109446800308
                            ],
                            [
                                -59.007964648125494,
                                55.01654694225437
                            ],
                            [
                                -58.997954881729356,
                                55.02008698045201
                            ],
                            [
                                -58.99229895689408,
                                55.02081940278564
                            ],
                            [
                                -58.98778235626096,
                                55.019517320528955
                            ],
                            [
                                -58.981271939125456,
                                55.01654694225437
                            ],
                            [
                                -58.98058020713035,
                                55.014024156264334
                            ],
                            [
                                -58.97443602171167,
                                54.99909092696695
                            ],
                            [
                                -58.97252363026688,
                                54.99595787729313
                            ],
                            [
                                -58.96222900004452,
                                54.994452276937785
                            ],
                            [
                                -58.95738686314517,
                                54.99229567072253
                            ],
                            [
                                -58.942697676221755,
                                54.982245095149054
                            ],
                            [
                                -58.90794838234301,
                                54.96527743404573
                            ],
                            [
                                -58.89248608957565,
                                54.95441306675911
                            ],
                            [
                                -58.90855869784275,
                                54.94428126586001
                            ],
                            [
                                -58.94810942660215,
                                54.93598037873477
                            ],
                            [
                                -58.96694908016119,
                                54.92772056113519
                            ],
                            [
                                -58.960804874155244,
                                54.92772056113519
                            ],
                            [
                                -58.97345948744958,
                                54.91893148044814
                            ],
                            [
                                -59.0154516911035,
                                54.89976647323101
                            ],
                            [
                                -59.01545161791316,
                                54.89301176753617
                            ],
                            [
                                -58.97350019970384,
                                54.89130294577508
                            ],
                            [
                                -58.960804807921555,
                                54.89301176753617
                            ],
                            [
                                -58.94029706802185,
                                54.89976647323101
                            ],
                            [
                                -58.936268654587614,
                                54.90436426517403
                            ],
                            [
                                -58.93472239594173,
                                54.91107806172277
                            ],
                            [
                                -58.93431556870997,
                                54.917222417744554
                            ],
                            [
                                -58.93346099454246,
                                54.92027400867421
                            ],
                            [
                                -58.905669722771016,
                                54.92247141443208
                            ],
                            [
                                -58.886708073817594,
                                54.91132220440013
                            ],
                            [
                                -58.8841039345332,
                                54.897813145782386
                            ],
                            [
                                -58.90558833593002,
                                54.89301176753617
                            ],
                            [
                                -58.900461404174386,
                                54.87811923279606
                            ],
                            [
                                -58.90611738054619,
                                54.870917188439385
                            ],
                            [
                                -58.91515057684039,
                                54.86534263077983
                            ],
                            [
                                -58.91978914347167,
                                54.855454721132844
                            ],
                            [
                                -58.913807722282534,
                                54.848211932665976
                            ],
                            [
                                -58.89997314552288,
                                54.84507891337749
                            ],
                            [
                                -58.834136503241695,
                                54.84271877667385
                            ],
                            [
                                -58.82359775586833,
                                54.84454981049402
                            ],
                            [
                                -58.81403558447419,
                                54.85016505185387
                            ],
                            [
                                -58.80736247703536,
                                54.85590249884323
                            ],
                            [
                                -58.7984105465397,
                                54.85777402441163
                            ],
                            [
                                -58.77090414328779,
                                54.846869294391944
                            ],
                            [
                                -58.76475988964681,
                                54.842637426061515
                            ],
                            [
                                -58.76211498420819,
                                54.835435179055644
                            ],
                            [
                                -58.761545426767256,
                                54.82127523375911
                            ],
                            [
                                -58.75829018091518,
                                54.80902743741813
                            ],
                            [
                                -58.75129145250853,
                                54.80292385921134
                            ],
                            [
                                -58.74429280964121,
                                54.804388813976836
                            ],
                            [
                                -58.731800934449765,
                                54.842474724944495
                            ],
                            [
                                -58.71300210717698,
                                54.84983963648206
                            ],
                            [
                                -58.697987368881904,
                                54.8438580067912
                            ],
                            [
                                -58.70010327817751,
                                54.83152895546649
                            ],
                            [
                                -58.681467329353985,
                                54.818549053393205
                            ],
                            [
                                -58.65217033978298,
                                54.80980044673691
                            ],
                            [
                                -58.59772694840703,
                                54.80365617628867
                            ],
                            [
                                -58.51573638850301,
                                54.80365617628867
                            ],
                            [
                                -58.54356846285524,
                                54.79148992229941
                            ],
                            [
                                -58.55508381199338,
                                54.78318924428357
                            ],
                            [
                                -58.562896340847004,
                                54.769476738576316
                            ],
                            [
                                -58.547718810381156,
                                54.771917894993095
                            ],
                            [
                                -58.522206122255184,
                                54.781602154097136
                            ],
                            [
                                -58.50523840020678,
                                54.783758833811945
                            ],
                            [
                                -58.43936113353618,
                                54.77692292216238
                            ],
                            [
                                -58.444203240195726,
                                54.76072822857438
                            ],
                            [
                                -58.43740803312394,
                                54.749986123816804
                            ],
                            [
                                -58.4223525947514,
                                54.7440858540411
                            ],
                            [
                                -58.40217036980812,
                                54.7421735551724
                            ],
                            [
                                -58.38695232677367,
                                54.747382003570415
                            ],
                            [
                                -58.39000400140168,
                                54.75999576368765
                            ],
                            [
                                -58.39818271304347,
                                54.77570214811042
                            ],
                            [
                                -58.398426869515816,
                                54.78998440599736
                            ],
                            [
                                -58.38634198770882,
                                54.79523359307707
                            ],
                            [
                                -58.20352131140129,
                                54.7974307793389
                            ],
                            [
                                -58.19444745650599,
                                54.79523359307707
                            ],
                            [
                                -58.187652092971426,
                                54.79059468027857
                            ],
                            [
                                -58.1852921857583,
                                54.785874875851874
                            ],
                            [
                                -58.18956457126501,
                                54.783758833811945
                            ],
                            [
                                -58.19908612166588,
                                54.777655453990036
                            ],
                            [
                                -58.19009360450709,
                                54.76414633044895
                            ],
                            [
                                -58.17341063700595,
                                54.749986123816804
                            ],
                            [
                                -58.159494587837955,
                                54.7421735551724
                            ],
                            [
                                -58.138498507271464,
                                54.73936596391868
                            ],
                            [
                                -58.02354900770996,
                                54.74274333623127
                            ],
                            [
                                -58.00552323044669,
                                54.73700590509016
                            ],
                            [
                                -58.00865638902692,
                                54.72166577782497
                            ],
                            [
                                -57.992176872272196,
                                54.71678291439937
                            ],
                            [
                                -57.97809816762736,
                                54.72471763266118
                            ],
                            [
                                -57.96275795591,
                                54.736273533901034
                            ],
                            [
                                -57.94286047386464,
                                54.7421735551724
                            ],
                            [
                                -57.864816879309565,
                                54.74494053509733
                            ],
                            [
                                -57.84699458409814,
                                54.73871488830561
                            ],
                            [
                                -57.789540154632405,
                                54.69379300811048
                            ],
                            [
                                -57.78722083613716,
                                54.690253005633004
                            ],
                            [
                                -57.78774978760798,
                                54.68683499379276
                            ],
                            [
                                -57.78726149238386,
                                54.68345768510286
                            ],
                            [
                                -57.782093887180615,
                                54.68003979807662
                            ],
                            [
                                -57.77293861190916,
                                54.67902254033754
                            ],
                            [
                                -57.76622475217126,
                                54.6818301725005
                            ],
                            [
                                -57.76060943316282,
                                54.68561417710021
                            ],
                            [
                                -57.754790837033106,
                                54.687567487653084
                            ],
                            [
                                -57.74437408181081,
                                54.68931697533875
                            ],
                            [
                                -57.73680577447389,
                                54.69163642131026
                            ],
                            [
                                -57.72972578830598,
                                54.6901310801176
                            ],
                            [
                                -57.720692520171866,
                                54.68003979807662
                            ],
                            [
                                -57.727853935092355,
                                54.66331607503065
                            ],
                            [
                                -57.711496544411894,
                                54.64866770040277
                            ],
                            [
                                -57.68590241501135,
                                54.63792540160933
                            ],
                            [
                                -57.667551306476796,
                                54.63344975859845
                            ],
                            [
                                -57.61074787921384,
                                54.639756637135825
                            ],
                            [
                                -57.58031164319159,
                                54.63959379643107
                            ],
                            [
                                -57.5760391319953,
                                54.643174420167725
                            ],
                            [
                                -57.57347573379645,
                                54.647284286414504
                            ],
                            [
                                -57.56749425057874,
                                54.652777370277754
                            ],
                            [
                                -57.56069906324338,
                                54.65753823738122
                            ],
                            [
                                -57.55581627121792,
                                54.659613476363404
                            ],
                            [
                                -57.4864395624739,
                                54.65879950500709
                            ],
                            [
                                -57.449818474364086,
                                54.64935941124588
                            ],
                            [
                                -57.44627852532825,
                                54.62608486139895
                            ],
                            [
                                -57.43663488169589,
                                54.626206745019935
                            ],
                            [
                                -57.42829336026509,
                                54.624619724932295
                            ],
                            [
                                -57.41218011787067,
                                54.61924871422173
                            ],
                            [
                                -57.412180149988345,
                                54.61180249281449
                            ],
                            [
                                -57.417836062036514,
                                54.59772368954963
                            ],
                            [
                                -57.39956615572276,
                                54.59198628066565
                            ],
                            [
                                -57.35350500199369,
                                54.59137602290475
                            ],
                            [
                                -57.35041249198894,
                                54.58942276716858
                            ],
                            [
                                -57.34947664714655,
                                54.58482484241533
                            ],
                            [
                                -57.35008700656105,
                                54.574286123137675
                            ],
                            [
                                -57.35317950366464,
                                54.566758557718614
                            ],
                            [
                                -57.36058505516918,
                                54.564927402523956
                            ],
                            [
                                -57.36961831590067,
                                54.565375115301386
                            ],
                            [
                                -57.37743085862854,
                                54.56464278340532
                            ],
                            [
                                -57.39037031135687,
                                54.560736532816414
                            ],
                            [
                                -57.41698158061424,
                                54.557440508834446
                            ],
                            [
                                -57.43199629796811,
                                54.55719651398442
                            ],
                            [
                                -57.43199618801619,
                                54.55036034526286
                            ],
                            [
                                -57.405140747498244,
                                54.54852935028896
                            ],
                            [
                                -57.38320882638208,
                                54.54136798698947
                            ],
                            [
                                -57.37547764054872,
                                54.52667872004415
                            ],
                            [
                                -57.3910212250015,
                                54.5019390619388
                            ],
                            [
                                -57.411610464207016,
                                54.49131904253332
                            ],
                            [
                                -57.43944254844467,
                                54.48761635494258
                            ],
                            [
                                -57.65977942278432,
                                54.48863352423733
                            ],
                            [
                                -57.70702058311274,
                                54.475287063721076
                            ],
                            [
                                -57.68663488861291,
                                54.46556222856507
                            ],
                            [
                                -57.483021568739815,
                                54.4675966514649
                            ],
                            [
                                -57.45262604099244,
                                54.46788144071064
                            ],
                            [
                                -57.419016138738094,
                                54.46100507414606
                            ],
                            [
                                -57.43667561682971,
                                54.44932695727545
                            ],
                            [
                                -57.44985922191181,
                                54.453314610667505
                            ],
                            [
                                -57.46222901275005,
                                54.4629988552815
                            ],
                            [
                                -57.48407956421246,
                                54.46263257133723
                            ],
                            [
                                -57.500192858721746,
                                54.46381261073133
                            ],
                            [
                                -57.5307511661029,
                                54.45355878781076
                            ],
                            [
                                -57.54185947018522,
                                54.447333003655935
                            ],
                            [
                                -57.519195180861395,
                                54.43463789895163
                            ],
                            [
                                -57.53111727075823,
                                54.42474996935589
                            ],
                            [
                                -57.572905993565925,
                                54.41010150242691
                            ],
                            [
                                -57.587147659039395,
                                54.400498910742805
                            ],
                            [
                                -57.6338598224949,
                                54.38340890516198
                            ],
                            [
                                -57.65172285328004,
                                54.379095911956334
                            ],
                            [
                                -57.67833417725094,
                                54.377427609399966
                            ],
                            [
                                -57.765370213899764,
                                54.38715234341979
                            ],
                            [
                                -57.78465734871409,
                                54.3919131376685
                            ],
                            [
                                -57.79576568260808,
                                54.39207576379934
                            ],
                            [
                                -57.806385893271276,
                                54.38926834285171
                            ],
                            [
                                -57.824208092159054,
                                54.38096742067629
                            ],
                            [
                                -57.836740756495985,
                                54.379095911956334
                            ],
                            [
                                -57.847076015079296,
                                54.379339993175705
                            ],
                            [
                                -57.8545629923373,
                                54.38068276249953
                            ],
                            [
                                -57.86082923953436,
                                54.383734459939674
                            ],
                            [
                                -57.86778718626607,
                                54.38898335518207
                            ],
                            [
                                -57.879058421290765,
                                54.39337804592916
                            ],
                            [
                                -57.89159095281346,
                                54.391791088909734
                            ],
                            [
                                -57.904164229824296,
                                54.388006982438675
                            ],
                            [
                                -58.18614657363926,
                                54.35858787357451
                            ],
                            [
                                -58.18757072906535,
                                54.34446841261914
                            ],
                            [
                                -58.242298989711756,
                                54.32493731042588
                            ],
                            [
                                -58.26130119226802,
                                54.31016664251354
                            ],
                            [
                                -58.22052973002929,
                                54.31273016400891
                            ],
                            [
                                -58.13719641213025,
                                54.33148833570216
                            ],
                            [
                                -58.09740155495633,
                                54.33185468260683
                            ],
                            [
                                -58.115467882325575,
                                54.31932196365256
                            ],
                            [
                                -58.15900628520087,
                                54.30601628263963
                            ],
                            [
                                -58.17935141414792,
                                54.29718669190455
                            ],
                            [
                                -58.194650900554805,
                                54.3034122933758
                            ],
                            [
                                -58.21239167274339,
                                54.30133685899491
                            ],
                            [
                                -58.24762938074563,
                                54.29026931434108
                            ],
                            [
                                -58.242746487673514,
                                54.28327044656571
                            ],
                            [
                                -58.22911537886611,
                                54.26768629615525
                            ],
                            [
                                -58.22716222067335,
                                54.263006864586416
                            ],
                            [
                                -58.23631755209143,
                                54.25621174003771
                            ],
                            [
                                -58.250965933425064,
                                54.25433987626364
                            ],
                            [
                                -58.3248592200016,
                                54.25303791382295
                            ],
                            [
                                -58.468088341286695,
                                54.23362864024243
                            ],
                            [
                                -58.562896278837,
                                54.207749722873416
                            ],
                            [
                                -58.68122306037501,
                                54.15704976638298
                            ],
                            [
                                -58.727406415630355,
                                54.14569740938614
                            ],
                            [
                                -58.87873286244925,
                                54.14728421673662
                            ],
                            [
                                -59.00157630721348,
                                54.120550860906604
                            ],
                            [
                                -59.13084868608156,
                                54.10740778758943
                            ],
                            [
                                -59.15461181831314,
                                54.101874164201654
                            ],
                            [
                                -59.187001033477586,
                                54.086859291682565
                            ],
                            [
                                -59.234242337392715,
                                54.08226150224027
                            ],
                            [
                                -59.26793368140398,
                                54.066717754850394
                            ],
                            [
                                -59.398304890111504,
                                54.0494246971668
                            ],
                            [
                                -59.41950428643074,
                                54.05011612387761
                            ],
                            [
                                -59.51569579558632,
                                54.06378821196408
                            ],
                            [
                                -59.55992596833506,
                                54.05674888319989
                            ],
                            [
                                -59.57966061052774,
                                54.05036041802672
                            ],
                            [
                                -59.58458418640237,
                                54.043890841256996
                            ],
                            [
                                -59.591420123410664,
                                54.043890841256996
                            ],
                            [
                                -59.58299725739237,
                                54.038397646336534
                            ],
                            [
                                -59.53233797107599,
                                54.02680074700409
                            ],
                            [
                                -59.52448487561852,
                                54.02635335118621
                            ],
                            [
                                -59.52236895485022,
                                54.021714607405926
                            ],
                            [
                                -59.522531765020986,
                                54.00535728800359
                            ],
                            [
                                -59.51081294790185,
                                54.001166068330654
                            ],
                            [
                                -59.44123281836895,
                                54.01597715974096
                            ],
                            [
                                -59.30284579459638,
                                54.018377919468016
                            ],
                            [
                                -59.120594878898025,
                                54.05487706755932
                            ],
                            [
                                -58.96422282910408,
                                54.0742862897131
                            ],
                            [
                                -58.81891840269995,
                                54.11522040061221
                            ],
                            [
                                -58.76895094413876,
                                54.12518945356638
                            ],
                            [
                                -58.748768681921774,
                                54.12669504966563
                            ],
                            [
                                -58.69810942968808,
                                54.12437556286186
                            ],
                            [
                                -58.68301348874265,
                                54.128973726605835
                            ],
                            [
                                -58.65269936157338,
                                54.148911879338364
                            ],
                            [
                                -58.57437088981757,
                                54.175604541907646
                            ],
                            [
                                -58.54308018872058,
                                54.19407782881575
                            ],
                            [
                                -58.53416904375523,
                                54.191595704717486
                            ],
                            [
                                -58.52603099948929,
                                54.190863234087416
                            ],
                            [
                                -58.517730321214174,
                                54.191717941766726
                            ],
                            [
                                -58.50902256570025,
                                54.19391505521003
                            ],
                            [
                                -58.496083100367095,
                                54.19358950841416
                            ],
                            [
                                -58.4754939997669,
                                54.195868347621854
                            ],
                            [
                                -58.456044064910564,
                                54.20066964289677
                            ],
                            [
                                -58.43936112285634,
                                54.207749722873416
                            ],
                            [
                                -58.4124650304771,
                                54.23069908020608
                            ],
                            [
                                -58.39488680509174,
                                54.23655824525136
                            ],
                            [
                                -58.371164485032594,
                                54.228216797092344
                            ],
                            [
                                -58.391997844730135,
                                54.21979399887888
                            ],
                            [
                                -58.4105117849861,
                                54.20905169312743
                            ],
                            [
                                -58.426340284053936,
                                54.195990270718255
                            ],
                            [
                                -58.45274822856642,
                                54.16303142707708
                            ],
                            [
                                -58.464100783857454,
                                54.1536727372029
                            ],
                            [
                                -58.50210533738026,
                                54.13947188179515
                            ],
                            [
                                -58.523101379070425,
                                54.12836337536525
                            ],
                            [
                                -58.53551181409051,
                                54.11530175399299
                            ],
                            [
                                -58.54649815934937,
                                54.10057197212481
                            ],
                            [
                                -58.56289623158449,
                                54.08482481881421
                            ],
                            [
                                -58.603504950027606,
                                54.05589414315207
                            ],
                            [
                                -58.6263320964764,
                                54.04429745781287
                            ],
                            [
                                -58.65294347432648,
                                54.036444372263595
                            ],
                            [
                                -58.70543368611146,
                                54.03270083679033
                            ],
                            [
                                -58.858387751134856,
                                54.05011612387761
                            ],
                            [
                                -59.042714034883176,
                                54.03021889792598
                            ],
                            [
                                -59.042714049786454,
                                54.022772639968245
                            ],
                            [
                                -58.91978913388326,
                                54.01597715974096
                            ],
                            [
                                -58.96385650708302,
                                53.978379482240406
                            ],
                            [
                                -58.974517385114936,
                                53.97150300350206
                            ],
                            [
                                -59.00112877226532,
                                53.96373131693834
                            ],
                            [
                                -59.011708170434304,
                                53.957627740772686
                            ],
                            [
                                -59.034331783379784,
                                53.9524599203011
                            ],
                            [
                                -59.102365726694714,
                                53.95311114855338
                            ],
                            [
                                -59.11164300371338,
                                53.947088872967434
                            ],
                            [
                                -59.13414462030978,
                                53.94684470923424
                            ],
                            [
                                -59.216542130078764,
                                53.93073153089593
                            ],
                            [
                                -59.26976484525559,
                                53.91258386593035
                            ],
                            [
                                -59.3021134024069,
                                53.89427316112154
                            ],
                            [
                                -59.34642486806616,
                                53.88536190888518
                            ],
                            [
                                -59.364857560571956,
                                53.87938062090327
                            ],
                            [
                                -59.42711348075143,
                                53.84455001703584
                            ],
                            [
                                -59.4412329215852,
                                53.84467203468477
                            ],
                            [
                                -59.47451744796907,
                                53.82811120712992
                            ],
                            [
                                -59.53164633885032,
                                53.821641448621946
                            ],
                            [
                                -59.6392308734728,
                                53.824164025246894
                            ],
                            [
                                -59.791330515339766,
                                53.84796780450632
                            ],
                            [
                                -59.84398357288726,
                                53.84467203468477
                            ],
                            [
                                -59.86595613144956,
                                53.838975219513635
                            ],
                            [
                                -59.876088079460565,
                                53.8329533147538
                            ],
                            [
                                -59.87877351626984,
                                53.824164025246894
                            ],
                            [
                                -59.86827555082341,
                                53.81757239667167
                            ],
                            [
                                -59.827503987208694,
                                53.81749085214372
                            ],
                            [
                                -59.81395421791244,
                                53.81391019593791
                            ],
                            [
                                -59.80719967002291,
                                53.79844797577164
                            ],
                            [
                                -59.82298739915802,
                                53.79328026892002
                            ],
                            [
                                -59.900013836731496,
                                53.795518369820584
                            ],
                            [
                                -60.00157632065747,
                                53.780096787562314
                            ],
                            [
                                -60.042347764584186,
                                53.765936546820775
                            ],
                            [
                                -60.063710015102004,
                                53.76207087652733
                            ],
                            [
                                -60.082997210162475,
                                53.76434969795156
                            ],
                            [
                                -60.13267979414403,
                                53.78314845794531
                            ],
                            [
                                -60.13003497582431,
                                53.77574293858739
                            ],
                            [
                                -60.12743081361492,
                                53.77399327345685
                            ],
                            [
                                -60.12547768114027,
                                53.77521396106265
                            ],
                            [
                                -60.1251520857948,
                                53.7763531288924
                            ],
                            [
                                -60.10826568281391,
                                53.757676352272036
                            ],
                            [
                                -60.07803297563686,
                                53.73737207228215
                            ],
                            [
                                -60.04417878432201,
                                53.72101460098591
                            ],
                            [
                                -60.01659088518729,
                                53.71430071402719
                            ],
                            [
                                -60.01659102547189,
                                53.708075418036536
                            ],
                            [
                                -60.06920327608105,
                                53.709296011610505
                            ],
                            [
                                -60.09414635349379,
                                53.700384968264096
                            ],
                            [
                                -60.10472578002976,
                                53.67645918638095
                            ],
                            [
                                -60.10798098720906,
                                53.652207879709124
                            ],
                            [
                                -60.112945123205215,
                                53.63422273790677
                            ],
                            [
                                -60.11217196611499,
                                53.617783842580494
                            ],
                            [
                                -60.09850009144969,
                                53.598211903208444
                            ],
                            [
                                -60.082427521101486,
                                53.58213935496522
                            ],
                            [
                                -60.07103432585237,
                                53.56647373496318
                            ],
                            [
                                -60.07408610179003,
                                53.55455157120081
                            ],
                            [
                                -60.10163328636887,
                                53.54979079718438
                            ],
                            [
                                -60.11164297123744,
                                53.54661680087112
                            ],
                            [
                                -60.13003489200522,
                                53.53253801192337
                            ],
                            [
                                -60.13609776979228,
                                53.52936429137222
                            ],
                            [
                                -60.14171300811984,
                                53.531073284354655
                            ],
                            [
                                -60.14460197039142,
                                53.535345673327654
                            ],
                            [
                                -60.14561932314731,
                                53.54096111521366
                            ],
                            [
                                -60.14655508290673,
                                53.55426654650913
                            ],
                            [
                                -60.14915927677588,
                                53.55573144521069
                            ],
                            [
                                -60.15355386959103,
                                53.55499915232928
                            ],
                            [
                                -60.15998283781571,
                                53.55662661380138
                            ],
                            [
                                -60.18309489463121,
                                53.565253077000726
                            ],
                            [
                                -60.22988854790483,
                                53.574896700745825
                            ],
                            [
                                -60.27253175221404,
                                53.59979899252468
                            ],
                            [
                                -60.33873448573975,
                                53.62555569335357
                            ],
                            [
                                -60.35692292009908,
                                53.640692324539145
                            ],
                            [
                                -60.37165278760744,
                                53.65607328554741
                            ],
                            [
                                -60.38853917200106,
                                53.667914088856776
                            ],
                            [
                                -60.43871015836253,
                                53.677191613484155
                            ],
                            [
                                -60.50255294008303,
                                53.708075418036536
                            ],
                            [
                                -60.69127350640504,
                                53.73851133622974
                            ],
                            [
                                -60.736398870060675,
                                53.75792059524699
                            ],
                            [
                                -60.80166588763067,
                                53.77228438678556
                            ],
                            [
                                -60.8212784518429,
                                53.77973053975174
                            ],
                            [
                                -60.84528558358839,
                                53.820786795290985
                            ],
                            [
                                -60.85944576891063,
                                53.83515046188057
                            ],
                            [
                                -60.87930260866113,
                                53.83100021048147
                            ],
                            [
                                -60.863514849861915,
                                53.81541590302661
                            ],
                            [
                                -60.86143953624225,
                                53.79576234395988
                            ],
                            [
                                -60.86925206186309,
                                53.77570217503558
                            ],
                            [
                                -60.88304600245975,
                                53.75865301002839
                            ],
                            [
                                -60.92320711904064,
                                53.739121726622415
                            ],
                            [
                                -60.93431556530651,
                                53.72825756683447
                            ],
                            [
                                -60.92027740721143,
                                53.71430071402719
                            ],
                            [
                                -60.89997306755816,
                                53.71092348149574
                            ],
                            [
                                -60.83527578816175,
                                53.72797260714064
                            ],
                            [
                                -60.80500247179327,
                                53.72589765810988
                            ],
                            [
                                -60.722279502359356,
                                53.708075418036536
                            ],
                            [
                                -60.63670814923921,
                                53.70384351704895
                            ],
                            [
                                -60.441151471199866,
                                53.64606349298948
                            ],
                            [
                                -60.41079662592849,
                                53.62181213270206
                            ],
                            [
                                -60.402943455927215,
                                53.618109373871704
                            ],
                            [
                                -60.37767495942329,
                                53.61505773639789
                            ],
                            [
                                -60.35631266290474,
                                53.607245253919906
                            ],
                            [
                                -60.275746184886216,
                                53.56199771018459
                            ],
                            [
                                -60.25365143680149,
                                53.55426654650913
                            ],
                            [
                                -60.18150800727004,
                                53.54100183027212
                            ],
                            [
                                -60.10163323490093,
                                53.502020508305286
                            ],
                            [
                                -60.07038324402633,
                                53.50861232425091
                            ],
                            [
                                -60.063710120291915,
                                53.50885657496653
                            ],
                            [
                                -60.0497941261749,
                                53.49778891043643
                            ],
                            [
                                -60.041737388853015,
                                53.480169895036674
                            ],
                            [
                                -60.03799394614202,
                                53.45958080046149
                            ],
                            [
                                -60.03709881739433,
                                53.43992759144645
                            ],
                            [
                                -60.05846112130585,
                                53.45160564909603
                            ],
                            [
                                -60.08120684880245,
                                53.459702895726586
                            ],
                            [
                                -60.1058244219977,
                                53.46324305992792
                            ],
                            [
                                -60.13267981367238,
                                53.46104563308079
                            ],
                            [
                                -60.201649615138564,
                                53.44025314693032
                            ],
                            [
                                -60.23363194172757,
                                53.420111346626605
                            ],
                            [
                                -60.28547108725074,
                                53.397202719961996
                            ],
                            [
                                -60.304025876971956,
                                53.39276771143644
                            ],
                            [
                                -60.32819581541687,
                                53.390204269575946
                            ],
                            [
                                -60.34520428313648,
                                53.382391777299084
                            ],
                            [
                                -60.356922986843756,
                                53.369574298141565
                            ],
                            [
                                -60.36538658417718,
                                53.351792837159586
                            ],
                            [
                                -60.38923093991321,
                                53.36461012604995
                            ],
                            [
                                -60.39268959741349,
                                53.36823154400659
                            ],
                            [
                                -60.39708405771131,
                                53.37010314013118
                            ],
                            [
                                -60.40587316043672,
                                53.36603421468754
                            ],
                            [
                                -60.41226154492924,
                                53.35797765153675
                            ],
                            [
                                -60.40982018244229,
                                53.34809004901801
                            ],
                            [
                                -60.397328272183806,
                                53.33991123779034
                            ],
                            [
                                -60.38174392072191,
                                53.33698146360597
                            ],
                            [
                                -60.25959219766831,
                                53.34442768884464
                            ],
                            [
                                -60.20474191973694,
                                53.35455948849474
                            ],
                            [
                                -60.18789634899731,
                                53.351792837159586
                            ],
                            [
                                -60.181263746257784,
                                53.3363710468119
                            ],
                            [
                                -60.20811934050506,
                                53.319769745080826
                            ],
                            [
                                -60.27603105855052,
                                53.296576248489394
                            ],
                            [
                                -60.347157393902144,
                                53.281358218982824
                            ],
                            [
                                -60.42064373472272,
                                53.27545818059043
                            ],
                            [
                                -60.420643711504525,
                                53.26862219426938
                            ],
                            [
                                -60.30211337033158,
                                53.2717958811638
                            ],
                            [
                                -60.24762940144531,
                                53.27997476142525
                            ],
                            [
                                -60.19408118854431,
                                53.296576248489394
                            ],
                            [
                                -60.17577064088002,
                                53.30516185910243
                            ],
                            [
                                -60.1699927086047,
                                53.30548751109577
                            ],
                            [
                                -60.15998292365147,
                                53.30280192245056
                            ],
                            [
                                -60.149891803361015,
                                53.296861221209426
                            ],
                            [
                                -60.131947404146764,
                                53.27916089313027
                            ],
                            [
                                -60.1289770674779,
                                53.27545818059043
                            ],
                            [
                                -60.11538651438803,
                                53.2774111819827
                            ],
                            [
                                -60.10326092931211,
                                53.28314862700026
                            ],
                            [
                                -60.09447175102086,
                                53.292710557716205
                            ],
                            [
                                -60.09105386005866,
                                53.30621983594431
                            ],
                            [
                                -60.139759900214756,
                                53.31565990889246
                            ],
                            [
                                -60.15314695424131,
                                53.323920020819926
                            ],
                            [
                                -60.142648921872514,
                                53.3336856763574
                            ],
                            [
                                -60.13133705939866,
                                53.336778096234596
                            ],
                            [
                                -60.104725723740366,
                                53.33759188225449
                            ],
                            [
                                -60.059681825815986,
                                53.34996177261348
                            ],
                            [
                                -60.04698651785451,
                                53.351792837159586
                            ],
                            [
                                -60.02904212474079,
                                53.358099684817624
                            ],
                            [
                                -59.98599192223905,
                                53.38971574334685
                            ],
                            [
                                -59.971913198620136,
                                53.402695996785944
                            ],
                            [
                                -59.94029700377751,
                                53.42340729353552
                            ],
                            [
                                -59.93712322971894,
                                53.42694744518745
                            ],
                            [
                                -59.928863107605224,
                                53.431708122208654
                            ],
                            [
                                -59.91014559863276,
                                53.45416893190634
                            ],
                            [
                                -59.899281375685305,
                                53.46104563308079
                            ],
                            [
                                -59.891224694400144,
                                53.45750550787566
                            ],
                            [
                                -59.882232285340486,
                                53.44969322495219
                            ],
                            [
                                -59.87490800007728,
                                53.4466006385367
                            ],
                            [
                                -59.87193756915286,
                                53.45734271599848
                            ],
                            [
                                -59.87596596843282,
                                53.468125756484895
                            ],
                            [
                                -59.88267976939338,
                                53.47589742864093
                            ],
                            [
                                -59.88402254110205,
                                53.48216370196814
                            ],
                            [
                                -59.87311757130739,
                                53.48773820048959
                            ],
                            [
                                -59.85488854633465,
                                53.48582606081729
                            ],
                            [
                                -59.83242755282381,
                                53.47850172596226
                            ],
                            [
                                -59.8094376856711,
                                53.47443280242816
                            ],
                            [
                                -59.783802867944345,
                                53.48151277024459
                            ],
                            [
                                -59.783802894533146,
                                53.488348763806094
                            ],
                            [
                                -59.80833895495797,
                                53.494859031286296
                            ],
                            [
                                -59.86070712552933,
                                53.49970116499788
                            ],
                            [
                                -59.882191476265525,
                                53.51255918747125
                            ],
                            [
                                -59.89122474679151,
                                53.53058504423161
                            ],
                            [
                                -59.87946529296186,
                                53.53815337442192
                            ],
                            [
                                -59.85610919719776,
                                53.538763776922686
                            ],
                            [
                                -59.75475008111958,
                                53.52399313100638
                            ],
                            [
                                -59.60724847900212,
                                53.533799497867136
                            ],
                            [
                                -59.558583188169315,
                                53.546983247137646
                            ],
                            [
                                -59.53278563018554,
                                53.54979079718438
                            ],
                            [
                                -59.51109779766903,
                                53.55540601644564
                            ],
                            [
                                -59.48973542137469,
                                53.568792911098264
                            ],
                            [
                                -59.45421298285224,
                                53.598211903208444
                            ],
                            [
                                -59.38927166206112,
                                53.626898605666376
                            ],
                            [
                                -59.378529484795315,
                                53.63548424013918
                            ],
                            [
                                -59.375599764265544,
                                53.64752843989846
                            ],
                            [
                                -59.3678279546725,
                                53.652411253749435
                            ],
                            [
                                -59.344105550951596,
                                53.652818002459114
                            ],
                            [
                                -59.329986146086156,
                                53.65717197150616
                            ],
                            [
                                -59.325673048518446,
                                53.6673039193958
                            ],
                            [
                                -59.3238419275745,
                                53.678778390296415
                            ],
                            [
                                -59.31704662783055,
                                53.68699768189168
                            ],
                            [
                                -59.2951553395882,
                                53.687445247218726
                            ],
                            [
                                -59.269398526778325,
                                53.66535056868391
                            ],
                            [
                                -59.251861196107015,
                                53.67645918638095
                            ],
                            [
                                -59.2435603340678,
                                53.683050812509244
                            ],
                            [
                                -59.231434637130356,
                                53.68907285221896
                            ],
                            [
                                -59.21837312090451,
                                53.69322325850355
                            ],
                            [
                                -59.207183396946924,
                                53.69444407579234
                            ],
                            [
                                -59.20156816037879,
                                53.69078196250337
                            ],
                            [
                                -59.19566811140572,
                                53.683335707121884
                            ],
                            [
                                -59.18789622613814,
                                53.67601133018386
                            ],
                            [
                                -59.176828601591595,
                                53.67271560732296
                            ],
                            [
                                -59.151112422389296,
                                53.674627972619156
                            ],
                            [
                                -59.13825430659214,
                                53.67796447073691
                            ],
                            [
                                -59.1287328949567,
                                53.68357985771099
                            ],
                            [
                                -59.11733967075323,
                                53.68781163878727
                            ],
                            [
                                -59.088449706974075,
                                53.68431231129462
                            ],
                            [
                                -59.07681225303779,
                                53.68699768189168
                            ],
                            [
                                -59.07384189197983,
                                53.69371158451033
                            ],
                            [
                                -59.069325299175254,
                                53.71625391876559
                            ],
                            [
                                -59.066965333088845,
                                53.7211368575824
                            ],
                            [
                                -59.055246538281025,
                                53.720038130486515
                            ],
                            [
                                -59.03429111075995,
                                53.71539940904805
                            ],
                            [
                                -59.02220612026115,
                                53.71430071402719
                            ],
                            [
                                -59.022531736767874,
                                53.72667070674757
                            ],
                            [
                                -59.019886780343604,
                                53.737127854886616
                            ],
                            [
                                -59.0166723868276,
                                53.74485923634592
                            ],
                            [
                                -59.015451565212324,
                                53.74909075725167
                            ],
                            [
                                -59.007964586220126,
                                53.74909075725167
                            ],
                            [
                                -59.028797979377664,
                                53.750677798594396
                            ],
                            [
                                -59.05016033847539,
                                53.75523520310831
                            ],
                            [
                                -59.04454508487118,
                                53.76976153104669
                            ],
                            [
                                -59.04889889743623,
                                53.78180574239792
                            ],
                            [
                                -59.05894937570345,
                                53.79083899205817
                            ],
                            [
                                -59.07066804605594,
                                53.79625060918079
                            ],
                            [
                                -59.05003822287587,
                                53.8132998884969
                            ],
                            [
                                -59.00397704503443,
                                53.829291141737905
                            ],
                            [
                                -58.98468991556284,
                                53.84125398884521
                            ],
                            [
                                -58.968251177716105,
                                53.85411219623807
                            ],
                            [
                                -58.88683015221477,
                                53.89305236120695
                            ],
                            [
                                -58.880238411179924,
                                53.89728424737718
                            ],
                            [
                                -58.87140872910201,
                                53.90611414796292
                            ],
                            [
                                -58.865956217614965,
                                53.91644935641019
                            ],
                            [
                                -58.86070716701198,
                                53.93012117358884
                            ],
                            [
                                -58.85313887295718,
                                53.941962131639364
                            ],
                            [
                                -58.84068759984763,
                                53.947088872967434
                            ],
                            [
                                -58.74852447434018,
                                53.95384334805912
                            ],
                            [
                                -58.65794836736776,
                                53.97284576237806
                            ],
                            [
                                -58.5269669283309,
                                54.01508210289627
                            ],
                            [
                                -58.32274322945322,
                                54.052476170198815
                            ],
                            [
                                -58.3065485916421,
                                54.060370099020616
                            ],
                            [
                                -58.28913333530371,
                                54.066595913840395
                            ],
                            [
                                -58.24063062199238,
                                54.06297426456143
                            ],
                            [
                                -58.22032632896412,
                                54.06378821196408
                            ],
                            [
                                -58.155873165307945,
                                54.09381742745042
                            ],
                            [
                                -58.128081894202396,
                                54.09788658490416
                            ],
                            [
                                -57.81843019483063,
                                54.06610760116311
                            ],
                            [
                                -57.795765767795444,
                                54.07123447129585
                            ],
                            [
                                -57.79556231642496,
                                54.08356357037611
                            ],
                            [
                                -57.819650882441685,
                                54.094305810423734
                            ],
                            [
                                -57.85142985153517,
                                54.101874164201654
                            ],
                            [
                                -57.87458252409002,
                                54.10468178869751
                            ],
                            [
                                -57.95103911805005,
                                54.10126358252105
                            ],
                            [
                                -57.973866378155336,
                                54.10468178869751
                            ],
                            [
                                -58.03783113727832,
                                54.129461882366144
                            ],
                            [
                                -58.150624187365125,
                                54.14057045238409
                            ],
                            [
                                -58.17935143002507,
                                54.13947188179515
                            ],
                            [
                                -58.22581947800401,
                                54.12836337536525
                            ],
                            [
                                -58.248768659292615,
                                54.11920802301376
                            ],
                            [
                                -58.2650040774919,
                                54.10846597430606
                            ],
                            [
                                -58.27367105831285,
                                54.10032793078929
                            ],
                            [
                                -58.28205322509147,
                                54.095038228950415
                            ],
                            [
                                -58.29230709641779,
                                54.0919863979836
                            ],
                            [
                                -58.30654860912312,
                                54.09105047487302
                            ],
                            [
                                -58.321766776046495,
                                54.092840981736906
                            ],
                            [
                                -58.328968820211884,
                                54.09772357639683
                            ],
                            [
                                -58.334461975733866,
                                54.10443742561287
                            ],
                            [
                                -58.34447183328855,
                                54.11212804803228
                            ],
                            [
                                -58.3968399373539,
                                54.12754947120616
                            ],
                            [
                                -58.41551670189193,
                                54.14044824796727
                            ],
                            [
                                -58.4090063665271,
                                54.16303142707708
                            ],
                            [
                                -58.39102131136041,
                                54.18431229093942
                            ],
                            [
                                -58.374867327699064,
                                54.1996524334105
                            ],
                            [
                                -58.356068542512524,
                                54.20958090809164
                            ],
                            [
                                -58.3301489078188,
                                54.214545022145316
                            ],
                            [
                                -58.25230874508177,
                                54.20917394133728
                            ],
                            [
                                -58.24144446119581,
                                54.21832916101806
                            ],
                            [
                                -58.22850507275576,
                                54.23570397044595
                            ],
                            [
                                -58.19888258536427,
                                54.240179690712104
                            ],
                            [
                                -58.108713377785826,
                                54.2333438859207
                            ],
                            [
                                -58.0974014641825,
                                54.228216797092344
                            ],
                            [
                                -58.074818550849315,
                                54.23676191607918
                            ],
                            [
                                -58.04283608053878,
                                54.24095289548657
                            ],
                            [
                                -58.01158604323126,
                                54.239732113960535
                            ],
                            [
                                -57.990956137680456,
                                54.23163473542748
                            ],
                            [
                                -57.9688614048141,
                                54.22007873299101
                            ],
                            [
                                -57.935129374308076,
                                54.21190016007689
                            ],
                            [
                                -57.90094970807367,
                                54.209336727935025
                            ],
                            [
                                -57.877674949696036,
                                54.214545022145316
                            ],
                            [
                                -57.86168377243109,
                                54.20298910344713
                            ],
                            [
                                -57.830718534261855,
                                54.204291041273116
                            ],
                            [
                                -57.767811668666255,
                                54.214545022145316
                            ],
                            [
                                -57.78209386995918,
                                54.207749722873416
                            ],
                            [
                                -57.770253029867995,
                                54.19733301333731
                            ],
                            [
                                -57.748117693492574,
                                54.19578696003976
                            ],
                            [
                                -57.69985922392488,
                                54.200303548199265
                            ],
                            [
                                -57.603382870532364,
                                54.18732315724411
                            ],
                            [
                                -57.60826575252638,
                                54.18219635287086
                            ],
                            [
                                -57.61701412699348,
                                54.16681549698633
                            ],
                            [
                                -57.593251176372874,
                                54.16998947453364
                            ],
                            [
                                -57.570423947569374,
                                54.18121977395997
                            ],
                            [
                                -57.54881750733813,
                                54.18695708809158
                            ],
                            [
                                -57.528879371493474,
                                54.17365145632002
                            ],
                            [
                                -57.466175955742955,
                                54.200303548199265
                            ],
                            [
                                -57.4578752022564,
                                54.19013108293566
                            ],
                            [
                                -57.42902582677257,
                                54.17869696816829
                            ],
                            [
                                -57.390532978285385,
                                54.15403874274121
                            ],
                            [
                                -57.38711497674499,
                                54.14598203328178
                            ],
                            [
                                -57.39850829783,
                                54.13263587480419
                            ],
                            [
                                -57.37718667867434,
                                54.134711059816965
                            ],
                            [
                                -57.35692304412001,
                                54.13947188179515
                            ],
                            [
                                -57.35692301180762,
                                54.13263587480419
                            ],
                            [
                                -57.36538648242872,
                                54.10850649129287
                            ],
                            [
                                -57.342681460323064,
                                54.06732822694141
                            ],
                            [
                                -57.28864493387241,
                                54.0023052940949
                            ],
                            [
                                -57.26203369519362,
                                53.97801349394073
                            ],
                            [
                                -57.24693767815995,
                                53.967474782721176
                            ],
                            [
                                -57.23399814237338,
                                53.961371088654836
                            ],
                            [
                                -57.182932066971944,
                                53.9574648506388
                            ],
                            [
                                -57.158029774117516,
                                53.951117302662304
                            ],
                            [
                                -57.14464274526187,
                                53.934027493514115
                            ],
                            [
                                -57.16368563695761,
                                53.93541078983454
                            ],
                            [
                                -57.182687950598144,
                                53.939398495515135
                            ],
                            [
                                -57.200754366187034,
                                53.93976472717346
                            ],
                            [
                                -57.21694907859941,
                                53.930284040765486
                            ],
                            [
                                -57.222645703093875,
                                53.91535079542096
                            ],
                            [
                                -57.22126213027656,
                                53.89594137872656
                            ],
                            [
                                -57.213449668013034,
                                53.87909575708312
                            ],
                            [
                                -57.1998592484078,
                                53.87193446181699
                            ],
                            [
                                -57.18468181492668,
                                53.86859782000998
                            ],
                            [
                                -57.1446427498626,
                                53.84467203468477
                            ],
                            [
                                -57.12669840351247,
                                53.841131973333695
                            ],
                            [
                                -57.108794773108855,
                                53.83966716094618
                            ],
                            [
                                -57.09170484248379,
                                53.835557273448885
                            ],
                            [
                                -57.075795002644576,
                                53.824164025246894
                            ],
                            [
                                -57.10472570268147,
                                53.823431681327286
                            ],
                            [
                                -57.118519634349965,
                                53.82526270431286
                            ],
                            [
                                -57.1303605473098,
                                53.83100021048147
                            ],
                            [
                                -57.129953577485686,
                                53.826361389558876
                            ],
                            [
                                -57.131337105836245,
                                53.8248966879882
                            ],
                            [
                                -57.13418533686124,
                                53.824815140403075
                            ],
                            [
                                -57.13780672159202,
                                53.824164025246894
                            ],
                            [
                                -57.12124596544342,
                                53.81541590302661
                            ],
                            [
                                -57.10798097777855,
                                53.80406333450704
                            ],
                            [
                                -57.10692292802249,
                                53.79425678819253
                            ],
                            [
                                -57.15013586180467,
                                53.7845319480822
                            ],
                            [
                                -57.15526283418906,
                                53.772040125910515
                            ],
                            [
                                -57.14565993753493,
                                53.75828680229573
                            ],
                            [
                                -57.124134835192486,
                                53.74909075725167
                            ],
                            [
                                -57.124134851750334,
                                53.74164450415145
                            ],
                            [
                                -57.152740023906475,
                                53.73993558343196
                            ],
                            [
                                -57.20327714680095,
                                53.719427799400194
                            ],
                            [
                                -57.255523223887934,
                                53.70880764691618
                            ],
                            [
                                -57.33641518892007,
                                53.67271560732296
                            ],
                            [
                                -57.45710204393242,
                                53.64862707826918
                            ],
                            [
                                -57.51768953596386,
                                53.62579977243447
                            ],
                            [
                                -57.54938716199302,
                                53.590765666017916
                            ],
                            [
                                -57.4973852685261,
                                53.603583180060454
                            ],
                            [
                                -57.44627843261503,
                                53.62555569335357
                            ],
                            [
                                -57.44180248294371,
                                53.617743111738896
                            ],
                            [
                                -57.44196523722672,
                                53.610663019159794
                            ],
                            [
                                -57.44611572565405,
                                53.60423419642635
                            ],
                            [
                                -57.45372470310217,
                                53.598211903208444
                            ],
                            [
                                -57.41901603160731,
                                53.59922912907156
                            ],
                            [
                                -57.399647623246786,
                                53.602525204105305
                            ],
                            [
                                -57.38801022808416,
                                53.60785555353356
                            ],
                            [
                                -57.37702392423114,
                                53.607245253919906
                            ],
                            [
                                -57.33934486001445,
                                53.59044017971919
                            ],
                            [
                                -57.32966065263266,
                                53.584580886453075
                            ],
                            [
                                -57.31777908635798,
                                53.585191116182344
                            ],
                            [
                                -57.32266196403513,
                                53.57282146693533
                            ],
                            [
                                -57.343861524435525,
                                53.54356531766438
                            ],
                            [
                                -57.3198135564546,
                                53.54315816219838
                            ],
                            [
                                -57.3061417477325,
                                53.534491314425715
                            ],
                            [
                                -57.302601742695956,
                                53.51825603742444
                            ],
                            [
                                -57.30915281710839,
                                53.49518467646734
                            ],
                            [
                                -57.324086136616394,
                                53.47455490678736
                            ],
                            [
                                -57.36294508516712,
                                53.448431640764376
                            ],
                            [
                                -57.37743073357102,
                                53.43370176037885
                            ],
                            [
                                -57.36583415785132,
                                53.436468912655904
                            ],
                            [
                                -57.34316979542053,
                                53.44550217144836
                            ],
                            [
                                -57.33307862331945,
                                53.447373859517164
                            ],
                            [
                                -57.319691590234335,
                                53.44525799836749
                            ],
                            [
                                -57.29527744452478,
                                53.43817773981221
                            ],
                            [
                                -57.28115805985151,
                                53.43992759144645
                            ],
                            [
                                -57.28115805028019,
                                53.447373859517164
                            ],
                            [
                                -57.29190020697252,
                                53.46934644930519
                            ],
                            [
                                -57.269154487407036,
                                53.48944746695395
                            ],
                            [
                                -57.16124426001319,
                                53.540228561208394
                            ],
                            [
                                -57.14834557420561,
                                53.54356531766438
                            ],
                            [
                                -57.13536542195108,
                                53.55040123546977
                            ],
                            [
                                -57.13585366057982,
                                53.56346266598664
                            ],
                            [
                                -57.14688064478012,
                                53.57139716327198
                            ],
                            [
                                -57.165760828119836,
                                53.56285218750673
                            ],
                            [
                                -57.13499910825933,
                                53.58283102445836
                            ],
                            [
                                -57.130360428198486,
                                53.587713818892496
                            ],
                            [
                                -57.135243359360125,
                                53.6102970865522
                            ],
                            [
                                -57.13312743078562,
                                53.62103917961929
                            ],
                            [
                                -57.12071690871359,
                                53.62555569335357
                            ],
                            [
                                -57.09854078126797,
                                53.62852602680228
                            ],
                            [
                                -57.07457441617398,
                                53.63694910853855
                            ],
                            [
                                -57.060658305727735,
                                53.64988835676669
                            ],
                            [
                                -57.068959146719465,
                                53.66649004723182
                            ],
                            [
                                -57.03840083444151,
                                53.68565499201509
                            ],
                            [
                                -57.01207440208888,
                                53.70848228171934
                            ],
                            [
                                -56.98346923714343,
                                53.72748451195158
                            ],
                            [
                                -56.946034291310326,
                                53.73541897348749
                            ],
                            [
                                -56.923329212568945,
                                53.73204169385331
                            ],
                            [
                                -56.885853663103646,
                                53.72007888247438
                            ],
                            [
                                -56.86412516181754,
                                53.7211368575824
                            ],
                            [
                                -56.83250897702941,
                                53.73334394577979
                            ],
                            [
                                -56.81505280791187,
                                53.73338438459991
                            ],
                            [
                                -56.79523681577779,
                                53.7211368575824
                            ],
                            [
                                -56.79059816033486,
                                53.73033285671928
                            ],
                            [
                                -56.78429118116406,
                                53.73371010696246
                            ],
                            [
                                -56.77668211181651,
                                53.73248936172436
                            ],
                            [
                                -56.76789297996194,
                                53.72797260714064
                            ],
                            [
                                -56.75723222930129,
                                53.727647210213185
                            ],
                            [
                                -56.74522870393879,
                                53.73334394577979
                            ],
                            [
                                -56.74282793940425,
                                53.74152255072853
                            ],
                            [
                                -56.75426178857972,
                                53.74909075725167
                            ],
                            [
                                -56.71540274842284,
                                53.75230529549642
                            ],
                            [
                                -56.64329993634069,
                                53.71922435612599
                            ],
                            [
                                -56.59601797188124,
                                53.71430071402719
                            ],
                            [
                                -56.596018065662804,
                                53.7211368575824
                            ],
                            [
                                -56.60643464457705,
                                53.72553119557668
                            ],
                            [
                                -56.62336184286175,
                                53.73749433906131
                            ],
                            [
                                -56.6313370001234,
                                53.74164450415145
                            ],
                            [
                                -56.63133698370839,
                                53.74909075725167
                            ],
                            [
                                -56.610259509730476,
                                53.74909075725167
                            ],
                            [
                                -56.61538657286398,
                                53.76512289809556
                            ],
                            [
                                -56.6176651466588,
                                53.7695172733168
                            ],
                            [
                                -56.61025954766162,
                                53.7695172733168
                            ],
                            [
                                -56.59487865043445,
                                53.756577736597954
                            ],
                            [
                                -56.579212993488696,
                                53.760484058951846
                            ],
                            [
                                -56.562814911889696,
                                53.77061596151677
                            ],
                            [
                                -56.54507396449875,
                                53.7763531288924
                            ],
                            [
                                -56.52550215280979,
                                53.77720790411123
                            ],
                            [
                                -56.510406055712295,
                                53.77973053975174
                            ],
                            [
                                -56.47988852522393,
                                53.79002523987171
                            ],
                            [
                                -56.43651278104643,
                                53.767523408538324
                            ],
                            [
                                -56.4240615838928,
                                53.753403887236445
                            ],
                            [
                                -56.439564539268616,
                                53.74164450415145
                            ],
                            [
                                -56.43138594018714,
                                53.738877822987305
                            ],
                            [
                                -56.41161042829478,
                                53.72797260714064
                            ],
                            [
                                -56.42739818185744,
                                53.72162493700085
                            ],
                            [
                                -56.493519693603645,
                                53.7211368575824
                            ],
                            [
                                -56.5440568318204,
                                53.712144408644654
                            ],
                            [
                                -56.57982339042871,
                                53.69786208862187
                            ],
                            [
                                -56.59019936006116,
                                53.68451571846529
                            ],
                            [
                                -56.59601799927987,
                                53.68016177700774
                            ],
                            [
                                -56.606190487450746,
                                53.67865616001991
                            ],
                            [
                                -56.72691804906492,
                                53.68699768189168
                            ],
                            [
                                -56.70909589226785,
                                53.67572676200084
                            ],
                            [
                                -56.632720542177395,
                                53.660345847187386
                            ],
                            [
                                -56.59732012648529,
                                53.64557528503225
                            ],
                            [
                                -56.43114179722559,
                                53.617377166027076
                            ],
                            [
                                -56.39826412803734,
                                53.61786530428881
                            ],
                            [
                                -56.373768705310034,
                                53.62864822602008
                            ],
                            [
                                -56.348622147282555,
                                53.636419872657115
                            ],
                            [
                                -56.314808738381764,
                                53.6298282259738
                            ],
                            [
                                -56.28209384523886,
                                53.61652245335806
                            ],
                            [
                                -56.26016189224785,
                                53.60443752108443
                            ],
                            [
                                -56.28099519822516,
                                53.597479453310974
                            ],
                            [
                                -56.32738200804603,
                                53.6049259431279
                            ],
                            [
                                -56.3501683887917,
                                53.598211903208444
                            ],
                            [
                                -56.33039302124735,
                                53.590765666017916
                            ],
                            [
                                -56.25023356884875,
                                53.584580886453075
                            ],
                            [
                                -56.2223200796839,
                                53.587754543552236
                            ],
                            [
                                -56.18236247023651,
                                53.59943276429989
                            ],
                            [
                                -56.15835523791153,
                                53.598211903208444
                            ],
                            [
                                -56.15001386085059,
                                53.5949162157233
                            ],
                            [
                                -56.14293371105628,
                                53.590399454507065
                            ],
                            [
                                -56.13414466622401,
                                53.58637117259122
                            ],
                            [
                                -56.120513516754585,
                                53.584580886453075
                            ],
                            [
                                -56.05874593870973,
                                53.584580886453075
                            ],
                            [
                                -56.036244336294,
                                53.58043055337681
                            ],
                            [
                                -55.97960366304046,
                                53.54979079718438
                            ],
                            [
                                -55.97960371083119,
                                53.54356531766438
                            ],
                            [
                                -55.983794757880304,
                                53.53986244302865
                            ],
                            [
                                -55.98941002213644,
                                53.53302657245423
                            ],
                            [
                                -55.993885855908665,
                                53.52936429137222
                            ],
                            [
                                -55.9916886421115,
                                53.52610919747892
                            ],
                            [
                                -55.99156646933577,
                                53.52509171542616
                            ],
                            [
                                -55.99071209468314,
                                53.52440024719028
                            ],
                            [
                                -55.986439617630396,
                                53.522528466423
                            ],
                            [
                                -55.99657145244163,
                                53.512315247783874
                            ],
                            [
                                -56.00576732892639,
                                53.50560118567329
                            ],
                            [
                                -56.01549238161736,
                                53.50401453404589
                            ],
                            [
                                -56.02741454525633,
                                53.50885657496653
                            ],
                            [
                                -56.025257877482275,
                                53.51251847824001
                            ],
                            [
                                -56.02122965665251,
                                53.522528466423
                            ],
                            [
                                -56.032541448467676,
                                53.52167384704117
                            ],
                            [
                                -56.043080166348865,
                                53.52220277647636
                            ],
                            [
                                -56.05288648122652,
                                53.52460349000039
                            ],
                            [
                                -56.062163850890265,
                                53.52936429137222
                            ],
                            [
                                -56.05638581700379,
                                53.53034076681819
                            ],
                            [
                                -56.041086432215444,
                                53.53620035151773
                            ],
                            [
                                -56.06969151642834,
                                53.545762393469886
                            ],
                            [
                                -56.19749913613193,
                                53.560288766585394
                            ],
                            [
                                -56.239735503415886,
                                53.56041092368312
                            ],
                            [
                                -56.26349854485891,
                                53.55365641197305
                            ],
                            [
                                -56.240305182358405,
                                53.53620035151773
                            ],
                            [
                                -56.05284584588741,
                                53.47850172596226
                            ],
                            [
                                -56.03066974200861,
                                53.461249126725065
                            ],
                            [
                                -56.03490143796155,
                                53.43370176037885
                            ],
                            [
                                -56.01671300136827,
                                53.43024318937061
                            ],
                            [
                                -55.96593178879603,
                                53.412665148058394
                            ],
                            [
                                -55.965931776751674,
                                53.40643953511079
                            ],
                            [
                                -56.0057266322046,
                                53.394354425218935
                            ],
                            [
                                -56.02476964643651,
                                53.384995802418445
                            ],
                            [
                                -56.04108645620022,
                                53.37164962464923
                            ],
                            [
                                -56.01427161381256,
                                53.3659121765805
                            ],
                            [
                                -55.99282788393478,
                                53.374090786086995
                            ],
                            [
                                -55.97329673717928,
                                53.38788496326783
                            ],
                            [
                                -55.95230057765044,
                                53.398993214543644
                            ],
                            [
                                -55.92467203119754,
                                53.40155676892395
                            ],
                            [
                                -55.9007461633167,
                                53.394354425218935
                            ],
                            [
                                -55.85676028398905,
                                53.37164962464923
                            ],
                            [
                                -55.85676020519355,
                                53.364854200754
                            ],
                            [
                                -55.87401277391472,
                                53.35956440531025
                            ],
                            [
                                -55.89024823264187,
                                53.351792837159586
                            ],
                            [
                                -55.84308840159408,
                                53.351792837159586
                            ],
                            [
                                -55.83088129279437,
                                53.34772365233735
                            ],
                            [
                                -55.81651763871278,
                                53.34039932743908
                            ],
                            [
                                -55.80772860185841,
                                53.333319305948194
                            ],
                            [
                                -55.8120825108244,
                                53.330064250846945
                            ],
                            [
                                -55.89533442532706,
                                53.31574124727229
                            ],
                            [
                                -55.911366360236805,
                                53.309637807475276
                            ],
                            [
                                -55.88988191441817,
                                53.304266555272385
                            ],
                            [
                                -55.8382868711105,
                                53.306463839735706
                            ],
                            [
                                -55.81920327240206,
                                53.29966872843375
                            ],
                            [
                                -55.80821687154723,
                                53.27936420229193
                            ],
                            [
                                -55.82188877916609,
                                53.26666896278992
                            ],
                            [
                                -55.845204257045346,
                                53.25763586769504
                            ],
                            [
                                -55.863596160045574,
                                53.24815501960991
                            ],
                            [
                                -55.81078046453268,
                                53.23375085686001
                            ],
                            [
                                -55.79466716253443,
                                53.23517496575305
                            ],
                            [
                                -55.781483526729055,
                                53.244126692131545
                            ],
                            [
                                -55.777699319487965,
                                53.252752932658815
                            ],
                            [
                                -55.773060684816926,
                                53.259263433894326
                            ],
                            [
                                -55.757435642502806,
                                53.26178612440353
                            ],
                            [
                                -55.74547284109889,
                                53.25560142839906
                            ],
                            [
                                -55.75279701942229,
                                53.24156325283084
                            ],
                            [
                                -55.777251775823316,
                                53.217759549525915
                            ],
                            [
                                -55.79474854656982,
                                53.205756027699934
                            ],
                            [
                                -55.80825757799469,
                                53.20652895315499
                            ],
                            [
                                -55.82274331868915,
                                53.212144331000445
                            ],
                            [
                                -55.843088347065866,
                                53.21466706366234
                            ],
                            [
                                -55.83608965073729,
                                53.20465730018046
                            ],
                            [
                                -55.824452228647566,
                                53.19322326250899
                            ],
                            [
                                -55.81094312860331,
                                53.18382388225274
                            ],
                            [
                                -55.79841067890947,
                                53.179877173551255
                            ],
                            [
                                -55.76789304768188,
                                53.177598407218206
                            ],
                            [
                                -55.76081291249375,
                                53.17352926780405
                            ],
                            [
                                -55.77415936624201,
                                53.166205274544694
                            ],
                            [
                                -55.74689695313345,
                                53.14573805502249
                            ],
                            [
                                -55.80907143195161,
                                53.10541416161687
                            ],
                            [
                                -55.82876547122977,
                                53.09735758469122
                            ],
                            [
                                -55.855946356399805,
                                53.09849667248975
                            ],
                            [
                                -55.91567953232981,
                                53.11631917144852
                            ],
                            [
                                -55.94546465852884,
                                53.11847567679203
                            ],
                            [
                                -55.94546460343432,
                                53.11102926327173
                            ],
                            [
                                -55.9249161153299,
                                53.10956445291124
                            ],
                            [
                                -55.902170378115535,
                                53.10240306452421
                            ],
                            [
                                -55.884022546877766,
                                53.091009735363286
                            ],
                            [
                                -55.87718668055197,
                                53.076849739419686
                            ],
                            [
                                -55.88646404880304,
                                53.053412296698426
                            ],
                            [
                                -55.906402104835365,
                                53.036322235131095
                            ],
                            [
                                -55.93138580943306,
                                53.0258241464209
                            ],
                            [
                                -55.95571855182186,
                                53.02220286206373
                            ],
                            [
                                -55.98204502537579,
                                53.02545801695908
                            ],
                            [
                                -56.03237877623792,
                                53.0395370008309
                            ],
                            [
                                -56.058745884476245,
                                53.04266995842693
                            ],
                            [
                                -56.1651912625569,
                                53.03587486061747
                            ],
                            [
                                -56.1651911476627,
                                53.02842831227481
                            ],
                            [
                                -56.14468337282388,
                                53.02903874714589
                            ],
                            [
                                -56.08202063481695,
                                53.02220286206373
                            ],
                            [
                                -56.09239659056888,
                                53.00910060000249
                            ],
                            [
                                -56.10488850639645,
                                52.996771620765095
                            ],
                            [
                                -56.119740318203355,
                                52.988470666394946
                            ],
                            [
                                -56.13727783559627,
                                52.98749429076831
                            ],
                            [
                                -56.12279215380674,
                                52.973089985252315
                            ],
                            [
                                -56.10952717404625,
                                52.97081132396955
                            ],
                            [
                                -56.09634350411765,
                                52.97691466806169
                            ],
                            [
                                -56.064361091055076,
                                52.99957907631346
                            ],
                            [
                                -56.05113679139508,
                                53.00433978285387
                            ],
                            [
                                -55.94054107889405,
                                52.99461482600074
                            ],
                            [
                                -55.90416423910036,
                                52.98350668498326
                            ],
                            [
                                -55.884022573546424,
                                52.960150420585414
                            ],
                            [
                                -55.89220128454405,
                                52.960150420585414
                            ],
                            [
                                -55.89883373902982,
                                52.95823791166634
                            ],
                            [
                                -55.90489655785196,
                                52.95575579935079
                            ],
                            [
                                -55.911366284885,
                                52.95396543670648
                            ],
                            [
                                -55.888986826841744,
                                52.942735192743335
                            ],
                            [
                                -55.85676016739215,
                                52.93537006421516
                            ],
                            [
                                -55.83478755989259,
                                52.92357004464044
                            ],
                            [
                                -55.843088355174466,
                                52.89935946520029
                            ],
                            [
                                -55.812855644795206,
                                52.87702068184144
                            ],
                            [
                                -55.80483971124151,
                                52.86347091447724
                            ],
                            [
                                -55.80211342484355,
                                52.84068434365188
                            ],
                            [
                                -55.8116349558278,
                                52.830430545100064
                            ],
                            [
                                -55.83324127570623,
                                52.82868058402273
                            ],
                            [
                                -55.87100181789249,
                                52.830430545100064
                            ],
                            [
                                -55.879139715733075,
                                52.8267274637638
                            ],
                            [
                                -55.891468905659245,
                                52.81891516690052
                            ],
                            [
                                -55.897694521483494,
                                52.816758660026
                            ],
                            [
                                -55.90819250831183,
                                52.81574126957662
                            ],
                            [
                                -55.96068276622835,
                                52.81614822515697
                            ],
                            [
                                -55.97838293996878,
                                52.81329986736643
                            ],
                            [
                                -55.9925024418846,
                                52.8069522932975
                            ],
                            [
                                -56.000111508876245,
                                52.79572186536861
                            ],
                            [
                                -55.92503826680667,
                                52.79572186536861
                            ],
                            [
                                -55.946848149980504,
                                52.783799635064256
                            ],
                            [
                                -55.975168416078475,
                                52.77789946290635
                            ],
                            [
                                -56.00401775923379,
                                52.77765546024873
                            ],
                            [
                                -56.027414457647744,
                                52.78266008757978
                            ],
                            [
                                -56.06139081520874,
                                52.79901778449484
                            ],
                            [
                                -56.13727785572562,
                                52.816758660026
                            ],
                            [
                                -56.16246496713284,
                                52.81797922066153
                            ],
                            [
                                -56.15835533088782,
                                52.80463301167383
                            ],
                            [
                                -56.13683022781362,
                                52.786851351390055
                            ],
                            [
                                -56.10997471410774,
                                52.77521387727443
                            ],
                            [
                                -56.059396938758574,
                                52.76569244944933
                            ],
                            [
                                -56.03774980627367,
                                52.75486888719185
                            ],
                            [
                                -56.02122956300511,
                                52.734238866445416
                            ],
                            [
                                -56.027414458998756,
                                52.734238866445416
                            ],
                            [
                                -56.026763413984135,
                                52.72984432624783
                            ],
                            [
                                -56.0250545454213,
                                52.728461129403
                            ],
                            [
                                -56.02448478269397,
                                52.726670531854644
                            ],
                            [
                                -56.02741454016057,
                                52.721258908954084
                            ],
                            [
                                -56.00519773402057,
                                52.720160255070454
                            ],
                            [
                                -55.99087479239476,
                                52.711126993439734
                            ],
                            [
                                -55.979562976838935,
                                52.698675898013406
                            ],
                            [
                                -55.96593177529209,
                                52.68707918112729
                            ],
                            [
                                -55.946522637735036,
                                52.68048748145034
                            ],
                            [
                                -55.92715409380177,
                                52.681219777490334
                            ],
                            [
                                -55.88711504328462,
                                52.68707918112729
                            ],
                            [
                                -55.79841061627625,
                                52.68707918112729
                            ],
                            [
                                -55.77757732571594,
                                52.68109783273558
                            ],
                            [
                                -55.759022533644675,
                                52.65619525024301
                            ],
                            [
                                -55.7394099560533,
                                52.6522891209086
                            ],
                            [
                                -55.74640859199087,
                                52.64280818291119
                            ],
                            [
                                -55.7565812033371,
                                52.63861729955231
                            ],
                            [
                                -55.76842196953914,
                                52.6360943886134
                            ],
                            [
                                -55.780384867332735,
                                52.631821943268015
                            ],
                            [
                                -55.77269442913238,
                                52.63092674236448
                            ],
                            [
                                -55.76065021063021,
                                52.6265730223287
                            ],
                            [
                                -55.753732829511904,
                                52.62498596053234
                            ],
                            [
                                -55.76561441531633,
                                52.61505774928232
                            ],
                            [
                                -55.791005010721555,
                                52.6044375640531
                            ],
                            [
                                -55.802113429011385,
                                52.597723741522266
                            ],
                            [
                                -55.817290819919236,
                                52.613511462117565
                            ],
                            [
                                -55.838978651700344,
                                52.61595288242675
                            ],
                            [
                                -55.88402258632927,
                                52.61139556655447
                            ],
                            [
                                -55.89439857232399,
                                52.61334871224688
                            ],
                            [
                                -55.9041641759002,
                                52.61701077197733
                            ],
                            [
                                -55.91319736885235,
                                52.62205632189148
                            ],
                            [
                                -55.933257618354276,
                                52.63788483840741
                            ],
                            [
                                -55.94029705218445,
                                52.639756688646806
                            ],
                            [
                                -55.947336346072284,
                                52.63873921954537
                            ],
                            [
                                -55.959136558840925,
                                52.639268378275894
                            ],
                            [
                                -56.047678193220634,
                                52.65928783766705
                            ],
                            [
                                -56.0972387377012,
                                52.66217682889273
                            ],
                            [
                                -56.12425692419873,
                                52.64545309863305
                            ],
                            [
                                -56.05272382013577,
                                52.64622643720091
                            ],
                            [
                                -56.01699781328407,
                                52.64154685551649
                            ],
                            [
                                -55.99014233190713,
                                52.628403924028994
                            ],
                            [
                                -55.97813877016012,
                                52.61774316017669
                            ],
                            [
                                -55.97594153430209,
                                52.61359283710025
                            ],
                            [
                                -56.027902794036684,
                                52.59385812860277
                            ],
                            [
                                -56.039906363842995,
                                52.587632519194585
                            ],
                            [
                                -56.04849198205629,
                                52.57721586645821
                            ],
                            [
                                -56.011545388589646,
                                52.576361421637685
                            ],
                            [
                                -55.99624588628357,
                                52.5704206130585
                            ],
                            [
                                -55.9864395959394,
                                52.55670810707441
                            ],
                            [
                                -56.00064040928426,
                                52.55149969663809
                            ],
                            [
                                -56.01695716317739,
                                52.55267976000832
                            ],
                            [
                                -56.06810465158432,
                                52.56891517624204
                            ],
                            [
                                -56.08340410540224,
                                52.570868241107284
                            ],
                            [
                                -56.11709549999421,
                                52.57037993392513
                            ],
                            [
                                -56.21816974793487,
                                52.540269323292335
                            ],
                            [
                                -56.24372312071029,
                                52.54584383924946
                            ],
                            [
                                -56.26707922312723,
                                52.561224658978354
                            ],
                            [
                                -56.29849199983242,
                                52.57261792619969
                            ],
                            [
                                -56.36318927416789,
                                52.58405186420217
                            ],
                            [
                                -56.427316876343646,
                                52.580389751001114
                            ],
                            [
                                -56.44261633797566,
                                52.58746978938481
                            ],
                            [
                                -56.45376541256285,
                                52.59503811554131
                            ],
                            [
                                -56.46751869489745,
                                52.59784579482625
                            ],
                            [
                                -56.50035561623677,
                                52.597723741522266
                            ],
                            [
                                -56.483387803529475,
                                52.592149107091494
                            ],
                            [
                                -56.45006265796658,
                                52.57428626606417
                            ],
                            [
                                -56.428700317955276,
                                52.57037993392513
                            ],
                            [
                                -56.352609806665015,
                                52.56879298267798
                            ],
                            [
                                -56.32970126827235,
                                52.56293358616957
                            ],
                            [
                                -56.28758704744728,
                                52.54466381418278
                            ],
                            [
                                -56.26671300993801,
                                52.53856026594866
                            ],
                            [
                                -56.1630753124419,
                                52.53636299417495
                            ],
                            [
                                -56.15094965231755,
                                52.5393740412258
                            ],
                            [
                                -56.140695736121266,
                                52.54856998312421
                            ],
                            [
                                -56.11729894164186,
                                52.54889553973437
                            ],
                            [
                                -56.075795032303496,
                                52.54242580502729
                            ],
                            [
                                -56.05357823617626,
                                52.54559963602151
                            ],
                            [
                                -56.04063882453404,
                                52.54535559012031
                            ],
                            [
                                -56.03490147436234,
                                52.5393740412258
                            ],
                            [
                                -56.03111734296071,
                                52.532945113736616
                            ],
                            [
                                -56.021962064318494,
                                52.52488846307648
                            ],
                            [
                                -56.01065021416681,
                                52.51801183244559
                            ],
                            [
                                -56.000396284836796,
                                52.51512278171307
                            ],
                            [
                                -55.91136634135277,
                                52.507676502122415
                            ],
                            [
                                -55.8287653954056,
                                52.521958648388726
                            ],
                            [
                                -55.8325089072508,
                                52.516343467163715
                            ],
                            [
                                -55.843088329329014,
                                52.494614939771196
                            ],
                            [
                                -55.76870681241543,
                                52.49921290572681
                            ],
                            [
                                -55.74058994975184,
                                52.49290593815192
                            ],
                            [
                                -55.75861568794563,
                                52.44953033855515
                            ],
                            [
                                -55.72569736888869,
                                52.44700749340731
                            ],
                            [
                                -55.67935136494712,
                                52.44953033855515
                            ],
                            [
                                -55.647572370632325,
                                52.44318262736662
                            ],
                            [
                                -55.64635165849408,
                                52.430161773091
                            ],
                            [
                                -55.66266841574536,
                                52.4039167147942
                            ],
                            [
                                -55.644886844250784,
                                52.392889707270776
                            ],
                            [
                                -55.64476479381759,
                                52.37909580684678
                            ],
                            [
                                -55.65387937088493,
                                52.36505770703434
                            ],
                            [
                                -55.67174230450187,
                                52.35809964787882
                            ],
                            [
                                -55.685902479860374,
                                52.36041902797993
                            ],
                            [
                                -55.70327712713243,
                                52.366766620419995
                            ],
                            [
                                -55.719349764618585,
                                52.37470129860715
                            ],
                            [
                                -55.72948158603596,
                                52.38165927266678
                            ],
                            [
                                -55.744211397723376,
                                52.38727449430499
                            ],
                            [
                                -55.80825764118269,
                                52.38544348547749
                            ],
                            [
                                -55.800200987385885,
                                52.3743350544538
                            ],
                            [
                                -55.774322064965574,
                                52.36143625561817
                            ],
                            [
                                -55.76732337128459,
                                52.350653387662405
                            ],
                            [
                                -55.770985501357224,
                                52.33966710638009
                            ],
                            [
                                -55.78355870726304,
                                52.33869046038064
                            ],
                            [
                                -55.847279436003205,
                                52.34967684824189
                            ],
                            [
                                -55.91730711512113,
                                52.37274816065362
                            ],
                            [
                                -55.978098080866154,
                                52.38214745822987
                            ],
                            [
                                -56.16909743963852,
                                52.44371160911779
                            ],
                            [
                                -56.19871988990428,
                                52.44684487201541
                            ],
                            [
                                -56.18626869951329,
                                52.43003981672583
                            ],
                            [
                                -56.16510983531901,
                                52.41657136825973
                            ],
                            [
                                -56.11681068377851,
                                52.39903393895501
                            ],
                            [
                                -56.02538000249507,
                                52.39191313101921
                            ],
                            [
                                -55.994943842850404,
                                52.37693926179092
                            ],
                            [
                                -55.972238764723,
                                52.37299232153221
                            ],
                            [
                                -55.962513804096766,
                                52.36774323817591
                            ],
                            [
                                -55.95148677580929,
                                52.35150786332528
                            ],
                            [
                                -55.9438370330101,
                                52.346380903826876
                            ],
                            [
                                -55.82258051362696,
                                52.33018621993756
                            ],
                            [
                                -55.822580565339685,
                                52.32269936124369
                            ],
                            [
                                -55.841704869918935,
                                52.31671781289534
                            ],
                            [
                                -55.856760200753016,
                                52.30963771722565
                            ],
                            [
                                -55.85676024454063,
                                52.30345292410185
                            ],
                            [
                                -55.8433325091266,
                                52.304999144821636
                            ],
                            [
                                -55.8314103149575,
                                52.307684704399655
                            ],
                            [
                                -55.820057769290486,
                                52.30821366321957
                            ],
                            [
                                -55.80825764051931,
                                52.30345292410185
                            ],
                            [
                                -55.81240798273433,
                                52.3013776144893
                            ],
                            [
                                -55.81346595195774,
                                52.301133535559515
                            ],
                            [
                                -55.81362869816176,
                                52.30023832043027
                            ],
                            [
                                -55.81578526567442,
                                52.29600653065894
                            ],
                            [
                                -55.788685659677654,
                                52.29730862296636
                            ],
                            [
                                -55.78038487468729,
                                52.29600653065894
                            ],
                            [
                                -55.77521727378772,
                                52.29254796979007
                            ],
                            [
                                -55.77318277264679,
                                52.28400305913834
                            ],
                            [
                                -55.767323380413025,
                                52.28180575295468
                            ],
                            [
                                -55.75145426387006,
                                52.283026510682994
                            ],
                            [
                                -55.72484292517092,
                                52.29344315272847
                            ],
                            [
                                -55.709339952713165,
                                52.29600653065894
                            ],
                            [
                                -55.70677649142047,
                                52.29169341631136
                            ],
                            [
                                -55.715809673370366,
                                52.28204980983398
                            ],
                            [
                                -55.73009189994652,
                                52.27244694617375
                            ],
                            [
                                -55.74315344142842,
                                52.26813383599004
                            ],
                            [
                                -55.75853432677948,
                                52.26670974449687
                            ],
                            [
                                -55.77403723499417,
                                52.26215240165183
                            ],
                            [
                                -55.78693599670612,
                                52.253770236645074
                            ],
                            [
                                -55.79466712245612,
                                52.24079010939971
                            ],
                            [
                                -55.77065992642805,
                                52.24351626459707
                            ],
                            [
                                -55.72850501721533,
                                52.25438061318453
                            ],
                            [
                                -55.705922026599566,
                                52.25507238581834
                            ],
                            [
                                -55.686756941934284,
                                52.25006739606451
                            ],
                            [
                                -55.616525826001606,
                                52.22032293947197
                            ],
                            [
                                -55.6381730098916,
                                52.21312090270707
                            ],
                            [
                                -55.660511837501055,
                                52.213812542406615
                            ],
                            [
                                -55.70592198497106,
                                52.22032293947197
                            ],
                            [
                                -55.72911538426299,
                                52.21417882540679
                            ],
                            [
                                -55.741444468096255,
                                52.212347730243
                            ],
                            [
                                -55.74689694813167,
                                52.21662020535567
                            ],
                            [
                                -55.751210114329844,
                                52.224798951877375
                            ],
                            [
                                -55.76134195401758,
                                52.22223548449246
                            ],
                            [
                                -55.772613071031635,
                                52.214300815345936
                            ],
                            [
                                -55.78038492390096,
                                52.2066511765719
                            ],
                            [
                                -55.759103983107074,
                                52.204535253659095
                            ],
                            [
                                -55.717437273946224,
                                52.18817773160732
                            ],
                            [
                                -55.69225015570467,
                                52.18614335858158
                            ],
                            [
                                -55.70287021711287,
                                52.160833984255774
                            ],
                            [
                                -55.706613759912514,
                                52.14598222010451
                            ],
                            [
                                -55.70132400599412,
                                52.13267645907755
                            ],
                            [
                                -55.684803846908395,
                                52.11168042223537
                            ],
                            [
                                -55.71206621822611,
                                52.0906436413373
                            ],
                            [
                                -55.74193274856682,
                                52.08934154503105
                            ],
                            [
                                -55.77253168487512,
                                52.0922304887468
                            ],
                            [
                                -55.80211339898685,
                                52.083726275799464
                            ],
                            [
                                -55.79161535166832,
                                52.074571002036734
                            ],
                            [
                                -55.761138459032,
                                52.056463894099466
                            ],
                            [
                                -55.785267697865066,
                                52.03497953751165
                            ],
                            [
                                -55.81012938147473,
                                52.02252843516426
                            ],
                            [
                                -55.86359614619121,
                                52.008042682233494
                            ],
                            [
                                -55.887440551598516,
                                52.006903369603464
                            ],
                            [
                                -55.93578039110732,
                                52.02045316408507
                            ],
                            [
                                -55.965931752560635,
                                52.02167385408934
                            ],
                            [
                                -55.94839435576642,
                                52.00828689975497
                            ],
                            [
                                -55.90607660139839,
                                51.98289616579221
                            ],
                            [
                                -55.897694469578994,
                                51.970445064775305
                            ],
                            [
                                -55.9029841689516,
                                51.94953031733896
                            ],
                            [
                                -55.916411923681906,
                                51.93500399816057
                            ],
                            [
                                -55.93419347715648,
                                51.92523832010259
                            ],
                            [
                                -56.017648894848854,
                                51.90062084170674
                            ],
                            [
                                -56.03799392906573,
                                51.89813870385241
                            ],
                            [
                                -56.046009927992664,
                                51.8945173976476
                            ],
                            [
                                -56.081206842138606,
                                51.87055086480503
                            ],
                            [
                                -56.11681067931064,
                                51.86399974979059
                            ],
                            [
                                -56.12364659986446,
                                51.86005276873625
                            ],
                            [
                                -56.144764802292805,
                                51.843573366179726
                            ],
                            [
                                -56.1684464001832,
                                51.831488306062596
                            ],
                            [
                                -56.17516025659725,
                                51.826768226787486
                            ],
                            [
                                -56.192290832729164,
                                51.8107364273274
                            ],
                            [
                                -56.21092689421255,
                                51.797186607986156
                            ],
                            [
                                -56.23289953911119,
                                51.78729888584214
                            ],
                            [
                                -56.26016191570043,
                                51.782090568357866
                            ],
                            [
                                -56.33788001470416,
                                51.782090568357866
                            ],
                            [
                                -56.350168413869895,
                                51.7786725691859
                            ],
                            [
                                -56.35765539144981,
                                51.76264066483489
                            ],
                            [
                                -56.37531488423754,
                                51.74835841009996
                            ],
                            [
                                -56.39574135436059,
                                51.738023212783744
                            ],
                            [
                                -56.41161048382801,
                                51.73371003465242
                            ],
                            [
                                -56.437611439599294,
                                51.7443301041048
                            ],
                            [
                                -56.45274817601134,
                                51.742905992026806
                            ],
                            [
                                -56.459380649894804,
                                51.72345609118799
                            ],
                            [
                                -56.46422280010441,
                                51.7145857121699
                            ],
                            [
                                -56.47565668276076,
                                51.705796564692875
                            ],
                            [
                                -56.57896888523183,
                                51.657416097657546
                            ],
                            [
                                -56.60338292655749,
                                51.651719431687106
                            ],
                            [
                                -56.668568473539715,
                                51.651719431687106
                            ],
                            [
                                -56.68248451218762,
                                51.64813875822915
                            ],
                            [
                                -56.6878555685612,
                                51.63865787584377
                            ],
                            [
                                -56.69277911792609,
                                51.61078526280078
                            ],
                            [
                                -56.7000626235481,
                                51.58685942917036
                            ],
                            [
                                -56.7075903059644,
                                51.57941316939177
                            ],
                            [
                                -56.736805778323976,
                                51.57444892546971
                            ],
                            [
                                -56.749826603554695,
                                51.56895574083791
                            ],
                            [
                                -56.76060948809824,
                                51.562079131583744
                            ],
                            [
                                -56.7678930298685,
                                51.555528054630955
                            ],
                            [
                                -56.767893063028026,
                                51.5493839266805
                            ],
                            [
                                -56.77733315795148,
                                51.537543085330206
                            ],
                            [
                                -56.796945774044865,
                                51.53229402858477
                            ],
                            [
                                -56.810536234411394,
                                51.52680078305464
                            ],
                            [
                                -56.802072723947234,
                                51.51459382629796
                            ],
                            [
                                -56.825347429860976,
                                51.48997623296914
                            ],
                            [
                                -56.85973062215715,
                                51.47565344393021
                            ],
                            [
                                -56.89610753029046,
                                51.47724025322918
                            ],
                            [
                                -56.92552651410488,
                                51.500921984576536
                            ],
                            [
                                -56.95287026431985,
                                51.47361892510653
                            ],
                            [
                                -56.94139566982556,
                                51.460557436292554
                            ],
                            [
                                -56.94090732847657,
                                51.44660058815722
                            ],
                            [
                                -56.949859198346,
                                51.434068146592736
                            ],
                            [
                                -56.96654209769013,
                                51.42523829306343
                            ],
                            [
                                -56.98717199397759,
                                51.42279691838558
                            ],
                            [
                                -57.02928627905493,
                                51.424994248151535
                            ],
                            [
                                -57.04845128757826,
                                51.41901273040558
                            ],
                            [
                                -57.056752074265006,
                                51.42784249680096
                            ],
                            [
                                -57.068226709853896,
                                51.426865995000725
                            ],
                            [
                                -57.08283444287055,
                                51.42194245910487
                            ],
                            [
                                -57.10033117056602,
                                51.41901273040558
                            ]
                        ]
                    ],
                    [
                        [
                            [
                                -64.51924527925445,
                                60.319325582421456
                            ],
                            [
                                -64.51913122957404,
                                60.31947093060613
                            ],
                            [
                                -64.51241329391685,
                                60.342466942507855
                            ],
                            [
                                -64.49021825638368,
                                60.3612254727408
                            ],
                            [
                                -64.46022008732844,
                                60.3703721991783
                            ],
                            [
                                -64.43236397343696,
                                60.37274608876016
                            ],
                            [
                                -64.43590248086856,
                                60.36810945480419
                            ],
                            [
                                -64.44220942917133,
                                60.36347075400641
                            ],
                            [
                                -64.46324621577557,
                                60.355047907245826
                            ],
                            [
                                -64.46690832235635,
                                60.35130441330923
                            ],
                            [
                                -64.46930904724204,
                                60.34796783813971
                            ],
                            [
                                -64.47215736414195,
                                60.34479402524865
                            ],
                            [
                                -64.47744706618148,
                                60.341376039414
                            ],
                            [
                                -64.47744707076441,
                                60.33392975787166
                            ],
                            [
                                -64.44786536889521,
                                60.31415437197404
                            ],
                            [
                                -64.43415279711068,
                                60.30170318892109
                            ],
                            [
                                -64.42666581315368,
                                60.28620025246791
                            ],
                            [
                                -64.47183183664319,
                                60.30145905467654
                            ],
                            [
                                -64.51924527925445,
                                60.319325582421456
                            ]
                        ]
                    ],
                    [
                        [
                            [
                                -57.87144928317227,
                                54.817857029395824
                            ],
                            [
                                -57.8770239326667,
                                54.82965737840282
                            ],
                            [
                                -57.87047285121607,
                                54.83405196035348
                            ],
                            [
                                -57.8574112755127,
                                54.832017348053164
                            ],
                            [
                                -57.84357666678998,
                                54.82469318364205
                            ],
                            [
                                -57.857248513321565,
                                54.803371509522634
                            ],
                            [
                                -57.8819881175804,
                                54.795843884676444
                            ],
                            [
                                -57.93293211829245,
                                54.7974307793389
                            ],
                            [
                                -57.956125381604735,
                                54.792140865722565
                            ],
                            [
                                -58.00023345367962,
                                54.766099196810714
                            ],
                            [
                                -58.02228756735381,
                                54.75641511295742
                            ],
                            [
                                -58.05329339837031,
                                54.753078464856905
                            ],
                            [
                                -58.157093884706285,
                                54.76386140680757
                            ],
                            [
                                -58.1682023327407,
                                54.76780844823535
                            ],
                            [
                                -58.17625886030662,
                                54.775335885698375
                            ],
                            [
                                -58.17935143568199,
                                54.7868107580399
                            ],
                            [
                                -58.17955475120685,
                                54.801458916053946
                            ],
                            [
                                -58.181629985883056,
                                54.806301120044715
                            ],
                            [
                                -58.187855578702326,
                                54.809149441140114
                            ],
                            [
                                -58.200428774803726,
                                54.817857029395824
                            ],
                            [
                                -58.213246299513564,
                                54.83246506887269
                            ],
                            [
                                -58.22524980411448,
                                54.85301341423618
                            ],
                            [
                                -58.22736570188079,
                                54.87140536754295
                            ],
                            [
                                -58.21035729274766,
                                54.879340048554255
                            ],
                            [
                                -58.19977782428433,
                                54.87616613512025
                            ],
                            [
                                -58.18472245775726,
                                54.86200592237412
                            ],
                            [
                                -58.1758926486755,
                                54.85887266866664
                            ],
                            [
                                -58.16380780569433,
                                54.861517768176626
                            ],
                            [
                                -58.1425675339257,
                                54.87449783424342
                            ],
                            [
                                -58.13149987065725,
                                54.879340048554255
                            ],
                            [
                                -58.11986241442649,
                                54.88043850360141
                            ],
                            [
                                -58.095570430338604,
                                54.87840401492017
                            ],
                            [
                                -58.08372968760245,
                                54.879340048554255
                            ],
                            [
                                -58.07315021843102,
                                54.88410070346029
                            ],
                            [
                                -58.055897575570846,
                                54.89716214719975
                            ],
                            [
                                -58.04621340704373,
                                54.89980716115108
                            ],
                            [
                                -58.02415929894989,
                                54.90314360123577
                            ],
                            [
                                -57.98241127809831,
                                54.91754795227181
                            ],
                            [
                                -57.95962473392973,
                                54.92031470113451
                            ],
                            [
                                -57.95140540940902,
                                54.92275626525146
                            ],
                            [
                                -57.94530189072768,
                                54.926581129707586
                            ],
                            [
                                -57.94131421871059,
                                54.92560447982569
                            ],
                            [
                                -57.93871003986607,
                                54.8939882442406
                            ],
                            [
                                -57.94652258992545,
                                54.88690826984592
                            ],
                            [
                                -57.95954342394393,
                                54.88446686388414
                            ],
                            [
                                -57.97386640647648,
                                54.879340048554255
                            ],
                            [
                                -57.98180098583562,
                                54.87079514386565
                            ],
                            [
                                -57.98794518531214,
                                54.84955489850278
                            ],
                            [
                                -57.994374162705675,
                                54.8383243060986
                            ],
                            [
                                -57.994374112668275,
                                54.83152895546649
                            ],
                            [
                                -57.985462984560385,
                                54.82713443357873
                            ],
                            [
                                -57.98143470896891,
                                54.820786869585916
                            ],
                            [
                                -57.9822484564547,
                                54.81281149660041
                            ],
                            [
                                -57.98753814712128,
                                54.80365617628867
                            ],
                            [
                                -57.96947177202974,
                                54.80634178734321
                            ],
                            [
                                -57.939198401183276,
                                54.827541470581195
                            ],
                            [
                                -57.92951418814343,
                                54.82811119679197
                            ],
                            [
                                -57.917714026035874,
                                54.81810136631461
                            ],
                            [
                                -57.90184485807939,
                                54.80906810531653
                            ],
                            [
                                -57.885243365082175,
                                54.80707443567556
                            ],
                            [
                                -57.87144928317227,
                                54.817857029395824
                            ]
                        ]
                    ],
                    [
                        [
                            [
                                -60.74901284421684,
                                55.93451572890702
                            ],
                            [
                                -60.752837705157546,
                                55.91844312243625
                            ],
                            [
                                -60.73534095238184,
                                55.91885000657755
                            ],
                            [
                                -60.70921790661657,
                                55.92544180595219
                            ],
                            [
                                -60.68757077914706,
                                55.9282901293565
                            ],
                            [
                                -60.708973767842835,
                                55.90395743523791
                            ],
                            [
                                -60.744943827097195,
                                55.88690829518658
                            ],
                            [
                                -60.86514237088905,
                                55.86587146466397
                            ],
                            [
                                -60.88927162569512,
                                55.8657901284494
                            ],
                            [
                                -60.89981036103527,
                                55.876776453254465
                            ],
                            [
                                -60.888905390112335,
                                55.88589099327467
                            ],
                            [
                                -60.863881009102656,
                                55.88841384258129
                            ],
                            [
                                -60.81786049678087,
                                55.88670485031125
                            ],
                            [
                                -60.817860487498024,
                                55.89288972847932
                            ],
                            [
                                -60.85415607224037,
                                55.90005120900229
                            ],
                            [
                                -60.86978106405689,
                                55.907782313289886
                            ],
                            [
                                -60.8793025502701,
                                55.92084384052331
                            ],
                            [
                                -60.88003496261468,
                                55.93528880901084
                            ],
                            [
                                -60.874012840966614,
                                55.947821386591315
                            ],
                            [
                                -60.863758931756415,
                                55.95697665635487
                            ],
                            [
                                -60.85204017261236,
                                55.9618594508372
                            ],
                            [
                                -60.827626095281666,
                                55.949855840449985
                            ],
                            [
                                -60.80272375656768,
                                55.94623443157959
                            ],
                            [
                                -60.74217688967752,
                                55.948187572141286
                            ],
                            [
                                -60.74669348027077,
                                55.93781157423612
                            ],
                            [
                                -60.74901284421684,
                                55.93451572890702
                            ]
                        ]
                    ],
                    [
                        [
                            [
                                -61.009673650436234,
                                56.04376865715721
                            ],
                            [
                                -61.0096736431444,
                                56.03754305725544
                            ],
                            [
                                -60.95750892280202,
                                56.026109126169395
                            ],
                            [
                                -60.94066321011178,
                                56.01894764866212
                            ],
                            [
                                -60.955067491738625,
                                56.01019924729469
                            ],
                            [
                                -60.96678626321275,
                                56.00922272531653
                            ],
                            [
                                -61.00275633466863,
                                56.00991449445312
                            ],
                            [
                                -61.174143015138505,
                                56.03241604902082
                            ],
                            [
                                -61.20148680149423,
                                56.04376865715721
                            ],
                            [
                                -61.217030409315306,
                                56.05792878999805
                            ],
                            [
                                -61.23131262128957,
                                56.08014556036371
                            ],
                            [
                                -61.232329886500544,
                                56.09979890353897
                            ],
                            [
                                -61.20832270356988,
                                56.10643135082085
                            ],
                            [
                                -61.20832273387739,
                                56.09902580934033
                            ],
                            [
                                -61.2157283328791,
                                56.09902580934033
                            ],
                            [
                                -61.215728337317685,
                                56.09218988077012
                            ],
                            [
                                -61.20067296082997,
                                56.08307522369583
                            ],
                            [
                                -61.184478310424105,
                                56.08299386570954
                            ],
                            [
                                -61.14683999129705,
                                56.09218988077012
                            ],
                            [
                                -61.15269935763551,
                                56.102850671303784
                            ],
                            [
                                -61.161447710841664,
                                56.10492583060653
                            ],
                            [
                                -61.17137608550477,
                                56.100531278077064
                            ],
                            [
                                -61.18101967930729,
                                56.09218988077012
                            ],
                            [
                                -61.1883845576571,
                                56.10785551446857
                            ],
                            [
                                -61.171945771500376,
                                56.11493562254372
                            ],
                            [
                                -61.13377846511496,
                                56.119452244709215
                            ],
                            [
                                -61.13158120329739,
                                56.12759027264682
                            ],
                            [
                                -61.133656383038954,
                                56.139064853667776
                            ],
                            [
                                -61.13312742129386,
                                56.149156017231164
                            ],
                            [
                                -61.12295489131959,
                                56.1536319206892
                            ],
                            [
                                -61.11180580129594,
                                56.15420158074886
                            ],
                            [
                                -61.10383052139905,
                                56.15692777997597
                            ],
                            [
                                -61.09923255631967,
                                56.163316158098546
                            ],
                            [
                                -61.098459450428926,
                                56.174709398689714
                            ],
                            [
                                -61.08287513100678,
                                56.17007070880997
                            ],
                            [
                                -61.07852130739716,
                                56.167914166830116
                            ],
                            [
                                -61.04381264685492,
                                56.161078225927014
                            ],
                            [
                                -61.043812638307536,
                                56.1536319206892
                            ],
                            [
                                -61.065052850360374,
                                56.144964885081215
                            ],
                            [
                                -61.065581816326265,
                                56.13495510950628
                            ],
                            [
                                -61.053578249756065,
                                56.12579986393007
                            ],
                            [
                                -61.03697670709106,
                                56.119452244709215
                            ],
                            [
                                -60.961415147107104,
                                56.10480373818957
                            ],
                            [
                                -60.9407853042354,
                                56.09218988077012
                            ],
                            [
                                -60.953846828548464,
                                56.08954502626838
                            ],
                            [
                                -60.95929927445569,
                                56.08299386570954
                            ],
                            [
                                -60.96239174253471,
                                56.074164151996186
                            ],
                            [
                                -60.96865799456548,
                                56.06484607228512
                            ],
                            [
                                -60.976796029204124,
                                56.058335681296825
                            ],
                            [
                                -60.98656164198575,
                                56.05247628299335
                            ],
                            [
                                -60.99754797228815,
                                56.047552785385484
                            ],
                            [
                                -61.009673650436234,
                                56.04376865715721
                            ]
                        ]
                    ],
                    [
                        [
                            [
                                -61.41372637503137,
                                56.37335848296534
                            ],
                            [
                                -61.42194577531701,
                                56.3631045746254
                            ],
                            [
                                -61.45299233574866,
                                56.357367290210746
                            ],
                            [
                                -61.46214761204798,
                                56.3454044054135
                            ],
                            [
                                -61.44904540567552,
                                56.343654743876016
                            ],
                            [
                                -61.426828561706614,
                                56.334418001609805
                            ],
                            [
                                -61.41372638032561,
                                56.332342867938564
                            ],
                            [
                                -61.413726344819274,
                                56.32558824316439
                            ],
                            [
                                -61.462147584653735,
                                56.318752335951366
                            ],
                            [
                                -61.475900842225776,
                                56.31879303078697
                            ],
                            [
                                -61.49787348851642,
                                56.32355375267421
                            ],
                            [
                                -61.59699457609336,
                                56.333237987554135
                            ],
                            [
                                -61.70872966185033,
                                56.363267396389055
                            ],
                            [
                                -61.72964434407782,
                                56.37335848296534
                            ],
                            [
                                -61.747181744507294,
                                56.39386623039641
                            ],
                            [
                                -61.756418426495195,
                                56.400620839658046
                            ],
                            [
                                -61.76744542514108,
                                56.4047711945378
                            ],
                            [
                                -61.78868563330546,
                                56.409735339360395
                            ],
                            [
                                -61.79735270157942,
                                56.41429277262118
                            ],
                            [
                                -61.7973526803012,
                                56.421128670936255
                            ],
                            [
                                -61.57701572003266,
                                56.39297103239459
                            ],
                            [
                                -61.544097495834755,
                                56.39378496513708
                            ],
                            [
                                -61.551503094839056,
                                56.39378496513708
                            ],
                            [
                                -61.52871655877811,
                                56.397202787884034
                            ],
                            [
                                -61.505197734582914,
                                56.40460849333129
                            ],
                            [
                                -61.482492649556185,
                                56.408392659165635
                            ],
                            [
                                -61.46214759248328,
                                56.400620839658046
                            ],
                            [
                                -61.462147585126885,
                                56.40810780586153
                            ],
                            [
                                -61.452259925585615,
                                56.39935949938022
                            ],
                            [
                                -61.41999267283683,
                                56.381781374907796
                            ],
                            [
                                -61.41372637503137,
                                56.37335848296534
                            ]
                        ]
                    ],
                    [
                        [
                            [
                                -61.22883057213532,
                                56.455267718583
                            ],
                            [
                                -61.21007239763865,
                                56.45058828796351
                            ],
                            [
                                -61.188099760650246,
                                56.45400629273572
                            ],
                            [
                                -61.16600498320343,
                                56.45477930980016
                            ],
                            [
                                -61.14683994759442,
                                56.44220607415228
                            ],
                            [
                                -61.379221169366915,
                                56.45221590832172
                            ],
                            [
                                -61.4674373128706,
                                56.469549888608064
                            ],
                            [
                                -61.488880997873714,
                                56.469549888608064
                            ],
                            [
                                -61.4852595623455,
                                56.466457411544
                            ],
                            [
                                -61.478749155704456,
                                56.45864492906407
                            ],
                            [
                                -61.475209153292795,
                                56.455267718583
                            ],
                            [
                                -61.48664302474282,
                                56.445257864536025
                            ],
                            [
                                -61.499419762171165,
                                56.44196204873346
                            ],
                            [
                                -61.512277790739375,
                                56.445257864536025
                            ],
                            [
                                -61.5235896873237,
                                56.455267718583
                            ],
                            [
                                -61.516184088318994,
                                56.455267718583
                            ],
                            [
                                -61.54157470296474,
                                56.46942785616384
                            ],
                            [
                                -61.573231535950235,
                                56.470892572017874
                            ],
                            [
                                -61.60562087524321,
                                56.468207055488165
                            ],
                            [
                                -61.63345293789455,
                                56.469549888608064
                            ],
                            [
                                -61.63345288800067,
                                56.475734691458456
                            ],
                            [
                                -61.619781013009764,
                                56.475734691458456
                            ],
                            [
                                -61.619781065024796,
                                56.48322176758303
                            ],
                            [
                                -61.62710527160203,
                                56.485988671390714
                            ],
                            [
                                -61.63206946054813,
                                56.4894473246917
                            ],
                            [
                                -61.639637828551145,
                                56.496893628625685
                            ],
                            [
                                -61.45091709882197,
                                56.478216822475616
                            ],
                            [
                                -61.42804929399049,
                                56.48322176758303
                            ],
                            [
                                -61.4271134503268,
                                56.4924991646347
                            ],
                            [
                                -61.45409097620263,
                                56.49884679603195
                            ],
                            [
                                -61.63345294732305,
                                56.51048415117733
                            ],
                            [
                                -61.62214103878459,
                                56.52387108413492
                            ],
                            [
                                -61.60553955889758,
                                56.523260887159914
                            ],
                            [
                                -61.58739174964816,
                                56.51968011480166
                            ],
                            [
                                -61.571400509180535,
                                56.524155971805776
                            ],
                            [
                                -61.58165444520802,
                                56.529689881840646
                            ],
                            [
                                -61.59137937466824,
                                56.537339610494925
                            ],
                            [
                                -61.60553953424707,
                                56.552069435150976
                            ],
                            [
                                -61.60553950339533,
                                56.55829496364317
                            ],
                            [
                                -61.59447179857808,
                                56.56049223557305
                            ],
                            [
                                -61.55772863140584,
                                56.55829496364317
                            ],
                            [
                                -61.539377433564404,
                                56.553900505704625
                            ],
                            [
                                -61.46231038068049,
                                56.55003495346034
                            ],
                            [
                                -61.4456273887767,
                                56.54482652906552
                            ],
                            [
                                -61.41372634496489,
                                56.530340847643835
                            ],
                            [
                                -61.38491776080843,
                                56.52391182817551
                            ],
                            [
                                -61.35586504856153,
                                56.521633224783706
                            ],
                            [
                                -61.33014891466736,
                                56.51532628148441
                            ],
                            [
                                -61.31135006753228,
                                56.496893628625685
                            ],
                            [
                                -61.35122633434108,
                                56.48476791163784
                            ],
                            [
                                -61.366566546979485,
                                56.48322176758303
                            ],
                            [
                                -61.3665664951782,
                                56.475734691458456
                            ],
                            [
                                -61.35558019783759,
                                56.47455473781686
                            ],
                            [
                                -61.33580478595936,
                                56.46979395376038
                            ],
                            [
                                -61.32559160985012,
                                56.469549888608064
                            ],
                            [
                                -61.31187907824177,
                                56.47308999028033
                            ],
                            [
                                -61.29914304735539,
                                56.48159416994242
                            ],
                            [
                                -61.226633292804856,
                                56.48676183448174
                            ],
                            [
                                -61.19322665551331,
                                56.48505273340931
                            ],
                            [
                                -61.16734774531073,
                                56.475734691458456
                            ],
                            [
                                -61.184559726518685,
                                56.471014765877186
                            ],
                            [
                                -61.20107984441531,
                                56.46914290032578
                            ],
                            [
                                -61.21617594876628,
                                56.46539955200536
                            ],
                            [
                                -61.22883057213532,
                                56.455267718583
                            ]
                        ]
                    ],
                    [
                        [
                            [
                                -61.215728351724,
                                56.58563880033836
                            ],
                            [
                                -61.22199456311464,
                                56.590643562247756
                            ],
                            [
                                -61.22960361040222,
                                56.60651269719874
                            ],
                            [
                                -61.23497475028798,
                                56.61294182013723
                            ],
                            [
                                -61.23399816531989,
                                56.61806873200369
                            ],
                            [
                                -61.23257403676913,
                                56.619452241780046
                            ],
                            [
                                -61.23241125615063,
                                56.621039119048866
                            ],
                            [
                                -61.23497470718475,
                                56.62653223444577
                            ],
                            [
                                -61.20006266786645,
                                56.644273251762435
                            ],
                            [
                                -61.19399978970133,
                                56.65045804823302
                            ],
                            [
                                -61.1864314868163,
                                56.66205483513891
                            ],
                            [
                                -61.16885334574788,
                                56.66494380207458
                            ],
                            [
                                -61.133778425147916,
                                56.661322286443976
                            ],
                            [
                                -61.133778412239685,
                                56.66754784827368
                            ],
                            [
                                -61.15363525915085,
                                56.67251218429835
                            ],
                            [
                                -61.16283120966801,
                                56.67597081804439
                            ],
                            [
                                -61.16734776497645,
                                56.68121975465745
                            ],
                            [
                                -61.16490633748194,
                                56.6918398333224
                            ],
                            [
                                -61.1551814251189,
                                56.69440335167142
                            ],
                            [
                                -61.143177864453584,
                                56.69228750284909
                            ],
                            [
                                -61.13377842618997,
                                56.68866603842685
                            ],
                            [
                                -61.11522380170666,
                                56.688299946356004
                            ],
                            [
                                -61.094960079374,
                                56.68475981309327
                            ],
                            [
                                -61.082020595300335,
                                56.67792381684932
                            ],
                            [
                                -61.085438568269545,
                                56.66754784827368
                            ],
                            [
                                -61.08543858116757,
                                56.661322286443976
                            ],
                            [
                                -61.07115635417341,
                                56.661322286443976
                            ],
                            [
                                -61.080067539982046,
                                56.65119054947947
                            ],
                            [
                                -61.09902910118117,
                                56.63812897333997
                            ],
                            [
                                -61.105865006251825,
                                56.62653223444577
                            ],
                            [
                                -61.070627409085596,
                                56.63458893603733
                            ],
                            [
                                -61.05748454435306,
                                56.63397865874161
                            ],
                            [
                                -61.05748447227698,
                                56.62653223444577
                            ],
                            [
                                -61.071522573368014,
                                56.62579984078318
                            ],
                            [
                                -61.10586504926416,
                                56.61294182013723
                            ],
                            [
                                -61.15245522646441,
                                56.61025628849944
                            ],
                            [
                                -61.167347785413426,
                                56.60610585990039
                            ],
                            [
                                -61.188384569947736,
                                56.590399482777194
                            ],
                            [
                                -61.20067299018072,
                                56.584377363213434
                            ],
                            [
                                -61.215728351724,
                                56.58563880033836
                            ]
                        ]
                    ],
                    [
                        [
                            [
                                -61.62975011238246,
                                56.84634020526394
                            ],
                            [
                                -61.634429487594566,
                                56.85248443570284
                            ],
                            [
                                -61.6257217910815,
                                56.8663597348722
                            ],
                            [
                                -61.60553954323906,
                                56.88727452950182
                            ],
                            [
                                -61.571115657052175,
                                56.900539395932746
                            ],
                            [
                                -61.54067950814917,
                                56.90770094571675
                            ],
                            [
                                -61.52700761494454,
                                56.914129948048014
                            ],
                            [
                                -61.52375238356586,
                                56.928167990821066
                            ],
                            [
                                -61.5237523881743,
                                56.94232815535512
                            ],
                            [
                                -61.519886843113426,
                                56.94871652996888
                            ],
                            [
                                -61.50438392231304,
                                56.95075105197309
                            ],
                            [
                                -61.49176996072851,
                                56.95490138727979
                            ],
                            [
                                -61.47883054815131,
                                56.95766838901497
                            ],
                            [
                                -61.462147552072615,
                                56.95551171584963
                            ],
                            [
                                -61.4461563408805,
                                56.94749576446174
                            ],
                            [
                                -61.42943270405074,
                                56.93659080933271
                            ],
                            [
                                -61.411854579170296,
                                56.929144520517454
                            ],
                            [
                                -61.39321852061362,
                                56.93162663314239
                            ],
                            [
                                -61.37901772235159,
                                56.93695712644615
                            ],
                            [
                                -61.362945084548755,
                                56.93988672771106
                            ],
                            [
                                -61.348500117863885,
                                56.939601934356425
                            ],
                            [
                                -61.33869381409194,
                                56.935044664170604
                            ],
                            [
                                -61.36851965227301,
                                56.905422251813754
                            ],
                            [
                                -61.39464272505891,
                                56.890611103493
                            ],
                            [
                                -61.40689043723398,
                                56.87982820727238
                            ],
                            [
                                -61.39134683163736,
                                56.87815993999987
                            ],
                            [
                                -61.377674891729264,
                                56.874945301550454
                            ],
                            [
                                -61.36497960152023,
                                56.86920803883528
                            ],
                            [
                                -61.352284268617495,
                                56.859930655995555
                            ],
                            [
                                -61.37075758595105,
                                56.84707260218739
                            ],
                            [
                                -61.40111242871539,
                                56.83193593018572
                            ],
                            [
                                -61.432728625139504,
                                56.82225165812558
                            ],
                            [
                                -61.455311679647,
                                56.82583247345247
                            ],
                            [
                                -61.44517983891551,
                                56.83331944367067
                            ],
                            [
                                -61.445708791278946,
                                56.83954499508418
                            ],
                            [
                                -61.454579209200574,
                                56.84406155056223
                            ],
                            [
                                -61.46898351142574,
                                56.84634020526394
                            ],
                            [
                                -61.48232990525969,
                                56.84349197212812
                            ],
                            [
                                -61.49547274779663,
                                56.8364117801664
                            ],
                            [
                                -61.50300041496002,
                                56.82916893775666
                            ],
                            [
                                -61.49567622041781,
                                56.821478554098086
                            ],
                            [
                                -61.50088458744699,
                                56.81183506222129
                            ],
                            [
                                -61.510609511249214,
                                56.80219148644934
                            ],
                            [
                                -61.51988688657548,
                                56.797837703564795
                            ],
                            [
                                -61.530995220295054,
                                56.79682033232017
                            ],
                            [
                                -61.560658340060954,
                                56.78978100694783
                            ],
                            [
                                -61.571400541062175,
                                56.78485752805445
                            ],
                            [
                                -61.57921298819044,
                                56.77871322401603
                            ],
                            [
                                -61.58470616525345,
                                56.771673860235644
                            ],
                            [
                                -61.58552000231609,
                                56.76430901626274
                            ],
                            [
                                -61.57884680281934,
                                56.75690337553316
                            ],
                            [
                                -61.564686613299955,
                                56.75397362632163
                            ],
                            [
                                -61.550933432594356,
                                56.759466928208695
                            ],
                            [
                                -61.53819736897,
                                56.76723862568691
                            ],
                            [
                                -61.516997859489486,
                                56.774318767759816
                            ],
                            [
                                -61.49762933338093,
                                56.787990575730376
                            ],
                            [
                                -61.4857478289053,
                                56.791083033980705
                            ],
                            [
                                -61.470692482046296,
                                56.790472667375774
                            ],
                            [
                                -61.4013566061085,
                                56.78021887484927
                            ],
                            [
                                -61.3843888277594,
                                56.77216222678553
                            ],
                            [
                                -61.375477663192,
                                56.75755442005042
                            ],
                            [
                                -61.37279214639588,
                                56.733059033304265
                            ],
                            [
                                -61.3727921254749,
                                56.692084060344044
                            ],
                            [
                                -61.37751218109041,
                                56.67796459822455
                            ],
                            [
                                -61.38825438742819,
                                56.67503494728664
                            ],
                            [
                                -61.39976965902943,
                                56.67450592332584
                            ],
                            [
                                -61.406890391071016,
                                56.66754784827368
                            ],
                            [
                                -61.40379798642462,
                                56.6576602331186
                            ],
                            [
                                -61.38247638831439,
                                56.64496495265031
                            ],
                            [
                                -61.37962809956592,
                                56.63397865874161
                            ],
                            [
                                -61.38841712788492,
                                56.62323640785685
                            ],
                            [
                                -61.40379799480763,
                                56.619452241780046
                            ],
                            [
                                -61.43488519760225,
                                56.620347356204164
                            ],
                            [
                                -61.453521266366984,
                                56.62604397164926
                            ],
                            [
                                -61.50991773500736,
                                56.66754784827368
                            ],
                            [
                                -61.529449016086964,
                                56.676662489138025
                            ],
                            [
                                -61.54039464969868,
                                56.67987699897872
                            ],
                            [
                                -61.55093337684461,
                                56.68121975465745
                            ],
                            [
                                -61.56114664018602,
                                56.68549230368508
                            ],
                            [
                                -61.57530678513559,
                                56.70425042112036
                            ],
                            [
                                -61.60171466402972,
                                56.71409742776145
                            ],
                            [
                                -61.61237547433871,
                                56.72581618388814
                            ],
                            [
                                -61.6257218156669,
                                56.73590730636658
                            ],
                            [
                                -61.647124827691364,
                                56.73647699892911
                            ],
                            [
                                -61.647124823289424,
                                56.74384189976032
                            ],
                            [
                                -61.63365637415157,
                                56.7617861910139
                            ],
                            [
                                -61.624134869256174,
                                56.79682033232017
                            ],
                            [
                                -61.621693463554266,
                                56.83095932991081
                            ],
                            [
                                -61.62975011238246,
                                56.84634020526394
                            ]
                        ]
                    ],
                    [
                        [
                            [
                                -61.612945148256024,
                                57.41547278183945
                            ],
                            [
                                -61.64728752046255,
                                57.40058006559717
                            ],
                            [
                                -61.68276929455772,
                                57.399562819282735
                            ],
                            [
                                -61.848947724021826,
                                57.41510651930871
                            ],
                            [
                                -61.89073644019773,
                                57.427557653497274
                            ],
                            [
                                -61.90038001747888,
                                57.44896068893979
                            ],
                            [
                                -61.88906816885362,
                                57.45522696561993
                            ],
                            [
                                -61.83145095921425,
                                57.46942777152944
                            ],
                            [
                                -61.79820719430401,
                                57.483832158467145
                            ],
                            [
                                -61.78380288479516,
                                57.49249912875675
                            ],
                            [
                                -61.77065998746036,
                                57.50360753885543
                            ],
                            [
                                -61.75202393224454,
                                57.52789955404397
                            ],
                            [
                                -61.74209547376086,
                                57.53485742867174
                            ],
                            [
                                -61.72280842087705,
                                57.538397569531014
                            ],
                            [
                                -61.679351408058906,
                                57.5375431124089
                            ],
                            [
                                -61.65933180517604,
                                57.53302637979517
                            ],
                            [
                                -61.64712480531563,
                                57.52411530439231
                            ],
                            [
                                -61.64191643419734,
                                57.52204004089299
                            ],
                            [
                                -61.6378474900157,
                                57.51996496559019
                            ],
                            [
                                -61.63508056792564,
                                57.51666907552799
                            ],
                            [
                                -61.633452945450685,
                                57.511053807928015
                            ],
                            [
                                -61.649525477322875,
                                57.510687489379634
                            ],
                            [
                                -61.66539463858487,
                                57.50739162823909
                            ],
                            [
                                -61.69493568719744,
                                57.49746330335754
                            ],
                            [
                                -61.68419345266761,
                                57.493109375927965
                            ],
                            [
                                -61.67235265773113,
                                57.49030180632091
                            ],
                            [
                                -61.65998284132063,
                                57.4892438170838
                            ],
                            [
                                -61.64712476061496,
                                57.489935535048744
                            ],
                            [
                                -61.64712478708414,
                                57.48309964621179
                            ],
                            [
                                -61.6569718361957,
                                57.47923416649559
                            ],
                            [
                                -61.670643725384366,
                                57.46759682232346
                            ],
                            [
                                -61.680653475741906,
                                57.46263260085086
                            ],
                            [
                                -61.69505771886935,
                                57.46039454863079
                            ],
                            [
                                -61.77110750934148,
                                57.46222557729132
                            ],
                            [
                                -61.79084226647234,
                                57.459418062295136
                            ],
                            [
                                -61.80736247242281,
                                57.45123939480654
                            ],
                            [
                                -61.82526608189018,
                                57.43528880743455
                            ],
                            [
                                -61.81379145397515,
                                57.43065010287467
                            ],
                            [
                                -61.79759685174848,
                                57.42877846472061
                            ],
                            [
                                -61.78307040919828,
                                57.43097559335306
                            ],
                            [
                                -61.776844885736175,
                                57.43878820706799
                            ],
                            [
                                -61.768869590444474,
                                57.443915097717145
                            ],
                            [
                                -61.750314942547796,
                                57.44497311183406
                            ],
                            [
                                -61.66681878624012,
                                57.43549220443163
                            ],
                            [
                                -61.61294507981429,
                                57.4216982430028
                            ],
                            [
                                -61.612945148256024,
                                57.41547278183945
                            ]
                        ]
                    ],
                    [
                        [
                            [
                                -61.85260984790175,
                                57.58612705239266
                            ],
                            [
                                -61.79271396666067,
                                57.55662664182185
                            ],
                            [
                                -61.77989663479309,
                                57.536118919714944
                            ],
                            [
                                -61.793934704750065,
                                57.50731029762006
                            ],
                            [
                                -61.817982531078904,
                                57.494696319852515
                            ],
                            [
                                -61.914051929607055,
                                57.459540183259314
                            ],
                            [
                                -61.92906652761688,
                                57.45612212180158
                            ],
                            [
                                -61.96275790224114,
                                57.47394433098795
                            ],
                            [
                                -61.99779215773754,
                                57.49909095346152
                            ],
                            [
                                -62.01707925296856,
                                57.517889755712524
                            ],
                            [
                                -62.018299917318586,
                                57.54730863086783
                            ],
                            [
                                -61.99828036172158,
                                57.57269921145945
                            ],
                            [
                                -61.96711178199944,
                                57.58942291719319
                            ],
                            [
                                -61.935170058633794,
                                57.5929629717925
                            ],
                            [
                                -61.95295163708517,
                                57.57070548922623
                            ],
                            [
                                -61.95514891728513,
                                57.55902745670725
                            ],
                            [
                                -61.941314222682585,
                                57.55206934094129
                            ],
                            [
                                -61.92613681130085,
                                57.556138347624525
                            ],
                            [
                                -61.908314573290035,
                                57.58392973925313
                            ],
                            [
                                -61.89415443362876,
                                57.5929629717925
                            ],
                            [
                                -61.88731852619897,
                                57.58722572027075
                            ],
                            [
                                -61.877186630616094,
                                57.585394557512736
                            ],
                            [
                                -61.85260984790175,
                                57.58612705239266
                            ]
                        ]
                    ],
                    [
                        [
                            [
                                -61.90037993424164,
                                57.76430884601862
                            ],
                            [
                                -61.88451093800033,
                                57.78632245358138
                            ],
                            [
                                -61.80040447355554,
                                57.84491616858076
                            ],
                            [
                                -61.78453520511872,
                                57.84625871041419
                            ],
                            [
                                -61.74950109248386,
                                57.839422894653396
                            ],
                            [
                                -61.73546309633107,
                                57.82807051756583
                            ],
                            [
                                -61.72671466844874,
                                57.82404209586227
                            ],
                            [
                                -61.71939042660218,
                                57.83478424267838
                            ],
                            [
                                -61.711333707723384,
                                57.83624894629596
                            ],
                            [
                                -61.70205636090741,
                                57.8353537581942
                            ],
                            [
                                -61.69493566162634,
                                57.83319730708179
                            ],
                            [
                                -61.699818494086344,
                                57.81879304517426
                            ],
                            [
                                -61.71703031911745,
                                57.797918860669064
                            ],
                            [
                                -61.72280841463806,
                                57.78481682902341
                            ],
                            [
                                -61.675892672067064,
                                57.791205081925824
                            ],
                            [
                                -61.65412357419093,
                                57.78998457239675
                            ],
                            [
                                -61.66075593066413,
                                57.77798075561016
                            ],
                            [
                                -61.653960682670544,
                                57.77798075561016
                            ],
                            [
                                -61.66030843352057,
                                57.769598764185496
                            ],
                            [
                                -61.66812095231544,
                                57.76325114215036
                            ],
                            [
                                -61.688099757458914,
                                57.750637144355565
                            ],
                            [
                                -61.68309494244494,
                                57.75112554921788
                            ],
                            [
                                -61.667591944452774,
                                57.750637144355565
                            ],
                            [
                                -61.67796789362005,
                                57.7279320160384
                            ],
                            [
                                -61.69367423836835,
                                57.72357811130438
                            ],
                            [
                                -61.711089579110734,
                                57.72524636148592
                            ],
                            [
                                -61.74518788261486,
                                57.71303932420056
                            ],
                            [
                                -61.76634685824265,
                                57.72028238293524
                            ],
                            [
                                -61.78624431851359,
                                57.73419839656053
                            ],
                            [
                                -61.80109609825529,
                                57.74725972522939
                            ],
                            [
                                -61.822173696821594,
                                57.757635925859475
                            ],
                            [
                                -61.825266075022355,
                                57.76117583902779
                            ],
                            [
                                -61.82526612294725,
                                57.76992429839768
                            ],
                            [
                                -61.82628338736107,
                                57.77757405974908
                            ],
                            [
                                -61.83031163005257,
                                57.783026392662016
                            ],
                            [
                                -61.83893797166938,
                                57.78481682902341
                            ],
                            [
                                -61.85411535436324,
                                57.77716704164442
                            ],
                            [
                                -61.86457273046957,
                                57.763820723858835
                            ],
                            [
                                -61.877512146649856,
                                57.755764015735615
                            ],
                            [
                                -61.90037993424164,
                                57.76430884601862
                            ]
                        ]
                    ],
                    [
                        [
                            [
                                -61.931385868371535,
                                57.79535553127435
                            ],
                            [
                                -61.959828217371275,
                                57.789536785164366
                            ],
                            [
                                -61.99250243363523,
                                57.80385981403609
                            ],
                            [
                                -62.02537992487336,
                                57.82343155169481
                            ],
                            [
                                -62.0543106615426,
                                57.83319730708179
                            ],
                            [
                                -62.06468670141812,
                                57.8294132397948
                            ],
                            [
                                -62.08771733102401,
                                57.81525313865529
                            ],
                            [
                                -62.09215246179254,
                                57.81586332791185
                            ],
                            [
                                -62.09666899506616,
                                57.82925024978362
                            ],
                            [
                                -62.1042374174737,
                                57.83364489439698
                            ],
                            [
                                -62.105783664399944,
                                57.838568438462545
                            ],
                            [
                                -62.092152479729286,
                                57.85370515705068
                            ],
                            [
                                -62.04116778414287,
                                57.89402905895119
                            ],
                            [
                                -62.01130123336057,
                                57.90924713227383
                            ],
                            [
                                -61.982329890688256,
                                57.91510652756309
                            ],
                            [
                                -61.9313858796811,
                                57.91510652756309
                            ],
                            [
                                -61.921050575700974,
                                57.909409881324414
                            ],
                            [
                                -61.9251602193285,
                                57.89642963540993
                            ],
                            [
                                -61.941314287045586,
                                57.87417232190868
                            ],
                            [
                                -61.88670816701909,
                                57.87417232190868
                            ],
                            [
                                -61.871734162360184,
                                57.84845609209239
                            ],
                            [
                                -61.87189696670758,
                                57.839911249810974
                            ],
                            [
                                -61.88048262625887,
                                57.82575117932327
                            ],
                            [
                                -61.89171309948763,
                                57.81500899893841
                            ],
                            [
                                -61.91759195160423,
                                57.80385981403609
                            ],
                            [
                                -61.931385868371535,
                                57.79535553127435
                            ]
                        ]
                    ],
                    [
                        [
                            [
                                -64.07896880018264,
                                59.79954648636007
                            ],
                            [
                                -64.05882724304573,
                                59.785386402026404
                            ],
                            [
                                -63.98570711937511,
                                59.77094140386101
                            ],
                            [
                                -63.96287996042482,
                                59.751776348265444
                            ],
                            [
                                -63.97398834496567,
                                59.74603902023424
                            ],
                            [
                                -63.99132242628552,
                                59.72776932501232
                            ],
                            [
                                -64.00080313764451,
                                59.723822247626536
                            ],
                            [
                                -64.05211341826644,
                                59.72345613407038
                            ],
                            [
                                -64.06826747938977,
                                59.71942796374709
                            ],
                            [
                                -64.10692293260564,
                                59.70331443964469
                            ],
                            [
                                -64.1240941624689,
                                59.69989648139349
                            ],
                            [
                                -64.13902750853686,
                                59.700873172980415
                            ],
                            [
                                -64.16905685461704,
                                59.71015059834295
                            ],
                            [
                                -64.14928131046325,
                                59.72113667232113
                            ],
                            [
                                -64.14167227853147,
                                59.723822247626536
                            ],
                            [
                                -64.15758208562534,
                                59.7301291740213
                            ],
                            [
                                -64.17528238260167,
                                59.73102452509546
                            ],
                            [
                                -64.19163968334047,
                                59.733587801140715
                            ],
                            [
                                -64.20311439694918,
                                59.744940513479676
                            ],
                            [
                                -64.1961564391419,
                                59.760809736591746
                            ],
                            [
                                -64.19115140687731,
                                59.76703507542754
                            ],
                            [
                                -64.18260660499514,
                                59.77220291666797
                            ],
                            [
                                -64.16893468317289,
                                59.77358630213181
                            ],
                            [
                                -64.15453038518221,
                                59.76902900948136
                            ],
                            [
                                -64.14024818960681,
                                59.7626814045509
                            ],
                            [
                                -64.12743087424131,
                                59.75861250668216
                            ],
                            [
                                -64.13158112023463,
                                59.76813375031979
                            ],
                            [
                                -64.13784741444957,
                                59.7763124915294
                            ],
                            [
                                -64.1459041123481,
                                59.78253817179739
                            ],
                            [
                                -64.15534423997467,
                                59.78652584091898
                            ],
                            [
                                -64.1303605681393,
                                59.842027229178285
                            ],
                            [
                                -64.12059489088887,
                                59.85419348471903
                            ],
                            [
                                -64.10191812927512,
                                59.862982540745264
                            ],
                            [
                                -64.079701260168,
                                59.86644108042492
                            ],
                            [
                                -64.05919340894445,
                                59.86375546846111
                            ],
                            [
                                -64.04548095884803,
                                59.85419348471903
                            ],
                            [
                                -64.0492244928843,
                                59.85130456131382
                            ],
                            [
                                -64.05972242434044,
                                59.84113184393265
                            ],
                            [
                                -64.05345620019776,
                                59.83079664383959
                            ],
                            [
                                -64.03184976655297,
                                59.80573155769643
                            ],
                            [
                                -64.07896880018264,
                                59.79954648636007
                            ]
                        ]
                    ],
                    [
                        [
                            [
                                -55.85232953340554,
                                52.772469528245466
                            ],
                            [
                                -55.83209420017534,
                                52.770918773260696
                            ],
                            [
                                -55.811855293855565,
                                52.77013270966341
                            ],
                            [
                                -55.80809253069764,
                                52.76170818113301
                            ],
                            [
                                -55.81069229281924,
                                52.74333820780486
                            ],
                            [
                                -55.80947465378655,
                                52.73108638196868
                            ],
                            [
                                -55.82971502552427,
                                52.72651303796813
                            ],
                            [
                                -55.86130339445982,
                                52.730367742903816
                            ],
                            [
                                -55.86632545059974,
                                52.74338756615151
                            ],
                            [
                                -55.884008986571516,
                                52.75105554320274
                            ],
                            [
                                -55.89535982682777,
                                52.76331388993069
                            ],
                            [
                                -55.887742305922515,
                                52.77479379583393
                            ],
                            [
                                -55.85232953340554,
                                52.772469528245466
                            ]
                        ]
                    ],
                    [
                        [
                            [
                                -55.80846551398262,
                                53.006563729225185
                            ],
                            [
                                -55.80081025933745,
                                53.014977169832584
                            ],
                            [
                                -55.786821383262975,
                                53.01649985473514
                            ],
                            [
                                -55.775407035926406,
                                53.009602059875505
                            ],
                            [
                                -55.78560933408161,
                                53.00118978433755
                            ],
                            [
                                -55.786903652622414,
                                52.995067461432896
                            ],
                            [
                                -55.77037393204629,
                                52.99734985462541
                            ],
                            [
                                -55.76787174315559,
                                52.98816188946119
                            ],
                            [
                                -55.78189635638545,
                                52.97669749769225
                            ],
                            [
                                -55.787036145757085,
                                52.96216460094615
                            ],
                            [
                                -55.789629334270494,
                                52.94839366610832
                            ],
                            [
                                -55.80233722559535,
                                52.94458273121683
                            ],
                            [
                                -55.82132599199553,
                                52.95990399956267
                            ],
                            [
                                -55.83397057131275,
                                52.976744708622576
                            ],
                            [
                                -55.84917038110712,
                                52.99128902495017
                            ],
                            [
                                -55.850409193168666,
                                53.003529535780004
                            ],
                            [
                                -55.80846551398262,
                                53.006563729225185
                            ]
                        ]
                    ],
                    [
                        [
                            [
                                -55.827319137351935,
                                53.07928419616615
                            ],
                            [
                                -55.790346786163035,
                                53.09383423149553
                            ],
                            [
                                -55.771255757191796,
                                53.08923173055307
                            ],
                            [
                                -55.75475681052033,
                                53.07543587217022
                            ],
                            [
                                -55.751011665906724,
                                53.05935090898108
                            ],
                            [
                                -55.768882278190524,
                                53.048642577176814
                            ],
                            [
                                -55.75876699810367,
                                53.0340875761419
                            ],
                            [
                                -55.775331024037385,
                                53.02797497347677
                            ],
                            [
                                -55.80074892489037,
                                53.03258239060261
                            ],
                            [
                                -55.816033809740006,
                                53.02416917090909
                            ],
                            [
                                -55.84527382127078,
                                53.023417400263234
                            ],
                            [
                                -55.870687738947275,
                                53.026485258888265
                            ],
                            [
                                -55.875747419959076,
                                53.0387250402543
                            ],
                            [
                                -55.87443941172126,
                                53.05708325244311
                            ],
                            [
                                -55.862966415860114,
                                53.07085834734281
                            ],
                            [
                                -55.847678175458306,
                                53.080812398641214
                            ],
                            [
                                -55.827319137351935,
                                53.07928419616615
                            ]
                        ]
                    ],
                    [
                        [
                            [
                                -55.927587404135906,
                                53.49223621859083
                            ],
                            [
                                -55.9136629320454,
                                53.492209397417156
                            ],
                            [
                                -55.90216531507635,
                                53.497058724350055
                            ],
                            [
                                -55.889869816163916,
                                53.49849038386227
                            ],
                            [
                                -55.88013807347109,
                                53.48433264832504
                            ],
                            [
                                -55.84578804968764,
                                53.480344064430646
                            ],
                            [
                                -55.82451647053911,
                                53.477851752762895
                            ],
                            [
                                -55.81461774738068,
                                53.487566233381685
                            ],
                            [
                                -55.80316596947747,
                                53.48461315533195
                            ],
                            [
                                -55.785182500820426,
                                53.47725636655179
                            ],
                            [
                                -55.767163272181094,
                                53.47573935450526
                            ],
                            [
                                -55.751716294968645,
                                53.46398952802393
                            ],
                            [
                                -55.74936003118217,
                                53.45374555418643
                            ],
                            [
                                -55.742891541581855,
                                53.44543718478526
                            ],
                            [
                                -55.74539482014382,
                                53.44057176279174
                            ],
                            [
                                -55.76167894914619,
                                53.44988818916139
                            ],
                            [
                                -55.78209134959193,
                                53.45580314047232
                            ],
                            [
                                -55.802570773089684,
                                53.455378181860674
                            ],
                            [
                                -55.80676090466483,
                                53.44320714555611
                            ],
                            [
                                -55.81339065825941,
                                53.43299231312353
                            ],
                            [
                                -55.797922489548554,
                                53.42368550687255
                            ],
                            [
                                -55.779963051929165,
                                53.419242025632684
                            ],
                            [
                                -55.768580670048024,
                                53.41140569010787
                            ],
                            [
                                -55.76947745961551,
                                53.402634808856696
                            ],
                            [
                                -55.78904049986392,
                                53.41001029691915
                            ],
                            [
                                -55.81107015455905,
                                53.416414550538136
                            ],
                            [
                                -55.81684145739713,
                                53.41058277282979
                            ],
                            [
                                -55.79402618939316,
                                53.400765432013124
                            ],
                            [
                                -55.78590838680525,
                                53.39391540476293
                            ],
                            [
                                -55.798988953276584,
                                53.393957035971745
                            ],
                            [
                                -55.829954370234645,
                                53.40672150974407
                            ],
                            [
                                -55.864244733037154,
                                53.41412490538663
                            ],
                            [
                                -55.9067387184471,
                                53.418615586940064
                            ],
                            [
                                -55.92630208174431,
                                53.42888709509434
                            ],
                            [
                                -55.96553981886815,
                                53.43236677768226
                            ],
                            [
                                -55.98349955249364,
                                53.44165190589064
                            ],
                            [
                                -55.98506569599644,
                                53.45871036118909
                            ],
                            [
                                -55.989929997946355,
                                53.47041349681183
                            ],
                            [
                                -55.975949932000226,
                                53.48452480662574
                            ],
                            [
                                -55.927587404135906,
                                53.49223621859083
                            ]
                        ]
                    ],
                    [
                        [
                            [
                                -57.152729309578625,
                                53.693120918666054
                            ],
                            [
                                -57.12978105582744,
                                53.70463164129484
                            ],
                            [
                                -57.10326682520553,
                                53.70463701129051
                            ],
                            [
                                -57.08029003011933,
                                53.703591444309424
                            ],
                            [
                                -57.06438438706461,
                                53.70881649180285
                            ],
                            [
                                -57.04493824945974,
                                53.715083825807035
                            ],
                            [
                                -57.030800468209506,
                                53.71298532070503
                            ],
                            [
                                -57.05024996056698,
                                53.701493693602366
                            ],
                            [
                                -57.066154072093866,
                                53.684773767926714
                            ],
                            [
                                -57.08204698865233,
                                53.680595113839075
                            ],
                            [
                                -57.08557106032869,
                                53.66701146824304
                            ],
                            [
                                -57.08379754699505,
                                53.656567835583694
                            ],
                            [
                                -57.09261019339451,
                                53.649259611270004
                            ],
                            [
                                -57.11376321331428,
                                53.64299405552995
                            ],
                            [
                                -57.154387053625875,
                                53.64712675473176
                            ],
                            [
                                -57.172138813773586,
                                53.659624851839595
                            ],
                            [
                                -57.16684809825677,
                                53.67846760338551
                            ],
                            [
                                -57.152729309578625,
                                53.693120918666054
                            ]
                        ]
                    ],
                    [
                        [
                            [
                                -56.92248442887229,
                                53.79755866033101
                            ],
                            [
                                -56.888526936895616,
                                53.80659737797979
                            ],
                            [
                                -56.83610477077886,
                                53.80648012480716
                            ],
                            [
                                -56.81771446216497,
                                53.790040724833176
                            ],
                            [
                                -56.851709050285685,
                                53.77737791160505
                            ],
                            [
                                -56.88260816163093,
                                53.762878825018724
                            ],
                            [
                                -56.91957135243765,
                                53.76295434325283
                            ],
                            [
                                -56.94733490747317,
                                53.75207748935139
                            ],
                            [
                                -56.98428484793444,
                                53.75938384769481
                            ],
                            [
                                -57.008855071086,
                                53.788548169789955
                            ],
                            [
                                -56.99954819442682,
                                53.81039091950756
                            ],
                            [
                                -56.96559878467542,
                                53.81218041703621
                            ],
                            [
                                -56.92248442887229,
                                53.79755866033101
                            ]
                        ]
                    ],
                    [
                        [
                            [
                                -57.32795228077965,
                                54.28756447013835
                            ],
                            [
                                -57.29249772141537,
                                54.28374188778898
                            ],
                            [
                                -57.30574707258312,
                                54.27596198966229
                            ],
                            [
                                -57.321212268181604,
                                54.26947053593236
                            ],
                            [
                                -57.31231102813014,
                                54.260430390940456
                            ],
                            [
                                -57.2989742809272,
                                54.248811190478484
                            ],
                            [
                                -57.3144188066755,
                                54.239730846936524
                            ],
                            [
                                -57.34101157488637,
                                54.24744749586414
                            ],
                            [
                                -57.36763924930339,
                                54.25903493439036
                            ],
                            [
                                -57.367702950530955,
                                54.26938088001914
                            ],
                            [
                                -57.350038362473015,
                                54.27717761738682
                            ],
                            [
                                -57.32795228077965,
                                54.28756447013835
                            ]
                        ]
                    ],
                    [
                        [
                            [
                                -57.24447590713831,
                                54.48417318095603
                            ],
                            [
                                -57.228932409358556,
                                54.491941344791975
                            ],
                            [
                                -57.22000588851276,
                                54.480318080715016
                            ],
                            [
                                -57.21108266943546,
                                54.46998819680312
                            ],
                            [
                                -57.19764394182722,
                                54.44932473753166
                            ],
                            [
                                -57.224333259707734,
                                54.451887607714404
                            ],
                            [
                                -57.24442148988197,
                                54.46737243573584
                            ],
                            [
                                -57.27107272405598,
                                54.46087980945385
                            ],
                            [
                                -57.293337173305254,
                                54.468604832701956
                            ],
                            [
                                -57.28672761302673,
                                54.48283189524593
                            ],
                            [
                                -57.24447590713831,
                                54.48417318095603
                            ]
                        ]
                    ],
                    [
                        [
                            [
                                -57.30367676853977,
                                54.574723069477535
                            ],
                            [
                                -57.27507795614193,
                                54.57964981316347
                            ],
                            [
                                -57.271659856773525,
                                54.566965440352824
                            ],
                            [
                                -57.283392179320835,
                                54.556208163582696
                            ],
                            [
                                -57.2698905491352,
                                54.54549306637388
                            ],
                            [
                                -57.25472651056975,
                                54.53770809402875
                            ],
                            [
                                -57.254683595900104,
                                54.525994759038355
                            ],
                            [
                                -57.26804139749906,
                                54.503519967921726
                            ],
                            [
                                -57.291560115498164,
                                54.50249922895043
                            ],
                            [
                                -57.34031008914377,
                                54.5014436041724
                            ],
                            [
                                -57.36220329811516,
                                54.50726325358222
                            ],
                            [
                                -57.36567033672832,
                                54.52385184539708
                            ],
                            [
                                -57.34895197428785,
                                54.54145364761401
                            ],
                            [
                                -57.34734881996361,
                                54.55512272922688
                            ],
                            [
                                -57.30367676853977,
                                54.574723069477535
                            ]
                        ]
                    ]
                ]
            },
            "type": "Feature",
            "properties": {
                "source": "https://simplemaps.com",
                "id": "CANL",
                "name": "Labrador"
            },
            "id": 10
        }
    ]
}