{
  "type": "FeatureCollection", 
  "features": [
    {
      "geometry": {
        "type": "MultiPolygon", 
        "coordinates": [
          [
            [
              [
                -101.36433957474695, 
                48.99266947107086
              ], 
              [
                -101.36437569066157, 
                48.99305621028785
              ], 
              [
                -101.38129983938362, 
                49.17420811597243
              ], 
              [
                -101.40127275474059, 
                49.388484403716696
              ], 
              [
                -101.42127152732589, 
                49.60273488407338
              ], 
              [
                -101.44127021674173, 
                49.81701108401541
              ], 
              [
                -101.46126909030151, 
                50.031261703950385
              ], 
              [
                -101.48124203292429, 
                50.2455380334847
              ], 
              [
                -101.50126665975945, 
                50.459814373444914
              ], 
              [
                -101.52121374363563, 
                50.674064834534796
              ], 
              [
                -101.5412125349495, 
                50.88834117796109
              ], 
              [
                -101.56121129831597, 
                51.102617481578484
              ], 
              [
                -101.58121004054169, 
                51.316867923288214
              ], 
              [
                -101.60118297389008, 
                51.531118400518494
              ], 
              [
                -101.62120765284112, 
                51.74542064657528
              ], 
              [
                -101.64118054990405, 
                51.95967107758232
              ], 
              [
                -101.6611535885539, 
                52.173921690182205
              ], 
              [
                -101.6811781181326, 
                52.38822374394422
              ], 
              [
                -101.7012027822583, 
                52.60247429069264
              ], 
              [
                -101.72117565495094, 
                52.816724694514626
              ], 
              [
                -101.74114858529956, 
                53.03102684445896
              ], 
              [
                -101.76117318991786, 
                53.24527731948765
              ], 
              [
                -101.78114612264356, 
                53.45952779788907
              ], 
              [
                -101.80111924035867, 
                53.673830177672656
              ], 
              [
                -101.82114389305154, 
                53.888080708162526
              ], 
              [
                -101.84111660124645, 
                54.10233091475151
              ], 
              [
                -101.86108962815406, 
                54.31663318398699
              ], 
              [
                -101.88111430335029, 
                54.530883739149324
              ], 
              [
                -101.90108728529357, 
                54.74513427605527
              ], 
              [
                -101.92106019982255, 
                54.95943640915528
              ], 
              [
                -101.94108476956612, 
                55.17368684248521
              ], 
              [
                -101.96105769651182, 
                55.387937313890895
              ], 
              [
                -101.98103065153516, 
                55.60223949294172
              ], 
              [
                -102.00105529011421, 
                55.81649000743374
              ], 
              [
                -102.0011069247893, 
                56.18101551233502
              ], 
              [
                -102.00113276292596, 
                56.54559274213584
              ], 
              [
                -102.00118449519641, 
                56.9101700351043
              ], 
              [
                -102.00126199620148, 
                57.27474724798781
              ], 
              [
                -102.00133959603713, 
                57.84246462799188
              ], 
              [
                -102.00141688728515, 
                58.41018166980264
              ], 
              [
                -102.00149464220141, 
                58.97795088700371
              ], 
              [
                -102.00157194781696, 
                59.54566795375639
              ], 
              [
                -102.00157208570494, 
                59.65925289601497
              ], 
              [
                -102.00157216070582, 
                59.772837772001424
              ], 
              [
                -102.00159776505575, 
                59.88642232545892
              ], 
              [
                -102.00159786704694, 
                60.00005890629244
              ], 
              [
                -101.55157365639812, 
                60.00005890629244
              ], 
              [
                -101.10149776890589, 
                60.00005890629244
              ], 
              [
                -100.65149939667883, 
                60.00005890629244
              ], 
              [
                -100.2013976707649, 
                60.00005890629244
              ], 
              [
                -99.75139929943714, 
                60.00005890629244
              ], 
              [
                -99.30134925036663, 
                60.00005890629244
              ], 
              [
                -98.85129920129614, 
                60.00005890629244
              ], 
              [
                -98.40124915222566, 
                60.00005890629244
              ], 
              [
                -97.95122494157685, 
                60.00005890629244
              ], 
              [
                -97.83163939743928, 
                60.00005890629244
              ], 
              [
                -97.50117489340566, 
                60.00005890629244
              ], 
              [
                -97.05115068185755, 
                60.00005890629244
              ], 
              [
                -96.6011006336864, 
                60.00005890629244
              ], 
              [
                -96.15102474619411, 
                60.00005890629244
              ], 
              [
                -95.70100053644468, 
                60.00005890629244
              ], 
              [
                -95.25100216331829, 
                60.00005890629244
              ], 
              [
                -94.80313066300091, 
                60.00006745000118
              ], 
              [
                -94.786935992206, 
                59.991319067073555
              ], 
              [
                -94.80101480041104, 
                59.97992587300559
              ], 
              [
                -94.81700610009482, 
                59.96287681898294
              ], 
              [
                -94.82135994158038, 
                59.948106311560984
              ], 
              [
                -94.80060802105926, 
                59.94354905587006
              ], 
              [
                -94.80943762495805, 
                59.92804596148536
              ], 
              [
                -94.81427973932796, 
                59.92304106884474
              ], 
              [
                -94.80972255702899, 
                59.91950115240058
              ], 
              [
                -94.80524653604537, 
                59.91282785252437
              ], 
              [
                -94.8006078226359, 
                59.90940983724491
              ], 
              [
                -94.80528732330102, 
                59.884955239259455
              ], 
              [
                -94.77940836878057, 
                59.83869053818019
              ], 
              [
                -94.79312075322105, 
                59.820013576858074
              ], 
              [
                -94.77550198060736, 
                59.798040969369474
              ], 
              [
                -94.77330481414413, 
                59.78961822779885
              ], 
              [
                -94.77538001931607, 
                59.77781810920304
              ], 
              [
                -94.78477946900311, 
                59.75775792823329
              ], 
              [
                -94.78693608061286, 
                59.74835855419095
              ], 
              [
                -94.78966214596934, 
                59.74192932462255
              ], 
              [
                -94.80284591411144, 
                59.7258162401478
              ], 
              [
                -94.80744386651945, 
                59.71759680594716
              ], 
              [
                -94.79621341480063, 
                59.6679142084418
              ], 
              [
                -94.79849189215187, 
                59.65936909689593
              ], 
              [
                -94.81086187295502, 
                59.6555037491043
              ], 
              [
                -94.82188892753359, 
                59.65033614721684
              ], 
              [
                -94.81944744893956, 
                59.63865800564296
              ], 
              [
                -94.80744392859607, 
                59.61798750091512
              ], 
              [
                -94.80785077775155, 
                59.61066322360415
              ], 
              [
                -94.80744387634617, 
                59.604925918157605
              ], 
              [
                -94.80337471330189, 
                59.59808980891822
              ], 
              [
                -94.79312102863182, 
                59.58726649008055
              ], 
              [
                -94.78465724103182, 
                59.58246478152984
              ], 
              [
                -94.77537997225905, 
                59.58006415023939
              ], 
              [
                -94.76642810822683, 
                59.576117164007464
              ], 
              [
                -94.75902271391831, 
                59.56675867063778
              ], 
              [
                -94.78123947088854, 
                59.562201333517834
              ], 
              [
                -94.78807529084465, 
                59.55040107050946
              ], 
              [
                -94.78892980480616, 
                59.53648507925424
              ], 
              [
                -94.79312090154902, 
                59.525824290001694
              ], 
              [
                -94.78669192312289, 
                59.515936661065005
              ], 
              [
                -94.77989671435529, 
                59.51386150819853
              ], 
              [
                -94.77220605806002, 
                59.51337297192969
              ], 
              [
                -94.76276607880851, 
                59.50812408965578
              ], 
              [
                -94.75715084845253, 
                59.501776437896616
              ], 
              [
                -94.75593022428964, 
                59.49738199587978
              ], 
              [
                -94.75548253378332, 
                59.4925397615656
              ], 
              [
                -94.75218654594632, 
                59.48480854012983
              ], 
              [
                -94.7556047460864, 
                59.483588099229394
              ], 
              [
                -94.75885985976412, 
                59.47589756161021
              ], 
              [
                -94.75792406909406, 
                59.46723066260496
              ], 
              [
                -94.7490943469943, 
                59.463120995406
              ], 
              [
                -94.74132225413494, 
                59.461248931849966
              ], 
              [
                -94.73428296803651, 
                59.45648830397082
              ], 
              [
                -94.72850508956707, 
                59.450262849670004
              ], 
              [
                -94.72423253680789, 
                59.44383370995643
              ], 
              [
                -94.73298092821292, 
                59.43598054076308
              ], 
              [
                -94.73468994390075, 
                59.42951084959358
              ], 
              [
                -94.72996973367421, 
                59.402533131591596
              ], 
              [
                -94.72590077900051, 
                59.398993156314106
              ], 
              [
                -94.72134343685177, 
                59.3961854814183
              ], 
              [
                -94.71800687109106, 
                59.38861714869686
              ], 
              [
                -94.71642004124438, 
                59.37535226995338
              ], 
              [
                -94.71841399192397, 
                59.36668543161554
              ], 
              [
                -94.72541264173171, 
                59.35875080604504
              ], 
              [
                -94.73851480158683, 
                59.34772372671957
              ], 
              [
                -94.72276758202668, 
                59.34227108438772
              ], 
              [
                -94.70327725035371, 
                59.34784588599015
              ], 
              [
                -94.68342043747369, 
                59.35667559153087
              ], 
              [
                -94.66649318953813, 
                59.36131407774529
              ], 
              [
                -94.66014571467812, 
                59.35875080604504
              ], 
              [
                -94.67096922628556, 
                59.353257578126716
              ], 
              [
                -94.68553618136207, 
                59.348456030603195
              ], 
              [
                -94.69074461857495, 
                59.34772372671957
              ], 
              [
                -94.70763097686464, 
                59.33201730624355
              ], 
              [
                -94.71703042225492, 
                59.32684969882782
              ], 
              [
                -94.73167878734496, 
                59.32652409631845
              ], 
              [
                -94.72687739087998, 
                59.31671782159009
              ], 
              [
                -94.72423257753431, 
                59.3129336910872
              ], 
              [
                -94.76032480838717, 
                59.30475510235178
              ], 
              [
                -94.77220617275702, 
                59.298041070253866
              ], 
              [
                -94.76646878282521, 
                59.28558980192754
              ], 
              [
                -94.77554275116421, 
                59.27362699523152
              ], 
              [
                -94.78038481717444, 
                59.26862204871577
              ], 
              [
                -94.78693593958924, 
                59.265082027201196
              ], 
              [
                -94.77700765421221, 
                59.259222766358626
              ], 
              [
                -94.77428137884026, 
                59.252630926818824
              ], 
              [
                -94.77782133254466, 
                59.24542868100577
              ], 
              [
                -94.78693614450981, 
                59.23786058076592
              ], 
              [
                -94.77969326467958, 
                59.23090252644619
              ], 
              [
                -94.7775772548329, 
                59.222886433690924
              ], 
              [
                -94.77944912120249, 
                59.20368084256924
              ], 
              [
                -94.78140209872724, 
                59.203477225021665
              ], 
              [
                -94.78600026032808, 
                59.20018153120544
              ], 
              [
                -94.79067948815036, 
                59.19505442576235
              ], 
              [
                -94.79312098035561, 
                59.18939859858302
              ], 
              [
                -94.7902724987382, 
                59.18451558828201
              ], 
              [
                -94.77660065142817, 
                59.17413964372354
              ], 
              [
                -94.773304889786, 
                59.168890774765586
              ], 
              [
                -94.77489162597286, 
                59.16156635355465
              ], 
              [
                -94.78380286688498, 
                59.14472077328215
              ], 
              [
                -94.78693602411546, 
                59.13475172016416
              ], 
              [
                -94.7911677523805, 
                59.100043012520324
              ], 
              [
                -94.79312100437511, 
                59.0938175711467
              ], 
              [
                -94.84243743473854, 
                59.081122285859934
              ], 
              [
                -94.9077854803409, 
                59.08698136335362
              ], 
              [
                -94.96727461117169, 
                59.08592364751017
              ], 
              [
                -94.99917553507117, 
                59.052801768207054
              ], 
              [
                -94.9681697932519, 
                59.06150958350729
              ], 
              [
                -94.81647706215776, 
                59.068060665446865
              ], 
              [
                -94.80402590728606, 
                59.06305580197822
              ], 
              [
                -94.8041886924874, 
                59.05951579056476
              ], 
              [
                -94.80719972292462, 
                59.04462316977428
              ], 
              [
                -94.80744391907383, 
                59.03856040880121
              ], 
              [
                -94.80479908116756, 
                59.032782435594164
              ], 
              [
                -94.80211344772452, 
                59.029608507883125
              ], 
              [
                -94.80207284024851, 
                59.0257430431517
              ], 
              [
                -94.8074439189959, 
                59.018133975769615
              ], 
              [
                -94.76423096996878, 
                59.015000770464724
              ], 
              [
                -94.72370361758452, 
                59.0042178839249
              ], 
              [
                -94.6939996866068, 
                58.98346575281977
              ], 
              [
                -94.6832576008966, 
                58.950384815721634
              ], 
              [
                -94.68659418947875, 
                58.93109770523613
              ], 
              [
                -94.69408122811673, 
                58.91693761750431
              ], 
              [
                -94.71800686300874, 
                58.88837299719328
              ], 
              [
                -94.73102783387527, 
                58.880926864942964
              ], 
              [
                -94.7350967289268, 
                58.87779359528904
              ], 
              [
                -94.73717188461622, 
                58.87323625825333
              ], 
              [
                -94.73176014831138, 
                58.8665631358677
              ], 
              [
                -94.73167891351882, 
                58.86102944824048
              ], 
              [
                -94.73721265089324, 
                58.84784572059451
              ], 
              [
                -94.74596113139927, 
                58.83311602682837
              ], 
              [
                -94.68252522678048, 
                58.87250401057047
              ], 
              [
                -94.65001367191078, 
                58.884995687041105
              ], 
              [
                -94.60814357412443, 
                58.88153705099733
              ], 
              [
                -94.54515527451198, 
                58.85602433346643
              ], 
              [
                -94.51195216121634, 
                58.838324151802674
              ], 
              [
                -94.48525964405937, 
                58.82005451531318
              ], 
              [
                -94.46930892213872, 
                58.797349205015735
              ], 
              [
                -94.45213768873342, 
                58.74310928496339
              ], 
              [
                -94.4368790359372, 
                58.723822332927675
              ], 
              [
                -94.39948469888364, 
                58.71246964270487
              ], 
              [
                -94.36245682207519, 
                58.71893950508258
              ], 
              [
                -94.2935277997304, 
                58.74437083584324
              ], 
              [
                -94.29605071404916, 
                58.750922090938055
              ], 
              [
                -94.2975155683742, 
                58.75364833984148
              ], 
              [
                -94.300282334503, 
                58.75739164419499
              ], 
              [
                -94.28819741414758, 
                58.76524488109307
              ], 
              [
                -94.27594979942826, 
                58.78314864967991
              ], 
              [
                -94.26553314689774, 
                58.79218186935374
              ], 
              [
                -94.25226798289631, 
                58.79816309521216
              ], 
              [
                -94.21963459922927, 
                58.80516188587191
              ], 
              [
                -94.20409099369974, 
                58.806463984417945
              ], 
              [
                -94.20840400973768, 
                58.79832580869249
              ], 
              [
                -94.21467050533404, 
                58.79222254609629
              ], 
              [
                -94.22264559811823, 
                58.788031272130354
              ], 
              [
                -94.23204501538893, 
                58.785345728906236
              ], 
              [
                -94.2241105424732, 
                58.774725723961815
              ], 
              [
                -94.22720294244057, 
                58.763983481518736
              ], 
              [
                -94.23428305079352, 
                58.75108475357597
              ], 
              [
                -94.23827074553977, 
                58.73411705439431
              ], 
              [
                -94.23330636936092, 
                58.71942771573631
              ], 
              [
                -94.22223873759688, 
                58.71153392284633
              ], 
              [
                -94.21056067028599, 
                58.705633849392456
              ], 
              [
                -94.20409089487109, 
                58.69660058923104
              ], 
              [
                -94.20799728019887, 
                58.683783362792674
              ], 
              [
                -94.2200821814897, 
                58.67039624971175
              ], 
              [
                -94.23525953651288, 
                58.65985745140115
              ], 
              [
                -94.26378340524148, 
                58.649237456761874
              ], 
              [
                -94.27643787728564, 
                58.63434470404232
              ], 
              [
                -94.29694577302425, 
                58.60374584197704
              ], 
              [
                -94.30850186963708, 
                58.57514082252133
              ], 
              [
                -94.28770905314828, 
                58.52081933238001
              ], 
              [
                -94.3006484524287, 
                58.481268488930006
              ], 
              [
                -94.28799399295579, 
                58.44928625691137
              ], 
              [
                -94.28661054345345, 
                58.43650957962562
              ], 
              [
                -94.29784085285924, 
                58.42100646500942
              ], 
              [
                -94.32632414486505, 
                58.39935958377972
              ], 
              [
                -94.33438067411392, 
                58.38141511893466
              ], 
              [
                -94.33434004631765, 
                58.37604409733921
              ], 
              [
                -94.32945718575232, 
                58.35883212682428
              ], 
              [
                -94.32823643581709, 
                58.35020577132716
              ], 
              [
                -94.33031156756294, 
                58.33690003245717
              ], 
              [
                -94.33922274491782, 
                58.31403224611351
              ], 
              [
                -94.34459386706563, 
                58.28681060008074
              ], 
              [
                -94.36148037302667, 
                58.24339438976416
              ], 
              [
                -94.36856047412728, 
                58.23041427376418
              ], 
              [
                -94.36172445084178, 
                58.22300857519546
              ], 
              [
                -94.33910065461623, 
                58.26593652053379
              ], 
              [
                -94.32237712324263, 
                58.28876378711146
              ], 
              [
                -94.30337493300979, 
                58.29869227449027
              ], 
              [
                -94.30313068911582, 
                58.30451083946014
              ], 
              [
                -94.28661036541396, 
                58.33966692427707
              ], 
              [
                -94.27700752567479, 
                58.346014610725426
              ], 
              [
                -94.26524825230842, 
                58.35077554693913
              ], 
              [
                -94.25894114474411, 
                58.356919587949136
              ], 
              [
                -94.26553305735172, 
                58.36762121966229
              ], 
              [
                -94.23794505030254, 
                58.391668935481036
              ], 
              [
                -94.23204500301487, 
                58.401109061119946
              ], 
              [
                -94.23094654439264, 
                58.41034591715744
              ], 
              [
                -94.23265546584942, 
                58.437119932126876
              ], 
              [
                -94.2351781698793, 
                58.44269438075641
              ], 
              [
                -94.24136318368228, 
                58.45115805977018
              ], 
              [
                -94.23827058983558, 
                58.51471583222787
              ], 
              [
                -94.23469003505346, 
                58.535834199479595
              ], 
              [
                -94.23517807121962, 
                58.545151948315564
              ], 
              [
                -94.24168864031584, 
                58.555731551811135
              ], 
              [
                -94.24486254152772, 
                58.56391034771809
              ], 
              [
                -94.24665270479363, 
                58.57713439776952
              ], 
              [
                -94.24673423255035, 
                58.59080644407064
              ], 
              [
                -94.24502509339067, 
                58.600327750407565
              ], 
              [
                -94.22769121574524, 
                58.6233991626557
              ], 
              [
                -94.18028734848464, 
                58.66107831878254
              ], 
              [
                -94.16315671488123, 
                58.6829287894387
              ], 
              [
                -94.16934146979327, 
                58.69367081416314
              ], 
              [
                -94.17100980159752, 
                58.70978413895462
              ], 
              [
                -94.1661270347097, 
                58.724310559311895
              ], 
              [
                -94.15257727474832, 
                58.73069895623984
              ], 
              [
                -94.14289291437558, 
                58.736802338825086
              ], 
              [
                -94.15322842678144, 
                58.75096275658116
              ], 
              [
                -94.16954512128855, 
                58.7670759951994
              ], 
              [
                -94.17739835895723, 
                58.77912032021756
              ], 
              [
                -94.14557864853224, 
                58.76976153918556
              ], 
              [
                -94.1167699230492, 
                58.76805240323855
              ], 
              [
                -94.05671152637333, 
                58.77167405040131
              ], 
              [
                -93.8819473735984, 
                58.75739164419499
              ], 
              [
                -93.86563061034077, 
                58.75804264895677
              ], 
              [
                -93.85484789220203, 
                58.761908393114034
              ], 
              [
                -93.83421799647509, 
                58.77537680334983
              ], 
              [
                -93.81867442046547, 
                58.77985276534988
              ], 
              [
                -93.80431062811677, 
                58.778021496483
              ], 
              [
                -93.79027268400067, 
                58.773911960013855
              ], 
              [
                -93.77578704697203, 
                58.77167405040131
              ], 
              [
                -93.75999926066322, 
                58.77460370789672
              ], 
              [
                -93.73302156292829, 
                58.788071947755206
              ], 
              [
                -93.7174374430843, 
                58.79218186935374
              ], 
              [
                -93.69054125138291, 
                58.79035077645718
              ], 
              [
                -93.57274341888689, 
                58.76500086436289
              ], 
              [
                -93.55577557956019, 
                58.76325111326333
              ], 
              [
                -93.53258211192448, 
                58.77142969792655
              ], 
              [
                -93.49600172863049, 
                58.77350491699579
              ], 
              [
                -93.4847307315562, 
                58.77167405040131
              ], 
              [
                -93.4734593481719, 
                58.75523498726213
              ], 
              [
                -93.47191310626003, 
                58.734930604347156
              ], 
              [
                -93.46471093567503, 
                58.71751521396686
              ], 
              [
                -93.43634994622685, 
                58.710191010693464
              ], 
              [
                -93.42100988134867, 
                58.708197317081286
              ], 
              [
                -93.40908757074698, 
                58.70506405124526
              ], 
              [
                -93.39801998450804, 
                58.70526764325983
              ], 
              [
                -93.38512130570788, 
                58.71332438247145
              ], 
              [
                -93.35728919946243, 
                58.74335359170079
              ], 
              [
                -93.34752356868151, 
                58.751166084960495
              ], 
              [
                -93.32648666890398, 
                58.75995501198022
              ], 
              [
                -93.23444569962933, 
                58.767401355391755
              ], 
              [
                -93.21125242429747, 
                58.76654696102118
              ], 
              [
                -93.18952389095851, 
                58.759711003784105
              ], 
              [
                -93.17003333272169, 
                58.74437083584324
              ], 
              [
                -93.15575110672154, 
                58.74437083584324
              ], 
              [
                -93.15347239898925, 
                58.72601952668097
              ], 
              [
                -93.1341038706223, 
                58.683050731689264
              ], 
              [
                -93.13182541175226, 
                58.6723494525625
              ], 
              [
                -93.1393122657178, 
                58.65851467117148
              ], 
              [
                -93.14073652154174, 
                58.63975665361129
              ], 
              [
                -93.1353245745753, 
                58.600327750407565
              ], 
              [
                -93.13198802335292, 
                58.59088768968957
              ], 
              [
                -93.12336178721202, 
                58.57391999394316
              ], 
              [
                -93.12165291620924, 
                58.56248620759177
              ], 
              [
                -93.12743082973614, 
                58.53864171214639
              ], 
              [
                -93.1284887818117, 
                58.52838781581804
              ], 
              [
                -93.12344316014767, 
                58.512884829647874
              ], 
              [
                -93.09801194560045, 
                58.47626385383729
              ], 
              [
                -93.05077070646828, 
                58.42234943288355
              ], 
              [
                -93.04198164452897, 
                58.385931790034086
              ], 
              [
                -93.03258216883746, 
                58.3670108182523
              ], 
              [
                -93.02135171396303, 
                58.35069410394086
              ], 
              [
                -92.98403893644405, 
                58.31305581431055
              ], 
              [
                -92.97447659597417, 
                58.296942336380035
              ], 
              [
                -92.97081463546283, 
                58.274847786294586
              ], 
              [
                -92.96296152522991, 
                58.25987392280066
              ], 
              [
                -92.93468189802732, 
                58.2332625887815
              ], 
              [
                -92.9372452832705, 
                58.22300857519546
              ], 
              [
                -92.9210505877161, 
                58.20380280522293
              ], 
              [
                -92.91270900956263, 
                58.19639707904658
              ], 
              [
                -92.90192635591006, 
                58.18943933735807
              ], 
              [
                -92.87425690944508, 
                58.17845280100797
              ], 
              [
                -92.8616836434607, 
                58.17182028548971
              ], 
              [
                -92.85411526957138, 
                58.16209533276246
              ], 
              [
                -92.86831624713861, 
                58.1535505671453
              ], 
              [
                -92.86607824601347, 
                58.145941463504904
              ], 
              [
                -92.85594641961535, 
                58.13776276392124
              ], 
              [
                -92.84666903421342, 
                58.12738673747691
              ], 
              [
                -92.84032138483964, 
                58.1015078405224
              ], 
              [
                -92.83507241510681, 
                58.09080640594502
              ], 
              [
                -92.82363834323459, 
                58.08641169285574
              ], 
              [
                -92.8077694088279, 
                58.07575113197837
              ], 
              [
                -92.8038631684747, 
                58.05040120853921
              ], 
              [
                -92.80573476664036, 
                57.9976666583524
              ], 
              [
                -92.76610277163428, 
                57.91099693604631
              ], 
              [
                -92.75698796563671, 
                57.86591203395655
              ], 
              [
                -92.78579665869049, 
                57.839422894653396
              ], 
              [
                -92.77196203939583, 
                57.83478424267838
              ], 
              [
                -92.74331622537326, 
                57.83209871844117
              ], 
              [
                -92.73058031977871, 
                57.82575117932327
              ], 
              [
                -92.72362209423683, 
                57.81627012205618
              ], 
              [
                -92.7148331406418, 
                57.79291413437417
              ], 
              [
                -92.69469164074063, 
                57.7661808569094
              ], 
              [
                -92.66909744813414, 
                57.71649809971488
              ], 
              [
                -92.64500883945621, 
                57.69599020736975
              ], 
              [
                -92.61595619305415, 
                57.67125072891874
              ], 
              [
                -92.60773683348145, 
                57.65843339590101
              ], 
              [
                -92.60118569799756, 
                57.64166903855079
              ], 
              [
                -92.55923420578905, 
                57.58612705239266
              ], 
              [
                -92.55833900550985, 
                57.57648347750206
              ], 
              [
                -92.56135011879954, 
                57.55365638331344
              ], 
              [
                -92.55923419801796, 
                57.544541757019545
              ], 
              [
                -92.55020091872981, 
                57.53827538866263
              ], 
              [
                -92.51960197022797, 
                57.52716700233876
              ], 
              [
                -92.50772050824565, 
                57.52098216550958
              ], 
              [
                -92.5020238524933, 
                57.51398341811565
              ], 
              [
                -92.49665276135791, 
                57.50401434436178
              ], 
              [
                -92.49258382234936, 
                57.49388259565846
              ], 
              [
                -92.48729408010959, 
                57.474839591200244
              ], 
              [
                -92.47817953383603, 
                57.46649816599405
              ], 
              [
                -92.46703041133136, 
                57.45872631411584
              ], 
              [
                -92.45685788518357, 
                57.44896068893979
              ], 
              [
                -92.45083570799244, 
                57.43260321689058
              ], 
              [
                -92.44253492321643, 
                57.38764064724855
              ], 
              [
                -92.42357338197125, 
                57.35443758036165
              ], 
              [
                -92.42235260625809, 
                57.33417381976826
              ], 
              [
                -92.42894452252575, 
                57.29132728616404
              ], 
              [
                -92.43952390792778, 
                57.253281987443295
              ], 
              [
                -92.45677655067924, 
                57.22296790778501
              ], 
              [
                -92.54287675166663, 
                57.10578033447312
              ], 
              [
                -92.59715738466484, 
                57.048325949110165
              ], 
              [
                -92.66576083674562, 
                57.00055568902487
              ], 
              [
                -92.68932038463761, 
                56.970811194673885
              ], 
              [
                -92.70490469814149, 
                56.95538964995528
              ], 
              [
                -92.72069250463512, 
                56.94871652996888
              ], 
              [
                -92.76170812346164, 
                56.94358956840378
              ], 
              [
                -92.84264080558246, 
                56.92051835921523
              ], 
              [
                -92.88198812009632, 
                56.91453689399943
              ], 
              [
                -92.85977122637689, 
                56.907538077469454
              ], 
              [
                -92.72581941864706, 
                56.92743555713216
              ], 
              [
                -92.67658445167433, 
                56.94188061655224
              ], 
              [
                -92.53864500498946, 
                57.01890699129117
              ], 
              [
                -92.49095613163652, 
                57.03807194277283
              ], 
              [
                -92.27871654816911, 
                57.065375002094704
              ], 
              [
                -92.24242099980744, 
                57.07469306635848
              ], 
              [
                -92.23033604752487, 
                57.07282133206583
              ], 
              [
                -92.2181289918964, 
                57.06281153677751
              ], 
              [
                -92.22329668925494, 
                57.053900470610024
              ], 
              [
                -92.23717204373781, 
                57.04743077986397
              ], 
              [
                -92.25108805110374, 
                57.04490798324364
              ], 
              [
                -92.27428138252043, 
                57.03717682932842
              ], 
              [
                -92.34019928899936, 
                56.982855463413735
              ], 
              [
                -92.35480713780014, 
                56.97675207265533
              ], 
              [
                -92.37132730496018, 
                56.97247959216579
              ], 
              [
                -92.4056697307902, 
                56.96918366689119
              ], 
              [
                -92.42398030047916, 
                56.96544020479082
              ], 
              [
                -92.45433514916898, 
                56.947699358767665
              ], 
              [
                -92.47052976464619, 
                56.94188061655224
              ], 
              [
                -92.47052975213865, 
                56.935044664170604
              ], 
              [
                -92.41820222145635, 
                56.94953027143732
              ], 
              [
                -92.33739172758128, 
                56.959540101791646
              ], 
              [
                -92.31371011074867, 
                56.96959058754226
              ], 
              [
                -92.22350010546965, 
                57.02147041604283
              ], 
              [
                -92.11245681082241, 
                57.04413480322732
              ], 
              [
                -91.96165930693172, 
                57.06024811145009
              ], 
              [
                -91.76659095640933, 
                57.114691480908576
              ], 
              [
                -91.48497469833373, 
                57.16941961373629
              ], 
              [
                -91.21019440907371, 
                57.2290712867691
              ], 
              [
                -91.03111733203905, 
                57.26463452563711
              ], 
              [
                -90.85366773089964, 
                57.26109441572113
              ], 
              [
                -90.68911702281594, 
                57.22992588761047
              ], 
              [
                -90.60997473404075, 
                57.23322174082106
              ], 
              [
                -90.5855200177796, 
                57.22992588761047
              ], 
              [
                -90.51520747635091, 
                57.20164621395559
              ], 
              [
                -90.48989823422383, 
                57.19574615253815
              ], 
              [
                -90.43521078648743, 
                57.192613079842836
              ], 
              [
                -90.4092911453812, 
                57.18748607047662
              ], 
              [
                -90.38752196145316, 
                57.174628025085774
              ], 
              [
                -90.38060466587179, 
                57.15460852216042
              ], 
              [
                -90.31517498619087, 
                57.14362220238597
              ], 
              [
                -90.2613012913303, 
                57.1157901754084
              ], 
              [
                -90.16836503640576, 
                57.09271881499704
              ], 
              [
                -90.15929115864257, 
                57.08201733714762
              ], 
              [
                -90.15469313168306, 
                57.07904690263256
              ], 
              [
                -90.07225504575665, 
                57.06085850849264
              ], 
              [
                -90.05793203237737, 
                57.05516177214773
              ], 
              [
                -89.9877824135417, 
                57.01373939758624
              ], 
              [
                -89.96296139158075, 
                57.003973699471075
              ], 
              [
                -89.87271077983428, 
                56.99742264207047
              ], 
              [
                -89.82701574326944, 
                56.976019584426986
              ], 
              [
                -89.57469643065193, 
                56.944810305061175
              ], 
              [
                -89.51276609487302, 
                56.92706942190221
              ], 
              [
                -89.48253335449232, 
                56.92198316859883
              ], 
              [
                -89.39378817949728, 
                56.928167990821066
              ], 
              [
                -89.36701413968753, 
                56.92271557815272
              ], 
              [
                -89.31574464675901, 
                56.904242320963334
              ], 
              [
                -89.26561440808635, 
                56.896918062893214
              ], 
              [
                -89.18834387023595, 
                56.872992243806245
              ], 
              [
                -89.10728922300957, 
                56.86994053664614
              ], 
              [
                -89.08836825777789, 
                56.863348654951395
              ], 
              [
                -89.07506256813707, 
                56.85407127812726
              ], 
              [
                -89.05614177339298, 
                56.84552648826429
              ], 
              [
                -89.03624422075464, 
                56.84251530394591
              ], 
              [
                -89.02013093812913, 
                56.84967675986452
              ], 
              [
                -89.00348879714939, 
                56.85358315330342
              ], 
              [
                -88.94699959256151, 
                56.853217020445776
              ], 
              [
                -89.23031021756054, 
                56.6812950571899
              ], 
              [
                -89.48094096554306, 
                56.52667923775544
              ], 
              [
                -89.73120993667912, 
                56.371598277197236
              ], 
              [
                -89.98052282287034, 
                56.21507028543425
              ], 
              [
                -90.3313024322763, 
                55.99234484510579
              ], 
              [
                -90.6814619763965, 
                55.76858594240394
              ], 
              [
                -91.03063960368983, 
                55.543328341170245
              ], 
              [
                -91.37839616702357, 
                55.3159778934397
              ], 
              [
                -91.68625851319406, 
                55.11061575258203
              ], 
              [
                -91.99226048733799, 
                54.902178837424636
              ], 
              [
                -92.29673795893768, 
                54.69154561151951
              ], 
              [
                -92.60015632772775, 
                54.47964665750918
              ], 
              [
                -92.76934480597973, 
                54.36040307822435
              ], 
              [
                -92.93796495211885, 
                54.24035865835535
              ], 
              [
                -93.10627514732668, 
                54.11990096671351
              ], 
              [
                -93.27455959193664, 
                53.99926252278979
              ], 
              [
                -93.38946214787734, 
                53.91479740637111
              ], 
              [
                -93.5039770589256, 
                53.82958288664736
              ], 
              [
                -93.62017150442406, 
                53.74690057913521
              ], 
              [
                -93.74019006725949, 
                53.670006112778346
              ], 
              [
                -93.9754728807916, 
                53.53016970968682
              ], 
              [
                -94.21075547360753, 
                53.39041052955525
              ], 
              [
                -94.44606418374846, 
                53.250600041153604
              ], 
              [
                -94.68134708157213, 
                53.11078958921502
              ], 
              [
                -94.73346262172096, 
                53.07991273220858
              ], 
              [
                -94.78562996022845, 
                53.0491652289775
              ], 
              [
                -94.83764241687545, 
                53.01810786257923
              ], 
              [
                -94.88939634936503, 
                52.98663689704871
              ], 
              [
                -94.9465504736369, 
                52.951496908128554
              ], 
              [
                -95.0036788345133, 
                52.91630534495429
              ], 
              [
                -95.06085863112665, 
                52.88113929775169
              ], 
              [
                -95.11801286908207, 
                52.84594778643516
              ], 
              [
                -95.1537728941176, 
                52.82134971621782
              ], 
              [
                -95.15333365399555, 
                52.76662438686568
              ], 
              [
                -95.15361793840276, 
                52.37318595574431
              ], 
              [
                -95.1537987772954, 
                51.979669884870376
              ], 
              [
                -95.15392793891282, 
                51.586257165036784
              ], 
              [
                -95.15405717277973, 
                51.19281870801617
              ], 
              [
                -95.15405715693745, 
                50.89206184867486
              ], 
              [
                -95.15405716597719, 
                50.59117583475641
              ], 
              [
                -95.15405717642116, 
                50.29041901444754
              ], 
              [
                -95.15408310869043, 
                49.989558964403464
              ], 
              [
                -95.15408308849003, 
                49.87941061979586
              ], 
              [
                -95.15410893718324, 
                49.7692364830051
              ], 
              [
                -95.15540083448977, 
                49.69603679641388
              ], 
              [
                -95.15671841504187, 
                49.62281103425545
              ], 
              [
                -95.15839804122288, 
                49.53335934728599
              ], 
              [
                -95.16043916817395, 
                49.41677717598383
              ], 
              [
                -95.1611949296809, 
                49.37388696292562
              ], 
              [
                -95.16056922223628, 
                49.36949413351118
              ], 
              [
                -95.16033664465876, 
                49.31301174093713
              ], 
              [
                -95.16002667146589, 
                49.22335326200497
              ], 
              [
                -95.15966481023554, 
                49.10950988622337
              ], 
              [
                -95.15932901163976, 
                49.011789905373774
              ], 
              [
                -95.16188692138252, 
                49.00114444703045
              ], 
              [
                -95.16852748118563, 
                48.99504684318348
              ], 
              [
                -95.17710560515724, 
                48.99266947107086
              ], 
              [
                -95.39693714800059, 
                48.99266947107086
              ], 
              [
                -95.61671701384395, 
                48.99266947107086
              ], 
              [
                -95.83649688068732, 
                48.99266947107086
              ], 
              [
                -96.05632842353056, 
                48.99266947107086
              ], 
              [
                -96.27621164237385, 
                48.99266947107086
              ], 
              [
                -96.49599150821719, 
                48.99266947107086
              ], 
              [
                -96.71579721306043, 
                48.99266947107086
              ], 
              [
                -96.9356029189038, 
                48.99266947107086
              ], 
              [
                -97.15538278374716, 
                48.99266947107086
              ], 
              [
                -97.22608849710167, 
                48.99266947107086
              ], 
              [
                -97.3751884895905, 
                48.99266947107086
              ], 
              [
                -97.59499419343385, 
                48.99266947107086
              ], 
              [
                -97.81479989827709, 
                48.99266947107086
              ], 
              [
                -98.0346056021204, 
                48.99266947107086
              ], 
              [
                -98.25443714596375, 
                48.99266947107086
              ], 
              [
                -98.47419117380716, 
                48.99266947107086
              ], 
              [
                -98.69404855465045, 
                48.99266947107086
              ], 
              [
                -98.91385425949372, 
                48.99266947107086
              ], 
              [
                -99.13365996433704, 
                48.99266947107086
              ], 
              [
                -99.35349150618038, 
                48.99266947107086
              ], 
              [
                -99.57329721202369, 
                48.99266947107086
              ], 
              [
                -99.79310291586694, 
                48.99266947107086
              ], 
              [
                -100.0128827827103, 
                48.99266947107086
              ], 
              [
                -100.23266264855367, 
                48.99266947107086
              ], 
              [
                -100.45249419139701, 
                48.99266947107086
              ], 
              [
                -100.67227405824035, 
                48.99266947107086
              ], 
              [
                -100.89210560108359, 
                48.99266947107086
              ], 
              [
                -101.11188546692695, 
                48.99266947107086
              ], 
              [
                -101.3316911717702, 
                48.99266947107086
              ], 
              [
                -101.36433957474695, 
                48.99266947107086
              ]
            ], 
            [
              [
                -96.28032034760221, 
                51.24096051029105
              ], 
              [
                -96.33492489087477, 
                51.296006598746885
              ], 
              [
                -96.35685501790718, 
                51.32455991842887
              ], 
              [
                -96.37127884506732, 
                51.33780628306741
              ], 
              [
                -96.38673297634064, 
                51.343104857753936
              ], 
              [
                -96.40719131536412, 
                51.344576723348695
              ], 
              [
                -96.42853269622258, 
                51.34958088784468
              ], 
              [
                -96.44545863565205, 
                51.35900054284666
              ], 
              [
                -96.45222898121301, 
                51.374013072345505
              ], 
              [
                -96.4551726356477, 
                51.38667074815861
              ], 
              [
                -96.46223730237503, 
                51.388731196239966
              ], 
              [
                -96.47106823952552, 
                51.38784812245028
              ], 
              [
                -96.47945761767166, 
                51.39108612858954
              ], 
              [
                -96.48637521231633, 
                51.40021146900441
              ], 
              [
                -96.4965308054345, 
                51.41963954416657
              ], 
              [
                -96.5423044187162, 
                51.47939545008843
              ], 
              [
                -96.55157681597161, 
                51.487343180590926
              ], 
              [
                -96.57924705392485, 
                51.494113569423966
              ], 
              [
                -96.57394855813777, 
                51.50971494926055
              ], 
              [
                -96.54097980990466, 
                51.54268377855879
              ], 
              [
                -96.72098338582785, 
                51.69222063396521
              ], 
              [
                -96.75939792475492, 
                51.74108510706864
              ], 
              [
                -96.77499921958675, 
                51.75079911792469
              ], 
              [
                -96.78279989457774, 
                51.75756952795642
              ], 
              [
                -96.78736252479688, 
                51.7684609818298
              ], 
              [
                -96.75145012277173, 
                51.762279364586284
              ], 
              [
                -96.74335511725361, 
                51.76492865266008
              ], 
              [
                -96.73467140811368, 
                51.77111034399624
              ], 
              [
                -96.72304395352704, 
                51.7746426154919
              ], 
              [
                -96.71038635752288, 
                51.77582015619625
              ], 
              [
                -96.69184132910591, 
                51.77523130681761
              ], 
              [
                -96.68404073157345, 
                51.776703198479986
              ], 
              [
                -96.68065559292278, 
                51.77846945012378
              ], 
              [
                -96.67756466971402, 
                51.78200168280878
              ], 
              [
                -96.68624845459229, 
                51.79053830158505
              ], 
              [
                -96.71539048309643, 
                51.826745061771966
              ], 
              [
                -96.73187492460352, 
                51.84087460874076
              ], 
              [
                -96.74924235869692, 
                51.85088292157462
              ], 
              [
                -96.78736255957416, 
                51.86412937064621
              ], 
              [
                -96.86316127185154, 
                51.86707294310597
              ], 
              [
                -96.8641915822653, 
                51.871488454040545
              ], 
              [
                -96.86860703235546, 
                51.88090809000476
              ], 
              [
                -96.8693428998201, 
                51.884440401157704
              ], 
              [
                -96.8674296209822, 
                51.89297708068183
              ], 
              [
                -96.86404443962797, 
                51.90033619216163
              ], 
              [
                -96.85624368833895, 
                51.91181625438627
              ], 
              [
                -96.83225305386141, 
                51.93978090347776
              ], 
              [
                -96.820625659064, 
                51.95862019161771
              ], 
              [
                -96.82533551325494, 
                51.967156789570815
              ], 
              [
                -96.8340192141267, 
                51.97333838071605
              ], 
              [
                -96.86934292889487, 
                52.01484374918374
              ], 
              [
                -96.88523865634525, 
                52.02632403765948
              ], 
              [
                -96.9140862552251, 
                52.041336492235935
              ], 
              [
                -96.9282157900014, 
                52.05281676990048
              ], 
              [
                -96.95956559367832, 
                52.07018428600167
              ], 
              [
                -96.96589432751384, 
                52.080486902209344
              ], 
              [
                -96.95191203645521, 
                52.0972656642131
              ], 
              [
                -96.96677742916752, 
                52.1116895122768
              ], 
              [
                -97.0110792905957, 
                52.14083164219611
              ], 
              [
                -97.02756364084726, 
                52.15878779890492
              ], 
              [
                -97.0310960680109, 
                52.16496952316793
              ], 
              [
                -97.03315655480259, 
                52.16997362974707
              ], 
              [
                -97.03418689185185, 
                52.17527226827926
              ], 
              [
                -97.03448126410484, 
                52.18263138237539
              ], 
              [
                -97.03639462031295, 
                52.19263974839732
              ], 
              [
                -97.0411043904847, 
                52.197055135193814
              ], 
              [
                -97.04772756964861, 
                52.20029312218762
              ], 
              [
                -97.05493957217189, 
                52.20676924239099
              ], 
              [
                -97.06906902508764, 
                52.22590287678794
              ], 
              [
                -97.07878302909648, 
                52.2356168766166
              ], 
              [
                -97.08908575621595, 
                52.24091540765111
              ], 
              [
                -97.06700840997297, 
                52.24621391268842
              ], 
              [
                -97.03580583133288, 
                52.24533084556589
              ], 
              [
                -97.00901873916273, 
                52.25092382223103
              ], 
              [
                -97.0003349237553, 
                52.275650310104126
              ], 
              [
                -97.00519194534226, 
                52.284186887903545
              ], 
              [
                -97.0468445381843, 
                52.32245431668412
              ], 
              [
                -97.0552338637078, 
                52.32775280125537
              ], 
              [
                -97.06862747897448, 
                52.33010777779629
              ], 
              [
                -97.06038526217272, 
                52.340116129704036
              ], 
              [
                -97.0465501276111, 
                52.34629774884536
              ], 
              [
                -97.03345089073215, 
                52.35071316632944
              ], 
              [
                -97.02756367779598, 
                52.35424562893068
              ], 
              [
                -97.02947704535839, 
                52.366020194991094
              ], 
              [
                -97.03506995541431, 
                52.373673651120605
              ], 
              [
                -97.04375370073787, 
                52.37985530256007
              ], 
              [
                -97.0549395167914, 
                52.38544819322766
              ], 
              [
                -97.03183198412488, 
                52.405170658237196
              ], 
              [
                -97.04184036658556, 
                52.42194941629739
              ], 
              [
                -97.06347609543865, 
                52.43313520711903
              ], 
              [
                -97.07539785128097, 
                52.436078859972724
              ], 
              [
                -97.07981333142118, 
                52.43225215062217
              ], 
              [
                -97.08938011445832, 
                52.43401826729269
              ], 
              [
                -97.09894693418809, 
                52.44049425891143
              ], 
              [
                -97.10336241730872, 
                52.4502083033695
              ], 
              [
                -97.10218491068626, 
                52.47964464943111
              ], 
              [
                -97.1033623903185, 
                52.48788687576459
              ], 
              [
                -97.1135179678748, 
                52.51084729787892
              ], 
              [
                -97.13912771856697, 
                52.54705418058466
              ], 
              [
                -97.15134375388863, 
                52.58855942179845
              ], 
              [
                -97.18593157898995, 
                52.62005643657036
              ], 
              [
                -97.19829489562106, 
                52.63919013560029
              ], 
              [
                -97.19741187325472, 
                52.64478314652261
              ], 
              [
                -97.19167169746089, 
                52.66244489460721
              ], 
              [
                -97.19211322539388, 
                52.67274761493737
              ], 
              [
                -97.19755900685044, 
                52.68422787540632
              ], 
              [
                -97.20580117382981, 
                52.694236217996476
              ], 
              [
                -97.2228743655136, 
                52.71042634026849
              ], 
              [
                -97.24186068779608, 
                52.72367250998414
              ], 
              [
                -97.28837028969224, 
                52.74280627018752
              ], 
              [
                -97.30868146018068, 
                52.75458089537929
              ], 
              [
                -97.32030867846417, 
                52.76635524391685
              ], 
              [
                -97.34503548170633, 
                52.80050176708673
              ], 
              [
                -97.35784028369001, 
                52.83140995105116
              ], 
              [
                -97.39493013002098, 
                52.8555477652586
              ], 
              [
                -97.40508558762711, 
                52.872032019245744
              ], 
              [
                -97.40228916444735, 
                52.88056862608483
              ], 
              [
                -97.39434139574256, 
                52.88822217543943
              ], 
              [
                -97.3771210213561, 
                52.899407916870764
              ], 
              [
                -97.39169203616612, 
                52.91412611087054
              ], 
              [
                -97.41583000145474, 
                52.930610641583634
              ], 
              [
                -97.43511091034632, 
                52.94738947319015
              ], 
              [
                -97.43511088969798, 
                52.96387383730172
              ], 
              [
                -97.3908090736364, 
                52.96770055152021
              ], 
              [
                -97.38977863530418, 
                52.97034961488207
              ], 
              [
                -97.38904282993974, 
                52.97623703432125
              ], 
              [
                -97.38727652403936, 
                52.9827128871621
              ], 
              [
                -97.38389143471215, 
                52.987422841154796
              ], 
              [
                -97.3493036120939, 
                52.996842444095286
              ], 
              [
                -97.33811784499444, 
                53.001846725170616
              ], 
              [
                -97.33016991802589, 
                53.009500067937466
              ], 
              [
                -97.33267202946008, 
                53.01891974134524
              ], 
              [
                -97.34488831092482, 
                53.025984702109476
              ], 
              [
                -97.37623797533291, 
                53.03157747055148
              ], 
              [
                -97.39080899163666, 
                53.035992922058384
              ], 
              [
                -97.40964821106974, 
                53.048944833476874
              ], 
              [
                -97.42260037808418, 
                53.06690123433613
              ], 
              [
                -97.42657435330757, 
                53.08809552872738
              ], 
              [
                -97.41862635872124, 
                53.111055718769656
              ], 
              [
                -97.42480800538806, 
                53.111055718769656
              ], 
              [
                -97.42348344980168, 
                53.122241663292826
              ], 
              [
                -97.44114522496524, 
                53.1310724931095
              ], 
              [
                -97.4460023161362, 
                53.14196407352274
              ], 
              [
                -97.44246978990648, 
                53.15020606597563
              ], 
              [
                -97.42510247252788, 
                53.16610194411512
              ], 
              [
                -97.4186265061786, 
                53.17375546898281
              ], 
              [
                -97.46322254125813, 
                53.20230862073752
              ], 
              [
                -97.50369765529243, 
                53.238515468560784
              ], 
              [
                -97.51694398183773, 
                53.24764068009898
              ], 
              [
                -97.54711633940451, 
                53.25764910501243
              ], 
              [
                -97.55889094614652, 
                53.26530262604533
              ], 
              [
                -97.58538365124626, 
                53.29267840435701
              ], 
              [
                -97.58935755271483, 
                53.299743125070414
              ], 
              [
                -97.58685555679621, 
                53.31505018735598
              ], 
              [
                -97.58229277666783, 
                53.325647120694356
              ], 
              [
                -97.57934918823196, 
                53.33624429727621
              ], 
              [
                -97.5824399336769, 
                53.3518454958842
              ], 
              [
                -97.59171263017161, 
                53.36656399337738
              ], 
              [
                -97.6046646070247, 
                53.37804413679361
              ], 
              [
                -97.63027429137595, 
                53.39276234987274
              ], 
              [
                -97.66088820087946, 
                53.40365387417843
              ], 
              [
                -97.67251540972316, 
                53.41189584635426
              ], 
              [
                -97.67869698909291, 
                53.42690833063257
              ], 
              [
                -97.67590066181096, 
                53.44133234191788
              ], 
              [
                -97.66868881265589, 
                53.45340136327432
              ], 
              [
                -97.66486199025081, 
                53.46429272232992
              ], 
              [
                -97.67192683985854, 
                53.47459560825705
              ], 
              [
                -97.6650090889639, 
                53.48136573506489
              ], 
              [
                -97.68561478694323, 
                53.49314056757369
              ], 
              [
                -97.69621170643056, 
                53.50520925503732
              ], 
              [
                -97.7050426910206, 
                53.519338810824834
              ], 
              [
                -97.71976097167551, 
                53.53611766092653
              ], 
              [
                -97.74110228539764, 
                53.54906957339834
              ], 
              [
                -97.76862533059825, 
                53.5611385017541
              ], 
              [
                -97.79217442507304, 
                53.57526793439741
              ], 
              [
                -97.80218281490055, 
                53.59440161481406
              ], 
              [
                -97.80645119188314, 
                53.599405928637644
              ], 
              [
                -97.83264966752084, 
                53.61471295010763
              ], 
              [
                -97.83618201909044, 
                53.625310035799075
              ], 
              [
                -97.82955882158696, 
                53.63414095368476
              ], 
              [
                -97.81999196973631, 
                53.64179439845158
              ], 
              [
                -97.81528211099784, 
                53.649447824176924
              ], 
              [
                -97.80851171660487, 
                53.6906587771964
              ], 
              [
                -97.81189680756353, 
                53.697429029650195
              ], 
              [
                -97.8182257748448, 
                53.70213903148409
              ], 
              [
                -97.82146371132399, 
                53.708614954841394
              ], 
              [
                -97.81528213249597, 
                53.7212726983344
              ], 
              [
                -97.83382691305106, 
                53.74187798513888
              ], 
              [
                -97.88180827476411, 
                53.77867351259512
              ], 
              [
                -97.89843988751505, 
                53.803694513506365
              ], 
              [
                -97.89932293877048, 
                53.81134792886442
              ], 
              [
                -97.89829264408449, 
                53.82724356621936
              ], 
              [
                -97.90153071900224, 
                53.834308393076064
              ], 
              [
                -97.9109504341347, 
                53.839901391105215
              ], 
              [
                -97.93376371974071, 
                53.843433843586965
              ], 
              [
                -97.9424473774699, 
                53.848143563601425
              ], 
              [
                -97.95422191646432, 
                53.86286173705769
              ], 
              [
                -97.95672404147253, 
                53.874341975742915
              ], 
              [
                -97.94951218999296, 
                53.885527900309796
              ], 
              [
                -97.93185026258755, 
                53.89936291376585
              ], 
              [
                -97.93508827126983, 
                53.904367108062694
              ], 
              [
                -97.93832628910512, 
                53.90819385737593
              ], 
              [
                -97.94171144295323, 
                53.91084309219342
              ], 
              [
                -97.95171977850364, 
                53.915552861872534
              ], 
              [
                -97.9634943317933, 
                53.927033048024946
              ], 
              [
                -97.97526885231643, 
                53.944106111422414
              ], 
              [
                -97.9804203360033, 
                53.964417376357325
              ], 
              [
                -97.96879299681659, 
                53.984728556190305
              ], 
              [
                -97.9418585752886, 
                53.98826079520858
              ], 
              [
                -97.89093355920778, 
                53.98178475658623
              ], 
              [
                -97.88151391823826, 
                53.98443404768099
              ], 
              [
                -97.85958399390435, 
                53.993559590985626
              ], 
              [
                -97.84663172646619, 
                53.995325466691654
              ], 
              [
                -97.7917328168236, 
                53.995325466691654
              ], 
              [
                -97.77348235287187, 
                54.0012128900293
              ], 
              [
                -97.75434878023401, 
                54.01534248839409
              ], 
              [
                -97.73742271921033, 
                54.03329854458165
              ], 
              [
                -97.72579525784553, 
                54.05007720139279
              ], 
              [
                -97.72932782744662, 
                54.05890837660682
              ], 
              [
                -97.73492076040178, 
                54.08540116620963
              ], 
              [
                -97.73668673396841, 
                54.090993819545126
              ], 
              [
                -97.74831416969239, 
                54.08922770093007
              ], 
              [
                -97.76038303499111, 
                54.08481215881393
              ], 
              [
                -97.77171622384817, 
                54.07833636131639
              ], 
              [
                -97.78113577785588, 
                54.0712714991876
              ], 
              [
                -97.81498763426343, 
                54.03535905275547
              ], 
              [
                -97.83603475462742, 
                54.02505641541941
              ], 
              [
                -97.88269156051709, 
                54.04301274228029
              ], 
              [
                -97.91006737217916, 
                54.042129584422185
              ], 
              [
                -97.93641279130864, 
                54.03359281114085
              ], 
              [
                -97.97718233176181, 
                54.007100176253566
              ], 
              [
                -98.00455826318033, 
                53.99915242965378
              ], 
              [
                -98.0310509057489, 
                53.98826079520858
              ], 
              [
                -98.04856564159272, 
                53.96765539451736
              ], 
              [
                -98.03620246079224, 
                53.95617533493407
              ], 
              [
                -98.03841014341914, 
                53.94381198091585
              ], 
              [
                -98.0507733191651, 
                53.93321472455362
              ], 
              [
                -98.06843530469496, 
                53.92644452295926
              ], 
              [
                -98.0880105521192, 
                53.92497274374046
              ], 
              [
                -98.09934340312189, 
                53.92879926641356
              ], 
              [
                -98.11700535339573, 
                53.947049971212145
              ], 
              [
                -98.13128205804935, 
                53.95882459208989
              ], 
              [
                -98.14496979883036, 
                53.967360911972996
              ], 
              [
                -98.21002436272865, 
                53.99444252682362
              ], 
              [
                -98.22385943831446, 
                54.00386213082667
              ], 
              [
                -98.2335733803395, 
                54.01593096723959
              ], 
              [
                -98.19206813890685, 
                54.04242386444884
              ], 
              [
                -98.16380926086431, 
                54.055964712068395
              ], 
              [
                -98.1510043311384, 
                54.05360968622334
              ], 
              [
                -98.15527260380439, 
                54.06302932932392
              ], 
              [
                -98.17411182841795, 
                54.07715870804999
              ], 
              [
                -98.17838020167764, 
                54.0880502975266
              ], 
              [
                -98.17573100044618, 
                54.098058772681384
              ], 
              [
                -98.16263163242942, 
                54.1142485944079
              ], 
              [
                -98.1579218080406, 
                54.1251400692013
              ], 
              [
                -98.15659722210768, 
                54.16841166168273
              ], 
              [
                -98.14923814487784, 
                54.18666226993207
              ], 
              [
                -98.12745526897417, 
                54.19402145973038
              ], 
              [
                -98.11450319563262, 
                54.196376308255594
              ], 
              [
                -98.09124832180858, 
                54.20550146186936
              ], 
              [
                -98.07932663637315, 
                54.2078564517967
              ], 
              [
                -98.02751855002589, 
                54.2078564517967
              ], 
              [
                -98.00043719595757, 
                54.21403828007985
              ], 
              [
                -97.9573126472285, 
                54.23729279160722
              ], 
              [
                -97.93567700089612, 
                54.24259149179301
              ], 
              [
                -97.90933136887996, 
                54.24376889512383
              ], 
              [
                -97.88607662649453, 
                54.24789002240876
              ], 
              [
                -97.8645880527966, 
                54.256132227427074
              ], 
              [
                -97.82249389298012, 
                54.28439107186874
              ], 
              [
                -97.80247716355065, 
                54.30264168669839
              ], 
              [
                -97.79850320981818, 
                54.317948573973965
              ], 
              [
                -97.82573187999581, 
                54.324424570405704
              ], 
              [
                -97.9406811995747, 
                54.309117795110296
              ], 
              [
                -97.96025640661794, 
                54.308823421758674
              ], 
              [
                -97.97909559319132, 
                54.312944373304184
              ], 
              [
                -97.99337225020248, 
                54.324424570405704
              ], 
              [
                -97.94480238828119, 
                54.33531631547756
              ], 
              [
                -97.92140033572088, 
                54.34444147353162
              ], 
              [
                -97.91153907519761, 
                54.36210324376702
              ], 
              [
                -97.92301928422874, 
                54.37328909066146
              ], 
              [
                -97.9767407600046, 
                54.4059635368766
              ], 
              [
                -97.99337237075939, 
                54.41391141491667
              ], 
              [
                -98.01795170774365, 
                54.41538315170579
              ], 
              [
                -98.03031518417195, 
                54.40861300377149
              ], 
              [
                -98.03458327909517, 
                54.39477766050363
              ], 
              [
                -98.03502478309309, 
                54.37564393984031
              ], 
              [
                -98.03885168889435, 
                54.35621612111432
              ], 
              [
                -98.04989032912272, 
                54.34473590211929
              ], 
              [
                -98.0902180479163, 
                54.324424570405704
              ], 
              [
                -98.10699702587551, 
                54.31206155370883
              ], 
              [
                -98.15438942628394, 
                54.259370096461325
              ], 
              [
                -98.15615561733107, 
                54.25171663694317
              ], 
              [
                -98.15218177367211, 
                54.24376889512383
              ], 
              [
                -98.14938539550162, 
                54.23493807214782
              ], 
              [
                -98.15438951958937, 
                54.225223973717604
              ], 
              [
                -98.19265692316371, 
                54.19402145973038
              ], 
              [
                -98.20590325012343, 
                54.1781257236763
              ], 
              [
                -98.21679461223091, 
                54.15899191755752
              ], 
              [
                -98.22415376403532, 
                54.137797760960225
              ], 
              [
                -98.22842200816275, 
                54.1036514775388
              ], 
              [
                -98.2325432888132, 
                54.09482078201809
              ], 
              [
                -98.24946919947898, 
                54.075392716382964
              ], 
              [
                -98.2562396427337, 
                54.069799883329694
              ], 
              [
                -98.26359853168371, 
                54.065384153807535
              ], 
              [
                -98.27964148962717, 
                54.06273501784498
              ], 
              [
                -98.28052451659644, 
                54.059791294859814
              ], 
              [
                -98.27949421152961, 
                54.055375794684124
              ], 
              [
                -98.28199627540826, 
                54.05007720139279
              ], 
              [
                -98.30775313559033, 
                54.01445914071743
              ], 
              [
                -98.318350365196, 
                53.99208761841339
              ], 
              [
                -98.31216862475189, 
                53.98178475658623
              ], 
              [
                -98.28803097825644, 
                53.97619210351181
              ], 
              [
                -98.27964142615068, 
                53.96176804275453
              ], 
              [
                -98.27449008976782, 
                53.920262745709465
              ], 
              [
                -98.24166858191334, 
                53.8858222587842
              ], 
              [
                -98.13187058315717, 
                53.85726871290919
              ], 
              [
                -98.09021810991456, 
                53.83784074432797
              ], 
              [
                -98.03193414428951, 
                53.7772019001318
              ], 
              [
                -98.00514693055177, 
                53.76837087758646
              ], 
              [
                -97.90462169999519, 
                53.74923735977595
              ], 
              [
                -97.88681254109332, 
                53.73599081049533
              ], 
              [
                -97.87857047337762, 
                53.720095309634665
              ], 
              [
                -97.88504634574988, 
                53.70626002023133
              ], 
              [
                -97.9642304270139, 
                53.69242507235489
              ], 
              [
                -97.98954569684098, 
                53.69154192279435
              ], 
              [
                -98.01397778861045, 
                53.700667045086576
              ], 
              [
                -98.02501652631099, 
                53.7127360793023
              ], 
              [
                -98.0363494213247, 
                53.739817422334845
              ], 
              [
                -98.04518041796446, 
                53.752180807778274
              ], 
              [
                -98.06666909613728, 
                53.76572168003308
              ], 
              [
                -98.11406158572183, 
                53.77808480308281
              ], 
              [
                -98.27655062084119, 
                53.84019568067787
              ], 
              [
                -98.37692871873774, 
                53.85726871290919
              ], 
              [
                -98.65421990809469, 
                53.85079292986695
              ], 
              [
                -98.69233993164335, 
                53.83784074432797
              ], 
              [
                -98.7051447819803, 
                53.871398268413664
              ], 
              [
                -98.74400093934393, 
                53.88994332417109
              ], 
              [
                -98.79227654028676, 
                53.89759664668772
              ], 
              [
                -98.83319321987479, 
                53.89936291376585
              ], 
              [
                -98.87160783250648, 
                53.89406447683264
              ], 
              [
                -98.92356299959413, 
                53.87964050812602
              ], 
              [
                -98.96124158902532, 
                53.856680082689316
              ], 
              [
                -98.95476560240961, 
                53.814291678563656
              ], 
              [
                -98.9706613838823, 
                53.80251726175233
              ], 
              [
                -99.00451311721292, 
                53.78662142225367
              ], 
              [
                -99.01010613575392, 
                53.77131461286901
              ], 
              [
                -99.00701513906877, 
                53.7536525483434
              ], 
              [
                -98.99980328470876, 
                53.73805133313002
              ], 
              [
                -98.99391608553374, 
                53.728043057226046
              ], 
              [
                -98.98655695236212, 
                53.719506459977254
              ], 
              [
                -98.98008080702223, 
                53.71538519357584
              ], 
              [
                -98.97551827374258, 
                53.710675506274136
              ], 
              [
                -98.97345766036617, 
                53.700667045086576
              ], 
              [
                -98.97625428169695, 
                53.69213068872773
              ], 
              [
                -98.98287739564486, 
                53.68094475292495
              ], 
              [
                -98.99097230089131, 
                53.670641872636175
              ], 
              [
                -99.0114308182483, 
                53.65857320763596
              ], 
              [
                -99.04572406125119, 
                53.61942255549387
              ], 
              [
                -99.05602686006374, 
                53.60441005330009
              ], 
              [
                -99.03939534809582, 
                53.59263556518058
              ], 
              [
                -99.0286509203561, 
                53.58674811022927
              ], 
              [
                -99.02717920196534, 
                53.57997786390537
              ], 
              [
                -99.05705713707844, 
                53.547597779992145
              ], 
              [
                -99.0613253951055, 
                53.53670627981596
              ], 
              [
                -99.06279722726927, 
                53.519338810824834
              ], 
              [
                -99.0809005929493, 
                53.50020510708882
              ], 
              [
                -99.087818258271, 
                53.487253222072816
              ], 
              [
                -99.07987026469979, 
                53.48136573506489
              ], 
              [
                -99.07251134916032, 
                53.47430123269847
              ], 
              [
                -99.07677941112935, 
                53.458110930770424
              ], 
              [
                -99.08590486071056, 
                53.441038015433826
              ], 
              [
                -99.09355838085158, 
                53.430440973603424
              ], 
              [
                -99.10474408386759, 
                53.42337606553207
              ], 
              [
                -99.14477765015373, 
                53.41277901379363
              ], 
              [
                -99.17038723810684, 
                53.397766328208235
              ], 
              [
                -99.18333935251859, 
                53.3880524292775
              ], 
              [
                -99.19320051718186, 
                53.37833837062319
              ], 
              [
                -99.19923501398709, 
                53.36685821036122
              ], 
              [
                -99.21365876027377, 
                53.32388092636139
              ], 
              [
                -99.21307016016529, 
                53.31887689841331
              ], 
              [
                -99.2099791788804, 
                53.31534432890063
              ], 
              [
                -99.20674135615624, 
                53.31092909830588
              ], 
              [
                -99.20615259265631, 
                53.302686858119394
              ], 
              [
                -99.20939053921839, 
                53.29709386516702
              ], 
              [
                -99.22248975888222, 
                53.282081314954404
              ], 
              [
                -99.22661088921032, 
                53.27531098128434
              ], 
              [
                -99.22131222916123, 
                53.274133390703604
              ], 
              [
                -99.21145120070244, 
                53.2700125082041
              ], 
              [
                -99.20615254559009, 
                53.26854055972044
              ], 
              [
                -99.23912126393276, 
                53.23233369096368
              ], 
              [
                -99.25295655872148, 
                53.20849042622789
              ], 
              [
                -99.25119037376125, 
                53.19023985016789
              ], 
              [
                -99.23926863187349, 
                53.18817930798718
              ], 
              [
                -99.22175382090101, 
                53.19082840031297
              ], 
              [
                -99.20615256237468, 
                53.1917115438069
              ], 
              [
                -99.19290610667834, 
                53.174343971281395
              ], 
              [
                -99.1647944591422, 
                53.169928670463925
              ], 
              [
                -99.15846549490422, 
                53.16286375892413
              ], 
              [
                -99.15508046860224, 
                53.16168650759167
              ], 
              [
                -99.14080377647777, 
                53.142552798683184
              ], 
              [
                -99.13859609061167, 
                53.138431758369045
              ], 
              [
                -99.12461358990429, 
                53.13283857908842
              ], 
              [
                -99.09694353752113, 
                53.12518533562894
              ], 
              [
                -99.08340273217658, 
                53.118414889925646
              ], 
              [
                -99.07015637001616, 
                53.103402349525396
              ], 
              [
                -99.05558526546486, 
                53.066018002825686
              ], 
              [
                -99.04233890944188, 
                53.05012237790915
              ], 
              [
                -99.01187230602511, 
                53.04040846889118
              ], 
              [
                -98.92532909995688, 
                53.06955032203096
              ], 
              [
                -98.88779780265595, 
                53.06013083499469
              ], 
              [
                -98.87528721537655, 
                53.04923921894884
              ], 
              [
                -98.8570367304727, 
                53.038053498715804
              ], 
              [
                -98.83701994871498, 
                53.03246055322818
              ], 
              [
                -98.81921095976914, 
                53.03923098041338
              ], 
              [
                -98.81111600041189, 
                53.05188870728032
              ], 
              [
                -98.80449281055421, 
                53.06719564568877
              ], 
              [
                -98.7959562510811, 
                53.08161948814541
              ], 
              [
                -98.78167949903415, 
                53.09103902250114
              ], 
              [
                -98.73826090615694, 
                53.07749842121373
              ], 
              [
                -98.69660821341184, 
                53.071610922276804
              ], 
              [
                -98.6069743765912, 
                53.07013915280224
              ], 
              [
                -98.58563287377659, 
                53.067489742586844
              ], 
              [
                -98.5444220198755, 
                53.05718715728817
              ], 
              [
                -98.43903958688271, 
                53.05630396778995
              ], 
              [
                -98.43992277809303, 
                53.05100554068623
              ], 
              [
                -98.44139461347513, 
                53.046884461893356
              ], 
              [
                -98.44345502706706, 
                53.04364628232793
              ], 
              [
                -98.44595728565214, 
                53.04099721567286
              ], 
              [
                -98.48260547451679, 
                53.01921408360853
              ], 
              [
                -98.52205023085963, 
                53.00508455824267
              ], 
              [
                -98.6589295519129, 
                52.9827128871621
              ], 
              [
                -98.70970753799523, 
                52.98183001888668
              ], 
              [
                -98.73310941613825, 
                52.978591923481694
              ], 
              [
                -98.85100216568439, 
                52.94150193622028
              ], 
              [
                -98.89059421191564, 
                52.92354581596277
              ], 
              [
                -98.90840316979312, 
                52.892931854255046
              ], 
              [
                -98.89147728429636, 
                52.84406747579657
              ], 
              [
                -98.8805857291243, 
                52.83229280425246
              ], 
              [
                -98.84114108842775, 
                52.80197349584553
              ], 
              [
                -98.81685603535006, 
                52.7910820068904
              ], 
              [
                -98.81906367230326, 
                52.78048477671522
              ], 
              [
                -98.82568700018955, 
                52.76812165809082
              ], 
              [
                -98.82951363124333, 
                52.75840750910167
              ], 
              [
                -98.82627575054427, 
                52.74722183374673
              ], 
              [
                -98.81862217716377, 
                52.734269674766104
              ], 
              [
                -98.80213789481715, 
                52.71366432691123
              ], 
              [
                -98.78830269854473, 
                52.70218401923086
              ], 
              [
                -98.74753336090048, 
                52.68363920128401
              ], 
              [
                -98.73781921854041, 
                52.67657429834617
              ], 
              [
                -98.72722204667794, 
                52.66008982492131
              ], 
              [
                -98.72015741935958, 
                52.65243650290417
              ], 
              [
                -98.70661662310366, 
                52.64654915999174
              ], 
              [
                -98.67364794990796, 
                52.64213384001565
              ], 
              [
                -98.66187322352708, 
                52.635657619223544
              ], 
              [
                -98.63081791418394, 
                52.59768478501289
              ], 
              [
                -98.60918215230583, 
                52.578256754574056
              ], 
              [
                -98.52837914643412, 
                52.53616261518451
              ], 
              [
                -98.50777367993858, 
                52.51761770449246
              ], 
              [
                -98.49761805958933, 
                52.51055288951268
              ], 
              [
                -98.47009506919008, 
                52.50407695140382
              ], 
              [
                -98.46538525104586, 
                52.494362945553846
              ], 
              [
                -98.46715137742493, 
                52.48141084738299
              ], 
              [
                -98.47318583703692, 
                52.467281362699104
              ], 
              [
                -98.4620000522821, 
                52.46168851262073
              ], 
              [
                -98.46170564490649, 
                52.45432935265581
              ], 
              [
                -98.46538527017847, 
                52.4446154332183
              ], 
              [
                -98.46641550355506, 
                52.432546450059355
              ], 
              [
                -98.46185285749958, 
                52.421654974607634
              ], 
              [
                -98.43653756841636, 
                52.37985530256007
              ], 
              [
                -98.41622645001216, 
                52.364842740478174
              ], 
              [
                -98.32497349947224, 
                52.32068802750198
              ], 
              [
                -98.29597871094504, 
                52.312740299121366
              ], 
              [
                -98.23784177042315, 
                52.309207896003635
              ], 
              [
                -98.2179722105825, 
                52.30567555127456
              ], 
              [
                -98.2023709220662, 
                52.295372820369245
              ], 
              [
                -98.16469232396834, 
                52.24827457360166
              ], 
              [
                -98.16115988239142, 
                52.24562520086954
              ], 
              [
                -98.14953247961145, 
                52.239149163833346
              ], 
              [
                -98.14482266723773, 
                52.23443935591808
              ], 
              [
                -98.14335091404338, 
                52.22855216291214
              ], 
              [
                -98.1445283089728, 
                52.21560005953284
              ], 
              [
                -98.13231226600311, 
                52.19263974839732
              ], 
              [
                -98.1423206202801, 
                52.155844197887056
              ], 
              [
                -98.13746360384648, 
                52.13847670328847
              ], 
              [
                -98.11568071161852, 
                52.127290937346054
              ], 
              [
                -98.08609707846591, 
                52.12052051127717
              ], 
              [
                -98.05989865944409, 
                52.10992338708861
              ], 
              [
                -98.04856567694668, 
                52.086963033797225
              ], 
              [
                -98.04120652262344, 
                51.96362439613254
              ], 
              [
                -98.03222838280226, 
                51.94596250290761
              ], 
              [
                -98.01044552155979, 
                51.93919224103846
              ], 
              [
                -97.99661041347971, 
                51.93713170008199
              ], 
              [
                -97.97468024724829, 
                51.92771199592864
              ], 
              [
                -97.96261126814723, 
                51.92535701581617
              ], 
              [
                -97.95127829914007, 
                51.92771199592864
              ], 
              [
                -97.94112269792039, 
                51.93153867735286
              ], 
              [
                -97.93082000565113, 
                51.93212747578776
              ], 
              [
                -97.91830946703409, 
                51.92535701581617
              ], 
              [
                -97.92875939117658, 
                51.9121106268813
              ], 
              [
                -97.9090370058268, 
                51.89886425615989
              ], 
              [
                -97.87754011500867, 
                51.88856160708942
              ], 
              [
                -97.82808694216067, 
                51.87914195574965
              ], 
              [
                -97.80453772027067, 
                51.86913345164419
              ], 
              [
                -97.78025277002737, 
                51.863246290944886
              ], 
              [
                -97.75375999707848, 
                51.87031102796118
              ], 
              [
                -97.78967242577704, 
                51.896215078088694
              ], 
              [
                -97.80542085741429, 
                51.913582495291145
              ], 
              [
                -97.80527368916685, 
                51.92918381264703
              ], 
              [
                -97.77848659785047, 
                51.964507567442894
              ], 
              [
                -97.76994998808864, 
                51.98511298896771
              ], 
              [
                -97.77421827174555, 
                52.001891749341674
              ], 
              [
                -97.73786424522771, 
                52.0410421019819
              ], 
              [
                -97.71225465690854, 
                52.08372502216257
              ], 
              [
                -97.72550103312986, 
                52.08637428656378
              ], 
              [
                -97.76347401970615, 
                52.086963033797225
              ], 
              [
                -97.7742182821249, 
                52.089906637255446
              ], 
              [
                -97.77848651373374, 
                52.10168113775569
              ], 
              [
                -97.77451262914695, 
                52.11404447277599
              ], 
              [
                -97.76715357144033, 
                52.12464164219131
              ], 
              [
                -97.76067747360457, 
                52.13082317242304
              ], 
              [
                -97.68944138286638, 
                52.14848505754034
              ], 
              [
                -97.6853202738182, 
                52.14819067833631
              ], 
              [
                -97.68487881040606, 
                52.142892234808485
              ], 
              [
                -97.67339857216692, 
                52.12052051127717
              ], 
              [
                -97.67163232194288, 
                52.113161320402725
              ], 
              [
                -97.66662824080109, 
                52.108157276318074
              ], 
              [
                -97.6513212483191, 
                52.104330465114636
              ], 
              [
                -97.6379276805346, 
                52.104330465114636
              ], 
              [
                -97.6230623231371, 
                52.107274147977996
              ], 
              [
                -97.60863847361479, 
                52.112278328360624
              ], 
              [
                -97.5731676291321, 
                52.13141204062218
              ], 
              [
                -97.56242328266694, 
                52.13582742771155
              ], 
              [
                -97.54829380339514, 
                52.13847670328847
              ], 
              [
                -97.50487509448564, 
                52.136121790059796
              ], 
              [
                -97.49310052955822, 
                52.13847670328847
              ], 
              [
                -97.48927379574776, 
                52.136121790059796
              ], 
              [
                -97.48677171623164, 
                52.13406126204611
              ], 
              [
                -97.48412246408779, 
                52.13229511082058
              ], 
              [
                -97.47941255026825, 
                52.13082317242304
              ], 
              [
                -97.48633016934733, 
                52.12052051127717
              ], 
              [
                -97.50060682592606, 
                52.089906637255446
              ], 
              [
                -97.50840747150305, 
                52.07901515946101
              ], 
              [
                -97.51532501373549, 
                52.071950400582125
              ], 
              [
                -97.53416427491192, 
                52.05634904408493
              ], 
              [
                -97.53651928324909, 
                52.05193371033411
              ], 
              [
                -97.54122906344296, 
                52.03809853472225
              ], 
              [
                -97.54490859671975, 
                52.03544923294291
              ], 
              [
                -97.55226767320623, 
                52.03486046878439
              ], 
              [
                -97.56860497059698, 
                52.031033853957936
              ], 
              [
                -97.57508091062215, 
                52.02838448161341
              ], 
              [
                -97.58582524711375, 
                52.022791624879126
              ], 
              [
                -97.59524483453531, 
                52.01631552710262
              ], 
              [
                -97.60319274917624, 
                52.00719035113143
              ], 
              [
                -97.61040467548251, 
                51.99423833654658
              ], 
              [
                -97.59701109210702, 
                51.98982285365821
              ], 
              [
                -97.58567800263515, 
                51.98452420429827
              ], 
              [
                -97.57640563190152, 
                51.977165234884815
              ], 
              [
                -97.56889929843292, 
                51.967156789570815
              ], 
              [
                -97.58037952100052, 
                51.951261155858695
              ], 
              [
                -97.58788578604933, 
                51.93565982988661
              ], 
              [
                -97.58435336899937, 
                51.92359083650979
              ], 
              [
                -97.56242332960343, 
                51.918586765297235
              ], 
              [
                -97.53872702181577, 
                51.9250627821007
              ], 
              [
                -97.53239818742156, 
                51.94125280141299
              ], 
              [
                -97.5306320026612, 
                51.96333011090162
              ], 
              [
                -97.5210650654089, 
                51.98746783027571
              ], 
              [
                -97.5031089308778, 
                52.001597412463056
              ], 
              [
                -97.45498040055256, 
                52.01955363022358
              ], 
              [
                -97.42083417772352, 
                52.04074786880036
              ], 
              [
                -97.39743215136365, 
                52.04869559485037
              ], 
              [
                -97.37182252968017, 
                52.05281676990048
              ], 
              [
                -97.3497451898771, 
                52.048989995477186
              ], 
              [
                -97.33532132536621, 
                52.039570313367676
              ], 
              [
                -97.33443821011502, 
                52.03162245108517
              ], 
              [
                -97.33782346920925, 
                52.02249725973701
              ], 
              [
                -97.33605726082325, 
                52.00807338564
              ], 
              [
                -97.33061149235517, 
                51.99924241846525
              ], 
              [
                -97.31162508245797, 
                51.97804830436941
              ], 
              [
                -97.3050018367642, 
                51.97392713519027
              ], 
              [
                -97.30868139235835, 
                51.96421312440295
              ], 
              [
                -97.29602378472248, 
                51.94213588228954
              ], 
              [
                -97.24598186803375, 
                51.88061375940168
              ], 
              [
                -97.23994741299937, 
                51.87031102796118
              ], 
              [
                -97.23332421621912, 
                51.83528169156339
              ], 
              [
                -97.2212552291756, 
                51.807022656688396
              ], 
              [
                -97.225817941494, 
                51.78347361959216
              ], 
              [
                -97.28292450923455, 
                51.67691370607247
              ], 
              [
                -97.2961709630694, 
                51.64453374524396
              ], 
              [
                -97.30220543259912, 
                51.589193296189286
              ], 
              [
                -97.30146947798342, 
                51.58006794750541
              ], 
              [
                -97.29823148867038, 
                51.57300323052256
              ], 
              [
                -97.27777318006264, 
                51.55328083158522
              ], 
              [
                -97.27468231134405, 
                51.5459216660614
              ], 
              [
                -97.2771844967928, 
                51.5267881220004
              ], 
              [
                -97.28719284431513, 
                51.490286925180406
              ], 
              [
                -97.28778154214376, 
                51.47350812804265
              ], 
              [
                -97.26908947835597, 
                51.44024506206145
              ], 
              [
                -97.23818119090596, 
                51.43730134615546
              ], 
              [
                -97.20359336845657, 
                51.45349132139453
              ], 
              [
                -97.12014115442753, 
                51.518251451515994
              ], 
              [
                -97.12102425395051, 
                51.52914293406854
              ], 
              [
                -97.13279879153026, 
                51.572120058871405
              ], 
              [
                -97.13750868080238, 
                51.582717254356105
              ], 
              [
                -97.13750861869654, 
                51.59037063635627
              ], 
              [
                -97.12087712992691, 
                51.602145317363636
              ], 
              [
                -97.10130189778585, 
                51.62098459720014
              ], 
              [
                -97.08952733121708, 
                51.64217881229959
              ], 
              [
                -97.09585616353827, 
                51.659251936571174
              ], 
              [
                -97.05714728477999, 
                51.67249832771475
              ], 
              [
                -96.97134013705661, 
                51.68280106578772
              ], 
              [
                -96.89877940375271, 
                51.7251895329916
              ], 
              [
                -96.8556550472122, 
                51.73402044048831
              ], 
              [
                -96.82548271534334, 
                51.721068406814744
              ], 
              [
                -96.82842632897867, 
                51.678385570485084
              ], 
              [
                -96.79501604008365, 
                51.67397016289502
              ], 
              [
                -96.7817696425827, 
                51.669849048940364
              ], 
              [
                -96.773674626316, 
                51.659251936571174
              ], 
              [
                -96.77514642376407, 
                51.646299883093995
              ], 
              [
                -96.78279988008539, 
                51.63128729749231
              ], 
              [
                -96.79280821910734, 
                51.61804085489916
              ], 
              [
                -96.80163913966538, 
                51.610681747223495
              ], 
              [
                -96.77897316596712, 
                51.59979036278946
              ], 
              [
                -96.75380497577675, 
                51.60950430000225
              ], 
              [
                -96.73364108212101, 
                51.6127423729899
              ], 
              [
                -96.72598763100291, 
                51.582717254356105
              ], 
              [
                -96.7315805876431, 
                51.562406182375845
              ], 
              [
                -96.74497414689964, 
                51.53503030683588
              ], 
              [
                -96.76175289804543, 
                51.51118680691411
              ], 
              [
                -96.77750133786712, 
                51.50088400579194
              ], 
              [
                -96.80208077466726, 
                51.48910948523555
              ], 
              [
                -96.82695450146281, 
                51.437006976676514
              ], 
              [
                -96.87007889457085, 
                51.414929734359724
              ], 
              [
                -96.9320425219548, 
                51.343104857753936
              ], 
              [
                -96.90775749298659, 
                51.32750357505881
              ], 
              [
                -96.92747991438686, 
                51.30836994144037
              ], 
              [
                -96.96133172691424, 
                51.287175637883
              ], 
              [
                -96.9791407606057, 
                51.264509605658965
              ], 
              [
                -96.98870758796703, 
                51.210052232678656
              ], 
              [
                -96.98223155983054, 
                51.18915235541286
              ], 
              [
                -96.95191209103814, 
                51.18620876486789
              ], 
              [
                -96.921003848931, 
                51.196511497075186
              ], 
              [
                -96.89348080629716, 
                51.21211280035826
              ], 
              [
                -96.79825401011722, 
                51.29335729796874
              ], 
              [
                -96.77676542404318, 
                51.32014442685803
              ], 
              [
                -96.7736746215281, 
                51.343104857753936
              ], 
              [
                -96.75998666031026, 
                51.35016955601947
              ], 
              [
                -96.73437699236268, 
                51.36724269085766
              ], 
              [
                -96.71848134291058, 
                51.37048071491478
              ], 
              [
                -96.70773701947623, 
                51.3684201204003
              ], 
              [
                -96.69846457805413, 
                51.362532877630294
              ], 
              [
                -96.69610963321165, 
                51.35370190950997
              ], 
              [
                -96.70552932608429, 
                51.343104857753936
              ], 
              [
                -96.69699275175056, 
                51.33780628306741
              ], 
              [
                -96.68830898746997, 
                51.33604006691217
              ], 
              [
                -96.67962526824914, 
                51.33780628306741
              ], 
              [
                -96.67138308733057, 
                51.343104857753936
              ], 
              [
                -96.67756471858077, 
                51.33633446134738
              ], 
              [
                -96.65754796463305, 
                51.348403399889115
              ], 
              [
                -96.63017210611609, 
                51.35223014093704
              ], 
              [
                -96.61192154371281, 
                51.3454597848116
              ], 
              [
                -96.61942777790487, 
                51.32632604536462
              ], 
              [
                -96.64165228840723, 
                51.300127664414845
              ], 
              [
                -96.64709804775967, 
                51.296006598746885
              ], 
              [
                -96.65681206775551, 
                51.29129677802155
              ], 
              [
                -96.6625521660915, 
                51.28069966646274
              ], 
              [
                -96.66667321551083, 
                51.268925033812664
              ], 
              [
                -96.67138307012418, 
                51.261271606443024
              ], 
              [
                -96.69154700452094, 
                51.25420685577376
              ], 
              [
                -96.73849810604837, 
                51.24802524159744
              ], 
              [
                -96.75630713271998, 
                51.23713376467788
              ], 
              [
                -96.8284263316793, 
                51.17207927554724
              ], 
              [
                -96.83416644568011, 
                51.16001036527852
              ], 
              [
                -96.83490236417735, 
                51.14970763230033
              ], 
              [
                -96.83416642668405, 
                51.140287942143075
              ], 
              [
                -96.83578545466703, 
                51.13086832553396
              ], 
              [
                -96.84108399584747, 
                51.1190937420686
              ], 
              [
                -96.84476351910601, 
                51.11350078389639
              ], 
              [
                -96.859776121457, 
                51.10025444290318
              ], 
              [
                -96.86904858548118, 
                51.096427700854804
              ], 
              [
                -96.88229495487101, 
                51.095544585546435
              ], 
              [
                -96.90716873364778, 
                51.09701642026901
              ], 
              [
                -96.92070950359299, 
                51.09377844307459
              ], 
              [
                -96.92350595283672, 
                51.085536233535315
              ], 
              [
                -96.92247565477487, 
                51.07435036354129
              ], 
              [
                -96.92453624454123, 
                51.06257585588132
              ], 
              [
                -96.93130658970502, 
                51.05639416739517
              ], 
              [
                -96.93866570025655, 
                51.0537449006129
              ], 
              [
                -96.9441114415904, 
                51.0487407174549
              ], 
              [
                -96.94499454327342, 
                51.0354943448213
              ], 
              [
                -96.93896004545815, 
                51.025191553659376
              ], 
              [
                -96.91555812022332, 
                51.0045860969522
              ], 
              [
                -96.9102595548602, 
                50.997521342300814
              ], 
              [
                -96.9157052877678, 
                50.97868203330466
              ], 
              [
                -96.9592711659042, 
                50.92569647249739
              ], 
              [
                -96.97148728077649, 
                50.90567971691619
              ], 
              [
                -96.97693303526873, 
                50.88801789492819
              ], 
              [
                -96.97443092703303, 
                50.871239121066154
              ], 
              [
                -96.94573040838337, 
                50.82885066367716
              ], 
              [
                -96.94852690102368, 
                50.81501559711812
              ], 
              [
                -96.96074301461289, 
                50.80206357881142
              ], 
              [
                -96.97295913530887, 
                50.780869375048255
              ], 
              [
                -96.97428376074915, 
                50.771155340201624
              ], 
              [
                -96.9725175680422, 
                50.74996111175499
              ], 
              [
                -96.972959137507, 
                50.73995276454776
              ], 
              [
                -96.9847336928607, 
                50.7137543434001
              ], 
              [
                -96.98664705118102, 
                50.702862858582414
              ], 
              [
                -96.98605831547613, 
                50.69344319589461
              ], 
              [
                -96.984292155471, 
                50.68431794325562
              ], 
              [
                -96.98105414454884, 
                50.67607573982628
              ], 
              [
                -96.97604993406533, 
                50.668422243526294
              ], 
              [
                -96.97237036500933, 
                50.658413838261325
              ], 
              [
                -96.97457811330912, 
                50.634570368720325
              ], 
              [
                -96.97295912859835, 
                50.62397328585885
              ], 
              [
                -96.96677747820974, 
                50.61985218276433
              ], 
              [
                -96.94352271623939, 
                50.608666351770076
              ], 
              [
                -96.93822415167037, 
                50.6033677827692
              ], 
              [
                -96.94249242387549, 
                50.59424248389058
              ], 
              [
                -96.95250082257084, 
                50.58276230924921
              ], 
              [
                -96.9629507468958, 
                50.57334265405034
              ], 
              [
                -96.96927955774774, 
                50.569221530645756
              ], 
              [
                -96.96957391763371, 
                50.558918780110524
              ], 
              [
                -96.93822414831833, 
                50.500929061716185
              ], 
              [
                -96.93616360302887, 
                50.49415869196932
              ], 
              [
                -96.93204249320948, 
                50.466194082558516
              ], 
              [
                -96.91776585626697, 
                50.42880987188449
              ], 
              [
                -96.90466665323258, 
                50.41909585659834
              ], 
              [
                -96.76999505731985, 
                50.387893247959504
              ], 
              [
                -96.70891450093646, 
                50.387893247959504
              ], 
              [
                -96.65048322331562, 
                50.399962179511135
              ], 
              [
                -96.6054455173392, 
                50.42880987188449
              ], 
              [
                -96.56820844386077, 
                50.465016643028136
              ], 
              [
                -96.5665894475487, 
                50.481206679245034
              ], 
              [
                -96.61604262174899, 
                50.54184569061279
              ], 
              [
                -96.61309896292173, 
                50.55626950756888
              ], 
              [
                -96.60353214890206, 
                50.56745537333907
              ], 
              [
                -96.58189636870911, 
                50.583056647841055
              ], 
              [
                -96.5904329212897, 
                50.59836357224641
              ], 
              [
                -96.59470122337639, 
                50.61013816928767
              ], 
              [
                -96.59735046406786, 
                50.661357475138736
              ], 
              [
                -96.59131602185704, 
                50.66430114850547
              ], 
              [
                -96.57174080407266, 
                50.66488987198562
              ], 
              [
                -96.55805286415989, 
                50.67048277893529
              ], 
              [
                -96.5571697644462, 
                50.68402351829362
              ], 
              [
                -96.56114372937932, 
                50.69991925162876
              ], 
              [
                -96.56158524640007, 
                50.71345995972702
              ], 
              [
                -96.55128251681185, 
                50.724940181938926
              ], 
              [
                -96.53523963815461, 
                50.732887965144236
              ], 
              [
                -96.52022711130878, 
                50.731710571034746
              ], 
              [
                -96.50374270375973, 
                50.68785029261075
              ], 
              [
                -96.47989919226784, 
                50.662240588889475
              ], 
              [
                -96.45046280479143, 
                50.64222386447567
              ], 
              [
                -96.4242643858535, 
                50.63015491856886
              ], 
              [
                -96.39497515547205, 
                50.624267636413116
              ], 
              [
                -96.29400826929052, 
                50.62397328585885
              ], 
              [
                -96.34684661615606, 
                50.66901097722698
              ], 
              [
                -96.37584149181194, 
                50.70315722907766
              ], 
              [
                -96.37996259360375, 
                50.7137543434001
              ], 
              [
                -96.37525273122456, 
                50.723762671645616
              ], 
              [
                -96.3500845972202, 
                50.75290471864274
              ], 
              [
                -96.34920154695321, 
                50.75702587669953
              ], 
              [
                -96.34993742542567, 
                50.77615949940776
              ], 
              [
                -96.390854044305, 
                51.00900153158043
              ], 
              [
                -96.40380610509553, 
                51.048446380047665
              ], 
              [
                -96.4202904692021, 
                51.08288694473927
              ], 
              [
                -96.41999608919856, 
                51.101137498231054
              ], 
              [
                -96.40380609769092, 
                51.117327575252155
              ], 
              [
                -96.38408366795845, 
                51.121448626212405
              ], 
              [
                -96.30828493841675, 
                51.117327575252155
              ], 
              [
                -96.31741022694175, 
                51.13116269003247
              ], 
              [
                -96.32903756260794, 
                51.145586465513205
              ], 
              [
                -96.34390295373709, 
                51.157655398564195
              ], 
              [
                -96.36215355384292, 
                51.16442580759994
              ], 
              [
                -96.35126207531383, 
                51.18414819592363
              ], 
              [
                -96.33566077780982, 
                51.19621712687364
              ], 
              [
                -96.31623275679708, 
                51.203281881923395
              ], 
              [
                -96.29400824571785, 
                51.206814224056124
              ], 
              [
                -96.27222529905742, 
                51.20269312450729
              ], 
              [
                -96.26383594321562, 
                51.2047537040382
              ], 
              [
                -96.26045077479492, 
                51.21711702414684
              ], 
              [
                -96.26339437924612, 
                51.22241552666507
              ], 
              [
                -96.28032034760221, 
                51.24096051029105
              ]
            ]
          ], 
          [
            [
              [
                -96.60250187210127, 
                51.18620876486789
              ], 
              [
                -96.62958336502187, 
                51.150296331856
              ], 
              [
                -96.66240497263674, 
                51.071112392143405
              ], 
              [
                -96.69184135955543, 
                51.04167594308091
              ], 
              [
                -96.73158055809706, 
                51.02489724617287
              ], 
              [
                -96.78559635573029, 
                51.011650832681035
              ], 
              [
                -96.83210585574291, 
                51.01341697224096
              ], 
              [
                -96.85006207786186, 
                51.04167594308091
              ], 
              [
                -96.8416727382515, 
                51.060515300693936
              ], 
              [
                -96.82415805926642, 
                51.07081802626598
              ], 
              [
                -96.80311102061911, 
                51.07552784729835
              ], 
              [
                -96.78427173381365, 
                51.07641096405395
              ], 
              [
                -96.7683760317805, 
                51.08612492517129
              ], 
              [
                -96.7560127824834, 
                51.1082022966024
              ], 
              [
                -96.7402642947545, 
                51.15147381351464
              ], 
              [
                -96.729667147685, 
                51.17149052018061
              ], 
              [
                -96.71391870504662, 
                51.19239042668663
              ], 
              [
                -96.69404909663811, 
                51.2056367706276
              ], 
              [
                -96.67079433741007, 
                51.20298750302627
              ], 
              [
                -96.6481283204456, 
                51.20004389093728
              ], 
              [
                -96.61957500497515, 
                51.20210444664671
              ], 
              [
                -96.59941105739651, 
                51.20004389093728
              ], 
              [
                -96.60250187210127, 
                51.18620876486789
              ]
            ]
          ], 
          [
            [
              [
                -96.36068173295149, 
                51.21947189901349
              ], 
              [
                -96.39409205762287, 
                51.20445932325019
              ], 
              [
                -96.42956292652005, 
                51.195628387604486
              ], 
              [
                -96.49564770386704, 
                51.191507333088374
              ], 
              [
                -96.52670310935801, 
                51.18620876486789
              ], 
              [
                -96.55864162219099, 
                51.17708348400216
              ], 
              [
                -96.57129926083462, 
                51.18032146297507
              ], 
              [
                -96.56820843802825, 
                51.19916076785788
              ], 
              [
                -96.54848603514738, 
                51.21358460116791
              ], 
              [
                -96.46709435281278, 
                51.253029392557245
              ], 
              [
                -96.44163186889551, 
                51.261271606443024
              ], 
              [
                -96.36965983591598, 
                51.26715888352539
              ], 
              [
                -96.3363966728727, 
                51.26244903409896
              ], 
              [
                -96.33492489319727, 
                51.24096051029105
              ], 
              [
                -96.36068173295149, 
                51.21947189901349
              ]
            ]
          ], 
          [
            [
              [
                -97.23273540828318, 
                52.31921620944806
              ], 
              [
                -97.24112479864108, 
                52.31244585152876
              ], 
              [
                -97.26217182217792, 
                52.30655855355021
              ], 
              [
                -97.27011968254904, 
                52.29949385315983
              ], 
              [
                -97.27777314809174, 
                52.28919110634582
              ], 
              [
                -97.31368557140686, 
                52.277416540998466
              ], 
              [
                -97.33311359383313, 
                52.27594470704893
              ], 
              [
                -97.34974517715844, 
                52.28919110634582
              ], 
              [
                -97.34385788914729, 
                52.32127678893938
              ], 
              [
                -97.30514904485253, 
                52.349535796404204
              ], 
              [
                -97.25775642664989, 
                52.36513710349609
              ], 
              [
                -97.22625945154014, 
                52.358072346436856
              ], 
              [
                -97.22552349934038, 
                52.350418823238456
              ], 
              [
                -97.22625943617176, 
                52.34453157607649
              ], 
              [
                -97.22537635542842, 
                52.340116129704036
              ], 
              [
                -97.21934184886402, 
                52.336878068279304
              ], 
              [
                -97.23273540828318, 
                52.31921620944806
              ]
            ]
          ], 
          [
            [
              [
                -97.89843988467457, 
                52.333640056001435
              ], 
              [
                -97.90653494006065, 
                52.32039372583056
              ], 
              [
                -97.92596298127991, 
                52.310385357221186
              ], 
              [
                -97.96614368243065, 
                52.29596151206899
              ], 
              [
                -97.96967604286006, 
                52.316861353033744
              ], 
              [
                -98.02177854909776, 
                52.36160477413185
              ], 
              [
                -98.0350248854288, 
                52.38868620847908
              ], 
              [
                -98.03826289448749, 
                52.40222696316441
              ], 
              [
                -98.05224523296272, 
                52.42253814394997
              ], 
              [
                -98.05548318213272, 
                52.432546450059355
              ], 
              [
                -98.05268677446116, 
                52.44755908851762
              ], 
              [
                -98.04459171928325, 
                52.45256322370902
              ], 
              [
                -98.03149248335772, 
                52.449325175747646
              ], 
              [
                -98.0139778686564, 
                52.43931686252486
              ], 
              [
                -98.00838491335271, 
                52.45845048212396
              ], 
              [
                -98.02486930739181, 
                52.48376580093338
              ], 
              [
                -98.01397786604852, 
                52.50142768987075
              ], 
              [
                -98.01927640881927, 
                52.51673460931328
              ], 
              [
                -98.00249763207073, 
                52.5349851569091
              ], 
              [
                -97.97762386307035, 
                52.54675972165932
              ], 
              [
                -97.9592261361365, 
                52.54234430054638
              ], 
              [
                -97.9387677765755, 
                52.50849235647805
              ], 
              [
                -97.93361644048574, 
                52.491713648836146
              ], 
              [
                -97.93185020995844, 
                52.470519371296355
              ], 
              [
                -97.92978973804297, 
                52.465515282699904
              ], 
              [
                -97.92037008317402, 
                52.457861811709336
              ], 
              [
                -97.91830951895565, 
                52.45374069369584
              ], 
              [
                -97.91933981396517, 
                52.4487365306926
              ], 
              [
                -97.92154752986235, 
                52.442849228270525
              ], 
              [
                -97.92375522887566, 
                52.43872808830145
              ], 
              [
                -97.92522708431198, 
                52.43931686252486
              ], 
              [
                -97.92596299455116, 
                52.42960284623244
              ], 
              [
                -97.92817075839149, 
                52.42077196589154
              ], 
              [
                -97.92905378054823, 
                52.41105785686952
              ], 
              [
                -97.92522702494222, 
                52.39898889860475
              ], 
              [
                -97.90241384514154, 
                52.37956091918914
              ], 
              [
                -97.89843996642489, 
                52.37455677802407
              ], 
              [
                -97.89843988467457, 
                52.333640056001435
              ]
            ]
          ], 
          [
            [
              [
                -97.11631446386876, 
                51.70635018795218
              ], 
              [
                -97.12146581244932, 
                51.701934693705034
              ], 
              [
                -97.12750030815562, 
                51.69869673085004
              ], 
              [
                -97.13324035957156, 
                51.69398683769495
              ], 
              [
                -97.13750870064966, 
                51.68574472592567
              ], 
              [
                -97.13824460349058, 
                51.67956306903263
              ], 
              [
                -97.13662552767657, 
                51.66572785494487
              ], 
              [
                -97.13750868753729, 
                51.659251936571174
              ], 
              [
                -97.14310156632538, 
                51.64512240417396
              ], 
              [
                -97.1498719469354, 
                51.632170390366625
              ], 
              [
                -97.15885001900565, 
                51.62069014303468
              ], 
              [
                -97.17106611900306, 
                51.610681747223495
              ], 
              [
                -97.18475406185142, 
                51.60302829491305
              ], 
              [
                -97.19844198183151, 
                51.59861281663263
              ], 
              [
                -97.20521235763258, 
                51.6015564591213
              ], 
              [
                -97.19829489651299, 
                51.61686352522578
              ], 
              [
                -97.20565399969429, 
                51.61686352522578
              ], 
              [
                -97.19785326243624, 
                51.63069851872552
              ], 
              [
                -97.17106613581018, 
                51.6654334980388
              ], 
              [
                -97.16341275343835, 
                51.68015182064575
              ], 
              [
                -97.15973320148636, 
                51.69339820584152
              ], 
              [
                -97.15487620325261, 
                51.739907751291994
              ], 
              [
                -97.1501662734696, 
                51.746677984563036
              ], 
              [
                -97.13750864293085, 
                51.75462585276233
              ], 
              [
                -97.12308487911477, 
                51.760513242331065
              ], 
              [
                -97.10601166276336, 
                51.76286802298131
              ], 
              [
                -97.09099918729596, 
                51.759335783173526
              ], 
              [
                -97.08290410345738, 
                51.74726675790563
              ], 
              [
                -97.11631446386876, 
                51.70635018795218
              ]
            ]
          ]
        ]
      }, 
      "type": "Feature", 
      "properties": {
        "source": "https://simplemaps.com", 
        "id": "CAMB", 
        "name": "Manitoba"
      }, 
      "id": 4
    }
  ]
}