{
  "type": "FeatureCollection",
  "features": [
    {
      "geometry": {
        "type": "MultiPolygon",
        "coordinates": [
          [
            [
              [
                -55.87718665898399,
                47.26601798792408
              ],
              [
                -55.89037024657129,
                47.260891019615876
              ],
              [
                -55.90176348269786,
                47.26414624493576
              ],
              [
                -55.91368569020518,
                47.27016840114363
              ],
              [
                -55.9280899727406,
                47.27342356926744
              ],
              [
                -55.93895422513202,
                47.271877329425976
              ],
              [
                -55.94994053368538,
                47.268133784503775
              ],
              [
                -55.9484757233544,
                47.27659742159014
              ],
              [
                -55.91942298092154,
                47.28900787977865
              ],
              [
                -55.88805091113717,
                47.29490794538773
              ],
              [
                -55.863596178476314,
                47.29328039887577
              ],
              [
                -55.861805817258706,
                47.28388099558899
              ],
              [
                -55.859242315209585,
                47.27708567393669
              ],
              [
                -55.85374915274093,
                47.27342356926744
              ],
              [
                -55.84308834474102,
                47.27342356926744
              ],
              [
                -55.871001753509866,
                47.25165435412401
              ],
              [
                -55.87718665898399,
                47.26601798792408
              ]
            ]
          ],
          [
            [
              [
                -54.12254803283707,
                47.642727104536895
              ],
              [
                -54.15103109397264,
                47.587795430459366
              ],
              [
                -54.16030841472087,
                47.55573156034023
              ],
              [
                -54.15664628970158,
                47.5335147209234
              ],
              [
                -54.18028724492137,
                47.50653719413995
              ],
              [
                -54.2440486375649,
                47.40770093014046
              ],
              [
                -54.25666257645424,
                47.398993267123544
              ],
              [
                -54.27245034827395,
                47.39569740049354
              ],
              [
                -54.35106362721307,
                47.40302161341375
              ],
              [
                -54.36270096879463,
                47.40997953814923
              ],
              [
                -54.350575320572645,
                47.422430718190625
              ],
              [
                -54.25967365076034,
                47.48574458726019
              ],
              [
                -54.21743729458271,
                47.539699583789385
              ],
              [
                -54.2140193118365,
                47.5585390631072
              ],
              [
                -54.24600176641055,
                47.55394117516467
              ],
              [
                -54.239857576016995,
                47.564398577197615
              ],
              [
                -54.18325762442423,
                47.61587151029629
              ],
              [
                -54.17096922205717,
                47.622259882195024
              ],
              [
                -54.17975826810042,
                47.601874094175585
              ],
              [
                -54.184641097400785,
                47.59552648421768
              ],
              [
                -54.170969228035375,
                47.588080211511695
              ],
              [
                -54.16588298248837,
                47.60639080884542
              ],
              [
                -54.13434813203517,
                47.664455531624256
              ],
              [
                -54.12604732523845,
                47.670111381277735
              ],
              [
                -54.12108310012387,
                47.664007773694436
              ],
              [
                -54.12254803283707,
                47.642727104536895
              ]
            ]
          ],
          [
            [
              [
                -55.92503818368557,
                47.67747621667863
              ],
              [
                -55.93797766917512,
                47.6569278052786
              ],
              [
                -55.92414308662106,
                47.638739474719785
              ],
              [
                -55.89875239520729,
                47.62449775324763
              ],
              [
                -55.87718670388992,
                47.61603438932023
              ],
              [
                -55.90363518669811,
                47.60708233088389
              ],
              [
                -55.930002405533045,
                47.60443756010494
              ],
              [
                -55.95718342824099,
                47.60590249548024
              ],
              [
                -56.040028477336435,
                47.61981850321833
              ],
              [
                -56.064686672780255,
                47.63043859910702
              ],
              [
                -56.09764558615857,
                47.62978736043905
              ],
              [
                -56.10997476947631,
                47.636542143819874
              ],
              [
                -56.108265801014014,
                47.654120314774275
              ],
              [
                -56.08348544219545,
                47.66616434705719
              ],
              [
                -55.96963459408858,
                47.685777154885734
              ],
              [
                -55.940500423864435,
                47.685614238224865
              ],
              [
                -55.92503818368557,
                47.67747621667863
              ]
            ]
          ],
          [
            [
              [
                -54.09512283341217,
                47.619126644198516
              ],
              [
                -54.0932511250847,
                47.63043859910702
              ],
              [
                -54.08885658098289,
                47.63886141227239
              ],
              [
                -54.08421788750627,
                47.6452090072769
              ],
              [
                -54.08153234924601,
                47.65013253450684
              ],
              [
                -54.07949790146341,
                47.66901290756303
              ],
              [
                -54.08153236973387,
                47.691148218585205
              ],
              [
                -54.07241773669401,
                47.68398661631339
              ],
              [
                -54.06761632338155,
                47.675197610063435
              ],
              [
                -54.06110590046927,
                47.65639876207382
              ],
              [
                -54.06187908598505,
                47.64158777636147
              ],
              [
                -54.06501217993058,
                47.627997154135
              ],
              [
                -54.07115642085271,
                47.616848169952696
              ],
              [
                -54.08153230587245,
                47.60919816412519
              ],
              [
                -54.0815324084145,
                47.601752171522165
              ],
              [
                -54.0770157050588,
                47.59194556346165
              ],
              [
                -54.0786026710104,
                47.5660668077136
              ],
              [
                -54.07135982828087,
                47.56077708002284
              ],
              [
                -54.06607009196492,
                47.55536523239303
              ],
              [
                -54.062977646049895,
                47.54344303740291
              ],
              [
                -54.066639764658376,
                47.53172431233269
              ],
              [
                -54.08153236767074,
                47.52667881182155
              ],
              [
                -54.07103429138958,
                47.51825587594232
              ],
              [
                -54.07380122762236,
                47.50828682670423
              ],
              [
                -54.08043373845332,
                47.49542882282944
              ],
              [
                -54.081532341427796,
                47.478216821704464
              ],
              [
                -54.098500112317524,
                47.491848000615796
              ],
              [
                -54.099232577381436,
                47.50690346347632
              ],
              [
                -54.09284419123741,
                47.524725613122726
              ],
              [
                -54.08836826809986,
                47.54653547689677
              ],
              [
                -54.09170488612526,
                47.54437898494591
              ],
              [
                -54.10204014625695,
                47.54026921004175
              ],
              [
                -54.10285396621545,
                47.56146880604951
              ],
              [
                -54.09512283341217,
                47.619126644198516
              ]
            ]
          ],
          [
            [
              [
                -53.567697752215274,
                48.19082275013382
              ],
              [
                -53.5435277952982,
                48.207017309414645
              ],
              [
                -53.5214738055142,
                48.20123944950895
              ],
              [
                -53.51402747742349,
                48.186753660665616
              ],
              [
                -53.53351799791327,
                48.17719137254114
              ],
              [
                -53.520008939289355,
                48.15814856601218
              ],
              [
                -53.524077883916114,
                48.14451719074374
              ],
              [
                -53.537993976898925,
                48.12995035634674
              ],
              [
                -53.5539444159095,
                48.108221606153236
              ],
              [
                -53.53856359379943,
                48.10781481098474
              ],
              [
                -53.53351798392826,
                48.108221606153236
              ],
              [
                -53.56550048142028,
                48.08218015585718
              ],
              [
                -53.61880450578294,
                48.08209874240241
              ],
              [
                -53.7184138334844,
                48.10199606797372
              ],
              [
                -53.81094321111668,
                48.095201051457536
              ],
              [
                -53.82388261709166,
                48.09625885911801
              ],
              [
                -53.875233506328826,
                48.10651270018993
              ],
              [
                -53.881947396978646,
                48.11749909664084
              ],
              [
                -53.88483643871022,
                48.13108971808663
              ],
              [
                -53.88975987083376,
                48.14362206818303
              ],
              [
                -53.906890387003166,
                48.16152566352218
              ],
              [
                -53.920033286298576,
                48.17120989805966
              ],
              [
                -53.92837475739429,
                48.18333554656671
              ],
              [
                -53.93138585595047,
                48.20844143027695
              ],
              [
                -53.921009858653015,
                48.21662008082723
              ],
              [
                -53.89818273449494,
                48.204779331314704
              ],
              [
                -53.86241610969771,
                48.17719137254114
              ],
              [
                -53.84129797613328,
                48.171372775142935
              ],
              [
                -53.76992750275831,
                48.17719137254114
              ],
              [
                -53.74742586430535,
                48.17206438681334
              ],
              [
                -53.70441648995656,
                48.15159745500952
              ],
              [
                -53.67747956976772,
                48.14984757656393
              ],
              [
                -53.64940340140565,
                48.156927663066355
              ],
              [
                -53.567697752215274,
                48.19082275013382
              ]
            ]
          ],
          [
            [
              [
                -54.656890375307356,
                49.46572485881548
              ],
              [
                -54.66710367490502,
                49.46576577173439
              ],
              [
                -54.678700325718445,
                49.463202217915644
              ],
              [
                -54.685454902554504,
                49.45758703580407
              ],
              [
                -54.68114178115614,
                49.44863529179085
              ],
              [
                -54.67780515494216,
                49.43838128654013
              ],
              [
                -54.68443767557281,
                49.42767987933402
              ],
              [
                -54.69375561504944,
                49.417181579953784
              ],
              [
                -54.698557058367385,
                49.40766012514669
              ],
              [
                -54.708729583348195,
                49.405829068435295
              ],
              [
                -54.73037677190451,
                49.4112816827842
              ],
              [
                -54.74990797299583,
                49.42426169531602
              ],
              [
                -54.75377354886827,
                49.44521714169141
              ],
              [
                -54.74038652964666,
                49.45888908270331
              ],
              [
                -54.69969645531215,
                49.47260172939576
              ],
              [
                -54.69107015976276,
                49.48309979354629
              ],
              [
                -54.67959554760337,
                49.49290610011042
              ],
              [
                -54.657622892553576,
                49.48745362871032
              ],
              [
                -54.643910258679036,
                49.47532779415419
              ],
              [
                -54.656890375307356,
                49.46572485881548
              ]
            ]
          ],
          [
            [
              [
                -55.7257380535871,
                49.56191632617012
              ],
              [
                -55.7125137452983,
                49.56476457088132
              ],
              [
                -55.65746005862556,
                49.56191632617012
              ],
              [
                -55.6570938967846,
                49.54144933242622
              ],
              [
                -55.67857820480769,
                49.52069720452214
              ],
              [
                -55.70848553755987,
                49.50849044971749
              ],
              [
                -55.73322503170774,
                49.5134950997179
              ],
              [
                -55.73615471952961,
                49.52228416228895
              ],
              [
                -55.73599195529045,
                49.53685121089552
              ],
              [
                -55.73257405185327,
                49.551947408185164
              ],
              [
                -55.7257380535871,
                49.56191632617012
              ]
            ]
          ],
          [
            [
              [
                -55.57896893720717,
                49.60968674272037
              ],
              [
                -55.57274333129614,
                49.607570804841465
              ],
              [
                -55.570790130649875,
                49.60285055560247
              ],
              [
                -55.57290609328131,
                49.59813070345075
              ],
              [
                -55.578968934607396,
                49.596014861028465
              ],
              [
                -55.595814623908524,
                49.59471274127368
              ],
              [
                -55.64053295534531,
                49.585516534369816
              ],
              [
                -55.67027744828813,
                49.57111230758726
              ],
              [
                -55.69310465776782,
                49.568345540809744
              ],
              [
                -55.714466895706195,
                49.571478504101414
              ],
              [
                -55.7257380738284,
                49.58177314992298
              ],
              [
                -55.72325604401785,
                49.587388557171984
              ],
              [
                -55.709217921274714,
                49.60333898153585
              ],
              [
                -55.70254471211926,
                49.62254462791953
              ],
              [
                -55.6943253659809,
                49.628566905511995
              ],
              [
                -55.671742268993015,
                49.63703021622196
              ],
              [
                -55.65127514601068,
                49.63703021622196
              ],
              [
                -55.655181502179346,
                49.62710210632742
              ],
              [
                -55.65746007391733,
                49.62335842416351
              ],
              [
                -55.64354408143729,
                49.624741945749165
              ],
              [
                -55.63141845838441,
                49.62246337249163
              ],
              [
                -55.62523350304274,
                49.61554590101824
              ],
              [
                -55.62954662163849,
                49.603460855580614
              ],
              [
                -55.603830556796716,
                49.60468177001312
              ],
              [
                -55.59605866567303,
                49.603460855580614
              ],
              [
                -55.59093171267832,
                49.603460855580614
              ],
              [
                -55.58340406931925,
                49.608465804424995
              ],
              [
                -55.57896893720717,
                49.60968674272037
              ]
            ]
          ],
          [
            [
              [
                -54.88345293301292,
                49.55508048161735
              ],
              [
                -54.88451090290017,
                49.56024819837936
              ],
              [
                -54.888335716789136,
                49.572007489996544
              ],
              [
                -54.89317783991514,
                49.58197656636224
              ],
              [
                -54.89712479299452,
                49.58177314992298
              ],
              [
                -54.884999125584706,
                49.59520084159265
              ],
              [
                -54.85155189165327,
                49.591009845299915
              ],
              [
                -54.83568268945705,
                49.603460855580614
              ],
              [
                -54.819650862817504,
                49.60122309610274
              ],
              [
                -54.79576577910297,
                49.60101966439224
              ],
              [
                -54.780629049386626,
                49.59589268042253
              ],
              [
                -54.79067947239863,
                49.57868068175213
              ],
              [
                -54.795277473088134,
                49.56362539323364
              ],
              [
                -54.77660073264797,
                49.55609776978107
              ],
              [
                -54.75039627366809,
                49.55390041998779
              ],
              [
                -54.73265540700186,
                49.55508048161735
              ],
              [
                -54.692860531588245,
                49.567613157238014
              ],
              [
                -54.67292231143861,
                49.57868068175213
              ],
              [
                -54.664418048970155,
                49.59259661696842
              ],
              [
                -54.660227048211325,
                49.61090737671727
              ],
              [
                -54.64924071852495,
                49.6249047682169
              ],
              [
                -54.633697088190765,
                49.63377518283502
              ],
              [
                -54.61595613690341,
                49.63703021622196
              ],
              [
                -54.625599701042276,
                49.626654263407595
              ],
              [
                -54.63023839521417,
                49.62335842416351
              ],
              [
                -54.614084430537304,
                49.616115604558125
              ],
              [
                -54.58726963322894,
                49.63178124336796
              ],
              [
                -54.5579320783998,
                49.65350978900366
              ],
              [
                -54.539377401733105,
                49.661037485390366
              ],
              [
                -54.544056730104785,
                49.65180074222898
              ],
              [
                -54.53872632121403,
                49.649847604240875
              ],
              [
                -54.53624431221962,
                49.64472088198402
              ],
              [
                -54.529286315027825,
                49.62506759078831
              ],
              [
                -54.53087322352267,
                49.61542402122044
              ],
              [
                -54.53750561581209,
                49.60634987663572
              ],
              [
                -54.54771893357562,
                49.596014861028465
              ],
              [
                -54.54605053038837,
                49.584784101802434
              ],
              [
                -54.57286532907479,
                49.57184470113784
              ],
              [
                -54.607736838754015,
                49.56073654321948
              ],
              [
                -54.699330263329614,
                49.54189702661851
              ],
              [
                -54.718983551964584,
                49.53461341164992
              ],
              [
                -54.73029533188514,
                49.52895730417175
              ],
              [
                -54.7364395683145,
                49.524359405647466
              ],
              [
                -54.739003112604024,
                49.517035365425706
              ],
              [
                -54.73949135335859,
                49.50324131351435
              ],
              [
                -54.74400799717731,
                49.49380132073646
              ],
              [
                -54.75495363518836,
                49.49380132073646
              ],
              [
                -54.78107665069955,
                49.49982337196714
              ],
              [
                -54.82848057038251,
                49.48920311865436
              ],
              [
                -54.852365639606965,
                49.48651751386559
              ],
              [
                -54.876616968749644,
                49.49359766397106
              ],
              [
                -54.8599341010876,
                49.503811078168695
              ],
              [
                -54.84552974365819,
                49.50983305287242
              ],
              [
                -54.830230314533914,
                49.512762872191885
              ],
              [
                -54.81118727224195,
                49.5134950997179
              ],
              [
                -54.80687419940422,
                49.51561119315065
              ],
              [
                -54.81163487927289,
                49.52033108027458
              ],
              [
                -54.821359784680226,
                49.52505105380757
              ],
              [
                -54.84040275666502,
                49.52977111378491
              ],
              [
                -54.847320071880844,
                49.536200145102406
              ],
              [
                -54.85960851684693,
                49.551662472475186
              ],
              [
                -54.863758887313146,
                49.552720363773794
              ],
              [
                -54.87718660393632,
                49.55223203416055
              ],
              [
                -54.88345293301292,
                49.55508048161735
              ]
            ]
          ],
          [
            [
              [
                -54.27676346397027,
                49.575588250845136
              ],
              [
                -54.291981628604645,
                49.587388557171984
              ],
              [
                -54.2986954232545,
                49.61513901499866
              ],
              [
                -54.30199136349957,
                49.64712154859327
              ],
              [
                -54.30748447968652,
                49.67177962531437
              ],
              [
                -54.29499269987724,
                49.676744035984704
              ],
              [
                -54.2672420262154,
                49.673285316753926
              ],
              [
                -54.25283772983041,
                49.677964680397444
              ],
              [
                -54.26211499963719,
                49.68024312888809
              ],
              [
                -54.26992753205031,
                49.68447498616885
              ],
              [
                -54.27603100989588,
                49.69061909068862
              ],
              [
                -54.28014076680784,
                49.698431742053415
              ],
              [
                -54.274769708344806,
                49.701890492873325
              ],
              [
                -54.27188066473325,
                49.705308339607896
              ],
              [
                -54.26976479434383,
                49.708889108443685
              ],
              [
                -54.26650951114002,
                49.712713780219346
              ],
              [
                -54.271717945246834,
                49.71222576527605
              ],
              [
                -54.28237866038214,
                49.712957943165314
              ],
              [
                -54.28758698511754,
                49.712713780219346
              ],
              [
                -54.26984611122666,
                49.72724017777105
              ],
              [
                -54.244048617770524,
                49.72606025118713
              ],
              [
                -54.217600024451656,
                49.716375938809946
              ],
              [
                -54.197621243171845,
                49.70526769869861
              ],
              [
                -54.20506752479009,
                49.698431742053415
              ],
              [
                -54.19139567278982,
                49.677964680397444
              ],
              [
                -54.182932052423034,
                49.691351516559614
              ],
              [
                -54.1835017474817,
                49.70482002865503
              ],
              [
                -54.18635010741703,
                49.716986510543826
              ],
              [
                -54.18464104486482,
                49.72638571553161
              ],
              [
                -54.17296300695067,
                49.73358792328896
              ],
              [
                -54.161488420885725,
                49.73212314030351
              ],
              [
                -54.14952553388363,
                49.729315533953525
              ],
              [
                -54.13678955786622,
                49.73261150378156
              ],
              [
                -54.1414689159283,
                49.73773844626909
              ],
              [
                -54.15046141701021,
                49.75372962549707
              ],
              [
                -54.11021885729319,
                49.75446192324534
              ],
              [
                -54.0920303986446,
                49.75047433940605
              ],
              [
                -54.07599850429303,
                49.73411693511048
              ],
              [
                -54.06175691636762,
                49.725042906324084
              ],
              [
                -54.054269994735954,
                49.718939543303605
              ],
              [
                -54.048980227471674,
                49.717189724530925
              ],
              [
                -54.04198160824992,
                49.71674234372404
              ],
              [
                -54.035796664048114,
                49.714992540095224
              ],
              [
                -54.03311111193315,
                49.70897039142725
              ],
              [
                -54.03482011964704,
                49.70453523273836
              ],
              [
                -54.038319510123706,
                49.700629093499835
              ],
              [
                -54.0410050238024,
                49.69668206452154
              ],
              [
                -54.04059816637583,
                49.69163660792833
              ],
              [
                -54.02977451895666,
                49.675970705715876
              ],
              [
                -54.016509583791915,
                49.66779209857279
              ],
              [
                -53.999826572102045,
                49.66474015506796
              ],
              [
                -53.9785049545983,
                49.66429255630327
              ],
              [
                -53.98717200513682,
                49.651068430045356
              ],
              [
                -54.000070824155294,
                49.65009201706952
              ],
              [
                -54.030018682606816,
                49.65745676927239
              ],
              [
                -54.03888916666525,
                49.654283051133525
              ],
              [
                -54.04596925668715,
                49.64728438532429
              ],
              [
                -54.055409257072604,
                49.64020403001538
              ],
              [
                -54.086659345179775,
                49.63499593180195
              ],
              [
                -54.09504142632537,
                49.629950145138366
              ],
              [
                -54.10260981436665,
                49.62335842416351
              ],
              [
                -54.115712029597034,
                49.616522492130585
              ],
              [
                -54.130279097496924,
                49.61273833862612
              ],
              [
                -54.17096926173262,
                49.60968674272037
              ],
              [
                -54.21035717307751,
                49.598089769502295
              ],
              [
                -54.222157410249864,
                49.596014861028465
              ],
              [
                -54.22760980010361,
                49.59369530007719
              ],
              [
                -54.25869703949773,
                49.571478504101414
              ],
              [
                -54.263335780193195,
                49.57119385680813
              ],
              [
                -54.267893012495115,
                49.573797864178076
              ],
              [
                -54.27676346397027,
                49.575588250845136
              ]
            ]
          ],
          [
            [
              [
                -55.51036537768338,
                50.80512119492239
              ],
              [
                -55.49136309972027,
                50.80857985650023
              ],
              [
                -55.466420057508785,
                50.8042666851494
              ],
              [
                -55.45230057288211,
                50.7962099979166
              ],
              [
                -55.46568761918991,
                50.78839750364389
              ],
              [
                -55.4694718205438,
                50.78558993966234
              ],
              [
                -55.471913209786074,
                50.78286366105372
              ],
              [
                -55.474842907230304,
                50.780951249504675
              ],
              [
                -55.4799698602307,
                50.780951249504675
              ],
              [
                -55.476714648307635,
                50.77692291976429
              ],
              [
                -55.47472082180474,
                50.77326078367596
              ],
              [
                -55.471750449782164,
                50.77008696803706
              ],
              [
                -55.46568763886854,
                50.76727938852295
              ],
              [
                -55.497710734751074,
                50.75161365847092
              ],
              [
                -55.509348100472735,
                50.74233630383423
              ],
              [
                -55.506662576933074,
                50.73379144015878
              ],
              [
                -55.523589632390085,
                50.72101467717697
              ],
              [
                -55.5823868536095,
                50.698960692949456
              ],
              [
                -55.59007727143369,
                50.70929594968087
              ],
              [
                -55.59825598658618,
                50.71686431900386
              ],
              [
                -55.607085729658166,
                50.718980181831995
              ],
              [
                -55.61652584828006,
                50.713324294146965
              ],
              [
                -55.642730285881164,
                50.72333408396522
              ],
              [
                -55.646392381371044,
                50.732611393440145
              ],
              [
                -55.623361787278,
                50.761053788603355
              ],
              [
                -55.62344314936672,
                50.76634345821711
              ],
              [
                -55.626210083131895,
                50.772894580986595
              ],
              [
                -55.626698376215174,
                50.78119539291469
              ],
              [
                -55.61994380982977,
                50.79181548667658
              ],
              [
                -55.611073362502935,
                50.79564034596532
              ],
              [
                -55.603586384906606,
                50.791693409434885
              ],
              [
                -55.598215287733524,
                50.78339261708889
              ],
              [
                -55.5960587330963,
                50.77472567802239
              ],
              [
                -55.575428838923784,
                50.77899811133246
              ],
              [
                -55.52806555409594,
                50.79466379184136
              ],
              [
                -55.51036537768338,
                50.80512119492239
              ]
            ]
          ],
          [
            [
              [
                -55.52782141390892,
                50.97272368993022
              ],
              [
                -55.53477942466946,
                50.9581973297236
              ],
              [
                -55.54312090880968,
                50.95091383062383
              ],
              [
                -55.55333411599238,
                50.94521719490757
              ],
              [
                -55.56558185037611,
                50.935492292879026
              ],
              [
                -55.573068803227876,
                50.92304105645335
              ],
              [
                -55.56737221467108,
                50.91526930917075
              ],
              [
                -55.55638586521853,
                50.90643950573849
              ],
              [
                -55.54759681150003,
                50.890814526172235
              ],
              [
                -55.569162558349426,
                50.89093657705574
              ],
              [
                -55.587757949312525,
                50.89598218203626
              ],
              [
                -55.6233617868303,
                50.91193269343528
              ],
              [
                -55.61237544755928,
                50.922674853676014
              ],
              [
                -55.61339271546741,
                50.93134188484511
              ],
              [
                -55.633290166270115,
                50.94977447674636
              ],
              [
                -55.63914953443772,
                50.96149320995725
              ],
              [
                -55.62946530977081,
                50.965399507471446
              ],
              [
                -55.602853961004,
                50.96653878188128
              ],
              [
                -55.56265215898854,
                50.98598870101658
              ],
              [
                -55.54190019852804,
                50.98777905013625
              ],
              [
                -55.52782141390892,
                50.97272368993022
              ]
            ]
          ],
          [
            [
              [
                -52.62881426835727,
                47.52667881182155
              ],
              [
                -52.61660723213293,
                47.52269116627036
              ],
              [
                -52.61693274373152,
                47.51276275524037
              ],
              [
                -52.628529444196374,
                47.48574458726019
              ],
              [
                -52.643299928134766,
                47.4875348805166
              ],
              [
                -52.65900629948274,
                47.48175685973056
              ],
              [
                -52.69058181963988,
                47.46458563322047
              ],
              [
                -52.66047116268627,
                47.445786864983674
              ],
              [
                -52.6566056093741,
                47.43707920295177
              ],
              [
                -52.663319448867306,
                47.423651385829885
              ],
              [
                -52.67471267642665,
                47.41209539252014
              ],
              [
                -52.70128335122156,
                47.39276770240889
              ],
              [
                -52.711048977271986,
                47.38324622155322
              ],
              [
                -52.718088349253215,
                47.36880118670881
              ],
              [
                -52.73037677933641,
                47.33250566780245
              ],
              [
                -52.73839270769755,
                47.320624093086906
              ],
              [
                -52.75259355127334,
                47.314357806844335
              ],
              [
                -52.78563393379042,
                47.311468864206944
              ],
              [
                -52.80044510284421,
                47.3069521766755
              ],
              [
                -52.791330509460494,
                47.30194726261371
              ],
              [
                -52.78132075086921,
                47.29954656875401
              ],
              [
                -52.77061929494341,
                47.29913979062044
              ],
              [
                -52.7595108492175,
                47.30011621282448
              ],
              [
                -52.76854407492592,
                47.28900787977865
              ],
              [
                -52.78237869941624,
                47.28221260032839
              ],
              [
                -52.81407630075506,
                47.27342356926744
              ],
              [
                -52.801909955408256,
                47.258775118254526
              ],
              [
                -52.8055313773837,
                47.25079986716086
              ],
              [
                -52.814930778631805,
                47.24286525897742
              ],
              [
                -52.82241779063598,
                47.22016027583751
              ],
              [
                -52.831857900587316,
                47.20359942169106
              ],
              [
                -52.836171045461676,
                47.18378332236034
              ],
              [
                -52.841135211675585,
                47.17812732103685
              ],
              [
                -52.84601804065347,
                47.173529386952566
              ],
              [
                -52.84825598341045,
                47.16669341023463
              ],
              [
                -52.853016736179384,
                47.134263429549655
              ],
              [
                -52.85944575880776,
                47.11530180039468
              ],
              [
                -52.868763795470585,
                47.101507863388534
              ],
              [
                -52.882923967826734,
                47.0958926775231
              ],
              [
                -52.920318164874786,
                47.094061596628315
              ],
              [
                -52.93761143501407,
                47.08783593900793
              ],
              [
                -52.8870336434329,
                47.07550685921802
              ],
              [
                -52.86839759377045,
                47.07416414133705
              ],
              [
                -52.84919183846895,
                47.06981022122186
              ],
              [
                -52.84630284759631,
                47.061468767639326
              ],
              [
                -52.85627191797039,
                47.05585351972041
              ],
              [
                -52.87490801262013,
                47.05988191990372
              ],
              [
                -52.87149001661756,
                47.05109277666821
              ],
              [
                -52.86668858291631,
                47.04328027152727
              ],
              [
                -52.86082921762197,
                47.037095404725626
              ],
              [
                -52.85448155865455,
                47.033189145780526
              ],
              [
                -52.85448157900327,
                47.026353269057495
              ],
              [
                -52.88927162213703,
                47.006822031505735
              ],
              [
                -52.89509029645461,
                46.99555084033285
              ],
              [
                -52.88239500972049,
                46.97797279450727
              ],
              [
                -52.89590408320173,
                46.973944349353495
              ],
              [
                -52.898548948869106,
                46.96698637048855
              ],
              [
                -52.89395098818519,
                46.960394634744425
              ],
              [
                -52.88585366907228,
                46.95746498360697
              ],
              [
                -52.88219153153752,
                46.9511172415371
              ],
              [
                -52.90973873862546,
                46.91278718492587
              ],
              [
                -52.915272595465105,
                46.89028556550741
              ],
              [
                -52.92617754440691,
                46.868312912360345
              ],
              [
                -52.934071400837496,
                46.84711329611543
              ],
              [
                -52.93016516826292,
                46.82713450779566
              ],
              [
                -52.93610593005823,
                46.817043379330315
              ],
              [
                -52.93748940649853,
                46.80337154501756
              ],
              [
                -52.941273581897576,
                46.79132726110384
              ],
              [
                -52.96108966198766,
                46.782782336343445
              ],
              [
                -52.97199457447112,
                46.76569238783816
              ],
              [
                -52.978627069314335,
                46.75885647358505
              ],
              [
                -53.00694739222414,
                46.753119199597315
              ],
              [
                -53.00934810213546,
                46.75202054816663
              ],
              [
                -53.031320783456515,
                46.736029413817015
              ],
              [
                -53.06688390541408,
                46.66559475585085
              ],
              [
                -53.091542096940394,
                46.64960351007418
              ],
              [
                -53.14305577273373,
                46.62913639859681
              ],
              [
                -53.17662511116555,
                46.62514877599292
              ],
              [
                -53.19286050556802,
                46.627631001370816
              ],
              [
                -53.211333786748426,
                46.63532135221373
              ],
              [
                -53.23232987919057,
                46.65375396450819
              ],
              [
                -53.2536514724666,
                46.68317284795264
              ],
              [
                -53.26748613796233,
                46.71454500698014
              ],
              [
                -53.26598060104907,
                46.73899975118882
              ],
              [
                -53.282541472548104,
                46.7328148536781
              ],
              [
                -53.29865475233766,
                46.72064850601769
              ],
              [
                -53.32433021677586,
                46.69399651546569
              ],
              [
                -53.331206811887505,
                46.69330468534447
              ],
              [
                -53.33771727723792,
                46.70180906203416
              ],
              [
                -53.34349523435873,
                46.712225617942856
              ],
              [
                -53.34850012684478,
                46.71727121951132
              ],
              [
                -53.35973058963648,
                46.71344633082219
              ],
              [
                -53.37071691895928,
                46.70441313180344
              ],
              [
                -53.38947507516571,
                46.68378330362334
              ],
              [
                -53.382923969468266,
                46.698675885534705
              ],
              [
                -53.355336070054165,
                46.73899975118882
              ],
              [
                -53.37385004709242,
                46.73484930014467
              ],
              [
                -53.38939367042791,
                46.72370022117658
              ],
              [
                -53.416818794223154,
                46.69741439549967
              ],
              [
                -53.432850724488425,
                46.68756747854645
              ],
              [
                -53.440744575977696,
                46.680853525768924
              ],
              [
                -53.44880122432234,
                46.66400784485515
              ],
              [
                -53.45982823868628,
                46.659409851915655
              ],
              [
                -53.47240149992512,
                46.65664298281053
              ],
              [
                -53.482004348180844,
                46.65273668243158
              ],
              [
                -53.518299956549434,
                46.62856686684346
              ],
              [
                -53.55467686662595,
                46.61835352172647
              ],
              [
                -53.58999591265538,
                46.626166127036996
              ],
              [
                -53.62287351606512,
                46.655829211202786
              ],
              [
                -53.62657632026761,
                46.66299068479738
              ],
              [
                -53.6349177615033,
                46.685858431540886
              ],
              [
                -53.63646400583307,
                46.69399651546569
              ],
              [
                -53.63646400335192,
                46.71137118302007
              ],
              [
                -53.618316206294885,
                46.741034235908565
              ],
              [
                -53.605132624636674,
                46.75543856985096
              ],
              [
                -53.60163328794526,
                46.76422766868064
              ],
              [
                -53.603260892362,
                46.775051237906254
              ],
              [
                -53.606678823559754,
                46.78644435383724
              ],
              [
                -53.60855060836202,
                46.797064589838776
              ],
              [
                -53.600087051007044,
                46.812567473929775
              ],
              [
                -53.562489378293016,
                46.84634020998599
              ],
              [
                -53.553944475734696,
                46.86497633606071
              ],
              [
                -53.54405674454248,
                46.878485342984035
              ],
              [
                -53.498605945090624,
                46.886786263015146
              ],
              [
                -53.48570717609934,
                46.90289952610414
              ],
              [
                -53.49958248944378,
                46.89862703028585
              ],
              [
                -53.53164628712502,
                46.8932559243881
              ],
              [
                -53.54405674882216,
                46.88580957377662
              ],
              [
                -53.61156164578849,
                46.81427641245407
              ],
              [
                -53.63687087953631,
                46.79889551983689
              ],
              [
                -53.643462715488674,
                46.796616993197546
              ],
              [
                -53.64488684629474,
                46.80117421590658
              ],
              [
                -53.64053299655743,
                46.828273798829684
              ],
              [
                -53.63621986845285,
                46.83869053416339
              ],
              [
                -53.629383930037,
                46.84764235591763
              ],
              [
                -53.619211382821675,
                46.85814033961597
              ],
              [
                -53.61261960710846,
                46.869045351119716
              ],
              [
                -53.60509193614199,
                46.895331152234974
              ],
              [
                -53.59870358556469,
                46.90595125558618
              ],
              [
                -53.54710855304676,
                46.92820880067741
              ],
              [
                -53.52114823063975,
                46.944647497111056
              ],
              [
                -53.519195091609696,
                46.964300775319494
              ],
              [
                -53.53062902615888,
                46.953273800671404
              ],
              [
                -53.54214432463571,
                46.944647497111056
              ],
              [
                -53.554432761732784,
                46.940822704883985
              ],
              [
                -53.567697736908116,
                46.943833776369395
              ],
              [
                -53.563221819121814,
                46.952460058148084
              ],
              [
                -53.561756958725894,
                46.960882861317
              ],
              [
                -53.56322180908747,
                46.96930573126078
              ],
              [
                -53.56769774402789,
                46.97797279450727
              ],
              [
                -53.57445230203087,
                46.97797279450727
              ],
              [
                -53.57746332777439,
                46.971177424735686
              ],
              [
                -53.58788000460358,
                46.95359932898104
              ],
              [
                -53.59186766460191,
                46.95001868928865
              ],
              [
                -53.598744257177074,
                46.95075100583066
              ],
              [
                -53.608631943986545,
                46.95351790846689
              ],
              [
                -53.61522378612803,
                46.95897051678193
              ],
              [
                -53.61196857487426,
                46.9680037100891
              ],
              [
                -53.60008706363438,
                46.98688391735511
              ],
              [
                -53.608550569512396,
                46.991522481962676
              ],
              [
                -53.643381299111255,
                46.98541896776347
              ],
              [
                -53.62539628616511,
                47.01341379855124
              ],
              [
                -53.60513263344364,
                47.03660721578608
              ],
              [
                -53.578114394267864,
                47.059515713572864
              ],
              [
                -53.57062739684008,
                47.072699252883666
              ],
              [
                -53.58189856169427,
                47.081610403263234
              ],
              [
                -53.563140452256064,
                47.09772376896917
              ],
              [
                -53.51178949440283,
                47.12299218797232
              ],
              [
                -53.49868728736703,
                47.13564682767037
              ],
              [
                -53.515207505198866,
                47.13589107492197
              ],
              [
                -53.52432205727639,
                47.14350003225544
              ],
              [
                -53.52574621392451,
                47.155829142114435
              ],
              [
                -53.51919512146931,
                47.169745200198
              ],
              [
                -53.533029742533245,
                47.16681546896847
              ],
              [
                -53.55626382309467,
                47.15794511941345
              ],
              [
                -53.5710343203042,
                47.156154723459984
              ],
              [
                -53.57258053203496,
                47.16205475214433
              ],
              [
                -53.562123167710645,
                47.19208402748712
              ],
              [
                -53.56017006516999,
                47.204535264888804
              ],
              [
                -53.59422768947751,
                47.14569739656511
              ],
              [
                -53.61729897056928,
                47.119330185174704
              ],
              [
                -53.650217251558566,
                47.108343815693594
              ],
              [
                -53.63556883050285,
                47.14484288980564
              ],
              [
                -53.62905840931644,
                47.156154723459984
              ],
              [
                -53.640980585344366,
                47.15322496458584
              ],
              [
                -53.64976965554371,
                47.14716216086923
              ],
              [
                -53.65680905309757,
                47.13886140711574
              ],
              [
                -53.663197382003766,
                47.128810901566304
              ],
              [
                -53.67747962344481,
                47.09125398023667
              ],
              [
                -53.68358315622662,
                47.09064367890353
              ],
              [
                -53.69562741112507,
                47.08454011524887
              ],
              [
                -53.704497869701974,
                47.07754146335109
              ],
              [
                -53.69542397692127,
                47.07013586798275
              ],
              [
                -53.70400955329159,
                47.061102559485875
              ],
              [
                -53.725249779834,
                47.04682030843973
              ],
              [
                -53.73668374356617,
                47.04364661289376
              ],
              [
                -53.75918532977934,
                47.04189681419188
              ],
              [
                -53.76683510239606,
                47.04002516868668
              ],
              [
                -53.77525794238328,
                47.031805732134664
              ],
              [
                -53.81847081505396,
                46.9625918137809
              ],
              [
                -53.82485920349968,
                46.95746498360697
              ],
              [
                -53.86119543163878,
                46.94757718530577
              ],
              [
                -53.86925209900328,
                46.943833776369395
              ],
              [
                -53.872914194455674,
                46.93732331627565
              ],
              [
                -53.877919050505184,
                46.9178733673953
              ],
              [
                -53.882923972562295,
                46.909084423135894
              ],
              [
                -53.889637834033785,
                46.904201591782204
              ],
              [
                -53.912709113092106,
                46.89175039030885
              ],
              [
                -53.93415280109466,
                46.88605378420829
              ],
              [
                -53.93960527766869,
                46.87824129183888
              ],
              [
                -53.942494260819196,
                46.86810941478062
              ],
              [
                -53.94782466476543,
                46.85814033961597
              ],
              [
                -53.95693926254057,
                46.852769289430064
              ],
              [
                -53.992176884655116,
                46.848293354050526
              ],
              [
                -54.00308183338635,
                46.84259674221789
              ],
              [
                -54.02692624413529,
                46.820949635115035
              ],
              [
                -54.04043535170031,
                46.81220124107613
              ],
              [
                -54.05036371451782,
                46.808050784326184
              ],
              [
                -54.06053627324833,
                46.80678948833571
              ],
              [
                -54.07469642677776,
                46.80662672100725
              ],
              [
                -54.081654421523794,
                46.8056501187393
              ],
              [
                -54.09292558568591,
                46.80145905403207
              ],
              [
                -54.09862219264225,
                46.80048246720644
              ],
              [
                -54.10456296505396,
                46.80243564377543
              ],
              [
                -54.113596144352954,
                46.81146877660105
              ],
              [
                -54.11904860698697,
                46.81346255796632
              ],
              [
                -54.17096921315698,
                46.820949635115035
              ],
              [
                -54.18492592740357,
                46.82611730347516
              ],
              [
                -54.188547325246375,
                46.82843657695443
              ],
              [
                -54.188465954007654,
                46.83388907684013
              ],
              [
                -54.19579018819201,
                46.86440670259287
              ],
              [
                -54.19762120156366,
                46.88580957377662
              ],
              [
                -54.1940812022583,
                46.90737544682049
              ],
              [
                -54.18541421201501,
                46.92780188397289
              ],
              [
                -54.164133242315806,
                46.964300775319494
              ],
              [
                -54.16038978305635,
                46.974066487885096
              ],
              [
                -54.155506989012906,
                46.99518470765121
              ],
              [
                -54.150461376598095,
                47.00531642769407
              ],
              [
                -54.11261960366965,
                47.04340243649162
              ],
              [
                -54.1004125467805,
                47.059800472382946
              ],
              [
                -54.04039465346531,
                47.179917687907775
              ],
              [
                -54.02354894648349,
                47.200751013174894
              ],
              [
                -54.01895095025668,
                47.21015038255858
              ],
              [
                -54.0152481579137,
                47.22272364701466
              ],
              [
                -54.01040606906134,
                47.233872833112734
              ],
              [
                -54.002756290912856,
                47.23867415338182
              ],
              [
                -53.95124266635903,
                47.23187904442688
              ],
              [
                -53.931752064552164,
                47.234361018824245
              ],
              [
                -53.94395913973522,
                47.24119708245065
              ],
              [
                -53.969349751967506,
                47.25104404998886
              ],
              [
                -53.98908445572906,
                47.26260005097286
              ],
              [
                -53.995961049599984,
                47.272162126085085
              ],
              [
                -53.99909419860218,
                47.28131743128565
              ],
              [
                -53.99962317801919,
                47.30353425290252
              ],
              [
                -53.99620522446784,
                47.31720617304171
              ],
              [
                -53.98802648679655,
                47.319769571105695
              ],
              [
                -53.97166909501633,
                47.314398563520264
              ],
              [
                -53.96947179861486,
                47.312648799635355
              ],
              [
                -53.972645635789064,
                47.30963775845957
              ],
              [
                -53.97716225521265,
                47.30719640340562
              ],
              [
                -53.97850499855065,
                47.3069521766755
              ],
              [
                -53.96141519426703,
                47.30329018283618
              ],
              [
                -53.93879147066503,
                47.305161852946185
              ],
              [
                -53.92227127968346,
                47.313218467662686
              ],
              [
                -53.923939570252,
                47.328070345638
              ],
              [
                -53.89525305704989,
                47.34048085529557
              ],
              [
                -53.884266717953814,
                47.34906643483812
              ],
              [
                -53.87669836376041,
                47.36151762382866
              ],
              [
                -53.9033097098564,
                47.36102939281079
              ],
              [
                -53.91429600726689,
                47.36347070941405
              ],
              [
                -53.910552523807254,
                47.37274807253558
              ],
              [
                -53.89289302604563,
                47.39288969568904
              ],
              [
                -53.87539631146022,
                47.405340955514006
              ],
              [
                -53.853138813393905,
                47.41347894420128
              ],
              [
                -53.8078506985167,
                47.423651385829885
              ],
              [
                -53.807850692509426,
                47.430487306288725
              ],
              [
                -53.829213000335514,
                47.429266611566256
              ],
              [
                -53.83511306249807,
                47.430487306288725
              ],
              [
                -53.84605873445199,
                47.43813714442798
              ],
              [
                -53.850819461051074,
                47.44285715247634
              ],
              [
                -53.84878498503428,
                47.44476967105483
              ],
              [
                -53.90200763793383,
                47.43154537897108
              ],
              [
                -53.910267727350245,
                47.43390540033896
              ],
              [
                -53.9134008189472,
                47.44245018605888
              ],
              [
                -53.91934161392575,
                47.448553815666045
              ],
              [
                -53.923451303014176,
                47.45408763786805
              ],
              [
                -53.92076573674644,
                47.46116765974482
              ],
              [
                -53.908599408261665,
                47.47345610820099
              ],
              [
                -53.90485591496817,
                47.47992582170086
              ],
              [
                -53.90343178783661,
                47.48875565292435
              ],
              [
                -53.897572405752314,
                47.503404070289925
              ],
              [
                -53.88784744080121,
                47.51691309714548
              ],
              [
                -53.88585361997618,
                47.52749250722112
              ],
              [
                -53.90343177169361,
                47.5335147209234
              ],
              [
                -53.89183510107292,
                47.57746006014864
              ],
              [
                -53.892567517155506,
                47.59882234795773
              ],
              [
                -53.90343181909236,
                47.61603438932023
              ],
              [
                -53.90859943011606,
                47.61664464761441
              ],
              [
                -53.918812672509134,
                47.60871015412879
              ],
              [
                -53.92393953201856,
                47.60919816412519
              ],
              [
                -53.92756095668397,
                47.61310442767397
              ],
              [
                -53.930897564206774,
                47.62075422427476
              ],
              [
                -53.93472241135529,
                47.62567766110466
              ],
              [
                -53.9398494212174,
                47.634914478791785
              ],
              [
                -53.94367432654923,
                47.64911542801835
              ],
              [
                -53.94469149179957,
                47.66372292116216
              ],
              [
                -53.941273612721304,
                47.67405846719997
              ],
              [
                -53.94790601435924,
                47.681707960425236
              ],
              [
                -53.97166902979584,
                47.742661720669155
              ],
              [
                -53.96979737306675,
                47.748195829150085
              ],
              [
                -53.966379400036786,
                47.75250896852355
              ],
              [
                -53.96471110403215,
                47.75690349373269
              ],
              [
                -53.968251089617645,
                47.76251857479588
              ],
              [
                -53.97516840094729,
                47.76483789158934
              ],
              [
                -53.98155676135052,
                47.762030316083184
              ],
              [
                -53.98729409986276,
                47.75873451362427
              ],
              [
                -53.99217685357537,
                47.75942607772253
              ],
              [
                -54.00084391270829,
                47.77114502104107
              ],
              [
                -54.00796460501216,
                47.794826441360534
              ],
              [
                -54.01329501112558,
                47.80719624137466
              ],
              [
                -54.00584879239338,
                47.82086831834248
              ],
              [
                -54.04214430019306,
                47.801987922977666
              ],
              [
                -54.06086173614516,
                47.80036028439555
              ],
              [
                -54.074696439374,
                47.81403235535934
              ],
              [
                -54.0742895082943,
                47.82046130501373
              ],
              [
                -54.069569469653906,
                47.82558829635643
              ],
              [
                -54.06395419557762,
                47.828517869342065
              ],
              [
                -54.06110592101342,
                47.82831451142858
              ],
              [
                -54.06261150046641,
                47.832831246728624
              ],
              [
                -54.067128064353184,
                47.84178296035545
              ],
              [
                -54.06794183746526,
                47.84198632749419
              ],
              [
                -54.071156327576574,
                47.85077531055268
              ],
              [
                -54.07624260232854,
                47.85651264828236
              ],
              [
                -54.080555780883394,
                47.86334866527909
              ],
              [
                -54.081532400592465,
                47.87547447872859
              ],
              [
                -54.09227456934366,
                47.86302325447487
              ],
              [
                -54.09825595954151,
                47.837591779537476
              ],
              [
                -54.10948645401075,
                47.82831451142858
              ],
              [
                -54.12507079618147,
                47.82811115365428
              ],
              [
                -54.14102131667424,
                47.83576089115465
              ],
              [
                -54.16413330512774,
                47.85504802812113
              ],
              [
                -54.16637120989213,
                47.859767933493345
              ],
              [
                -54.16787670789025,
                47.87128312953692
              ],
              [
                -54.17096924966626,
                47.87547447872859
              ],
              [
                -54.179025857348854,
                47.87897373530369
              ],
              [
                -54.20506746009674,
                47.88296118170833
              ],
              [
                -54.26650954516298,
                47.90346907502105
              ],
              [
                -54.253732922454844,
                47.88776289173061
              ],
              [
                -54.233509859699005,
                47.88165914619077
              ],
              [
                -54.21263588167207,
                47.8779157874923
              ],
              [
                -54.19762117725992,
                47.86928932423767
              ],
              [
                -54.193714982222524,
                47.852769299382565
              ],
              [
                -54.19823154368839,
                47.83331931337692
              ],
              [
                -54.22427324944308,
                47.77269117220511
              ],
              [
                -54.24913485637677,
                47.73012918816583
              ],
              [
                -54.2801407762035,
                47.69794349074835
              ],
              [
                -54.31090248619802,
                47.700751081867885
              ],
              [
                -54.32725986032495,
                47.710150358572164
              ],
              [
                -54.3291723033149,
                47.696722646450986
              ],
              [
                -54.321156403604256,
                47.66722246866012
              ],
              [
                -54.326568209390615,
                47.647650591300895
              ],
              [
                -54.350453259848415,
                47.61880119081395
              ],
              [
                -54.35586503948528,
                47.60545482427176
              ],
              [
                -54.36339274548629,
                47.59174236571749
              ],
              [
                -54.39622962109079,
                47.5595156922616
              ],
              [
                -54.41104080078954,
                47.53066635555368
              ],
              [
                -54.427845812608844,
                47.51691309714548
              ],
              [
                -54.458363415367764,
                47.499416420581355
              ],
              [
                -54.45636960296168,
                47.49396395693823
              ],
              [
                -54.454416460656134,
                47.49095284007639
              ],
              [
                -54.451039178893836,
                47.48871487323052
              ],
              [
                -54.44465086382433,
                47.48574458726019
              ],
              [
                -54.438465954366144,
                47.499416420581355
              ],
              [
                -54.429595528825025,
                47.4860294269264
              ],
              [
                -54.42418374703102,
                47.47199134732508
              ],
              [
                -54.417307108237374,
                47.45945876420763
              ],
              [
                -54.40367591433458,
                47.450913813629946
              ],
              [
                -54.4380997525324,
                47.43008051008118
              ],
              [
                -54.45205642731938,
                47.423651385829885
              ],
              [
                -54.44505776982938,
                47.43838132079131
              ],
              [
                -54.444325341077736,
                47.449449006397906
              ],
              [
                -54.45083574722728,
                47.45453524096604
              ],
              [
                -54.46572832233837,
                47.450913813629946
              ],
              [
                -54.476307719675155,
                47.44245018605888
              ],
              [
                -54.49502519197567,
                47.41510650615743
              ],
              [
                -54.506092919243144,
                47.40253331689244
              ],
              [
                -54.49864662390757,
                47.39858635860981
              ],
              [
                -54.49181068671705,
                47.398749121950985
              ],
              [
                -54.48542234871785,
                47.40277746505656
              ],
              [
                -54.479400186779166,
                47.40997953814923
              ],
              [
                -54.472564273233175,
                47.40253331689244
              ],
              [
                -54.507964654292316,
                47.382228926176566
              ],
              [
                -54.523426871306874,
                47.37669500867324
              ],
              [
                -54.526600735970185,
                47.38324622155322
              ],
              [
                -54.579457152422314,
                47.35936104523674
              ],
              [
                -54.605824332658926,
                47.35248439772289
              ],
              [
                -54.61595618413091,
                47.36896393437791
              ],
              [
                -54.61058509287619,
                47.37714265329431
              ],
              [
                -54.57502193790336,
                47.39630768083771
              ],
              [
                -54.437163867734625,
                47.5556501369895
              ],
              [
                -54.41120363273405,
                47.601752171522165
              ],
              [
                -54.414418106044195,
                47.60492587111003
              ],
              [
                -54.417347735561194,
                47.60919816412519
              ],
              [
                -54.43382722633547,
                47.59393937157497
              ],
              [
                -54.47252354987761,
                47.54962794777337
              ],
              [
                -54.50413975466473,
                47.53046289090846
              ],
              [
                -54.54393469887002,
                47.46800364474725
              ],
              [
                -54.602935343762766,
                47.40997953814923
              ],
              [
                -54.6564021231427,
                47.38515852439784
              ],
              [
                -54.66441809911152,
                47.37579987520246
              ],
              [
                -54.67178298230028,
                47.38051985286125
              ],
              [
                -54.67609615725123,
                47.38544342484414
              ],
              [
                -54.67780516218048,
                47.39227942209496
              ],
              [
                -54.677398257294215,
                47.40253331689244
              ],
              [
                -54.68858800180222,
                47.39838282763369
              ],
              [
                -54.69782466746079,
                47.39240141518239
              ],
              [
                -54.705433701149296,
                47.38483301211415
              ],
              [
                -54.71214759111246,
                47.37579987520246
              ],
              [
                -54.70579994363806,
                47.37287021174892
              ],
              [
                -54.70323643306728,
                47.36985904808661
              ],
              [
                -54.701649568975526,
                47.36619708180691
              ],
              [
                -54.69855708764999,
                47.36151762382866
              ],
              [
                -54.710926904303655,
                47.356024530840536
              ],
              [
                -54.72207599662412,
                47.35594316039252
              ],
              [
                -54.73009191827355,
                47.36229073475769
              ],
              [
                -54.73265540411286,
                47.37579987520246
              ],
              [
                -54.745961056973194,
                47.3674176811486
              ],
              [
                -54.75959222724017,
                47.36277896776248
              ],
              [
                -54.77000893416478,
                47.36652257449446
              ],
              [
                -54.77358966906518,
                47.38324622155322
              ],
              [
                -54.79625404565401,
                47.37287021174892
              ],
              [
                -54.8082576027425,
                47.36945217789833
              ],
              [
                -54.82201087113141,
                47.36896393437791
              ],
              [
                -54.795643678024945,
                47.39435454183773
              ],
              [
                -54.78490151422635,
                47.411281695335354
              ],
              [
                -54.78726150621667,
                47.423651385829885
              ],
              [
                -54.80150307338775,
                47.42300043428524
              ],
              [
                -54.81395423556392,
                47.407619546099674
              ],
              [
                -54.828236458114844,
                47.37579987520246
              ],
              [
                -54.84040280740177,
                47.384466888121224
              ],
              [
                -54.84032142170153,
                47.397447017622795
              ],
              [
                -54.83263098656999,
                47.41156646602887
              ],
              [
                -54.82201085420603,
                47.423651385829885
              ],
              [
                -54.837880015361634,
                47.41925691264111
              ],
              [
                -54.848744277043174,
                47.407782314202706
              ],
              [
                -54.86607826965017,
                47.37958409691677
              ],
              [
                -54.87995359113617,
                47.36668532096651
              ],
              [
                -54.9109594264512,
                47.34642158097625
              ],
              [
                -54.92442786096475,
                47.33490630828591
              ],
              [
                -54.92796790401504,
                47.32680898891508
              ],
              [
                -54.92735754839026,
                47.31903716950421
              ],
              [
                -54.928944465745765,
                47.31134674914288
              ],
              [
                -54.938710092054286,
                47.30353425290252
              ],
              [
                -54.96629795965926,
                47.28827539668721
              ],
              [
                -54.975941544409174,
                47.286444427157356
              ],
              [
                -54.98924721965618,
                47.28025956346414
              ],
              [
                -55.00450600639969,
                47.26593664099053
              ],
              [
                -55.02745518347478,
                47.23867415338182
              ],
              [
                -55.040598122579674,
                47.217718850297175
              ],
              [
                -55.034006308951106,
                47.211493216477756
              ],
              [
                -55.0205785740165,
                47.207709034783264
              ],
              [
                -55.01317300077215,
                47.19399654292441
              ],
              [
                -55.01707922175513,
                47.184474975378386
              ],
              [
                -55.02696690582701,
                47.17255274389843
              ],
              [
                -55.040150502733866,
                47.16201401526659
              ],
              [
                -55.05418861761715,
                47.156154723459984
              ],
              [
                -55.07380124731252,
                47.15696852457002
              ],
              [
                -55.07339431909311,
                47.16811753421803
              ],
              [
                -55.06786049213491,
                47.184271584035486
              ],
              [
                -55.07184810027941,
                47.200751013174894
              ],
              [
                -55.08800205937277,
                47.206244142969354
              ],
              [
                -55.10667882092091,
                47.19782130117116
              ],
              [
                -55.123890729482305,
                47.18305077753171
              ],
              [
                -55.13609779163454,
                47.169745200198
              ],
              [
                -55.09732009887902,
                47.17177964075057
              ],
              [
                -55.08893796062974,
                47.169745200198
              ],
              [
                -55.082753051627044,
                47.159084355777644
              ],
              [
                -55.08446201877556,
                47.14850488025125
              ],
              [
                -55.08844966364525,
                47.13825101417878
              ],
              [
                -55.08893794165849,
                47.128810901566304
              ],
              [
                -55.07176675716461,
                47.09495684847555
              ],
              [
                -55.07469643651673,
                47.081000120433806
              ],
              [
                -55.10260982454368,
                47.081610403263234
              ],
              [
                -55.10041254378942,
                47.07689030869869
              ],
              [
                -55.09723873443508,
                47.06464264048392
              ],
              [
                -55.09512285685613,
                47.05988191990372
              ],
              [
                -55.13487710842305,
                47.04759356824211
              ],
              [
                -55.14631097783345,
                47.03766503626303
              ],
              [
                -55.15037999474892,
                47.0158144701902
              ],
              [
                -55.154611802154534,
                47.012600057307296
              ],
              [
                -55.16392980471132,
                47.01605862552738
              ],
              [
                -55.17345128070695,
                47.02195866744217
              ],
              [
                -55.17833411817931,
                47.026353269057495
              ],
              [
                -55.17878169103539,
                47.037095404725626
              ],
              [
                -55.17174230327556,
                47.06037014444085
              ],
              [
                -55.17149816326976,
                47.067328155314044
              ],
              [
                -55.18008378435022,
                47.075018611486335
              ],
              [
                -55.18858799955326,
                47.07461166210768
              ],
              [
                -55.196156360531816,
                47.069647474805905
              ],
              [
                -55.20189366400169,
                47.063666025394305
              ],
              [
                -55.2026260840368,
                47.05585351972041
              ],
              [
                -55.193755638258345,
                47.032538081653975
              ],
              [
                -55.19131424696407,
                47.022650429050245
              ],
              [
                -55.193348767293486,
                47.00067781727948
              ],
              [
                -55.20018470318669,
                46.980536209202775
              ],
              [
                -55.21300210696915,
                46.96515541312146
              ],
              [
                -55.232899568140574,
                46.95746498360697
              ],
              [
                -55.22956294822136,
                46.93622465740992
              ],
              [
                -55.25088456823054,
                46.91884999977618
              ],
              [
                -55.282948365018875,
                46.907171924716835
              ],
              [
                -55.31175698061485,
                46.90289952610414
              ],
              [
                -55.36050371560651,
                46.90985750517727
              ],
              [
                -55.37010659099178,
                46.909084423135894
              ],
              [
                -55.369740366252785,
                46.89622631050182
              ],
              [
                -55.36034095570118,
                46.88446688046266
              ],
              [
                -55.359038875132406,
                46.87470126537845
              ],
              [
                -55.38312739857401,
                46.86810941478062
              ],
              [
                -55.41783604476111,
                46.86660384381806
              ],
              [
                -55.4525447150238,
                46.876288121351344
              ],
              [
                -55.473255975927145,
                46.89752834934307
              ],
              [
                -55.46568760848326,
                46.93081283394979
              ],
              [
                -55.50910398738527,
                46.9193790230153
              ],
              [
                -55.52415932274702,
                46.92169834853533
              ],
              [
                -55.52782143552677,
                46.943833776369395
              ],
              [
                -55.53547115988388,
                46.93488190841494
              ],
              [
                -55.537505666102696,
                46.925441807920166
              ],
              [
                -55.53807532414303,
                46.916449283535975
              ],
              [
                -55.541411929041274,
                46.909084423135894
              ],
              [
                -55.551258919602084,
                46.900946360608295
              ],
              [
                -55.55455481429507,
                46.90228912222096
              ],
              [
                -55.55638589337637,
                46.90696855634265
              ],
              [
                -55.561879052047196,
                46.909084423135894
              ],
              [
                -55.575917116446625,
                46.907619519912096
              ],
              [
                -55.58165444665671,
                46.906073368372354
              ],
              [
                -55.58922280169318,
                46.90289952610414
              ],
              [
                -55.59723871050012,
                46.897894524710786
              ],
              [
                -55.61652586349906,
                46.88239172217401
              ],
              [
                -55.64952549401734,
                46.86790591732842
              ],
              [
                -55.668283678012244,
                46.8629825465023
              ],
              [
                -55.68480383188762,
                46.86188383269679
              ],
              [
                -55.71670489524872,
                46.87099847802653
              ],
              [
                -55.72891189221407,
                46.86928939535088
              ],
              [
                -55.73940996711776,
                46.854437587431015
              ],
              [
                -55.75279699370164,
                46.863999712455104
              ],
              [
                -55.7769262602161,
                46.867865371436174
              ],
              [
                -55.825672971498655,
                46.86810941478062
              ],
              [
                -55.85130775928071,
                46.87099847802653
              ],
              [
                -55.90697178975742,
                46.886908214983926
              ],
              [
                -55.950306745261166,
                46.90436425436014
              ],
              [
                -55.968129025316266,
                46.91718167751466
              ],
              [
                -55.98131262934604,
                46.93203359698694
              ],
              [
                -55.98643957730007,
                46.946966850605214
              ],
              [
                -55.97996984299116,
                46.97036363694587
              ],
              [
                -55.96397866518424,
                46.98891841847801
              ],
              [
                -55.92503820582942,
                47.01894763189078
              ],
              [
                -55.88914955905675,
                47.05898676669011
              ],
              [
                -55.86986241394052,
                47.07514063492857
              ],
              [
                -55.84618078747002,
                47.081610403263234
              ],
              [
                -55.82144123470287,
                47.084947077323115
              ],
              [
                -55.782948352384146,
                47.10162989699578
              ],
              [
                -55.761138475541166,
                47.108343815693594
              ],
              [
                -55.73802649221946,
                47.10691965322916
              ],
              [
                -55.684803825776434,
                47.09516018242251
              ],
              [
                -55.66803950107901,
                47.098089865570266
              ],
              [
                -55.65062413040795,
                47.106390627530764
              ],
              [
                -55.582386850286284,
                47.115179761530676
              ],
              [
                -55.52354894281296,
                47.13377509145652
              ],
              [
                -55.496693471745836,
                47.13564682767037
              ],
              [
                -55.48717200763906,
                47.14028555940465
              ],
              [
                -55.47695877599542,
                47.15102770168285
              ],
              [
                -55.46898352599482,
                47.163519592269516
              ],
              [
                -55.46568764653423,
                47.173163203101495
              ],
              [
                -55.46174066346077,
                47.18089420003799
              ],
              [
                -55.45230061053,
                47.18455645494034
              ],
              [
                -55.44102940457219,
                47.186957036772334
              ],
              [
                -55.43154863075639,
                47.190863344446605
              ],
              [
                -55.39679930632474,
                47.21820716463746
              ],
              [
                -55.36864175329233,
                47.22894934969929
              ],
              [
                -55.3412165873033,
                47.246893582865106
              ],
              [
                -55.32046465580673,
                47.256048917308185
              ],
              [
                -55.30125890790071,
                47.26764554614173
              ],
              [
                -55.28750567145682,
                47.286444427157356
              ],
              [
                -55.28595941252623,
                47.296128572397926
              ],
              [
                -55.28783119322792,
                47.317938570334
              ],
              [
                -55.287505650954934,
                47.328070345638
              ],
              [
                -55.28331459957808,
                47.33926020813311
              ],
              [
                -55.27037515282334,
                47.361395642913116
              ],
              [
                -55.26768960299754,
                47.372381962839725
              ],
              [
                -55.264556469355334,
                47.396185686208185
              ],
              [
                -55.25527912290766,
                47.41144446537002
              ],
              [
                -55.18399001159039,
                47.46035383283455
              ],
              [
                -55.1636857026693,
                47.468329244913555
              ],
              [
                -55.128407373779446,
                47.473700312632616
              ],
              [
                -55.10879472335289,
                47.483465879461505
              ],
              [
                -55.09577391104944,
                47.48574458726019
              ],
              [
                -55.059559676178864,
                47.48456445210147
              ],
              [
                -55.04796303903291,
                47.48574458726019
              ],
              [
                -55.0321345683522,
                47.4900576821532
              ],
              [
                -55.002105284806866,
                47.50189853867033
              ],
              [
                -54.985829216709874,
                47.506170925242216
              ],
              [
                -54.95518956771787,
                47.506170925242216
              ],
              [
                -54.94786534454984,
                47.51044337149412
              ],
              [
                -54.950998503680175,
                47.5292422597918
              ],
              [
                -54.94180253972624,
                47.5335147209234
              ],
              [
                -54.90709388072516,
                47.5335147209234
              ],
              [
                -54.892323389116704,
                47.53628169470992
              ],
              [
                -54.853179472385555,
                47.56012599087338
              ],
              [
                -54.84316969985515,
                47.57103091739414
              ],
              [
                -54.84190835532069,
                47.588080211511695
              ],
              [
                -54.86143958916708,
                47.57343172844352
              ],
              [
                -54.86929275100285,
                47.57184473126148
              ],
              [
                -54.876617026256895,
                47.58124430851324
              ],
              [
                -54.86705482172986,
                47.58787670848381
              ],
              [
                -54.85191812760111,
                47.60667560735673
              ],
              [
                -54.84190838194709,
                47.61603438932023
              ],
              [
                -54.83116610338766,
                47.62213764343009
              ],
              [
                -54.780669729762664,
                47.64057039072496
              ],
              [
                -54.75275634899896,
                47.645941572790434
              ],
              [
                -54.73949133316387,
                47.65013253450684
              ],
              [
                -54.72252359347405,
                47.66229897048464
              ],
              [
                -54.71182207825628,
                47.66819898639227
              ],
              [
                -54.69855712359457,
                47.670640448543864
              ],
              [
                -54.718983566273124,
                47.675035007087786
              ],
              [
                -54.7536514448634,
                47.67055884031942
              ],
              [
                -54.77358967663377,
                47.670640448543864
              ],
              [
                -54.766753753823565,
                47.683742704762686
              ],
              [
                -54.82616128942223,
                47.64451739808647
              ],
              [
                -54.89329988327831,
                47.61920793062357
              ],
              [
                -54.963937979293576,
                47.60565833909266
              ],
              [
                -55.07217361713315,
                47.59735744678959
              ],
              [
                -55.08849032621388,
                47.60171122276321
              ],
              [
                -55.078724721092385,
                47.619126644198516
              ],
              [
                -55.04792236734466,
                47.64276775091873
              ],
              [
                -55.033558691226894,
                47.65761944290478
              ],
              [
                -55.02745525364197,
                47.67405846719997
              ],
              [
                -55.02139240480595,
                47.685451629622946
              ],
              [
                -54.95254472572309,
                47.75136953221644
              ],
              [
                -54.94225011439603,
                47.76805243467369
              ],
              [
                -54.93809970747715,
                47.78733949584792
              ],
              [
                -54.983387859534226,
                47.7507999697094
              ],
              [
                -55.058949348182416,
                47.658433335517245
              ],
              [
                -55.10260984735052,
                47.622259882195024
              ],
              [
                -55.09487869006386,
                47.60065333042609
              ],
              [
                -55.10855058835616,
                47.58543529852673
              ],
              [
                -55.13117425394761,
                47.58356346156419
              ],
              [
                -55.150380065450406,
                47.601752171522165
              ],
              [
                -55.150013769820674,
                47.61359275264658
              ],
              [
                -55.14464274253243,
                47.63178141763869
              ],
              [
                -55.12987223481757,
                47.66380452753579
              ],
              [
                -55.14631098995512,
                47.65102770190826
              ],
              [
                -55.16974855293334,
                47.639878792154434
              ],
              [
                -55.1948135742896,
                47.63641989928234
              ],
              [
                -55.23273676855397,
                47.65517808618162
              ],
              [
                -55.25877841404038,
                47.66034566845846
              ],
              [
                -55.30866455193051,
                47.66380452753579
              ],
              [
                -55.31289623897991,
                47.66526913473662
              ],
              [
                -55.317290828358715,
                47.66819898639227
              ],
              [
                -55.32241781605856,
                47.670599798406656
              ],
              [
                -55.32909097892416,
                47.670640448543864
              ],
              [
                -55.330555773500656,
                47.66828028602449
              ],
              [
                -55.332427565376975,
                47.66351967519556
              ],
              [
                -55.33592690775298,
                47.658677534523505
              ],
              [
                -55.342152448911676,
                47.65639876207382
              ],
              [
                -55.36237550138902,
                47.654120314774275
              ],
              [
                -55.36359616487999,
                47.65721265139297
              ],
              [
                -55.36335204207632,
                47.66722246866012
              ],
              [
                -55.36538648361728,
                47.67304097205329
              ],
              [
                -55.37010655325974,
                47.67584863876575
              ],
              [
                -55.37482663588495,
                47.67767978002227
              ],
              [
                -55.37694251285768,
                47.68060944441542
              ],
              [
                -55.375884583826476,
                47.68646885874204
              ],
              [
                -55.37352451356108,
                47.689601872124456
              ],
              [
                -55.37116449529453,
                47.69159570889687
              ],
              [
                -55.3701065621078,
                47.69428128070992
              ],
              [
                -55.364125077056634,
                47.70026261579762
              ],
              [
                -55.353627136205745,
                47.70555262857259
              ],
              [
                -55.349680128243726,
                47.71116767128506
              ],
              [
                -55.36335202986441,
                47.71845127518748
              ],
              [
                -55.360666443583,
                47.7223574146958
              ],
              [
                -55.355824302512644,
                47.73212298608651
              ],
              [
                -55.36558996116895,
                47.732001010736184
              ],
              [
                -55.374826637336696,
                47.72955966606025
              ],
              [
                -55.383127378697125,
                47.72504295361946
              ],
              [
                -55.39061439987069,
                47.71845127518748
              ],
              [
                -55.385894285201495,
                47.71531796096036
              ],
              [
                -55.381825294296135,
                47.709051738632596
              ],
              [
                -55.37694255558564,
                47.704169134634455
              ],
              [
                -55.381703295433105,
                47.70136151157878
              ],
              [
                -55.391021285504785,
                47.69733306797987
              ],
              [
                -55.40021727822529,
                47.6958683047781
              ],
              [
                -55.404204895463714,
                47.700751081867885
              ],
              [
                -55.408517996403646,
                47.71051656611198
              ],
              [
                -55.41787672755669,
                47.71747459425554
              ],
              [
                -55.427316881477424,
                47.71954992953421
              ],
              [
                -55.43154864160179,
                47.71474846698003
              ],
              [
                -55.42894441210375,
                47.68305069920424
              ],
              [
                -55.43138584901675,
                47.67267481014321
              ],
              [
                -55.44147706889081,
                47.66010177604646
              ],
              [
                -55.464100703697675,
                47.64004137618183
              ],
              [
                -55.470204238358356,
                47.62689852572242
              ],
              [
                -55.45946209350949,
                47.61603438932023
              ],
              [
                -55.44644115876722,
                47.61920793062357
              ],
              [
                -55.433501799940565,
                47.62982831299484
              ],
              [
                -55.41787672843375,
                47.633612291495886
              ],
              [
                -55.396799333452435,
                47.61603438932023
              ],
              [
                -55.426991350175115,
                47.59479404070745
              ],
              [
                -55.43154865557141,
                47.588080211511695
              ],
              [
                -55.426014782213166,
                47.584947018890986
              ],
              [
                -55.390614404788046,
                47.59552648421768
              ],
              [
                -55.39061441055399,
                47.588080211511695
              ],
              [
                -55.40172279600286,
                47.5827497702454
              ],
              [
                -55.40168213622004,
                47.57811118641157
              ],
              [
                -55.397572402237124,
                47.57343172844352
              ],
              [
                -55.396799269375364,
                47.5676129845056
              ],
              [
                -55.41852780074123,
                47.5335147209234
              ],
              [
                -55.40233312642427,
                47.52073799307723
              ],
              [
                -55.4070531721972,
                47.50145086643253
              ],
              [
                -55.42235268999469,
                47.482652147286494
              ],
              [
                -55.437814904451216,
                47.47138091694965
              ],
              [
                -55.46076412359049,
                47.46539947134627
              ],
              [
                -55.52090408481479,
                47.46458563322047
              ],
              [
                -55.52424071571845,
                47.46173744757561
              ],
              [
                -55.55508381382753,
                47.44476967105483
              ],
              [
                -55.56216384582445,
                47.43475977592154
              ],
              [
                -55.57510330512047,
                47.40965399971132
              ],
              [
                -55.58238686456391,
                47.40253331689244
              ],
              [
                -55.59850014395177,
                47.399318794320486
              ],
              [
                -55.6014705200199,
                47.40643955684219
              ],
              [
                -55.59605870596893,
                47.423651385829885
              ],
              [
                -55.60049396887377,
                47.43891029331278
              ],
              [
                -55.59874426497617,
                47.44562407680164
              ],
              [
                -55.58922278940724,
                47.450913813629946
              ],
              [
                -55.5892227797385,
                47.45774972430749
              ],
              [
                -55.610951287214085,
                47.455023466057966
              ],
              [
                -55.64370684687052,
                47.43866611652976
              ],
              [
                -55.664296048403344,
                47.43724198661294
              ],
              [
                -55.6575821814143,
                47.445135866636235
              ],
              [
                -55.644357853050685,
                47.45132063738112
              ],
              [
                -55.63703365173314,
                47.45774972430749
              ],
              [
                -55.61180577520622,
                47.499457047809415
              ],
              [
                -55.60342363499247,
                47.50775788844009
              ],
              [
                -55.5892227600787,
                47.51239647888507
              ],
              [
                -55.599761530628044,
                47.5270043205021
              ],
              [
                -55.618763776247306,
                47.541693357284856
              ],
              [
                -55.63841709806997,
                47.54531478144886
              ],
              [
                -55.6512752060095,
                47.52667881182155
              ],
              [
                -55.64273029912527,
                47.528876117580495
              ],
              [
                -55.63703364596876,
                47.528631869111265
              ],
              [
                -55.631499820086106,
                47.5274112453171
              ],
              [
                -55.62336179500351,
                47.52667881182155
              ],
              [
                -55.62962806037237,
                47.518011789867735
              ],
              [
                -55.64110266288089,
                47.50665923257178
              ],
              [
                -55.65392003830659,
                47.49656806521968
              ],
              [
                -55.664296042803315,
                47.49188878072677
              ],
              [
                -55.67577066050165,
                47.49433021122612
              ],
              [
                -55.685414203305214,
                47.50079990384526
              ],
              [
                -55.69664463526204,
                47.5062929635279
              ],
              [
                -55.712717237521005,
                47.506170925242216
              ],
              [
                -55.706776494599985,
                47.493882550057265
              ],
              [
                -55.703968864791065,
                47.48969143297486
              ],
              [
                -55.6984757342578,
                47.48574458726019
              ],
              [
                -55.715687643144214,
                47.47597894785254
              ],
              [
                -55.73460850593997,
                47.46775944484921
              ],
              [
                -55.75430252776119,
                47.461615273158294
              ],
              [
                -55.77415930271765,
                47.45774972430749
              ],
              [
                -55.76414951841998,
                47.47728092280743
              ],
              [
                -55.761301254161296,
                47.487005978110886
              ],
              [
                -55.767323385830736,
                47.49188878072677
              ],
              [
                -55.77147376790736,
                47.50421785761293
              ],
              [
                -55.76707921284945,
                47.51577377897264
              ],
              [
                -55.75942949885796,
                47.52753329208638
              ],
              [
                -55.753732854593174,
                47.54026921004175
              ],
              [
                -55.77074136277979,
                47.53143958400553
              ],
              [
                -55.786529080213604,
                47.51361719657862
              ],
              [
                -55.79450435391898,
                47.49359770308842
              ],
              [
                -55.78783116896803,
                47.478216821704464
              ],
              [
                -55.80524656005559,
                47.46222568411394
              ],
              [
                -55.82160397768279,
                47.46454501061389
              ],
              [
                -55.83828693100841,
                47.473700312632616
              ],
              [
                -55.856760204949495,
                47.478216821704464
              ],
              [
                -55.87169346363004,
                47.47264224871041
              ],
              [
                -55.890614404492226,
                47.46092361915548
              ],
              [
                -55.90782630702857,
                47.44757723294324
              ],
              [
                -55.917591946496216,
                47.43724198661294
              ],
              [
                -55.916656072171165,
                47.457342892045396
              ],
              [
                -55.890858536875285,
                47.47846102992667
              ],
              [
                -55.83560133996381,
                47.51239647888507
              ],
              [
                -55.77163654161058,
                47.5726993382199
              ],
              [
                -55.74689696270551,
                47.588080211511695
              ],
              [
                -55.759877048765595,
                47.58673727877074
              ],
              [
                -55.78058830786032,
                47.576849572820464
              ],
              [
                -55.7912491275807,
                47.574448888705156
              ],
              [
                -55.79898030012572,
                47.5691593230841
              ],
              [
                -55.809885208692855,
                47.5598818712818
              ],
              [
                -55.81753494416506,
                47.55613836958132
              ],
              [
                -55.815785272272315,
                47.5676129845056
              ],
              [
                -55.833851705722935,
                47.566392358470544
              ],
              [
                -55.85041256426321,
                47.55780670873808
              ],
              [
                -55.87718665475561,
                47.5335147209234
              ],
              [
                -55.89391029443887,
                47.54140861965134
              ],
              [
                -55.91478431471709,
                47.532863690021735
              ],
              [
                -55.934885236825295,
                47.51943598715455
              ],
              [
                -55.94888258991099,
                47.51239647888507
              ],
              [
                -55.97256427071439,
                47.51068760542103
              ],
              [
                -56.02013100326134,
                47.49949782893394
              ],
              [
                -56.10578365452888,
                47.466701555285155
              ],
              [
                -56.120513474837374,
                47.46800364474725
              ],
              [
                -56.161935994109406,
                47.4919294069559
              ],
              [
                -56.16942297927396,
                47.503729554180715
              ],
              [
                -56.15094969580854,
                47.51984290188457
              ],
              [
                -56.13341222715678,
                47.525458041932474
              ],
              [
                -56.04552160649517,
                47.535793340020014
              ],
              [
                -55.938628696242105,
                47.5676129845056
              ],
              [
                -55.92959548280445,
                47.568101236291234
              ],
              [
                -55.91808019305366,
                47.56679918196296
              ],
              [
                -55.91136632624878,
                47.5676129845056
              ],
              [
                -55.906564923931874,
                47.570705515598675
              ],
              [
                -55.90347249703095,
                47.575262865652064
              ],
              [
                -55.900013757425434,
                47.579494411041864
              ],
              [
                -55.882394991015644,
                47.58445874004033
              ],
              [
                -55.863148568883396,
                47.598578197271706
              ],
              [
                -55.85301678513137,
                47.601752171522165
              ],
              [
                -55.82949781572067,
                47.603745736213
              ],
              [
                -55.80825756427199,
                47.60919816412519
              ],
              [
                -55.78673260006078,
                47.61896407141394
              ],
              [
                -55.74254308067916,
                47.644924172489745
              ],
              [
                -55.722645630041086,
                47.65013253450684
              ],
              [
                -55.6989639949782,
                47.65306223913703
              ],
              [
                -55.62954664785105,
                47.67747621667863
              ],
              [
                -55.650380039951806,
                47.681830223318464
              ],
              [
                -55.68004307638312,
                47.678412116457245
              ],
              [
                -55.73322509919864,
                47.66380452753579
              ],
              [
                -55.81314046635142,
                47.6251896245463
              ],
              [
                -55.84308836258368,
                47.622259882195024
              ],
              [
                -55.867298995751064,
                47.62791586534894
              ],
              [
                -55.894398618362864,
                47.640448452482694
              ],
              [
                -55.91441813144081,
                47.65924723032567
              ],
              [
                -55.917591970744475,
                47.683742704762686
              ],
              [
                -55.90355387060176,
                47.69965249630426
              ],
              [
                -55.82876538214936,
                47.738958921398975
              ],
              [
                -55.833363385848536,
                47.74258040090211
              ],
              [
                -55.83824625661522,
                47.74909098065848
              ],
              [
                -55.84308836474021,
                47.75259029098881
              ],
              [
                -55.83698487579653,
                47.75910078055766
              ],
              [
                -55.81940667826169,
                47.77236555253572
              ],
              [
                -55.8157853063551,
                47.776516074683634
              ],
              [
                -55.81578530270553,
                47.79507075149136
              ],
              [
                -55.8118790844544,
                47.79987227183516
              ],
              [
                -55.802113455997485,
                47.80101158523261
              ],
              [
                -55.802113369805,
                47.80719624137466
              ],
              [
                -55.82481849404886,
                47.82037996403678
              ],
              [
                -55.81655838611861,
                47.839667025985285
              ],
              [
                -55.79417880067173,
                47.85822163774377
              ],
              [
                -55.77415926192938,
                47.86928932423767
              ],
              [
                -55.79564369498369,
                47.8779157874923
              ],
              [
                -55.78477939440537,
                47.895005513324314
              ],
              [
                -55.75999916292472,
                47.91290927453693
              ],
              [
                -55.73940992687419,
                47.92389548309219
              ],
              [
                -55.755279084099634,
                47.94623439515953
              ],
              [
                -55.76618400995339,
                47.95514546683408
              ],
              [
                -55.78038494489861,
                47.958075400179126
              ],
              [
                -55.77403727318029,
                47.93280680274589
              ],
              [
                -55.78404696779236,
                47.92169820861432
              ],
              [
                -55.80431066112882,
                47.913316106772776
              ],
              [
                -55.82876537493183,
                47.896633055086305
              ],
              [
                -55.81704664372403,
                47.888657847143705
              ],
              [
                -55.81973224182119,
                47.88003168689959
              ],
              [
                -55.835601351687494,
                47.86245347827441
              ],
              [
                -55.844105637749784,
                47.83641196141136
              ],
              [
                -55.84927322435683,
                47.81061427873486
              ],
              [
                -55.860015467704514,
                47.791205252642804
              ],
              [
                -55.88536540495154,
                47.77789959489181
              ],
              [
                -55.96849522178838,
                47.75983300772361
              ],
              [
                -55.990223719727055,
                47.75153217654946
              ],
              [
                -56.00934809777874,
                47.73924384526367
              ],
              [
                -56.04938715950093,
                47.70506415469575
              ],
              [
                -56.05931551769002,
                47.699530226166104
              ],
              [
                -56.07241777047409,
                47.69733306797987
              ],
              [
                -56.10289461375046,
                47.69989642075873
              ],
              [
                -56.110829202427304,
                47.70404686265831
              ],
              [
                -56.096302899599735,
                47.71100504885786
              ],
              [
                -56.09630287703468,
                47.71845127518748
              ],
              [
                -56.105783656442846,
                47.72687408667912
              ],
              [
                -56.09264075260579,
                47.74290598813248
              ],
              [
                -56.07111568001574,
                47.762030316083184
              ],
              [
                -56.05532795866044,
                47.779934068234006
              ],
              [
                -56.08950762280288,
                47.75747306786409
              ],
              [
                -56.10106361180019,
                47.75971102107921
              ],
              [
                -56.116810705693,
                47.779934068234006
              ],
              [
                -56.13780678844189,
                47.825506953976394
              ],
              [
                -56.15094964955856,
                47.84198632749419
              ],
              [
                -56.15501870453954,
                47.82615800175604
              ],
              [
                -56.147124853119806,
                47.81085860181998
              ],
              [
                -56.136097774956,
                47.79466377344002
              ],
              [
                -56.13044188146987,
                47.776516074683634
              ],
              [
                -56.132435679609316,
                47.755275793001665
              ],
              [
                -56.13927159760299,
                47.742132834549444
              ],
              [
                -56.17202716105227,
                47.71845127518748
              ],
              [
                -56.1603897504972,
                47.71784081073195
              ],
              [
                -56.15070550455679,
                47.71377179809954
              ],
              [
                -56.14297444605217,
                47.70669189072034
              ],
              [
                -56.13727779647119,
                47.69733306797987
              ],
              [
                -56.14964756836831,
                47.68724186894022
              ],
              [
                -56.16344155440461,
                47.68414953209312
              ],
              [
                -56.17780510169103,
                47.68268452512211
              ],
              [
                -56.19188388653617,
                47.67747621667863
              ],
              [
                -56.17804926798107,
                47.67202378830031
              ],
              [
                -56.172027177364825,
                47.670640448543864
              ],
              [
                -56.17536375542836,
                47.66600174895617
              ],
              [
                -56.176991389189816,
                47.66254317262095
              ],
              [
                -56.17955487172068,
                47.65949142999087
              ],
              [
                -56.18565830754455,
                47.65639876207382
              ],
              [
                -56.15835532678693,
                47.642727104536895
              ],
              [
                -56.1671443331746,
                47.636623434925056
              ],
              [
                -56.180775552904336,
                47.63068277547969
              ],
              [
                -56.193226637301706,
                47.63007218096054
              ],
              [
                -56.198719908328584,
                47.63959396239305
              ],
              [
                -56.20299227290044,
                47.64964415052158
              ],
              [
                -56.212391726092434,
                47.65574777537545
              ],
              [
                -56.22175044514499,
                47.6554629306441
              ],
              [
                -56.22598218560917,
                47.64642964285581
              ],
              [
                -56.234974693720446,
                47.63198464224232
              ],
              [
                -56.256092872789395,
                47.627264632112805
              ],
              [
                -56.30174720596091,
                47.62909578653788
              ],
              [
                -56.29808505688387,
                47.64496481916725
              ],
              [
                -56.300119606020985,
                47.66571689453986
              ],
              [
                -56.29954990118922,
                47.68528871313829
              ],
              [
                -56.28807532246437,
                47.69733306797987
              ],
              [
                -56.302235494823144,
                47.70604079525198
              ],
              [
                -56.30809487406812,
                47.71918371097159
              ],
              [
                -56.30858315690472,
                47.75259029098881
              ],
              [
                -56.314076353998274,
                47.73777918547132
              ],
              [
                -56.31578533520357,
                47.72134037205491
              ],
              [
                -56.32070883437876,
                47.708441601288136
              ],
              [
                -56.3358455513404,
                47.704169134634455
              ],
              [
                -56.335845504462235,
                47.69733306797987
              ],
              [
                -56.315337691566654,
                47.68585845926368
              ],
              [
                -56.31102452686505,
                47.66120021729152
              ],
              [
                -56.31916254431313,
                47.63442611940869
              ],
              [
                -56.33584555830766,
                47.61603438932023
              ],
              [
                -56.36123612341931,
                47.608058962203145
              ],
              [
                -56.3898006096552,
                47.60643145034633
              ],
              [
                -56.46458896450942,
                47.611232727835336
              ],
              [
                -56.497181722903306,
                47.62026588775214
              ],
              [
                -56.51402749079492,
                47.622259882195024
              ],
              [
                -56.56582602751714,
                47.61603438932023
              ],
              [
                -56.672027127185125,
                47.626694996625524
              ],
              [
                -56.699574365853366,
                47.622259882195024
              ],
              [
                -56.68529208938632,
                47.611232727835336
              ],
              [
                -56.65025795721042,
                47.60057204897894
              ],
              [
                -56.63756265308425,
                47.588080211511695
              ],
              [
                -56.66234295700059,
                47.581447807096524
              ],
              [
                -56.668568533686894,
                47.577867052382146
              ],
              [
                -56.67613680505468,
                47.57733783944061
              ],
              [
                -56.70958413811488,
                47.588080211511695
              ],
              [
                -56.720814535217315,
                47.59467181302187
              ],
              [
                -56.74421136930361,
                47.625881189517145
              ],
              [
                -56.75426187882626,
                47.636542143819874
              ],
              [
                -56.76154540448823,
                47.62986895764213
              ],
              [
                -56.76789305087489,
                47.622259882195024
              ],
              [
                -56.75352942198164,
                47.610907282934065
              ],
              [
                -56.74396721850469,
                47.595892552696164
              ],
              [
                -56.73078367162132,
                47.58201735756271
              ],
              [
                -56.70588128816402,
                47.574448888705156
              ],
              [
                -56.7058813000534,
                47.5676129845056
              ],
              [
                -56.72569738373569,
                47.56171292691402
              ],
              [
                -56.77745521669723,
                47.53339267176205
              ],
              [
                -56.791493293084265,
                47.53009674723281
              ],
              [
                -56.80382239139513,
                47.53925201005823
              ],
              [
                -56.810414174636605,
                47.539496113119
              ],
              [
                -56.81623290383256,
                47.535834125994754
              ],
              [
                -56.825917122785434,
                47.5335147209234
              ],
              [
                -56.85122635197128,
                47.53172431233269
              ],
              [
                -56.85708573729319,
                47.53729888478598
              ],
              [
                -56.850453263862384,
                47.55394117516467
              ],
              [
                -56.869984527943195,
                47.545111460944604
              ],
              [
                -56.893910270219365,
                47.54751206755887
              ],
              [
                -56.917469868801355,
                47.55744053221421
              ],
              [
                -56.93586175585756,
                47.57103091739414
              ],
              [
                -56.95742758345585,
                47.58340090784613
              ],
              [
                -56.98387607245808,
                47.58698141992996
              ],
              [
                -57.12071691195138,
                47.5676129845056
              ],
              [
                -57.132883243753156,
                47.56891504231789
              ],
              [
                -57.14659585711273,
                47.57233314376974
              ],
              [
                -57.15941318583832,
                47.57778546917516
              ],
              [
                -57.168853342308154,
                47.58466224077735
              ],
              [
                -57.167307140495566,
                47.589016142473476
              ],
              [
                -57.14956618932036,
                47.60065333042609
              ],
              [
                -57.144642654033326,
                47.60919816412519
              ],
              [
                -57.16466220374725,
                47.63251364268447
              ],
              [
                -57.17198648805316,
                47.636542143819874
              ],
              [
                -57.196156326561294,
                47.59870011864897
              ],
              [
                -57.20689853322309,
                47.59414287866801
              ],
              [
                -57.219838041021156,
                47.595770632447376
              ],
              [
                -57.24396730747949,
                47.601752171522165
              ],
              [
                -57.256825350025274,
                47.60004310433619
              ],
              [
                -57.288645010361115,
                47.588080211511695
              ],
              [
                -57.314564607931324,
                47.58368568477692
              ],
              [
                -57.325917124464134,
                47.58616771945258
              ],
              [
                -57.336415186412914,
                47.59552648421768
              ],
              [
                -57.341949009364996,
                47.608587920833244
              ],
              [
                -57.33893795786363,
                47.617743238804046
              ],
              [
                -57.332875138761736,
                47.62498609659905
              ],
              [
                -57.32966057274141,
                47.63279846577384
              ],
              [
                -57.332915873911894,
                47.642727104536895
              ],
              [
                -57.341053895550154,
                47.64301193725214
              ],
              [
                -57.35118571403587,
                47.63906494955943
              ],
              [
                -57.36685140382285,
                47.63540283896385
              ],
              [
                -57.3760473373215,
                47.630194422931496
              ],
              [
                -57.38117428907524,
                47.62909578653788
              ],
              [
                -57.39024821662083,
                47.63011313355488
              ],
              [
                -57.40859946890088,
                47.63507736806791
              ],
              [
                -57.419016111187325,
                47.636542143819874
              ],
              [
                -57.50527907917796,
                47.63275782073279
              ],
              [
                -57.53571533025072,
                47.636542143819874
              ],
              [
                -57.53319253637958,
                47.643378063158494
              ],
              [
                -57.531646246671215,
                47.64642964285581
              ],
              [
                -57.528879353815555,
                47.65013253450684
              ],
              [
                -57.54352779579636,
                47.64720285830918
              ],
              [
                -57.556141770046196,
                47.64276775091873
              ],
              [
                -57.567738397764714,
                47.63580960109657
              ],
              [
                -57.57945710906806,
                47.62567766110466
              ],
              [
                -57.6278377498515,
                47.601752171522165
              ],
              [
                -57.646107597208236,
                47.60407148131124
              ],
              [
                -57.65465245466308,
                47.61041896229057
              ],
              [
                -57.6688125905151,
                47.63279846577384
              ],
              [
                -57.68081623074484,
                47.639960084157195
              ],
              [
                -57.7209366809064,
                47.653876119456534
              ],
              [
                -57.7339981508706,
                47.65639876207382
              ],
              [
                -57.75072178029129,
                47.651068349407446
              ],
              [
                -57.75601157837747,
                47.638739474719785
              ],
              [
                -57.75890054165501,
                47.62523026857031
              ],
              [
                -57.76781170561181,
                47.61603438932023
              ],
              [
                -57.78425040271909,
                47.63255428769273
              ],
              [
                -57.78954019938856,
                47.636542143819874
              ],
              [
                -57.79600994584648,
                47.63593184538728
              ],
              [
                -57.808216919133486,
                47.62885161144649
              ],
              [
                -57.81623288312129,
                47.62909578653788
              ],
              [
                -57.82970133241037,
                47.636542143819874
              ],
              [
                -57.83800211392107,
                47.645087067162144
              ],
              [
                -57.84732013810285,
                47.65241125963656
              ],
              [
                -57.864003033813994,
                47.65639876207382
              ],
              [
                -57.87852941099778,
                47.65607326854908
              ],
              [
                -57.91860917176685,
                47.65013253450684
              ],
              [
                -57.904449056064536,
                47.6789005470461
              ],
              [
                -57.89541580615443,
                47.69122952441477
              ],
              [
                -57.88451086839246,
                47.69733306797987
              ],
              [
                -57.91559810839111,
                47.69733306797987
              ],
              [
                -57.92593341389263,
                47.69521723276136
              ],
              [
                -57.93008377430063,
                47.68988674913636
              ],
              [
                -57.93309490159051,
                47.68341718170054
              ],
              [
                -57.93976800055749,
                47.67747621667863
              ],
              [
                -57.954823348015985,
                47.67267481014321
              ],
              [
                -58.004953547520984,
                47.67747621667863
              ],
              [
                -58.01012119664474,
                47.68329491816269
              ],
              [
                -58.02562420283658,
                47.69375247986824
              ],
              [
                -58.04198162593437,
                47.698553914756516
              ],
              [
                -58.05850176336245,
                47.67576733709122
              ],
              [
                -58.075103276965244,
                47.67462788411334
              ],
              [
                -58.08385173553613,
                47.680813009877454
              ],
              [
                -58.06944740974662,
                47.691148218585205
              ],
              [
                -58.06944739238417,
                47.69733306797987
              ],
              [
                -58.097767722939786,
                47.69521723276136
              ],
              [
                -58.187896246609554,
                47.67304097205329
              ],
              [
                -58.21422281647427,
                47.66046792268362
              ],
              [
                -58.22716221365594,
                47.65639876207382
              ],
              [
                -58.24152590172906,
                47.65949142999087
              ],
              [
                -58.28014079476401,
                47.675035007087786
              ],
              [
                -58.29259197540955,
                47.67405846719997
              ],
              [
                -58.30186925990816,
                47.666083047995706
              ],
              [
                -58.33031164561743,
                47.64663318524235
              ],
              [
                -58.34072837487716,
                47.642727104536895
              ],
              [
                -58.35472576211029,
                47.64911542801835
              ],
              [
                -58.35496987661722,
                47.66323482312444
              ],
              [
                -58.34805256361863,
                47.677313612472716
              ],
              [
                -58.340728365683425,
                47.683742704762686
              ],
              [
                -58.33800211004695,
                47.68976479094473
              ],
              [
                -58.313384569779295,
                47.728420317080754
              ],
              [
                -58.303212087250365,
                47.73700604512555
              ],
              [
                -58.28945879450942,
                47.7441267123769
              ],
              [
                -58.27464763030327,
                47.749497896596374
              ],
              [
                -58.26130125659503,
                47.75259029098881
              ],
              [
                -58.324045395461035,
                47.74957921824306
              ],
              [
                -58.34972081880775,
                47.739650747814984
              ],
              [
                -58.371164530563306,
                47.71845127518748
              ],
              [
                -58.38780675725102,
                47.67645901794746
              ],
              [
                -58.40094968040509,
                47.654527102116866
              ],
              [
                -58.425770668734124,
                47.636542143819874
              ],
              [
                -58.43321695773819,
                47.636542143819874
              ],
              [
                -58.45238192116109,
                47.646144806917384
              ],
              [
                -58.47069246262897,
                47.65200416720934
              ],
              [
                -58.488921641686126,
                47.651678678424645
              ],
              [
                -58.50837160503774,
                47.642727104536895
              ],
              [
                -58.515370222395326,
                47.653713220041695
              ],
              [
                -58.522938588298445,
                47.661810566805315
              ],
              [
                -58.53189045566264,
                47.66567624506674
              ],
              [
                -58.54308024397323,
                47.66380452753579
              ],
              [
                -58.5272110379053,
                47.651068349407446
              ],
              [
                -58.53595944195087,
                47.645738030870056
              ],
              [
                -58.57042401309716,
                47.642727104536895
              ],
              [
                -58.57970127641538,
                47.634995769459266
              ],
              [
                -58.603342308519174,
                47.62002202769028
              ],
              [
                -58.62755281844699,
                47.61204649556605
              ],
              [
                -58.638661209112705,
                47.62567766110466
              ],
              [
                -58.64793860678888,
                47.62636953510155
              ],
              [
                -58.70323651389377,
                47.601752171522165
              ],
              [
                -58.767160635380705,
                47.59601478087356
              ],
              [
                -58.921742369188756,
                47.60150801847723
              ],
              [
                -58.95083576371273,
                47.59178300525544
              ],
              [
                -58.962757998192984,
                47.581447807096524
              ],
              [
                -58.97085525067323,
                47.58161035976932
              ],
              [
                -58.97826083573518,
                47.58600485647102
              ],
              [
                -58.98810790208378,
                47.588080211511695
              ],
              [
                -58.999419749323785,
                47.58539465983858
              ],
              [
                -59.022124770799955,
                47.57636130698482
              ],
              [
                -59.032785584103856,
                47.574448888705156
              ],
              [
                -59.11164303112063,
                47.56077708002284
              ],
              [
                -59.14635170292165,
                47.56098056490795
              ],
              [
                -59.16340084825829,
                47.56386954162118
              ],
              [
                -59.190988681158004,
                47.57831437503461
              ],
              [
                -59.203968933664534,
                47.577134651470615
              ],
              [
                -59.21613516372518,
                47.5737977702885
              ],
              [
                -59.22765049301506,
                47.574448888705156
              ],
              [
                -59.238840346276604,
                47.58340090784613
              ],
              [
                -59.246245851612485,
                47.594915960563775
              ],
              [
                -59.25560462975988,
                47.60492587111003
              ],
              [
                -59.27236888906116,
                47.60919816412519
              ],
              [
                -59.287180195932265,
                47.61025639418035
              ],
              [
                -59.301136894263394,
                47.614203313918544
              ],
              [
                -59.3084610969766,
                47.62250405196646
              ],
              [
                -59.30337483621081,
                47.636542143819874
              ],
              [
                -59.31261147011572,
                47.662339619502426
              ],
              [
                -59.30772868382219,
                47.69928630200881
              ],
              [
                -59.29556230600161,
                47.73554108825431
              ],
              [
                -59.28286695430014,
                47.75942607772253
              ],
              [
                -59.31065829979488,
                47.76166404555989
              ],
              [
                -59.325062671989926,
                47.77448162464166
              ],
              [
                -59.33055575211067,
                47.794256795944506
              ],
              [
                -59.331369557216064,
                47.81745016315433
              ],
              [
                -59.33657797395465,
                47.82339113557134
              ],
              [
                -59.35960857572517,
                47.832831246728624
              ],
              [
                -59.36485752449195,
                47.83828352674119
              ],
              [
                -59.36668862141745,
                47.8478865002678
              ],
              [
                -59.37165284079346,
                47.85504802812113
              ],
              [
                -59.398833774461615,
                47.880316437698845
              ],
              [
                -59.403920086472716,
                47.88670491246705
              ],
              [
                -59.40583242846758,
                47.896633055086305
              ],
              [
                -59.402658654048444,
                47.90961333770754
              ],
              [
                -59.394927584951496,
                47.91608319728349
              ],
              [
                -59.38508056541032,
                47.92039631041291
              ],
              [
                -59.37539632301117,
                47.92731363517998
              ],
              [
                -59.36754308692302,
                47.93105700415232
              ],
              [
                -59.35627189458407,
                47.93187071930855
              ],
              [
                -59.334462045578604,
                47.93073151871964
              ],
              [
                -59.320383239814916,
                47.93447493115389
              ],
              [
                -59.31371014008656,
                47.943345575504004
              ],
              [
                -59.3096410450447,
                47.95453513195104
              ],
              [
                -59.30337484460337,
                47.96491130573409
              ],
              [
                -59.241688566458734,
                48.01552958710718
              ],
              [
                -59.16832437768398,
                48.058742657221266
              ],
              [
                -59.001779724722546,
                48.12250390199992
              ],
              [
                -58.97012289273744,
                48.14191326162145
              ],
              [
                -58.910389720885235,
                48.19977433251763
              ],
              [
                -58.856800948807305,
                48.21649821231904
              ],
              [
                -58.841053897806425,
                48.227606662307245
              ],
              [
                -58.81615147848312,
                48.252875021475646
              ],
              [
                -58.79865472593123,
                48.26581445226175
              ],
              [
                -58.741078289966666,
                48.29385009545399
              ],
              [
                -58.723459459823424,
                48.3057315660994
              ],
              [
                -58.68301348397142,
                48.345038173694455
              ],
              [
                -58.678293378787,
                48.353460887652055
              ],
              [
                -58.673939530399586,
                48.37343971216245
              ],
              [
                -58.66657469690724,
                48.383205530401526
              ],
              [
                -58.65794841377896,
                48.38703045193217
              ],
              [
                -58.63678949347257,
                48.38983789697454
              ],
              [
                -58.62873283592883,
                48.39374410147026
              ],
              [
                -58.60041261602356,
                48.41990807987276
              ],
              [
                -58.57042395733075,
                48.44033437785748
              ],
              [
                -58.536203603703626,
                48.453558722442985
              ],
              [
                -58.49461825526658,
                48.45831930513834
              ],
              [
                -58.494618261521126,
                48.45148338433876
              ],
              [
                -58.5237931356389,
                48.44057861563283
              ],
              [
                -58.5515030638184,
                48.433417071496336
              ],
              [
                -58.57819571032136,
                48.423407147022594
              ],
              [
                -58.604481522918256,
                48.403713147905215
              ],
              [
                -58.58617100767457,
                48.40497462426404
              ],
              [
                -58.535633956913394,
                48.42413981698012
              ],
              [
                -58.48672436889798,
                48.433905226501814
              ],
              [
                -58.4741919153299,
                48.437811732062166
              ],
              [
                -58.457753097644435,
                48.44940837032151
              ],
              [
                -58.43399007483507,
                48.47943766255602
              ],
              [
                -58.41893470053116,
                48.49241771137792
              ],
              [
                -58.406076640187415,
                48.497259867203866
              ],
              [
                -58.341053893739364,
                48.5095890734728
              ],
              [
                -58.30650794362272,
                48.51097240221402
              ],
              [
                -58.289173979856635,
                48.513576624365065
              ],
              [
                -58.27220619833243,
                48.520900820226075
              ],
              [
                -58.275380010128785,
                48.527492575141615
              ],
              [
                -58.29067946667256,
                48.53229394886139
              ],
              [
                -58.31029210009404,
                48.53400294276317
              ],
              [
                -58.375314957989296,
                48.525051303588405
              ],
              [
                -58.41100015897474,
                48.514227683688446
              ],
              [
                -58.433216886640786,
                48.49933492597112
              ],
              [
                -58.44737710353093,
                48.51341385977083
              ],
              [
                -58.47061116557044,
                48.51455321391805
              ],
              [
                -58.51891027281483,
                48.506740592880455
              ],
              [
                -58.54043530039283,
                48.51203021011626
              ],
              [
                -58.57461499427326,
                48.53782775408656
              ],
              [
                -58.59772704704666,
                48.54706459753073
              ],
              [
                -58.70323643744722,
                48.554510758652285
              ],
              [
                -58.72667395266849,
                48.55198801185004
              ],
              [
                -58.83800205642401,
                48.52558007922172
              ],
              [
                -58.93834391181578,
                48.51679116728271
              ],
              [
                -59.03294841650564,
                48.52094158966935
              ],
              [
                -59.07823643546232,
                48.51495997281104
              ],
              [
                -59.2364802857732,
                48.47284580269507
              ],
              [
                -59.26244052261151,
                48.472601536898814
              ],
              [
                -59.25723226786643,
                48.4801294060965
              ],
              [
                -59.246490084136894,
                48.491644715991065
              ],
              [
                -59.24132235509645,
                48.49933492597112
              ],
              [
                -59.23428302117067,
                48.512600038219354
              ],
              [
                -59.23517813274369,
                48.523179285272654
              ],
              [
                -59.22647049507109,
                48.539862341538104
              ],
              [
                -59.20689860275271,
                48.55532470227667
              ],
              [
                -59.11314856188729,
                48.60895415595335
              ],
              [
                -58.97081460552332,
                48.675034958021314
              ],
              [
                -58.80345622518972,
                48.77142986000605
              ],
              [
                -58.76895101309088,
                48.78046305257908
              ],
              [
                -58.78868570692107,
                48.759426252884474
              ],
              [
                -58.814564527284965,
                48.73704647735448
              ],
              [
                -58.8423965761956,
                48.71942770549445
              ],
              [
                -58.86803139725409,
                48.712144319591374
              ],
              [
                -58.888010209014,
                48.70221585895876
              ],
              [
                -58.91869051423418,
                48.678778272693016
              ],
              [
                -58.947173645150734,
                48.65143467059895
              ],
              [
                -58.960804826638345,
                48.629624766639935
              ],
              [
                -58.95885170329099,
                48.61615634588058
              ],
              [
                -58.95083576823884,
                48.60748939470495
              ],
              [
                -58.926014768985034,
                48.59544503091052
              ],
              [
                -58.89964753670312,
                48.58641171438472
              ],
              [
                -58.898589637224646,
                48.57949450537213
              ],
              [
                -58.89940340411772,
                48.5576031392617
              ],
              [
                -58.892689551500915,
                48.5539003797166
              ],
              [
                -58.87791901669547,
                48.56378800336538
              ],
              [
                -58.85464427564588,
                48.58527237573529
              ],
              [
                -58.84699455238888,
                48.596380817719115
              ],
              [
                -58.84634358119055,
                48.60748939470495
              ],
              [
                -58.850941553892135,
                48.63646072481362
              ],
              [
                -58.844105615890065,
                48.63646072481362
              ],
              [
                -58.841704878836275,
                48.608547259889484
              ],
              [
                -58.84048413973614,
                48.59735738829604
              ],
              [
                -58.838734500710586,
                48.58844634756042
              ],
              [
                -58.82164467132412,
                48.578517997507014
              ],
              [
                -58.81309974784809,
                48.57160067572664
              ],
              [
                -58.794504361449164,
                48.56488678715451
              ],
              [
                -58.763539217323135,
                48.56256751512003
              ],
              [
                -58.73253328664679,
                48.56395079731663
              ],
              [
                -58.71373445063897,
                48.56818254669234
              ],
              [
                -58.685373553663005,
                48.6017521528338
              ],
              [
                -58.67837478862671,
                48.643052436530546
              ],
              [
                -58.67731681995182,
                48.68634664178509
              ],
              [
                -58.666574680567415,
                48.72581616481135
              ],
              [
                -58.62413485459422,
                48.775457971693996
              ],
              [
                -58.61074784186447,
                48.81085844267015
              ],
              [
                -58.593373170644774,
                48.82778553532911
              ],
              [
                -58.55675210287806,
                48.85618729527273
              ],
              [
                -58.549224375118214,
                48.86497620736172
              ],
              [
                -58.54454508687538,
                48.871771643503074
              ],
              [
                -58.53563390611538,
                48.890326208705176
              ],
              [
                -58.528309682773276,
                48.91449611712395
              ],
              [
                -58.52208415584388,
                48.92625570753803
              ],
              [
                -58.51203370767458,
                48.931301300472015
              ],
              [
                -58.502105287613006,
                49.00641514310046
              ],
              [
                -58.45547440009348,
                49.0413271832523
              ],
              [
                -58.44334876802453,
                49.056789470280144
              ],
              [
                -58.418934734248545,
                49.11562743269433
              ],
              [
                -58.39842684005951,
                49.13670470123851
              ],
              [
                -58.36856039524134,
                49.149318863932955
              ],
              [
                -58.36119543168239,
                49.15102770989467
              ],
              [
                -58.3487849550234,
                49.144924208402685
              ],
              [
                -58.34605877695921,
                49.13117110267286
              ],
              [
                -58.35338290413998,
                49.11692933306174
              ],
              [
                -58.371164501023685,
                49.1094424095158
              ],
              [
                -58.34447179303096,
                49.1094424095158
              ],
              [
                -58.34447184856847,
                49.1026066123414
              ],
              [
                -58.35692292422596,
                49.094183517009526
              ],
              [
                -58.36733960590151,
                49.0836855072036
              ],
              [
                -58.3696183148893,
                49.07241451055274
              ],
              [
                -58.35749263700725,
                49.06167225532106
              ],
              [
                -58.3428849424805,
                49.060288924614134
              ],
              [
                -58.30850177747444,
                49.071478635018394
              ],
              [
                -58.29259191887137,
                49.07465239288625
              ],
              [
                -58.2133683153292,
                49.07420487681718
              ],
              [
                -58.17585203161362,
                49.06647373722028
              ],
              [
                -58.145171637701225,
                49.047308555678
              ],
              [
                -58.09772701685561,
                48.99689362163091
              ],
              [
                -58.06859287245262,
                48.979193348781344
              ],
              [
                -57.9207250414546,
                48.96206283508411
              ],
              [
                -57.88451081329072,
                48.972235270720226
              ],
              [
                -57.907948386343215,
                48.98305902539066
              ],
              [
                -58.0093481263701,
                48.98305902539066
              ],
              [
                -58.04621336616118,
                48.996405395168885
              ],
              [
                -58.06078036869128,
                49.00812400323972
              ],
              [
                -58.09414624235836,
                49.026434520402915
              ],
              [
                -58.107411298527644,
                49.037421059252445
              ],
              [
                -58.12474523889185,
                49.07465239288625
              ],
              [
                -58.13255773348602,
                49.08685941013031
              ],
              [
                -58.13621980738575,
                49.09487526923977
              ],
              [
                -58.13776602232772,
                49.10602433425014
              ],
              [
                -58.135406079180555,
                49.12693925902183
              ],
              [
                -58.12706453017809,
                49.13515846426787
              ],
              [
                -58.110463079442674,
                49.1347111561506
              ],
              [
                -58.06102452441554,
                49.12787501969049
              ],
              [
                -58.001210043378805,
                49.13670470123851
              ],
              [
                -57.934315512404446,
                49.1264507951175
              ],
              [
                -57.912464962309,
                49.12995023471705
              ],
              [
                -57.89964764570282,
                49.13882084713297
              ],
              [
                -57.850412517177496,
                49.184515572646994
              ],
              [
                -57.85781812545661,
                49.191961885341435
              ],
              [
                -57.89403239791884,
                49.16453695786015
              ],
              [
                -57.9150283897406,
                49.15468969238072
              ],
              [
                -57.9397680227569,
                49.15102770989467
              ],
              [
                -57.96837319400729,
                49.15574783486206
              ],
              [
                -57.968413894304746,
                49.16596107705814
              ],
              [
                -57.950795077058224,
                49.177069469329126
              ],
              [
                -57.92609611111623,
                49.184515572646994
              ],
              [
                -57.926096120412346,
                49.191961885341435
              ],
              [
                -58.022572418472066,
                49.157049931721076
              ],
              [
                -58.07998609017835,
                49.146795859652855
              ],
              [
                -58.110462972670916,
                49.17084369682874
              ],
              [
                -58.10065674931942,
                49.18280682049405
              ],
              [
                -58.01488201943433,
                49.178290244398184
              ],
              [
                -57.98949136684967,
                49.18793372926786
              ],
              [
                -57.96670483036012,
                49.20441302173809
              ],
              [
                -57.92609619263544,
                49.24656818894882
              ],
              [
                -57.9489639583777,
                49.241034151483134
              ],
              [
                -57.98643959722477,
                49.225246524653535
              ],
              [
                -58.00865638202302,
                49.219305738674116
              ],
              [
                -58.03575601788892,
                49.21767820030508
              ],
              [
                -58.13784751386285,
                49.22785078937905
              ],
              [
                -58.19343014362775,
                49.2430687561151
              ],
              [
                -58.214100693642585,
                49.25340398505151
              ],
              [
                -58.22948153673339,
                49.26845928042427
              ],
              [
                -58.23517822240934,
                49.28461343225321
              ],
              [
                -58.235462960665025,
                49.30328995648295
              ],
              [
                -58.22866774525249,
                49.37099837026768
              ],
              [
                -58.211984873196876,
                49.409410006415946
              ],
              [
                -58.18590246800609,
                49.442694390478344
              ],
              [
                -58.13703366216669,
                49.48419831943843
              ],
              [
                -58.09162350594853,
                49.51471589688694
              ],
              [
                -58.05809486693998,
                49.52692294639454
              ],
              [
                -58.02257240050178,
                49.55438875276931
              ],
              [
                -58.00121005730438,
                49.56191632617012
              ],
              [
                -57.966786291396986,
                49.559556455625696
              ],
              [
                -57.940297051178064,
                49.54901776326572
              ],
              [
                -57.92027753365499,
                49.531927954212364
              ],
              [
                -57.91246501932631,
                49.51007733237813
              ],
              [
                -57.9125870148569,
                49.48468652022539
              ],
              [
                -57.90941325832618,
                49.459133314081186
              ],
              [
                -57.89745035159508,
                49.43919512102776
              ],
              [
                -57.87144931547775,
                49.430894190969155
              ],
              [
                -57.89622968200876,
                49.47345627554246
              ],
              [
                -57.895863413835166,
                49.49249909812983
              ],
              [
                -57.87144936920423,
                49.50665930031356
              ],
              [
                -57.84434971143343,
                49.50625227665654
              ],
              [
                -57.817941820681455,
                49.49453349448241
              ],
              [
                -57.79084227449952,
                49.47866451171606
              ],
              [
                -57.761586010257446,
                49.46572485881548
              ],
              [
                -57.73395751611537,
                49.460150534047806
              ],
              [
                -57.70360267500645,
                49.45888908270331
              ],
              [
                -57.70030671465648,
                49.46283586518045
              ],
              [
                -57.71288003143463,
                49.47174718607079
              ],
              [
                -57.7975968638585,
                49.50975183308802
              ],
              [
                -57.819162523414825,
                49.53058492596881
              ],
              [
                -57.82306878140483,
                49.56191632617012
              ],
              [
                -57.83315991483807,
                49.552394810595274
              ],
              [
                -57.842681403793776,
                49.538519496996564
              ],
              [
                -57.85456296637469,
                49.52773674958214
              ],
              [
                -57.87144929747278,
                49.52716693207093
              ],
              [
                -57.877674967025506,
                49.53229409493669
              ],
              [
                -57.884144649569926,
                49.541489947310446
              ],
              [
                -57.889271625176704,
                49.551459080039635
              ],
              [
                -57.891346847358065,
                49.558498536198506
              ],
              [
                -57.895619274850894,
                49.56732820416033
              ],
              [
                -57.90562899212708,
                49.575995074080296
              ],
              [
                -57.926096208154966,
                49.58926028354399
              ],
              [
                -57.92300375180263,
                49.59320720262509
              ],
              [
                -57.92149820705812,
                49.596625144724115
              ],
              [
                -57.92039958961236,
                49.599839701635304
              ],
              [
                -57.91860911927817,
                49.603460855580614
              ],
              [
                -57.94395908486271,
                49.61416242916606
              ],
              [
                -57.95164959882271,
                49.64427331834146
              ],
              [
                -57.94810947430503,
                49.679510734984994
              ],
              [
                -57.93976805456466,
                49.70526769869861
              ],
              [
                -57.91193597261781,
                49.75234602294888
              ],
              [
                -57.89879307208881,
                49.76731998960581
              ],
              [
                -57.89020752583801,
                49.77366780899278
              ],
              [
                -57.8708389832525,
                49.78290433232642
              ],
              [
                -57.864003024702775,
                49.78782778178966
              ],
              [
                -57.860666468159344,
                49.7955996724285
              ],
              [
                -57.8600968503623,
                49.804388841696635
              ],
              [
                -57.858143625579366,
                49.81362524800401
              ],
              [
                -57.850412502757266,
                49.82257706403871
              ],
              [
                -57.852528402771,
                49.83323790586985
              ],
              [
                -57.82408609083769,
                49.861761845074255
              ],
              [
                -57.809396977160205,
                49.89691813044615
              ],
              [
                -57.775257943213774,
                49.92845287000189
              ],
              [
                -57.761586017886934,
                49.94489154760233
              ],
              [
                -57.73281816309495,
                50.0060082052344
              ],
              [
                -57.69847571418526,
                50.043524478993014
              ],
              [
                -57.6585994132313,
                50.10993073156879
              ],
              [
                -57.610178188921445,
                50.16567617380736
              ],
              [
                -57.60338293866544,
                50.181952207821084
              ],
              [
                -57.60098222344883,
                50.20376210474831
              ],
              [
                -57.594349739602535,
                50.22467682647568
              ],
              [
                -57.56981360528807,
                50.26764557325951
              ],
              [
                -57.53929602710735,
                50.3082949868203
              ],
              [
                -57.52660071038941,
                50.33051177474874
              ],
              [
                -57.521392380566525,
                50.353257550505134
              ],
              [
                -57.5226130857223,
                50.355902412761104
              ],
              [
                -57.5251358712262,
                50.35789622655158
              ],
              [
                -57.527699340472836,
                50.361029345655595
              ],
              [
                -57.528879363321785,
                50.36725495565702
              ],
              [
                -57.52672278954744,
                50.3703474066424
              ],
              [
                -57.52204342806905,
                50.37197501191326
              ],
              [
                -57.51732337736954,
                50.374457113517416
              ],
              [
                -57.51268469208982,
                50.38983793874097
              ],
              [
                -57.49474036936195,
                50.42527905203957
              ],
              [
                -57.46987870257098,
                50.44916411194466
              ],
              [
                -57.46377519125269,
                50.45783111532493
              ],
              [
                -57.46092689464273,
                50.474798913557876
              ],
              [
                -57.45685787922307,
                50.48305899139662
              ],
              [
                -57.44546464010271,
                50.493150112834165
              ],
              [
                -57.405344205699656,
                50.52024974369742
              ],
              [
                -57.38695228448767,
                50.54926180172406
              ],
              [
                -57.37413489225609,
                50.581000060357326
              ],
              [
                -57.35529537175773,
                50.606594130318314
              ],
              [
                -57.319081186493875,
                50.617092196034484
              ],
              [
                -57.23863684395595,
                50.60000233619437
              ],
              [
                -57.198394330278354,
                50.596909886541816
              ],
              [
                -57.16201737493464,
                50.61367420385528
              ],
              [
                -57.15477454833643,
                50.62567781494488
              ],
              [
                -57.16510983511647,
                50.62872957140738
              ],
              [
                -57.238392711220754,
                50.61762117122695
              ],
              [
                -57.25739499243823,
                50.618150147594314
              ],
              [
                -57.27562415545218,
                50.6239281329364
              ],
              [
                -57.275624157649524,
                50.630113034252744
              ],
              [
                -57.26577715264876,
                50.630113034252744
              ],
              [
                -57.25674393985479,
                50.63133371596543
              ],
              [
                -57.24836178510846,
                50.633775137104536
              ],
              [
                -57.24022375916448,
                50.63751861513582
              ],
              [
                -57.25462805887055,
                50.6511904966872
              ],
              [
                -57.299631310091705,
                50.649481502553144
              ],
              [
                -57.30915279358674,
                50.66860584792802
              ],
              [
                -57.32188880153884,
                50.68720124030011
              ],
              [
                -57.35073807386024,
                50.690985392143915
              ],
              [
                -57.381092905581305,
                50.691107495220066
              ],
              [
                -57.39850827279279,
                50.698960692949456
              ],
              [
                -57.396962029567675,
                50.70864489166665
              ],
              [
                -57.38695227728568,
                50.71478912828093
              ],
              [
                -57.359364394834,
                50.72174715586006
              ],
              [
                -57.35024980775451,
                50.726060298038796
              ],
              [
                -57.34386146542696,
                50.72695549128859
              ],
              [
                -57.33714760438051,
                50.72467685962944
              ],
              [
                -57.335926883273515,
                50.71539947202306
              ],
              [
                -57.32933509338105,
                50.713324294146965
              ],
              [
                -57.28693599097172,
                50.72011950641512
              ],
              [
                -57.24022377533697,
                50.73379144015878
              ],
              [
                -57.2137345187526,
                50.75071852756375
              ],
              [
                -57.20669511122902,
                50.754217829499275
              ],
              [
                -57.19456946223931,
                50.754950255344085
              ],
              [
                -57.165516741752455,
                50.7531192339401
              ],
              [
                -57.15518144123118,
                50.7577171833206
              ],
              [
                -57.13638262929792,
                50.77106357607353
              ],
              [
                -57.090199345650696,
                50.78823476233328
              ],
              [
                -57.06895912185649,
                50.80206942194755
              ],
              [
                -57.06216387932609,
                50.81012607613167
              ],
              [
                -57.05077064589573,
                50.8277041904382
              ],
              [
                -57.04222570475182,
                50.836167685307885
              ],
              [
                -57.01398677117821,
                50.851792681520344
              ],
              [
                -56.99510659067378,
                50.86725498774855
              ],
              [
                -56.985178185465706,
                50.87343983748895
              ],
              [
                -56.977202913540786,
                50.88149644877866
              ],
              [
                -56.97398840693569,
                50.894517310219044
              ],
              [
                -56.97154699054208,
                50.912543003634816
              ],
              [
                -56.96450763204056,
                50.9138858475793
              ],
              [
                -56.95352128659707,
                50.90997955562483
              ],
              [
                -56.93919837492088,
                50.91193269343528
              ],
              [
                -56.92552648523692,
                50.91815824410074
              ],
              [
                -56.93101966041813,
                50.92731354260072
              ],
              [
                -56.93911700638413,
                50.93235915398925
              ],
              [
                -56.96031654843499,
                50.93919508387905
              ],
              [
                -56.97374428030311,
                50.93162671975828
              ],
              [
                -56.98102780826751,
                50.934963305263935
              ],
              [
                -56.98550372217392,
                50.942084081235414
              ],
              [
                -56.995513483117314,
                50.949164147084325
              ],
              [
                -56.98428299540568,
                50.95612210917213
              ],
              [
                -56.960316526784375,
                50.96653878188128
              ],
              [
                -56.97614499640806,
                50.974107188966485
              ],
              [
                -57.01439369328906,
                50.97207268026925
              ],
              [
                -57.03477941668881,
                50.980169966693374
              ],
              [
                -57.03783118905423,
                50.985296954105486
              ],
              [
                -57.044829885024825,
                51.002630934238965
              ],
              [
                -57.04845128482152,
                51.00812405229436
              ],
              [
                -57.05772865298304,
                51.0143903860911
              ],
              [
                -57.06725013842811,
                51.01870354053924
              ],
              [
                -57.07762609368545,
                51.02094144356882
              ],
              [
                -57.089426224892364,
                51.02114489745894
              ],
              [
                -57.07022051482451,
                51.026922937698586
              ],
              [
                -57.01085363390765,
                51.02114489745894
              ],
              [
                -57.003895627835924,
                51.01300688106302
              ],
              [
                -56.99461830236874,
                50.99738192544518
              ],
              [
                -56.979888480645265,
                50.98777905013625
              ],
              [
                -56.956613732840204,
                50.997544656425234
              ],
              [
                -56.91685949626521,
                51.00885649345304
              ],
              [
                -56.900705528600234,
                51.018215225450966
              ],
              [
                -56.905100076364924,
                51.035386489624386
              ],
              [
                -56.920480934682075,
                51.04319898557769
              ],
              [
                -56.962513804170285,
                51.04657624658459
              ],
              [
                -56.98013263043445,
                51.05532464550955
              ],
              [
                -56.94017492028092,
                51.05548733917842
              ],
              [
                -56.902699347105035,
                51.060695702858105
              ],
              [
                -56.87498939408133,
                51.07778556594614
              ],
              [
                -56.86412512814791,
                51.11359283896364
              ],
              [
                -56.85484779721092,
                51.11957431279311
              ],
              [
                -56.810536255874105,
                51.13080474035511
              ],
              [
                -56.79523678819357,
                51.13784415541627
              ],
              [
                -56.787464974057976,
                51.14996979652862
              ],
              [
                -56.78970292735228,
                51.16107818806432
              ],
              [
                -56.80947832781049,
                51.192450283012406
              ],
              [
                -56.78156491745292,
                51.20673251154286
              ],
              [
                -56.773426902918686,
                51.20184971497477
              ],
              [
                -56.76545162315112,
                51.19969309181643
              ],
              [
                -56.74681555108885,
                51.199286181117245
              ],
              [
                -56.755970827874236,
                51.212469784159175
              ],
              [
                -56.7669164672348,
                51.222560933408325
              ],
              [
                -56.79523676717225,
                51.24087144831497
              ],
              [
                -56.786040826994636,
                51.248928146032135
              ],
              [
                -56.76797442747116,
                51.26137933344415
              ],
              [
                -56.761097787079855,
                51.267564197570145
              ],
              [
                -56.74494381182395,
                51.296087952825715
              ],
              [
                -56.736887171411865,
                51.30573150584728
              ],
              [
                -56.72020425165777,
                51.31932205609945
              ],
              [
                -56.664865658349285,
                51.35008365316603
              ],
              [
                -56.49351964728597,
                51.41217679239187
              ],
              [
                -56.444406726618276,
                51.42145422042908
              ],
              [
                -56.394520613924186,
                51.42523829306343
              ],
              [
                -56.37706458335009,
                51.43085358621467
              ],
              [
                -56.33556066569223,
                51.45795316746564
              ],
              [
                -56.31602945845202,
                51.467434063241065
              ],
              [
                -56.23810789390189,
                51.481105901263916
              ],
              [
                -56.225982230142215,
                51.4907087358663
              ],
              [
                -56.215402797647755,
                51.50177643078015
              ],
              [
                -56.1909073411438,
                51.51121650362098
              ],
              [
                -56.1061905909614,
                51.52899819017786
              ],
              [
                -56.08779862395645,
                51.535345750827375
              ],
              [
                -56.06086177039267,
                51.55341214695527
              ],
              [
                -56.01903234572519,
                51.57273995151378
              ],
              [
                -56.00352940441134,
                51.57664617454446
              ],
              [
                -55.892811624066255,
                51.62775292803508
              ],
              [
                -55.88402259793357,
                51.61701082792103
              ],
              [
                -55.86807209470439,
                51.61261633933037
              ],
              [
                -55.85387123883932,
                51.6160342847972
              ],
              [
                -55.83934484129918,
                51.621527375918205
              ],
              [
                -55.82258053403421,
                51.623846749468775
              ],
              [
                -55.87710525092727,
                51.571234389260844
              ],
              [
                -55.8809301498601,
                51.55280184379256
              ],
              [
                -55.84308832337323,
                51.55556870026402
              ],
              [
                -55.86302648420508,
                51.52741117176391
              ],
              [
                -55.89024819377565,
                51.500921984576536
              ],
              [
                -55.872873475862484,
                51.495550785363044
              ],
              [
                -55.85619058985923,
                51.495795062974096
              ],
              [
                -55.822580550754125,
                51.500921984576536
              ],
              [
                -55.75373289473223,
                51.500921984576536
              ],
              [
                -55.71914631577656,
                51.49339433975438
              ],
              [
                -55.68097899195876,
                51.48065832283462
              ],
              [
                -55.64305581561499,
                51.47296789546691
              ],
              [
                -55.60968987963266,
                51.48041406165798
              ],
              [
                -55.6258031765266,
                51.486802445965466
              ],
              [
                -55.66344151819628,
                51.49176662616784
              ],
              [
                -55.67857827170833,
                51.500921984576536
              ],
              [
                -55.68346106959228,
                51.513373120229346
              ],
              [
                -55.68419346790587,
                51.52704493833912
              ],
              [
                -55.688059026600335,
                51.538031263229925
              ],
              [
                -55.73786371336815,
                51.55499903675624
              ],
              [
                -55.728627055354885,
                51.57697168318013
              ],
              [
                -55.71214756581919,
                51.58494694908306
              ],
              [
                -55.725738063418675,
                51.55556870026402
              ],
              [
                -55.70246334730491,
                51.5657412835258
              ],
              [
                -55.65929117321457,
                51.599798962604964
              ],
              [
                -55.63215085935293,
                51.61005283639455
              ],
              [
                -55.643910277377735,
                51.59902576233415
              ],
              [
                -55.64907789765199,
                51.59308495285456
              ],
              [
                -55.64606687926971,
                51.58844639980542
              ],
              [
                -55.64020746181149,
                51.58559799099105
              ],
              [
                -55.63703364469514,
                51.57977933208345
              ],
              [
                -55.62889565446161,
                51.57160069490774
              ],
              [
                -55.610340953316225,
                51.566636467963285
              ],
              [
                -55.58975174733099,
                51.56561918477323
              ],
              [
                -55.57555089566769,
                51.56924059016446
              ],
              [
                -55.57860267764303,
                51.57330966016274
              ],
              [
                -55.58177648877837,
                51.57489653465596
              ],
              [
                -55.585316567875864,
                51.57542559955025
              ],
              [
                -55.58922276457105,
                51.57664617454446
              ],
              [
                -55.531605585035635,
                51.60008369486527
              ],
              [
                -55.51406815725691,
                51.60394927220539
              ],
              [
                -55.47996987899669,
                51.59345129429392
              ],
              [
                -55.477447066231946,
                51.578802795340636
              ],
              [
                -55.47207598441131,
                51.579250413238356
              ],
              [
                -55.467111791863005,
                51.58600497132154
              ],
              [
                -55.465687645038436,
                51.590277449577876
              ],
              [
                -55.42699135142996,
                51.58698153951571
              ],
              [
                -55.40851803980486,
                51.57941316939177
              ],
              [
                -55.40420486141447,
                51.56297430137882
              ],
              [
                -55.41706293718612,
                51.55060451604959
              ],
              [
                -55.4371638621972,
                51.554103898835955
              ],
              [
                -55.457875149330796,
                51.56199783796194
              ],
              [
                -55.47252354638908,
                51.56297430137882
              ],
              [
                -55.46373452781384,
                51.554755007359795
              ],
              [
                -55.43716389071993,
                51.539943811604424
              ],
              [
                -55.43154864342355,
                51.5387637665485
              ],
              [
                -55.43333897974265,
                51.52806220278031
              ],
              [
                -55.438303174216756,
                51.51561103432269
              ],
              [
                -55.445912237854415,
                51.50531647023473
              ],
              [
                -55.45571857163742,
                51.500921984576536
              ],
              [
                -55.48619546840991,
                51.50836829469992
              ],
              [
                -55.53457600243294,
                51.50836829469992
              ],
              [
                -55.52318273479912,
                51.49713773499057
              ],
              [
                -55.49400794789631,
                51.483547282233424
              ],
              [
                -55.481922958037565,
                51.47508367054074
              ],
              [
                -55.454335114666435,
                51.47955969659471
              ],
              [
                -55.458119280761466,
                51.463283622014515
              ],
              [
                -55.47142490475637,
                51.44041568626255
              ],
              [
                -55.472523544301474,
                51.42523829306343
              ],
              [
                -55.4824926251998,
                51.41254299532635
              ],
              [
                -55.49185138289682,
                51.38837315493931
              ],
              [
                -55.50047769829279,
                51.377427549416026
              ],
              [
                -55.515695797734885,
                51.36855710749265
              ],
              [
                -55.52428135292256,
                51.37197493881417
              ],
              [
                -55.53197178464663,
                51.37982813301786
              ],
              [
                -55.55915281450967,
                51.39008213553038
              ],
              [
                -55.56627354223428,
                51.389878588079455
              ],
              [
                -55.569325353724984,
                51.380845514520935
              ],
              [
                -55.57115635095112,
                51.36644108008011
              ],
              [
                -55.56826735463619,
                51.36017480571947
              ],
              [
                -55.558461087877426,
                51.35757075558368
              ],
              [
                -55.55475827568359,
                51.35529208004275
              ],
              [
                -55.55785073820776,
                51.35040930324611
              ],
              [
                -55.5648087400406,
                51.34552647530212
              ],
              [
                -55.57241776288681,
                51.34324776448974
              ],
              [
                -55.59215244397395,
                51.34365461967818
              ],
              [
                -55.60090085825179,
                51.34560784709808
              ],
              [
                -55.609689877920026,
                51.35008365316603
              ],
              [
                -55.60993407676705,
                51.340521619258624
              ],
              [
                -55.6082657484322,
                51.32782622550652
              ],
              [
                -55.603871232239605,
                51.315985441404614
              ],
              [
                -55.59605872468286,
                51.30914948508253
              ],
              [
                -55.617421020176074,
                51.30438872002466
              ],
              [
                -55.64024817528919,
                51.314764714277636
              ],
              [
                -55.66323807736597,
                51.32916899351828
              ],
              [
                -55.685414222756464,
                51.33641192541071
              ],
              [
                -55.80516518323516,
                51.35268792975699
              ],
              [
                -55.86729894683317,
                51.34324776448974
              ],
              [
                -55.88727780868906,
                51.34422437434962
              ],
              [
                -55.89533442180599,
                51.34634019457419
              ],
              [
                -55.90453037276052,
                51.35008365316603
              ],
              [
                -55.926136840556055,
                51.36359282308715
              ],
              [
                -55.93724527657605,
                51.36863848754908
              ],
              [
                -55.952300585492466,
                51.370550849184426
              ],
              [
                -55.94709223225267,
                51.36505763650098
              ],
              [
                -55.938628679742095,
                51.35008365316603
              ],
              [
                -55.96686761453971,
                51.3465843109245
              ],
              [
                -55.98888100481129,
                51.35781488401414
              ],
              [
                -56.00983637780354,
                51.37368395190243
              ],
              [
                -56.0349015115238,
                51.384222760254154
              ],
              [
                -56.03490147592445,
                51.376166034808
              ],
              [
                -56.036732582211464,
                51.36969643094104
              ],
              [
                -56.03929601774022,
                51.363918336361436
              ],
              [
                -56.04108641305879,
                51.35757075558368
              ],
              [
                -56.051096130013995,
                51.36635970081239
              ],
              [
                -56.062855565692395,
                51.3705914614663
              ],
              [
                -56.075835713062645,
                51.371649413972634
              ],
              [
                -56.08950761649368,
                51.370550849184426
              ],
              [
                -56.08950760105763,
                51.36440660714896
              ],
              [
                -56.087147567396514,
                51.35809962275209
              ],
              [
                -56.09406491342887,
                51.33576082203915
              ],
              [
                -56.09630283687437,
                51.322821290820166
              ],
              [
                -56.08104406716849,
                51.32221098617639
              ],
              [
                -56.034250429915,
                51.314357754636816
              ],
              [
                -56.02122962269571,
                51.30914948508253
              ],
              [
                -56.01577715764284,
                51.27960848924352
              ],
              [
                -56.01439367873908,
                51.27505116131668
              ],
              [
                -56.01968340476731,
                51.2694766463176
              ],
              [
                -56.0277400437767,
                51.266669025928586
              ],
              [
                -56.03766841425679,
                51.266058637511655
              ],
              [
                -56.04849199206631,
                51.267564197570145
              ],
              [
                -56.041615360265595,
                51.260484107996106
              ],
              [
                -56.014393668923496,
                51.2477073876132
              ],
              [
                -56.029408339494275,
                51.243150150085945
              ],
              [
                -56.061634897063314,
                51.23969147797736
              ],
              [
                -56.075795053142556,
                51.23338451216844
              ],
              [
                -56.040394648998664,
                51.221869179019016
              ],
              [
                -56.01842200261036,
                51.21824778564264
              ],
              [
                -56.013986778984204,
                51.2130394452948
              ],
              [
                -56.01130123186961,
                51.20612212701466
              ],
              [
                -56.006947387192014,
                51.199286181117245
              ],
              [
                -55.98106849768291,
                51.16917554403391
              ],
              [
                -55.96568763819324,
                51.15900301928522
              ],
              [
                -55.94546464721037,
                51.15835195308541
              ],
              [
                -55.954335098688546,
                51.17377352605382
              ],
              [
                -55.95913652660008,
                51.1787783957213
              ],
              [
                -55.9587296100154,
                51.18032458439199
              ],
              [
                -55.95807856977337,
                51.185003948232286
              ],
              [
                -55.957997185123936,
                51.1917178049814
              ],
              [
                -55.95913651519868,
                51.199286181117245
              ],
              [
                -55.91095942384486,
                51.202378611290094
              ],
              [
                -55.88841712666956,
                51.20962149973513
              ],
              [
                -55.867298943295786,
                51.22382229980683
              ],
              [
                -55.84845944632629,
                51.23102449874633
              ],
              [
                -55.77383378196909,
                51.22040434936613
              ],
              [
                -55.7644750488113,
                51.21747464013421
              ],
              [
                -55.75121009275096,
                51.21063874568076
              ],
              [
                -55.72948156495628,
                51.19586820658612
              ],
              [
                -55.71910559272753,
                51.1843122291756
              ],
              [
                -55.72061112588872,
                51.18012114613337
              ],
              [
                -55.72752843604567,
                51.17780179105479
              ],
              [
                -55.73322507814102,
                51.1719424844043
              ],
              [
                -55.736805799478944,
                51.16547273876611
              ],
              [
                -55.74132240935292,
                51.15387607893977
              ],
              [
                -55.739125129102966,
                51.14276764525093
              ],
              [
                -55.72264564209545,
                51.13784415541627
              ],
              [
                -55.71873937256629,
                51.13202542281923
              ],
              [
                -55.724110482032046,
                51.1188825565169
              ],
              [
                -55.73289952811406,
                51.10496650268714
              ],
              [
                -55.73940996523484,
                51.09686922077287
              ],
              [
                -55.73314367606054,
                51.083075242615756
              ],
              [
                -55.74331619644648,
                51.070135775897604
              ],
              [
                -55.76178952978016,
                51.06020745521597
              ],
              [
                -55.780384909130525,
                51.05532464550955
              ],
              [
                -55.78693601184187,
                51.059230885029244
              ],
              [
                -55.79625404264437,
                51.066473716215135
              ],
              [
                -55.80467689647533,
                51.069077890117924
              ],
              [
                -55.80825761054168,
                51.059027397678584
              ],
              [
                -55.80435137036988,
                51.04975007767006
              ],
              [
                -55.79503333105109,
                51.04266998668219
              ],
              [
                -55.78380286371443,
                51.037827866302344
              ],
              [
                -55.774159321119136,
                51.035386489624386
              ],
              [
                -55.808257600173214,
                51.00812405229436
              ],
              [
                -55.81505286919189,
                50.99787019670116
              ],
              [
                -55.82017981334942,
                50.98769764906693
              ],
              [
                -55.826242638947434,
                50.978827208528436
              ],
              [
                -55.83560136188625,
                50.97272368993022
              ],
              [
                -55.83560135696634,
                50.96653878188128
              ],
              [
                -55.8272192082125,
                50.96059805686904
              ],
              [
                -55.822499160624574,
                50.95237866668407
              ],
              [
                -55.81578529730203,
                50.93178948272195
              ],
              [
                -55.83283444073632,
                50.926336985258686
              ],
              [
                -55.83950762244842,
                50.93475984880838
              ],
              [
                -55.84268144198073,
                50.947088929052754
              ],
              [
                -55.84927323460597,
                50.953517955340075
              ],
              [
                -55.86017820315551,
                50.9475772506712
              ],
              [
                -55.86876379438961,
                50.933539113802674
              ],
              [
                -55.87311764678059,
                50.917303789720926
              ],
              [
                -55.87100174289839,
                50.90501533240823
              ],
              [
                -55.86270096092834,
                50.90940986102977
              ],
              [
                -55.85684159035426,
                50.91132230688573
              ],
              [
                -55.85114498050412,
                50.91010161651648
              ],
              [
                -55.84308833090545,
                50.90501533240823
              ],
              [
                -55.85676022583957,
                50.89899324533211
              ],
              [
                -55.86790931421791,
                50.89028556180848
              ],
              [
                -55.87515215218945,
                50.87860749928744
              ],
              [
                -55.87718663741446,
                50.863470731707615
              ],
              [
                -55.892201286489346,
                50.89695869040665
              ],
              [
                -55.902821417617936,
                50.89728424606326
              ],
              [
                -55.925038211107655,
                50.884588924453475
              ],
              [
                -55.939686657502605,
                50.870754310047225
              ],
              [
                -55.96178138365012,
                50.83567944042089
              ],
              [
                -56.00694738509418,
                50.78839750364389
              ],
              [
                -56.02969314913552,
                50.77069729889944
              ],
              [
                -56.03111732696913,
                50.76727938852295
              ],
              [
                -56.050282345412725,
                50.75678129095471
              ],
              [
                -56.064768034907864,
                50.735907298696546
              ],
              [
                -56.0806371628836,
                50.72064847762687
              ],
              [
                -56.10374916124471,
                50.72695549128859
              ],
              [
                -56.09740149908341,
                50.734198316586436
              ],
              [
                -56.09288488436205,
                50.74233630383423
              ],
              [
                -56.09024003631178,
                50.751288148849056
              ],
              [
                -56.089507620313825,
                50.761053788603355
              ],
              [
                -56.107004348911985,
                50.750392941284815
              ],
              [
                -56.11904862668027,
                50.753485405927485
              ],
              [
                -56.137277809194586,
                50.77472567802239
              ],
              [
                -56.12743079971536,
                50.796820396470764
              ],
              [
                -56.12425697272641,
                50.80206942194755
              ],
              [
                -56.13219152846897,
                50.829820035555635
              ],
              [
                -56.12523352268767,
                50.85541411700159
              ],
              [
                -56.1125382217143,
                50.88007234941654
              ],
              [
                -56.103749138839625,
                50.90501533240823
              ],
              [
                -56.12930252954747,
                50.901922898358556
              ],
              [
                -56.14785723648281,
                50.89321526160057
              ],
              [
                -56.161366344169956,
                50.878241288187596
              ],
              [
                -56.172027148335054,
                50.85663483381932
              ],
              [
                -56.15123450071491,
                50.85590240296585
              ],
              [
                -56.1435440889006,
                50.8417422890212
              ],
              [
                -56.14484616767517,
                50.821356535698854
              ],
              [
                -56.15094968173011,
                50.80206942194755
              ],
              [
                -56.155344190884534,
                50.79580309239551
              ],
              [
                -56.17202713627066,
                50.77781807223247
              ],
              [
                -56.16982987506477,
                50.772894580986595
              ],
              [
                -56.160471167921365,
                50.764797292351645
              ],
              [
                -56.158355277319124,
                50.761053788603355
              ],
              [
                -56.15982011071233,
                50.755275770016645
              ],
              [
                -56.164784298117496,
                50.74591703227103
              ],
              [
                -56.16519121618602,
                50.73993562919783
              ],
              [
                -56.16218015311334,
                50.720851982325996
              ],
              [
                -56.15770423394416,
                50.70669180624427
              ],
              [
                -56.1483454996442,
                50.695502001890084
              ],
              [
                -56.1304418691309,
                50.68528882403349
              ],
              [
                -56.10582433270663,
                50.68353909230038
              ],
              [
                -56.09561113271432,
                50.67926667076173
              ],
              [
                -56.10008703770093,
                50.66860584792802
              ],
              [
                -56.12702388427799,
                50.64301176693964
              ],
              [
                -56.13727779621915,
                50.63751861513582
              ],
              [
                -56.140858526389366,
                50.63393788902415
              ],
              [
                -56.187408011260445,
                50.59861889252464
              ],
              [
                -56.21934973600917,
                50.58368560661167
              ],
              [
                -56.23289953839999,
                50.56928130563228
              ],
              [
                -56.24278724668328,
                50.53310783401349
              ],
              [
                -56.250233528424836,
                50.5276553420517
              ],
              [
                -56.322255012425366,
                50.5276553420517
              ],
              [
                -56.32225501268642,
                50.52024974369742
              ],
              [
                -56.29674231966223,
                50.51410554258719
              ],
              [
                -56.27481035556434,
                50.51243725329863
              ],
              [
                -56.26642818209003,
                50.506293018888336
              ],
              [
                -56.28132076910122,
                50.48676179120655
              ],
              [
                -56.3144425134031,
                50.45941803947885
              ],
              [
                -56.35016841731183,
                50.438299855414584
              ],
              [
                -56.36583411317695,
                50.424790754958565
              ],
              [
                -56.39704341696514,
                50.38743722453142
              ],
              [
                -56.41161047463758,
                50.37689848919826
              ],
              [
                -56.427845838331834,
                50.37567781772255
              ],
              [
                -56.43724524750561,
                50.38247305273705
              ],
              [
                -56.44416255694359,
                50.39150623449559
              ],
              [
                -56.452544731432155,
                50.397365640470234
              ],
              [
                -56.50035560067903,
                50.39109935763947
              ],
              [
                -56.481312630207405,
                50.3745791719956
              ],
              [
                -56.451771617186395,
                50.37116120791037
              ],
              [
                -56.42951413130101,
                50.362128007685754
              ],
              [
                -56.432118289744004,
                50.328436582899634
              ],
              [
                -56.44416256260903,
                50.304388735536726
              ],
              [
                -56.46231035185586,
                50.277248442133065
              ],
              [
                -56.48436438973602,
                50.25360749582296
              ],
              [
                -56.50780188564587,
                50.24030182162302
              ],
              [
                -56.504139774434904,
                50.218817441099894
              ],
              [
                -56.52342688742579,
                50.196437894063926
              ],
              [
                -56.60533606576013,
                50.13597239489916
              ],
              [
                -56.61766516890709,
                50.13043854626905
              ],
              [
                -56.630686001683934,
                50.13080475420982
              ],
              [
                -56.6437882166289,
                50.134588938071786
              ],
              [
                -56.65754147011273,
                50.13629791928189
              ],
              [
                -56.67227128890799,
                50.13043854626905
              ],
              [
                -56.64972897016789,
                50.11896393442013
              ],
              [
                -56.6411026682272,
                50.10993073156879
              ],
              [
                -56.646311000966975,
                50.0991885414142
              ],
              [
                -56.66486568792932,
                50.08270904931884
              ],
              [
                -56.71397864465444,
                50.051336980134394
              ],
              [
                -56.72691809836386,
                50.04108307591214
              ],
              [
                -56.73875891781433,
                50.02680084753472
              ],
              [
                -56.775746218402006,
                49.9507510324405
              ],
              [
                -56.78062898328113,
                49.93488177037966
              ],
              [
                -56.78156496115037,
                49.91815840380265
              ],
              [
                -56.768788176039,
                49.93170797695508
              ],
              [
                -56.74771076287148,
                49.94916418501772
              ],
              [
                -56.72813883806163,
                49.95880777722083
              ],
              [
                -56.71947176635695,
                49.94855367067572
              ],
              [
                -56.7245174212543,
                49.93207438485902
              ],
              [
                -56.74242104756214,
                49.89496496033094
              ],
              [
                -56.740589971594666,
                49.88344960745441
              ],
              [
                -56.740590022942925,
                49.87718346104583
              ],
              [
                -56.755279067627725,
                49.87238181877958
              ],
              [
                -56.76301021255515,
                49.86835356421103
              ],
              [
                -56.76789299984968,
                49.86359275732599
              ],
              [
                -56.770415839299574,
                49.85358312625826
              ],
              [
                -56.76707918382145,
                49.84845600283707
              ],
              [
                -56.762440607691374,
                49.84568931800951
              ],
              [
                -56.76109782587271,
                49.84243408674757
              ],
              [
                -56.76842205463327,
                49.83026777298802
              ],
              [
                -56.77879794364867,
                49.818792941555714
              ],
              [
                -56.79063884368054,
                49.80898682894351
              ],
              [
                -56.80207271957803,
                49.801499740932805
              ],
              [
                -56.881825324141445,
                49.77081940082882
              ],
              [
                -56.9051000902825,
                49.75372962549707
              ],
              [
                -56.88744057490798,
                49.749823349268105
              ],
              [
                -56.82843991574116,
                49.74567293861924
              ],
              [
                -56.81574456823731,
                49.7431093741507
              ],
              [
                -56.81037353948229,
                49.73403564407256
              ],
              [
                -56.79865472546994,
                49.732489257689274
              ],
              [
                -56.78685466245572,
                49.732896331199875
              ],
              [
                -56.78156486909542,
                49.72943746825049
              ],
              [
                -56.78180910111481,
                49.69660078546785
              ],
              [
                -56.78465741418767,
                49.69163660792833
              ],
              [
                -56.78669183708155,
                49.68211491517049
              ],
              [
                -56.81574457858269,
                49.62335842416351
              ],
              [
                -56.82347575600908,
                49.59320720262509
              ],
              [
                -56.829335078607144,
                49.58177314992298
              ],
              [
                -56.85667883051078,
                49.5482445087586
              ],
              [
                -56.837798600337706,
                49.55634178311503
              ],
              [
                -56.821766684052896,
                49.570786731108015
              ],
              [
                -56.79523672443654,
                49.603460855580614
              ],
              [
                -56.740834161819436,
                49.65648033184751
              ],
              [
                -56.72533119840133,
                49.690253033652674
              ],
              [
                -56.599720877350514,
                49.81171307306932
              ],
              [
                -56.57290610490716,
                49.826402214146924
              ],
              [
                -56.56924397904923,
                49.8325056898989
              ],
              [
                -56.56598873431462,
                49.840277406726585
              ],
              [
                -56.55776937070493,
                49.84813069151853
              ],
              [
                -56.547515421892015,
                49.85419340898174
              ],
              [
                -56.5181371223766,
                49.86367409012307
              ],
              [
                -56.48525959899399,
                49.89288979198864
              ],
              [
                -56.4668676721365,
                49.89765053435849
              ],
              [
                -56.42528240440215,
                49.84568931800951
              ],
              [
                -56.418446466021265,
                49.852972845017405
              ],
              [
                -56.422840938546884,
                49.87059150992381
              ],
              [
                -56.42910727378423,
                49.88694908121143
              ],
              [
                -56.42662515366454,
                49.90265540352475
              ],
              [
                -56.40477459579764,
                49.91815840380265
              ],
              [
                -56.39509032381844,
                49.91176998692478
              ],
              [
                -56.36318928708114,
                49.89765053435849
              ],
              [
                -56.372914177031014,
                49.920355498047336
              ],
              [
                -56.382557701380286,
                49.93378315695606
              ],
              [
                -56.38438885108091,
                49.946356638805796
              ],
              [
                -56.33702552022853,
                50.01707591457756
              ],
              [
                -56.31704667899117,
                50.0392520199779
              ],
              [
                -56.29185950440668,
                50.048529365026965
              ],
              [
                -56.27041581833214,
                50.05931224031419
              ],
              [
                -56.24058997132962,
                50.106634828789865
              ],
              [
                -56.17516028534081,
                50.140692448339266
              ],
              [
                -56.163644987532194,
                50.149562896860225
              ],
              [
                -56.14879309680702,
                50.155707094994774
              ],
              [
                -56.132557747669345,
                50.15875886020649
              ],
              [
                -56.116810677780485,
                50.15839264948777
              ],
              [
                -56.1188858721205,
                50.15375397582487
              ],
              [
                -56.12218177171376,
                50.142035227322275
              ],
              [
                -56.12425696670551,
                50.13727448530228
              ],
              [
                -56.10732988187937,
                50.13760000169591
              ],
              [
                -56.09557044349025,
                50.13336823476182
              ],
              [
                -56.09455318888048,
                50.12783437669845
              ],
              [
                -56.1099747377467,
                50.12360260283618
              ],
              [
                -56.09894771891123,
                50.11310455624975
              ],
              [
                -56.08165442584986,
                50.105169988620666
              ],
              [
                -56.06663977616364,
                50.096177471355105
              ],
              [
                -56.06216386494069,
                50.08270904931884
              ],
              [
                -56.06969153633181,
                50.07050202084045
              ],
              [
                -56.09886633905007,
                50.04633209559342
              ],
              [
                -56.109974738982814,
                50.03424713695665
              ],
              [
                -56.12828523461795,
                49.98883685055204
              ],
              [
                -56.13727781717317,
                49.97345616816215
              ],
              [
                -56.148670968785424,
                49.96002823652965
              ],
              [
                -56.19188388066726,
                49.92499411305992
              ],
              [
                -56.1546118267178,
                49.9340682122075
              ],
              [
                -56.12413495446256,
                49.95555262719692
              ],
              [
                -56.07241777281764,
                50.010931707537246
              ],
              [
                -56.05833899584532,
                50.01797109560758
              ],
              [
                -56.010080532918614,
                50.0311953797935
              ],
              [
                -55.99697831901259,
                50.03082916903218
              ],
              [
                -55.99303137923151,
                50.015529690588636
              ],
              [
                -56.00357011600198,
                50.001166083005266
              ],
              [
                -56.03490143987963,
                49.97964087522684
              ],
              [
                -56.003407360398484,
                49.97158438820058
              ],
              [
                -55.98412028087575,
                49.99457437474781
              ],
              [
                -55.97130286411015,
                50.02558014528017
              ],
              [
                -55.95913652335892,
                50.04108307591214
              ],
              [
                -55.92564856702177,
                50.03896719005554
              ],
              [
                -55.89256751219247,
                50.03148021049006
              ],
              [
                -55.86384029881965,
                50.01683177254076
              ],
              [
                -55.84308828811785,
                49.9933127478797
              ],
              [
                -55.84927318411153,
                49.9933127478797
              ],
              [
                -55.842355958553554,
                49.983140455195816
              ],
              [
                -55.803537555179524,
                49.95636625544411
              ],
              [
                -55.79747478084007,
                49.955756034009724
              ],
              [
                -55.79181881650479,
                49.957709058406444
              ],
              [
                -55.784087704732514,
                49.959133232452004
              ],
              [
                -55.777333148604924,
                49.95612216669107
              ],
              [
                -55.77293860481144,
                49.949408266958244
              ],
              [
                -55.77000887897756,
                49.942450162089216
              ],
              [
                -55.76732337482908,
                49.93866609280621
              ],
              [
                -55.74640871120186,
                49.931952352336374
              ],
              [
                -55.722645658038466,
                49.93121984793863
              ],
              [
                -55.712635866694775,
                49.93447499096218
              ],
              [
                -55.701242628330355,
                49.942206086957526
              ],
              [
                -55.69107016601188,
                49.951483594178484
              ],
              [
                -55.68480385071337,
                49.959133232452004
              ],
              [
                -55.69225008150267,
                49.966620062350735
              ],
              [
                -55.66665605269187,
                49.97606028564977
              ],
              [
                -55.61042228933516,
                49.972357384723225
              ],
              [
                -55.58238686599354,
                49.97345616816215
              ],
              [
                -55.570424016713794,
                49.97724045520155
              ],
              [
                -55.4929906888435,
                50.01439036659875
              ],
              [
                -55.492990688900605,
                50.007513738745146
              ],
              [
                -55.472401484526394,
                49.978705115513534
              ],
              [
                -55.46507727222766,
                49.962551159153044
              ],
              [
                -55.465687581839084,
                49.94489154760233
              ],
              [
                -55.47679601785394,
                49.929510782870665
              ],
              [
                -55.49522867965072,
                49.919134922249164
              ],
              [
                -55.516997895981326,
                49.91323488384215
              ],
              [
                -55.53799391583954,
                49.911322260498956
              ],
              [
                -55.57583568697353,
                49.90167863894067
              ],
              [
                -55.64899649798845,
                49.85895403762729
              ],
              [
                -55.69225011108438,
                49.849310567877474
              ],
              [
                -55.71495525415115,
                49.82221112648246
              ],
              [
                -55.80785070419758,
                49.80190661519017
              ],
              [
                -55.96165931619895,
                49.741278405531304
              ],
              [
                -55.97280833991002,
                49.739406493487174
              ],
              [
                -55.983631995609535,
                49.743557111754285
              ],
              [
                -55.992543155562274,
                49.75092209002904
              ],
              [
                -56.00194253965224,
                49.7525089270948
              ],
              [
                -56.01439362586685,
                49.739406493487174
              ],
              [
                -56.00487223057052,
                49.72650795868211
              ],
              [
                -56.021148197345596,
                49.71478901761913
              ],
              [
                -56.0689998172299,
                49.698431742053415
              ],
              [
                -56.06265219591747,
                49.68292890143396
              ],
              [
                -56.08946695784455,
                49.662990709061695
              ],
              [
                -56.15094973185413,
                49.630804904129235
              ],
              [
                -56.158680848859014,
                49.62343999001217
              ],
              [
                -56.165435357742865,
                49.613511477389444
              ],
              [
                -56.17023683419666,
                49.60097904009137
              ],
              [
                -56.172027095851895,
                49.585516534369816
              ],
              [
                -56.16543536060821,
                49.57465243582008
              ],
              [
                -56.150502070783325,
                49.58563871003122
              ],
              [
                -56.124256951099575,
                49.616522492130585
              ],
              [
                -56.097726980461005,
                49.63764059775279
              ],
              [
                -56.03819743136463,
                49.673285316753926
              ],
              [
                -55.968495212916366,
                49.70282615370775
              ],
              [
                -55.9557185748262,
                49.70526769869861
              ],
              [
                -55.93956460771835,
                49.70628496432877
              ],
              [
                -55.923410597731554,
                49.70921455077477
              ],
              [
                -55.908802894888005,
                49.71356850668023
              ],
              [
                -55.89769447403384,
                49.718939543303605
              ],
              [
                -55.892079179910745,
                49.712957943165314
              ],
              [
                -55.89098065191131,
                49.710109907137394
              ],
              [
                -55.89024819680183,
                49.70526769869861
              ],
              [
                -55.90807043482157,
                49.70099516547214
              ],
              [
                -55.94131423300502,
                49.68789290906921
              ],
              [
                -55.959136509779306,
                49.68545153088487
              ],
              [
                -55.95913655995731,
                49.677964680397444
              ],
              [
                -55.942941835883424,
                49.67926660415215
              ],
              [
                -55.926136834628856,
                49.68305081347269
              ],
              [
                -55.91051180175723,
                49.689398385589534
              ],
              [
                -55.89769447818948,
                49.698431742053415
              ],
              [
                -55.89098065187941,
                49.68943933417898
              ],
              [
                -55.87482668294102,
                49.687974495555295
              ],
              [
                -55.83560142321516,
                49.69163660792833
              ],
              [
                -55.83910074777715,
                49.6846378467649
              ],
              [
                -55.844634560170086,
                49.67829008316129
              ],
              [
                -55.85187743809712,
                49.67352944185333
              ],
              [
                -55.8600967839914,
                49.67177962531437
              ],
              [
                -55.86799068802536,
                49.668280338479214
              ],
              [
                -55.87157143266702,
                49.66010166794842
              ],
              [
                -55.87368734195468,
                49.65078369423639
              ],
              [
                -55.87718669494534,
                49.64386638659066
              ],
              [
                -55.89053297991137,
                49.63385644185845
              ],
              [
                -55.93862876858386,
                49.60968674272037
              ],
              [
                -55.929514184107276,
                49.59829350899236
              ],
              [
                -55.913400818994106,
                49.59463118457657
              ],
              [
                -55.877186708905754,
                49.596014861028465
              ],
              [
                -55.90078690690779,
                49.56240467418015
              ],
              [
                -55.93736730326639,
                49.53632229732101
              ],
              [
                -55.98062092073021,
                49.51947668904864
              ],
              [
                -56.024281346539084,
                49.5134950997179
              ],
              [
                -56.034901533006355,
                49.51040283207888
              ],
              [
                -56.0541886433993,
                49.496730958121766
              ],
              [
                -56.06216384326894,
                49.49359766397106
              ],
              [
                -56.07689368875653,
                49.49188875134988
              ],
              [
                -56.07970131799516,
                49.48688390013286
              ],
              [
                -56.07970125485594,
                49.47919330713562
              ],
              [
                -56.085764126428764,
                49.46914296951584
              ],
              [
                -56.12051352429527,
                49.4417993465588
              ],
              [
                -56.130726644681666,
                49.42914447493857
              ],
              [
                -56.12254799331524,
                49.42934808103309
              ],
              [
                -56.10008705627878,
                49.43838128654013
              ],
              [
                -56.059966583757685,
                49.44619370713339
              ],
              [
                -55.99193274102444,
                49.484808648058475
              ],
              [
                -55.95230060920623,
                49.49982337196714
              ],
              [
                -55.86436925889143,
                49.519842812082885
              ],
              [
                -55.82201089988205,
                49.52204018123487
              ],
              [
                -55.77415927668398,
                49.5134950997179
              ],
              [
                -55.78246011175852,
                49.49843990277567
              ],
              [
                -55.78783116138015,
                49.49359766397106
              ],
              [
                -55.768055746449406,
                49.49469623448342
              ],
              [
                -55.757435692983655,
                49.493394317345675
              ],
              [
                -55.75031489856065,
                49.48993558934665
              ],
              [
                -55.74356033702798,
                49.48843004350164
              ],
              [
                -55.728586339076884,
                49.482326426678306
              ],
              [
                -55.71922761563698,
                49.4756532500808
              ],
              [
                -55.72948152734433,
                49.472560815396406
              ],
              [
                -55.74181073473856,
                49.47345627554246
              ],
              [
                -55.74933830943983,
                49.47504294306483
              ],
              [
                -55.756337068286506,
                49.47540931307643
              ],
              [
                -55.767323323311984,
                49.472560815396406
              ],
              [
                -55.76553297422368,
                49.47093324935047
              ],
              [
                -55.77074138640484,
                49.46430096928608
              ],
              [
                -55.77928631611808,
                49.456691940469355
              ],
              [
                -55.78783120313501,
                49.45205317702283
              ],
              [
                -55.7664688495177,
                49.44830955988625
              ],
              [
                -55.734730539425094,
                49.45384333873992
              ],
              [
                -55.678578206387904,
                49.472560815396406
              ],
              [
                -55.68236240711471,
                49.458929684604236
              ],
              [
                -55.69546465243547,
                49.44074128962017
              ],
              [
                -55.69847572495909,
                49.424750093106816
              ],
              [
                -55.678293378244824,
                49.4241395960118
              ],
              [
                -55.671742326954316,
                49.424750093106816
              ],
              [
                -55.67174227811566,
                49.41730367598869
              ],
              [
                -55.67857824894958,
                49.40814849174715
              ],
              [
                -55.67886314151015,
                49.39638921336301
              ],
              [
                -55.67194572391921,
                49.38666401683507
              ],
              [
                -55.65746006739848,
                49.383734382607656
              ],
              [
                -55.64476479445013,
                49.390285592226235
              ],
              [
                -55.63756264706465,
                49.40289952844976
              ],
              [
                -55.63247630771266,
                49.41705948397627
              ],
              [
                -55.62645417209267,
                49.427801670401415
              ],
              [
                -55.58238684659384,
                49.472357485313765
              ],
              [
                -55.55382236260474,
                49.48981345909124
              ],
              [
                -55.5209040784884,
                49.49359766397106
              ],
              [
                -55.550526487310435,
                49.45123930218632
              ],
              [
                -55.563710058964496,
                49.42601137845127
              ],
              [
                -55.56187899752787,
                49.411078090844214
              ],
              [
                -55.568592919392614,
                49.39940017511772
              ],
              [
                -55.5728246195544,
                49.38743709873144
              ],
              [
                -55.57335364506074,
                49.375189520160134
              ],
              [
                -55.56932536221085,
                49.362697756024424
              ],
              [
                -55.54336500416869,
                49.38336814191389
              ],
              [
                -55.53229728781238,
                49.39598205294587
              ],
              [
                -55.52782138081199,
                49.40766012514669
              ],
              [
                -55.52611238836984,
                49.4241395960118
              ],
              [
                -55.52057852700424,
                49.43598039669842
              ],
              [
                -55.50987712033158,
                49.44306071474596
              ],
              [
                -55.4929906706235,
                49.44521714169141
              ],
              [
                -55.494699705933776,
                49.448798002933565
              ],
              [
                -55.49575756885679,
                49.451849553109284
              ],
              [
                -55.497385242044544,
                49.45502356292313
              ],
              [
                -55.50047767473895,
                49.45888908270331
              ],
              [
                -55.49421133648815,
                49.46979386622261
              ],
              [
                -55.48619548985482,
                49.47996666463435
              ],
              [
                -55.47325597015417,
                49.46063868947209
              ],
              [
                -55.463205493061885,
                49.46556213704285
              ],
              [
                -55.454416525563104,
                49.48114669794726
              ],
              [
                -55.445220484519076,
                49.49359766397106
              ],
              [
                -55.42853751906654,
                49.500067332012975
              ],
              [
                -55.370106595287695,
                49.50665930031356
              ],
              [
                -55.37694248954675,
                49.49359766397106
              ],
              [
                -55.3616837599373,
                49.496730958121766
              ],
              [
                -55.355824371948195,
                49.49982337196714
              ],
              [
                -55.34959873955784,
                49.49359766397106
              ],
              [
                -55.410796659822,
                49.44257228250407
              ],
              [
                -55.43154860084891,
                49.430894190969155
              ],
              [
                -55.43154864191136,
                49.424750093106816
              ],
              [
                -55.400542766162935,
                49.43113839598613
              ],
              [
                -55.34166418010984,
                49.458197301674566
              ],
              [
                -55.314849431972796,
                49.45205317702283
              ],
              [
                -55.33210206969838,
                49.44318282295017
              ],
              [
                -55.39635173777322,
                49.386949080834505
              ],
              [
                -55.43211832133458,
                49.36884193880732
              ],
              [
                -55.445220457122495,
                49.355861589276934
              ],
              [
                -55.420725063909536,
                49.364081121761316
              ],
              [
                -55.39150960454438,
                49.36957437990804
              ],
              [
                -55.373646612350306,
                49.363104554639214
              ],
              [
                -55.383127386945766,
                49.33535385228756
              ],
              [
                -55.36607819859333,
                49.35297257644795
              ],
              [
                -55.34935463095605,
                49.38080478131176
              ],
              [
                -55.33250895024676,
                49.403143707167416
              ],
              [
                -55.31484939383115,
                49.4042422043594
              ],
              [
                -55.32909091422118,
                49.38995993344682
              ],
              [
                -55.313099730340994,
                49.38865792210896
              ],
              [
                -55.288563658829155,
                49.400783735652425
              ],
              [
                -55.287505627248116,
                49.38995993344682
              ],
              [
                -55.296050571747685,
                49.37197496693082
              ],
              [
                -55.3093155657878,
                49.36591219496297
              ],
              [
                -55.3253067685173,
                49.363348696077225
              ],
              [
                -55.34215242321521,
                49.355861589276934
              ],
              [
                -55.33372962490133,
                49.349310624327
              ],
              [
                -55.32559164454303,
                49.33893475232435
              ],
              [
                -55.31895909324879,
                49.32672755100611
              ],
              [
                -55.3148494006668,
                49.31488675329675
              ],
              [
                -55.307728586787356,
                49.31732803763563
              ],
              [
                -55.305002350021425,
                49.31915909326044
              ],
              [
                -55.30117752326726,
                49.32233303593637
              ],
              [
                -55.30825764991461,
                49.33494709686629
              ],
              [
                -55.30703687853514,
                49.34564841371461
              ],
              [
                -55.29865469475532,
                49.35309464240256
              ],
              [
                -55.26626542800117,
                49.36115143135443
              ],
              [
                -55.25316317590675,
                49.37287008047192
              ],
              [
                -55.24372315695791,
                49.38467043666875
              ],
              [
                -55.236317476281194,
                49.38995993344682
              ],
              [
                -55.236968571040485,
                49.39476150509957
              ],
              [
                -55.26768959188209,
                49.424750093106816
              ],
              [
                -55.271880702393446,
                49.43683513200997
              ],
              [
                -55.27367097561553,
                49.45270403078731
              ],
              [
                -55.27245027644958,
                49.46832904098448
              ],
              [
                -55.267689629666386,
                49.47996666463435
              ],
              [
                -55.31484943722556,
                49.53461341164992
              ],
              [
                -55.28718015106685,
                49.53579338483292
              ],
              [
                -55.273101344736126,
                49.53949610510137
              ],
              [
                -55.260243283777214,
                49.5482445087586
              ],
              [
                -55.228179546798,
                49.53705490181747
              ],
              [
                -55.21979728872582,
                49.53009663834999
              ],
              [
                -55.23289955109691,
                49.52094149431775
              ],
              [
                -55.22573803129898,
                49.51463436556026
              ],
              [
                -55.217681427400464,
                49.51015855226503
              ],
              [
                -55.20860754741681,
                49.50747303955692
              ],
              [
                -55.19884194622499,
                49.50665930031356
              ],
              [
                -55.202300565996964,
                49.51284409292422
              ],
              [
                -55.208973715683925,
                49.52863178104625
              ],
              [
                -55.21247313518077,
                49.53461341164992
              ],
              [
                -55.19343012076679,
                49.53949610510137
              ],
              [
                -55.17463125562331,
                49.54661677531106
              ],
              [
                -55.15566969182216,
                49.54930238599913
              ],
              [
                -55.13609781872196,
                49.54075764022938
              ],
              [
                -55.15038004473041,
                49.54075764022938
              ],
              [
                -55.15038003615352,
                49.53461341164992
              ],
              [
                -55.138539232321946,
                49.52606853331832
              ],
              [
                -55.129994291864875,
                49.51373938269105
              ],
              [
                -55.124826597328905,
                49.49896873865631
              ],
              [
                -55.1230363061084,
                49.48309979354629
              ],
              [
                -55.12816321986986,
                49.46637605687564
              ],
              [
                -55.140736445360204,
                49.45506416421835
              ],
              [
                -55.15648353442468,
                49.44476961499303
              ],
              [
                -55.171498144995056,
                49.430894190969155
              ],
              [
                -55.16209877220655,
                49.41791415702347
              ],
              [
                -55.172027200717814,
                49.400783735652425
              ],
              [
                -55.188547380464634,
                49.392035356692325
              ],
              [
                -55.19884190687135,
                49.4042422043594
              ],
              [
                -55.21320555909827,
                49.390529759113846
              ],
              [
                -55.22500560647856,
                49.36806860221156
              ],
              [
                -55.22984775516147,
                49.34398012819966
              ],
              [
                -55.21959388467677,
                49.31635164507814
              ],
              [
                -55.21930907829105,
                49.277004376926364
              ],
              [
                -55.22288981295584,
                49.264553220038806
              ],
              [
                -55.232004372945525,
                49.25495029380172
              ],
              [
                -55.24421141301977,
                49.248765422961085
              ],
              [
                -55.26545162150504,
                49.2449404823743
              ],
              [
                -55.29434159109257,
                49.232896199630375
              ],
              [
                -55.306548680123484,
                49.22370039010664
              ],
              [
                -55.314808752227506,
                49.21287677282768
              ],
              [
                -55.32144125074239,
                49.20197185552514
              ],
              [
                -55.32909091409747,
                49.191961885341435
              ],
              [
                -55.36506095655563,
                49.17226784989948
              ],
              [
                -55.37010657071065,
                49.164007868567126
              ],
              [
                -55.36436927943441,
                49.15949130315458
              ],
              [
                -55.33511309442943,
                49.15949130315458
              ],
              [
                -55.322336378840845,
                49.157171906884834
              ],
              [
                -55.342152422859584,
                49.12303281106258
              ],
              [
                -55.32070877347947,
                49.12372463819829
              ],
              [
                -55.312367279014495,
                49.11505758244401
              ],
              [
                -55.31395418266566,
                49.10179258071031
              ],
              [
                -55.32233638875812,
                49.08832427732504
              ],
              [
                -55.33714756687995,
                49.076117193118066
              ],
              [
                -55.368397627316256,
                49.06012614388731
              ],
              [
                -55.38312736866303,
                49.047308555678
              ],
              [
                -55.369496201303484,
                49.04979069890067
              ],
              [
                -55.33531652285927,
                49.0690371418171
              ],
              [
                -55.31973227427201,
                49.07461185025161
              ],
              [
                -55.30626382754087,
                49.07599525507841
              ],
              [
                -55.27765865124006,
                49.07465239288625
              ],
              [
                -55.25820880747767,
                49.08071528819814
              ],
              [
                -55.18447826900245,
                49.12303281106258
              ],
              [
                -55.18447830881261,
                49.12995023471705
              ],
              [
                -55.207997147276025,
                49.12555558983356
              ],
              [
                -55.25967361321526,
                49.10370509470726
              ],
              [
                -55.277658603164916,
                49.10602433425014
              ],
              [
                -55.287261512884946,
                49.12669502695757
              ],
              [
                -55.28229737352864,
                49.1503361212732
              ],
              [
                -55.268950996648165,
                49.17145422412126
              ],
              [
                -55.253407311279396,
                49.184515572646994
              ],
              [
                -55.253407320146586,
                49.191961885341435
              ],
              [
                -55.28278558956844,
                49.18488184583353
              ],
              [
                -55.287505618251814,
                49.184515572646994
              ],
              [
                -55.288441529889866,
                49.19456613171011
              ],
              [
                -55.28209390670835,
                49.20355873485424
              ],
              [
                -55.272572358869304,
                49.20994691070571
              ],
              [
                -55.26398682171888,
                49.212469897197984
              ],
              [
                -55.24787355178746,
                49.21515547372338
              ],
              [
                -55.23102774724028,
                49.22186907001528
              ],
              [
                -55.1988419076029,
                49.239162452962006
              ],
              [
                -55.05418866401281,
                49.29437912769008
              ],
              [
                -55.06163484835606,
                49.301825137680304
              ],
              [
                -55.05418862791821,
                49.30805090641171
              ],
              [
                -55.073882612766575,
                49.33392974639552
              ],
              [
                -55.080433731704815,
                49.34715406214975
              ],
              [
                -55.08214274388464,
                49.362697756024424
              ],
              [
                -55.062814883917575,
                49.35089746394517
              ],
              [
                -55.044097493752595,
                49.33494709686629
              ],
              [
                -55.027211030385956,
                49.32941305546333
              ],
              [
                -55.01317302916963,
                49.34902591124871
              ],
              [
                -54.99526937888363,
                49.29905845211758
              ],
              [
                -54.99274658959184,
                49.2838403444054
              ],
              [
                -54.99909420789605,
                49.26874421573832
              ],
              [
                -55.01439373016421,
                49.25397382339024
              ],
              [
                -55.047963010136705,
                49.232896199630375
              ],
              [
                -55.034006341406226,
                49.23021075229826
              ],
              [
                -55.01598054722489,
                49.23651750919261
              ],
              [
                -54.998402446711765,
                49.247870113697665
              ],
              [
                -54.98582922449003,
                49.260239958595605
              ],
              [
                -54.96104895568392,
                49.29498932148504
              ],
              [
                -54.947255040630615,
                49.300523255472264
              ],
              [
                -54.921009848475165,
                49.301825137680304
              ],
              [
                -54.91812092351644,
                49.2984073621965
              ],
              [
                -54.916493343282994,
                49.29096113943383
              ],
              [
                -54.91197673017851,
                49.28351481811168
              ],
              [
                -54.90025791004923,
                49.28009666151505
              ],
              [
                -54.890695786356886,
                49.28266027479364
              ],
              [
                -54.88048257147056,
                49.289007934769394
              ],
              [
                -54.872425902476884,
                49.29710518720081
              ],
              [
                -54.86921139372407,
                49.3049177146108
              ],
              [
                -54.86375887845655,
                49.33795796938326
              ],
              [
                -54.8660782565415,
                49.342759513786675
              ],
              [
                -54.88263910495208,
                49.345160164149995
              ],
              [
                -54.888823985535424,
                49.35175192003865
              ],
              [
                -54.88809159890178,
                49.36225006140419
              ],
              [
                -54.883452950126554,
                49.37628820931734
              ],
              [
                -54.87767498262395,
                49.385931837578795
              ],
              [
                -54.867787294224684,
                49.39716232412659
              ],
              [
                -54.85704503121811,
                49.40672429830912
              ],
              [
                -54.84874423202165,
                49.411078090844214
              ],
              [
                -54.83372959816965,
                49.4096132871708
              ],
              [
                -54.83079993736203,
                49.402655349961236
              ],
              [
                -54.8356827237322,
                49.383734382607656
              ],
              [
                -54.834950275811266,
                49.323635026474506
              ],
              [
                -54.83193924477448,
                49.31488675329675
              ],
              [
                -54.83409580174074,
                49.304836249025726
              ],
              [
                -54.83018958135797,
                49.285956120280716
              ],
              [
                -54.81696530516424,
                49.27562085152089
              ],
              [
                -54.79067954116782,
                49.29096113943383
              ],
              [
                -54.78209383401524,
                49.300482368484005
              ],
              [
                -54.77953042391378,
                49.30658606101777
              ],
              [
                -54.781076656670756,
                49.32575112340793
              ],
              [
                -54.779204855418755,
                49.33759179289345
              ],
              [
                -54.773833833583616,
                49.34723554090296
              ],
              [
                -54.76528891895622,
                49.35358321660399
              ],
              [
                -54.75377351774451,
                49.355861589276934
              ],
              [
                -54.757557768590374,
                49.34833411242811
              ],
              [
                -54.75991781609783,
                49.33893475232435
              ],
              [
                -54.759348068944895,
                49.32953511042125
              ],
              [
                -54.75377355241308,
                49.32233303593637
              ],
              [
                -54.74290933008918,
                49.3197696544945
              ],
              [
                -54.73753820669817,
                49.326483443765184
              ],
              [
                -54.732655405535276,
                49.342759513786675
              ],
              [
                -54.72647048725023,
                49.35065333414593
              ],
              [
                -54.719634567369795,
                49.363104554639214
              ],
              [
                -54.712147592298706,
                49.37010326314871
              ],
              [
                -54.70425373048503,
                49.37417232279091
              ],
              [
                -54.68529210589011,
                49.37982815158178
              ],
              [
                -54.67739821879648,
                49.383734382607656
              ],
              [
                -54.67235265944127,
                49.38865792210896
              ],
              [
                -54.666737411947025,
                49.395575203028045
              ],
              [
                -54.656890391154484,
                49.411078090844214
              ],
              [
                -54.654123461078704,
                49.41266499662477
              ],
              [
                -54.64972898233349,
                49.41339756096705
              ],
              [
                -54.64561931230709,
                49.41535076608459
              ],
              [
                -54.64391024403805,
                49.421047155861594
              ],
              [
                -54.6451309315741,
                49.429429275593264
              ],
              [
                -54.64708416253376,
                49.43284752762956
              ],
              [
                -54.65013584028803,
                49.430894190969155
              ],
              [
                -54.636545415241144,
                49.44696696609813
              ],
              [
                -54.585275835757905,
                49.48993558934665
              ],
              [
                -54.560454887942754,
                49.51630281784225
              ],
              [
                -54.544748457682026,
                49.52912006588873
              ],
              [
                -54.53034422888202,
                49.53461341164992
              ],
              [
                -54.509022552600136,
                49.5366884442929
              ],
              [
                -54.469309005378896,
                49.54608784166865
              ],
              [
                -54.45148677391222,
                49.5482445087586
              ],
              [
                -54.443714950203585,
                49.54352442017014
              ],
              [
                -54.49620525059352,
                49.51007733237813
              ],
              [
                -54.498890745043106,
                49.50389229608363
              ],
              [
                -54.50609295144668,
                49.476263868495415
              ],
              [
                -54.50967359244002,
                49.471380821243955
              ],
              [
                -54.534046985941025,
                49.44521714169141
              ],
              [
                -54.51357992278553,
                49.459133314081186
              ],
              [
                -54.482980878573244,
                49.47109597449921
              ],
              [
                -54.452137877900306,
                49.47699630253543
              ],
              [
                -54.431019614454705,
                49.472560815396406
              ],
              [
                -54.444650831978734,
                49.46149319613417
              ],
              [
                -54.45567785002287,
                49.44843167056182
              ],
              [
                -54.45775310544299,
                49.435451689463065
              ],
              [
                -54.444650854734924,
                49.424750093106816
              ],
              [
                -54.47492430834204,
                49.40497474497969
              ],
              [
                -54.47940023282157,
                49.40053955914902
              ],
              [
                -54.485422327388655,
                49.380316465989424
              ],
              [
                -54.48696857550487,
                49.368109499762596
              ],
              [
                -54.482533368483125,
                49.362697756024424
              ],
              [
                -54.4601131159761,
                49.355536283287
              ],
              [
                -54.45579994909008,
                49.33860915760537
              ],
              [
                -54.462473091770775,
                49.31854884322061
              ],
              [
                -54.484771313630304,
                49.27863197210197
              ],
              [
                -54.48346923944696,
                49.267645667916696
              ],
              [
                -54.476674010289294,
                49.269232632750104
              ],
              [
                -54.47256429720785,
                49.2838403444054
              ],
              [
                -54.4634496598328,
                49.30101142182438
              ],
              [
                -54.44188386680608,
                49.31321835406503
              ],
              [
                -54.416818765186385,
                49.323635026474506
              ],
              [
                -54.3968399523207,
                49.33535385228756
              ],
              [
                -54.41641195944112,
                49.35130455399074
              ],
              [
                -54.40929109060681,
                49.371771405713055
              ],
              [
                -54.39256752470268,
                49.39207594814494
              ],
              [
                -54.372914218855854,
                49.42230873312339
              ],
              [
                -54.34894770871908,
                49.42910387769983
              ],
              [
                -54.30125888748408,
                49.430894190969155
              ],
              [
                -54.304310707630975,
                49.414699696081655
              ],
              [
                -54.292103612865674,
                49.41278709053849
              ],
              [
                -54.25967364170181,
                49.424750093106816
              ],
              [
                -54.258697111673094,
                49.407701028913074
              ],
              [
                -54.24876863365033,
                49.40623593438235
              ],
              [
                -54.21934970113007,
                49.41730367598869
              ],
              [
                -54.22647050358731,
                49.4025332608029
              ],
              [
                -54.23473063369422,
                49.390773926230324
              ],
              [
                -54.238596113717435,
                49.37860736956421
              ],
              [
                -54.232329918315564,
                49.362697756024424
              ],
              [
                -54.222035292806,
                49.3755557493649
              ],
              [
                -54.21764074136956,
                49.38955309293661
              ],
              [
                -54.21202556771314,
                49.40208580762594
              ],
              [
                -54.1976211854725,
                49.411078090844214
              ],
              [
                -54.1822810044884,
                49.393296483403915
              ],
              [
                -54.17927001257999,
                49.38279864175591
              ],
              [
                -54.176014833790305,
                49.38377528261556
              ],
              [
                -54.16038981659421,
                49.40053955914902
              ],
              [
                -54.1507868762888,
                49.41876852299086
              ],
              [
                -54.1472875450038,
                49.43773015880515
              ],
              [
                -54.13923088855912,
                49.45282614353282
              ],
              [
                -54.08551994225153,
                49.463690379091496
              ],
              [
                -54.0815323820353,
                49.46230710317861
              ],
              [
                -54.07689363900746,
                49.45538959467697
              ],
              [
                -54.06753500535703,
                49.460272650302585
              ],
              [
                -54.060047988972094,
                49.46869540149187
              ],
              [
                -54.061105877771034,
                49.472560815396406
              ],
              [
                -54.04881746962381,
                49.47711811677706
              ],
              [
                -54.04474854517569,
                49.48175701936451
              ],
              [
                -54.04108643631592,
                49.48086184045016
              ],
              [
                -54.03001868344966,
                49.46914296951584
              ],
              [
                -54.02110753437763,
                49.464667014148816
              ],
              [
                -53.99649004870686,
                49.46246982290592
              ],
              [
                -53.98595130755508,
                49.45888908270331
              ],
              [
                -54.00039624186866,
                49.456528914435836
              ],
              [
                -54.04059812379134,
                49.43838128654013
              ],
              [
                -54.016509554139624,
                49.43183010484443
              ],
              [
                -53.95107992498117,
                49.449204936200374
              ],
              [
                -53.92393960049572,
                49.45205317702283
              ],
              [
                -53.908314616760926,
                49.44501383306791
              ],
              [
                -53.87393146013631,
                49.42218663473698
              ],
              [
                -53.85875399838193,
                49.41730367598869
              ],
              [
                -53.84536701455829,
                49.41510657590666
              ],
              [
                -53.8059789942189,
                49.403021617779935
              ],
              [
                -53.79356852526743,
                49.396796064552795
              ],
              [
                -53.773345506268974,
                49.39980703101329
              ],
              [
                -53.754628056953095,
                49.39350006143328
              ],
              [
                -53.72524982468073,
                49.37628820931734
              ],
              [
                -53.67910727590072,
                49.366848185058586
              ],
              [
                -53.66372636983595,
                49.35944246046552
              ],
              [
                -53.67747966800009,
                49.34902591124871
              ],
              [
                -53.656117270758536,
                49.332220643683634
              ],
              [
                -53.62401281686705,
                49.326483443765184
              ],
              [
                -53.59471589610857,
                49.32444881257033
              ],
              [
                -53.58189862108338,
                49.31858973302658
              ],
              [
                -53.580555836636535,
                49.310288923477636
              ],
              [
                -53.57713780771116,
                49.30707423865396
              ],
              [
                -53.572580495446196,
                49.30540588914129
              ],
              [
                -53.56769767462161,
                49.301825137680304
              ],
              [
                -53.56383219853954,
                49.300848802856194
              ],
              [
                -53.55142170534892,
                49.30231361620702
              ],
              [
                -53.547108482639,
                49.301825137680304
              ],
              [
                -53.54662019529548,
                49.299261647019364
              ],
              [
                -53.5475967717785,
                49.28994364993888
              ],
              [
                -53.54710847327853,
                49.28754288593771
              ],
              [
                -53.536000137809964,
                49.28343335916884
              ],
              [
                -53.52204337900816,
                49.28021869352412
              ],
              [
                -53.5069474073322,
                49.280707131853696
              ],
              [
                -53.492543043334315,
                49.28754288593771
              ],
              [
                -53.47801678153053,
                49.26837813585867
              ],
              [
                -53.46955318655435,
                49.26235585427682
              ],
              [
                -53.45775305267095,
                49.260239958595605
              ],
              [
                -53.457753039387576,
                49.25340398505151
              ],
              [
                -53.453684011287145,
                49.242173466205976
              ],
              [
                -53.49185133157899,
                49.21873597524254
              ],
              [
                -53.492543086419914,
                49.19818753509496
              ],
              [
                -53.503000470990386,
                49.19806554104826
              ],
              [
                -53.52139241654075,
                49.193264160134106
              ],
              [
                -53.53010002926485,
                49.191961885341435
              ],
              [
                -53.54039471508639,
                49.18781173994796
              ],
              [
                -53.54039466603941,
                49.17861564088342
              ],
              [
                -53.533518028852946,
                49.164007868567126
              ],
              [
                -53.53945877822302,
                49.15623604304045
              ],
              [
                -53.55663003810558,
                49.14012286100981
              ],
              [
                -53.56017007878271,
                49.1333683076519
              ],
              [
                -53.56598873949888,
                49.12596264165531
              ],
              [
                -53.57933504451405,
                49.12807839252396
              ],
              [
                -53.605132572912375,
                49.13670470123851
              ],
              [
                -53.609852618764975,
                49.133612236289615
              ],
              [
                -53.61676996061851,
                49.12616601302691
              ],
              [
                -53.62230383498281,
                49.11717355616496
              ],
              [
                -53.622873487323304,
                49.1094424095158
              ],
              [
                -53.615874801848015,
                49.10545481406239
              ],
              [
                -53.60374911878769,
                49.10301331957043
              ],
              [
                -53.59093179584422,
                49.09857826336307
              ],
              [
                -53.581898563860086,
                49.08832427732504
              ],
              [
                -53.57957925335131,
                49.066636521810885
              ],
              [
                -53.58991457016048,
                49.052069550068595
              ],
              [
                -53.608957524217125,
                49.0436873477258
              ],
              [
                -53.79356850304517,
                49.027533308747174
              ],
              [
                -53.83824621258483,
                49.03367744729841
              ],
              [
                -53.84137932824344,
                49.03058493772472
              ],
              [
                -53.834584077539134,
                49.02374899047566
              ],
              [
                -53.822743315341114,
                49.0169945946262
              ],
              [
                -53.81094317731065,
                49.01386143448845
              ],
              [
                -53.742298992665496,
                49.01601806953123
              ],
              [
                -53.72524981828786,
                49.01386143448845
              ],
              [
                -53.74767009307523,
                48.99868410230797
              ],
              [
                -53.77745518189043,
                48.98777896959861
              ],
              [
                -53.809437638662956,
                48.98126864869921
              ],
              [
                -53.838246258773616,
                48.97907145479931
              ],
              [
                -53.85130772596766,
                48.98175684769459
              ],
              [
                -53.87466389376612,
                48.9923770965919
              ],
              [
                -53.88292391174055,
                48.99274310617489
              ],
              [
                -53.89635174705078,
                48.98053635186607
              ],
              [
                -53.88792883035958,
                48.970892618391375
              ],
              [
                -53.85496986487144,
                48.95921460951305
              ],
              [
                -53.81167563847342,
                48.935248262012735
              ],
              [
                -53.81094320868351,
                48.931301300472015
              ],
              [
                -53.82453368059141,
                48.92804602853531
              ],
              [
                -53.849476699955005,
                48.913967212022435
              ],
              [
                -53.862131299464046,
                48.91083401176401
              ],
              [
                -53.92393954211065,
                48.91766987874107
              ],
              [
                -53.938832182604465,
                48.9113223927161
              ],
              [
                -53.94945224884993,
                48.90326561141817
              ],
              [
                -53.96104890840082,
                48.897121351649524
              ],
              [
                -53.97850506253097,
                48.89655196464934
              ],
              [
                -53.96385659772063,
                48.8859317708351
              ],
              [
                -53.937855581848105,
                48.887030296311956
              ],
              [
                -53.88292400744153,
                48.89655196464934
              ],
              [
                -53.88292394606005,
                48.890326208705176
              ],
              [
                -53.958078616284915,
                48.86908610542481
              ],
              [
                -53.97850503124567,
                48.85618729527273
              ],
              [
                -53.96491456810584,
                48.841945846576955
              ],
              [
                -53.97858639862164,
                48.836330489343254
              ],
              [
                -53.994252123850174,
                48.83466229290631
              ],
              [
                -54.026600664257096,
                48.835679288554985
              ],
              [
                -54.04214435635235,
                48.833441532087065
              ],
              [
                -54.078114420037,
                48.82143798440331
              ],
              [
                -54.13678955007289,
                48.82143798440331
              ],
              [
                -54.14647380287255,
                48.817775895955194
              ],
              [
                -54.170277480752816,
                48.80487704142714
              ],
              [
                -54.184641025572304,
                48.80097061959183
              ],
              [
                -54.17959546864062,
                48.791652629947585
              ],
              [
                -54.181019628558836,
                48.78392152728504
              ],
              [
                -54.18748934847642,
                48.77814351545318
              ],
              [
                -54.1976212603939,
                48.77423747541924
              ],
              [
                -54.197621246285536,
                48.76740149841733
              ],
              [
                -54.16258709451206,
                48.771226446574246
              ],
              [
                -54.020863399335184,
                48.815375034685495
              ],
              [
                -54.00584880129222,
                48.814602063884
              ],
              [
                -53.990956209956764,
                48.80613848597344
              ],
              [
                -53.99010170393667,
                48.79580316011218
              ],
              [
                -53.99909424457298,
                48.7847355288034
              ],
              [
                -54.01329508826673,
                48.77423747541924
              ],
              [
                -53.990630684288746,
                48.76837805611701
              ],
              [
                -53.96983802231964,
                48.77301667544295
              ],
              [
                -53.96202548960965,
                48.78168357660818
              ],
              [
                -53.9785050394334,
                48.787909323139424
              ],
              [
                -53.94302328044987,
                48.824286309406816
              ],
              [
                -53.89513103428697,
                48.841742380620566
              ],
              [
                -53.84447185285334,
                48.83905682977124
              ],
              [
                -53.80040446514276,
                48.814602063884
              ],
              [
                -53.829416452162086,
                48.802150733382916
              ],
              [
                -53.857329915282556,
                48.79791910454501
              ],
              [
                -53.91771394184039,
                48.80097061959183
              ],
              [
                -53.9030656129401,
                48.791001844897984
              ],
              [
                -53.90099041395324,
                48.778550661891195
              ],
              [
                -53.90025796571118,
                48.76707597995758
              ],
              [
                -53.88975990296787,
                48.75995516717486
              ],
              [
                -53.877268049431976,
                48.76325108973525
              ],
              [
                -53.86754310031524,
                48.77301667544295
              ],
              [
                -53.85684155696018,
                48.77985248345692
              ],
              [
                -53.84137939814811,
                48.77423747541924
              ],
              [
                -53.877919031605934,
                48.74795144415156
              ],
              [
                -53.89924074320416,
                48.739976454940965
              ],
              [
                -53.92393959948024,
                48.73948807165553
              ],
              [
                -53.97085532732441,
                48.75116623400971
              ],
              [
                -53.9944961926261,
                48.753078433610945
              ],
              [
                -54.020130993011556,
                48.74632397114337
              ],
              [
                -54.02013100651141,
                48.73948807165553
              ],
              [
                -53.967152467833984,
                48.73663970163082
              ],
              [
                -53.94517980537861,
                48.72866442265193
              ],
              [
                -53.94440672172733,
                48.712144319591374
              ],
              [
                -53.93325760373938,
                48.703517936831936
              ],
              [
                -53.938710058737854,
                48.69407777985505
              ],
              [
                -53.94880118796881,
                48.68329485507978
              ],
              [
                -53.95124268054644,
                48.67059978452271
              ],
              [
                -53.94151773302373,
                48.660834124631805
              ],
              [
                -53.926096207901686,
                48.65643965933784
              ],
              [
                -53.90941320412328,
                48.65395739361755
              ],
              [
                -53.895985436967045,
                48.65009174095103
              ],
              [
                -53.89598553012151,
                48.64325606430534
              ],
              [
                -53.914133308533025,
                48.63792563907836
              ],
              [
                -53.93138587981616,
                48.629624766639935
              ],
              [
                -53.89354410852647,
                48.63202555175831
              ],
              [
                -53.79356845141838,
                48.67804586089172
              ],
              [
                -53.79356844499311,
                48.684881779953834
              ],
              [
                -53.87315833769782,
                48.673041098915384
              ],
              [
                -53.916656026332866,
                48.67275617478161
              ],
              [
                -53.920765763744846,
                48.68797437818001
              ],
              [
                -53.90416419811261,
                48.70140210204559
              ],
              [
                -53.869496173562204,
                48.72207252016092
              ],
              [
                -53.83519441308373,
                48.75039282631692
              ],
              [
                -53.83625238796376,
                48.74237696414581
              ],
              [
                -53.85496987857804,
                48.704738737010054
              ],
              [
                -53.75023354466708,
                48.712144319591374
              ],
              [
                -53.74510658903093,
                48.6985538172466
              ],
              [
                -53.72492430723978,
                48.69725176283071
              ],
              [
                -53.7146703616767,
                48.69505438610896
              ],
              [
                -53.70421302266473,
                48.6911074964616
              ],
              [
                -53.710072347759976,
                48.68366106770216
              ],
              [
                -53.715891032422206,
                48.68097551975691
              ],
              [
                -53.721994552621325,
                48.67914447932235
              ],
              [
                -53.72899332161908,
                48.674302556149975
              ],
              [
                -53.73306233693827,
                48.664984534272094
              ],
              [
                -53.72618572627561,
                48.65997969988524
              ],
              [
                -53.71446690198,
                48.658758788672294
              ],
              [
                -53.7042130426609,
                48.66095618552545
              ],
              [
                -53.65274002985724,
                48.68455635917245
              ],
              [
                -53.6399633986194,
                48.69476974829609
              ],
              [
                -53.631214992068706,
                48.69879797245049
              ],
              [
                -53.61839762508305,
                48.69953043936008
              ],
              [
                -53.60680091698718,
                48.69627514879176
              ],
              [
                -53.60171465768716,
                48.68797437818001
              ],
              [
                -53.604115335130885,
                48.67670311096938
              ],
              [
                -53.60997478092523,
                48.67308189068095
              ],
              [
                -53.61778718611816,
                48.671860921579864
              ],
              [
                -53.62596596816414,
                48.667466589981395
              ],
              [
                -53.642486103635264,
                48.65444562537418
              ],
              [
                -53.65957602426632,
                48.64712162148925
              ],
              [
                -53.6786189568076,
                48.64398838394411
              ],
              [
                -53.71617595949001,
                48.64183190900121
              ],
              [
                -53.78490147159177,
                48.62295149658019
              ],
              [
                -53.82827713976494,
                48.59544503091052
              ],
              [
                -53.846302918230805,
                48.59105067502861
              ],
              [
                -53.88394124684916,
                48.59088786523023
              ],
              [
                -53.90343173739398,
                48.58869040568259
              ],
              [
                -53.92149816231325,
                48.581488309670924
              ],
              [
                -53.93366454638684,
                48.57119383431053
              ],
              [
                -53.94444738110571,
                48.5592715130736
              ],
              [
                -53.9586482686679,
                48.54706459753073
              ],
              [
                -53.94347087823874,
                48.54238528762898
              ],
              [
                -53.93040935696679,
                48.549506061469984
              ],
              [
                -53.91763259260105,
                48.56073632941609
              ],
              [
                -53.903431721010705,
                48.56818254669234
              ],
              [
                -53.711008243690735,
                48.56073632941609
              ],
              [
                -53.73159747214903,
                48.554103942178806
              ],
              [
                -53.77448481091787,
                48.55076726635291
              ],
              [
                -53.79356852132168,
                48.540228673872846
              ],
              [
                -53.78612215984791,
                48.53782775408656
              ],
              [
                -53.77692627655207,
                48.53778729105844
              ],
              [
                -53.76935791247864,
                48.539007979798185
              ],
              [
                -53.76683512230559,
                48.540228673872846
              ],
              [
                -53.75104731641909,
                48.52997463877236
              ],
              [
                -53.74400791243056,
                48.5228945147345
              ],
              [
                -53.748890746980514,
                48.519761440233225
              ],
              [
                -53.75861566101379,
                48.516546863195366
              ],
              [
                -53.78766847613914,
                48.502427622814395
              ],
              [
                -53.80406649975884,
                48.49933492597112
              ],
              [
                -53.83674072445511,
                48.497626143762254
              ],
              [
                -53.867014121761336,
                48.49274321626547
              ],
              [
                -53.89574130159297,
                48.484442341997294
              ],
              [
                -53.923939548889486,
                48.472601536898814
              ],
              [
                -53.98053946308035,
                48.44098526736713
              ],
              [
                -54.00987712752771,
                48.42894127602114
              ],
              [
                -54.04369059492722,
                48.42413981698012
              ],
              [
                -54.07681231768376,
                48.42926670743
              ],
              [
                -54.09211182000838,
                48.42987712390355
              ],
              [
                -54.109486492970994,
                48.42413981698012
              ],
              [
                -54.148019972736925,
                48.39789456075759
              ],
              [
                -54.16413325732547,
                48.39069242283505
              ],
              [
                -54.15221105638204,
                48.384833045173025
              ],
              [
                -54.142486169830654,
                48.37791586331771
              ],
              [
                -54.136870916018,
                48.368557083659915
              ],
              [
                -54.13678948142347,
                48.3552919589237
              ],
              [
                -54.088042781471486,
                48.40119052081162
              ],
              [
                -54.0679419132906,
                48.40989832598389
              ],
              [
                -54.046131935442155,
                48.41034568688393
              ],
              [
                -54.00121009642936,
                48.405422286097945
              ],
              [
                -53.97850506420408,
                48.40989832598389
              ],
              [
                -53.89976961615264,
                48.458482037773656
              ],
              [
                -53.85537675284467,
                48.475246474302395
              ],
              [
                -53.81403562913371,
                48.46515539210767
              ],
              [
                -53.8289689128492,
                48.448675943431766
              ],
              [
                -53.876698423105616,
                48.40989832598389
              ],
              [
                -53.88145908977183,
                48.38837304560704
              ],
              [
                -53.87303623518592,
                48.37348046025393
              ],
              [
                -53.856027844944805,
                48.36839440285369
              ],
              [
                -53.83511312113336,
                48.376410325133214
              ],
              [
                -53.852528462820544,
                48.383612408216955
              ],
              [
                -53.8455703963726,
                48.394964782145244
              ],
              [
                -53.81403566416111,
                48.417385308094175
              ],
              [
                -53.81029214430824,
                48.4237328807974
              ],
              [
                -53.80606035312974,
                48.432847404010694
              ],
              [
                -53.80089272539258,
                48.44110754089634
              ],
              [
                -53.793853355009624,
                48.44464762960422
              ],
              [
                -53.77904208036716,
                48.447455030331945
              ],
              [
                -53.775624173937096,
                48.45482011307364
              ],
              [
                -53.77529866717391,
                48.46482991920576
              ],
              [
                -53.76992751455606,
                48.4757347018986
              ],
              [
                -53.74185137841461,
                48.50006748499038
              ],
              [
                -53.700306738130415,
                48.52838767220299
              ],
              [
                -53.656849741316506,
                48.546576245528136
              ],
              [
                -53.622873534219124,
                48.540228673872846
              ],
              [
                -53.634144615025754,
                48.53241595332089
              ],
              [
                -53.65444907117198,
                48.52269128387698
              ],
              [
                -53.66319741604265,
                48.513576624365065
              ],
              [
                -53.64940342700318,
                48.514634442108346
              ],
              [
                -53.63646396185757,
                48.51349508763052
              ],
              [
                -53.62498940590003,
                48.508734495368145
              ],
              [
                -53.615386486885924,
                48.49933492597112
              ],
              [
                -53.700266058792515,
                48.45547103608152
              ],
              [
                -53.71410074897837,
                48.44538004601264
              ],
              [
                -53.72524984178611,
                48.431586111804734
              ],
              [
                -53.718413901711,
                48.42413981698012
              ],
              [
                -53.69709225958553,
                48.435492276449224
              ],
              [
                -53.67540439071068,
                48.44415914720713
              ],
              [
                -53.653798029041745,
                48.4496118568826
              ],
              [
                -53.63280185813749,
                48.45148338433876
              ],
              [
                -53.624419774309864,
                48.46255131064978
              ],
              [
                -53.58812418237445,
                48.52659748094595
              ],
              [
                -53.581898596371055,
                48.52659748094595
              ],
              [
                -53.57701579865047,
                48.51312909917138
              ],
              [
                -53.57811435585557,
                48.50263083896096
              ],
              [
                -53.58812412561544,
                48.47882713853484
              ],
              [
                -53.56867426702117,
                48.48786037379814
              ],
              [
                -53.558257584187814,
                48.49119691700137
              ],
              [
                -53.54710852848686,
                48.49241771137792
              ],
              [
                -53.6153865748529,
                48.40989832598389
              ],
              [
                -53.5955297117962,
                48.42072163304098
              ],
              [
                -53.558501788997596,
                48.44757730667086
              ],
              [
                -53.54092365004167,
                48.46515539210767
              ],
              [
                -53.53018146880606,
                48.45734291130403
              ],
              [
                -53.521473719294065,
                48.46222553196828
              ],
              [
                -53.505523290735496,
                48.486273645869964
              ],
              [
                -53.50352943509457,
                48.491929454755045
              ],
              [
                -53.501372894601026,
                48.50763593240561
              ],
              [
                -53.49868732497814,
                48.513576624365065
              ],
              [
                -53.49095616449921,
                48.51495997281104
              ],
              [
                -53.482085689281675,
                48.51121639258721
              ],
              [
                -53.47500566448825,
                48.51097240221402
              ],
              [
                -53.469837966053944,
                48.531317297360964
              ],
              [
                -53.4649145645943,
                48.53656660765305
              ],
              [
                -53.459950357121194,
                48.540228673872846
              ],
              [
                -53.457753026596826,
                48.543646460338074
              ],
              [
                -53.45881102014928,
                48.55141841232492
              ],
              [
                -53.463612441706914,
                48.56386955478261
              ],
              [
                -53.46458900404341,
                48.57160067572664
              ],
              [
                -53.46422283379826,
                48.58681888697523
              ],
              [
                -53.46129311365042,
                48.59296300218676
              ],
              [
                -53.44465087171986,
                48.598130676448115
              ],
              [
                -53.441151502154845,
                48.604315514376594
              ],
              [
                -53.44001218561872,
                48.611151466794205
              ],
              [
                -53.43724527669606,
                48.615912263629205
              ],
              [
                -53.423573389710555,
                48.62287023680385
              ],
              [
                -53.41417394443929,
                48.623765331547276
              ],
              [
                -53.38267984766475,
                48.615912263629205
              ],
              [
                -53.35366780948069,
                48.61456950612082
              ],
              [
                -53.342193141430656,
                48.612738287012505
              ],
              [
                -53.306792777541006,
                48.58930086086008
              ],
              [
                -53.30166585616716,
                48.57941325830426
              ],
              [
                -53.31761635483794,
                48.55231358607055
              ],
              [
                -53.30968172343386,
                48.54877337293343
              ],
              [
                -53.29454508622467,
                48.552191572916854
              ],
              [
                -53.28026280187762,
                48.56073632941609
              ],
              [
                -53.27904208636078,
                48.54999410970766
              ],
              [
                -53.27481038452237,
                48.53961832616862
              ],
              [
                -53.26813717200197,
                48.5312360643254
              ],
              [
                -53.25914469019415,
                48.52659748094595
              ],
              [
                -53.24351962978771,
                48.52635316829372
              ],
              [
                -53.23839267096318,
                48.53351461359996
              ],
              [
                -53.236887135763055,
                48.54409403438842
              ],
              [
                -53.23184158326961,
                48.554510758652285
              ],
              [
                -53.21540279472969,
                48.56663644787587
              ],
              [
                -53.17625890292183,
                48.58885321419452
              ],
              [
                -53.16295326864665,
                48.60171137157097
              ],
              [
                -53.17039955968529,
                48.60911697633728
              ],
              [
                -53.15859944412447,
                48.62514891826757
              ],
              [
                -53.15233311617561,
                48.63117090695007
              ],
              [
                -53.14305580915678,
                48.63646072481362
              ],
              [
                -53.129383891702126,
                48.63979719342163
              ],
              [
                -53.10846923372969,
                48.64012287050642
              ],
              [
                -53.09805253325031,
                48.64667388152612
              ],
              [
                -53.098540850080624,
                48.65094644415604
              ],
              [
                -53.084543429937604,
                48.699855877814215
              ],
              [
                -53.076812329462534,
                48.70355873310494
              ],
              [
                -53.0713598842108,
                48.700384986548656
              ],
              [
                -53.07420813963343,
                48.6911074964616
              ],
              [
                -53.06509350709048,
                48.68085345001669
              ],
              [
                -53.054554781990376,
                48.67767965571979
              ],
              [
                -53.04360919199858,
                48.67601149687162
              ],
              [
                -53.03319254989048,
                48.67059978452271
              ],
              [
                -53.02521722426161,
                48.66014224124306
              ],
              [
                -53.01842195163896,
                48.64028540020054
              ],
              [
                -53.01276608866602,
                48.629624766639935
              ],
              [
                -52.98289956106019,
                48.60419347842882
              ],
              [
                -52.98127199235961,
                48.59105067502861
              ],
              [
                -53.005848732447035,
                48.575018537787955
              ],
              [
                -53.00031487093302,
                48.57037984434676
              ],
              [
                -52.990549288566406,
                48.55914949687602
              ],
              [
                -52.9847712703519,
                48.554510758652285
              ],
              [
                -52.9986059262881,
                48.546576245528136
              ],
              [
                -53.01451578484489,
                48.54205972498914
              ],
              [
                -53.02774000331884,
                48.535833953069314
              ],
              [
                -53.03319246163374,
                48.523179285272654
              ],
              [
                -53.035064261196794,
                48.51691316497887
              ],
              [
                -53.04430092072189,
                48.50039299876104
              ],
              [
                -53.04747473948236,
                48.49241771137792
              ],
              [
                -53.048410663665344,
                48.48509364246039
              ],
              [
                -53.04747472355827,
                48.46173732784527
              ],
              [
                -53.05846106927545,
                48.435858472511754
              ],
              [
                -53.084706227445885,
                48.41795494434718
              ],
              [
                -53.143055782498884,
                48.39687731595448
              ],
              [
                -53.15489656352129,
                48.388739180559234
              ],
              [
                -53.18317624319608,
                48.361232835601136
              ],
              [
                -53.18740797204735,
                48.3552919589237
              ],
              [
                -53.22207594102456,
                48.3552919589237
              ],
              [
                -53.239328616478375,
                48.3601749763246
              ],
              [
                -53.269764753637084,
                48.382269528421396
              ],
              [
                -53.285064222119686,
                48.38499573542288
              ],
              [
                -53.314361152817355,
                48.383205530401526
              ],
              [
                -53.32530680310077,
                48.377264810452914
              ],
              [
                -53.33189860603933,
                48.375555842391755
              ],
              [
                -53.334868954824195,
                48.37978753287857
              ],
              [
                -53.338205564254174,
                48.38617593713273
              ],
              [
                -53.34585527585081,
                48.388006911128706
              ],
              [
                -53.35488843407629,
                48.38666401047921
              ],
              [
                -53.362172024836035,
                48.383205530401526
              ],
              [
                -53.355539494431156,
                48.360500328596984
              ],
              [
                -53.386545423081266,
                48.30605716468563
              ],
              [
                -53.36900797467738,
                48.29385009545399
              ],
              [
                -53.38841711754367,
                48.286118872116376
              ],
              [
                -53.4457088415069,
                48.285712133849884
              ],
              [
                -53.45775301319112,
                48.277044858129265
              ],
              [
                -53.46808832420146,
                48.25653711754815
              ],
              [
                -53.49217691264411,
                48.24770749729373
              ],
              [
                -53.5409236796537,
                48.23981368011411
              ],
              [
                -53.5492243700176,
                48.23432025722366
              ],
              [
                -53.57445231028854,
                48.211859534261905
              ],
              [
                -53.60924229120506,
                48.1890322202808
              ],
              [
                -53.61921133806885,
                48.18085342885346
              ],
              [
                -53.63947509114979,
                48.169338360602794
              ],
              [
                -53.66417394898078,
                48.16657133308707
              ],
              [
                -53.68932044570809,
                48.17011140558892
              ],
              [
                -53.754628020508854,
                48.19330464531066
              ],
              [
                -53.776478694630036,
                48.19708907535611
              ],
              [
                -53.8040665840694,
                48.19822839383522
              ],
              [
                -53.845082193382076,
                48.19082275013382
              ],
              [
                -53.85578366482245,
                48.19578687040411
              ],
              [
                -53.864613407276,
                48.207017309414645
              ],
              [
                -53.87165279026486,
                48.218817425184284
              ],
              [
                -53.87669841131055,
                48.225531431481414
              ],
              [
                -53.90387936586095,
                48.23676179979264
              ],
              [
                -53.925282333303805,
                48.23700586262842
              ],
              [
                -53.93936117235745,
                48.225531431481414
              ],
              [
                -53.94440675796396,
                48.20164637635737
              ],
              [
                -53.941273513574004,
                48.176703040186474
              ],
              [
                -53.93382725851714,
                48.158433279594455
              ],
              [
                -53.925119551280936,
                48.142035098577814
              ],
              [
                -53.91771397107296,
                48.12250390199992
              ],
              [
                -53.913156719709555,
                48.0943057729434
              ],
              [
                -53.90518146288582,
                48.08510982187724
              ],
              [
                -53.80406650776551,
                48.07477440027268
              ],
              [
                -53.72508699975024,
                48.083197209196456
              ],
              [
                -53.68399002609315,
                48.08038968188708
              ],
              [
                -53.66319737266549,
                48.06110254194328
              ],
              [
                -53.72374427466285,
                48.03974031536858
              ],
              [
                -53.78734286030123,
                48.02631244466997
              ],
              [
                -53.85496981324756,
                48.02631244466997
              ],
              [
                -53.907622841369594,
                48.0383975004828
              ],
              [
                -53.92393959781254,
                48.033758901176036
              ],
              [
                -53.90835527996881,
                48.02106356392449
              ],
              [
                -53.88683023568784,
                48.014838040071076
              ],
              [
                -53.841949026169736,
                48.0126407010766
              ],
              [
                -53.82030188053197,
                48.00869373346951
              ],
              [
                -53.797840913488535,
                48.00169494932649
              ],
              [
                -53.77594964287477,
                47.99941631872455
              ],
              [
                -53.741118988241716,
                48.01679120990243
              ],
              [
                -53.6843156064569,
                48.02008711725319
              ],
              [
                -53.66527259294047,
                48.02830639044321
              ],
              [
                -53.629139779672606,
                48.0496280018025
              ],
              [
                -53.60855054192965,
                48.05426654531555
              ],
              [
                -53.61758382253548,
                48.038885908212535
              ],
              [
                -53.62287351772427,
                48.033758901176036
              ],
              [
                -53.62157143080203,
                48.00495029881863
              ],
              [
                -53.644846197833026,
                47.96588787666545
              ],
              [
                -53.69733633999606,
                47.896633055086305
              ],
              [
                -53.72118076349098,
                47.902044903987004
              ],
              [
                -53.787342879373455,
                47.90346907502105
              ],
              [
                -53.78734285090885,
                47.896633055086305
              ],
              [
                -53.75523836413191,
                47.895208917030594
              ],
              [
                -53.72524977811721,
                47.889797193408086
              ],
              [
                -53.729603617360475,
                47.8701031772978
              ],
              [
                -53.73253334597276,
                47.84247471732854
              ],
              [
                -53.74128170789487,
                47.81785717236107
              ],
              [
                -53.763172941310195,
                47.80719624137466
              ],
              [
                -53.77082270457683,
                47.80019761345324
              ],
              [
                -53.780425625818616,
                47.78595623993309
              ],
              [
                -53.791615375875956,
                47.7746036173182
              ],
              [
                -53.80406655562146,
                47.776516074683634
              ],
              [
                -53.822132970682105,
                47.79018797579221
              ],
              [
                -53.83120679816664,
                47.79974996073165
              ],
              [
                -53.83511306895704,
                47.81061427873486
              ],
              [
                -53.84471599899999,
                47.824652552215944
              ],
              [
                -53.86750239142244,
                47.843451191275356
              ],
              [
                -53.894764772281505,
                47.858832081554446
              ],
              [
                -53.917713982179095,
                47.86245347827441
              ],
              [
                -53.928944516551674,
                47.852443900196924
              ],
              [
                -53.87730875204788,
                47.82811115365428
              ],
              [
                -53.876698331226386,
                47.80719624137466
              ],
              [
                -53.85826579615919,
                47.80158124356585
              ],
              [
                -53.85464438225717,
                47.78489831535207
              ],
              [
                -53.85415605353051,
                47.767523503644796
              ],
              [
                -53.84508212766646,
                47.75942607772253
              ],
              [
                -53.83348548697068,
                47.75177645125364
              ],
              [
                -53.82892813710082,
                47.73574438293444
              ],
              [
                -53.8348689073773,
                47.721258750066355
              ],
              [
                -53.85496986851386,
                47.71845127518748
              ],
              [
                -53.84679115251893,
                47.70677320075501
              ],
              [
                -53.807850684871056,
                47.67747621667863
              ],
              [
                -53.79381257829603,
                47.664048422942585
              ],
              [
                -53.76317293250999,
                47.62567766110466
              ],
              [
                -53.73790439485379,
                47.61969626543937
              ],
              [
                -53.72118074376896,
                47.64443579692847
              ],
              [
                -53.70571855774733,
                47.67609285188223
              ],
              [
                -53.68431557263299,
                47.691148218585205
              ],
              [
                -53.66616772386794,
                47.68402726825775
              ],
              [
                -53.66844636671595,
                47.66962296494049
              ],
              [
                -53.68016511701666,
                47.65379451576894
              ],
              [
                -53.69054119642334,
                47.642727104536895
              ],
              [
                -53.70299233405207,
                47.61957433561332
              ],
              [
                -53.70759034791401,
                47.61603438932023
              ],
              [
                -53.71174065856449,
                47.60993064243414
              ],
              [
                -53.71011309394561,
                47.59780510604278
              ],
              [
                -53.70384678034386,
                47.58869041354163
              ],
              [
                -53.69395913468735,
                47.59178300525544
              ],
              [
                -53.68663486643877,
                47.59764223681576
              ],
              [
                -53.68073478078433,
                47.59870011864897
              ],
              [
                -53.67003334923552,
                47.59552648421768
              ],
              [
                -53.671986432688165,
                47.589911129154764
              ],
              [
                -53.66706299943481,
                47.577622918548826
              ],
              [
                -53.66038975366157,
                47.56997297801566
              ],
              [
                -53.65697185131202,
                47.577867052382146
              ],
              [
                -53.6554255769518,
                47.57965727053243
              ],
              [
                -53.65233310127731,
                47.576849572820464
              ],
              [
                -53.64976966658423,
                47.57025789629009
              ],
              [
                -53.65021725029426,
                47.56077708002284
              ],
              [
                -53.653635240191015,
                47.55223222293029
              ],
              [
                -53.67003334358197,
                47.52667881182155
              ],
              [
                -53.6561173261641,
                47.53339267176205
              ],
              [
                -53.631581193928625,
                47.555406020987185
              ],
              [
                -53.62287350029512,
                47.56077708002284
              ],
              [
                -53.617909309089484,
                47.5595156922616
              ],
              [
                -53.61327061764784,
                47.555243174481596
              ],
              [
                -53.609934042358304,
                47.549383836597954
              ],
              [
                -53.60855058271497,
                47.543402404323565
              ],
              [
                -53.60513260592776,
                47.539374061564175
              ],
              [
                -53.59727942697176,
                47.541205147840465
              ],
              [
                -53.58836827400274,
                47.54486719947352
              ],
              [
                -53.58189854233305,
                47.54653547689677
              ],
              [
                -53.55386308160135,
                47.53925201005823
              ],
              [
                -53.55011956945757,
                47.54389061728692
              ],
              [
                -53.5471085262975,
                47.56077708002284
              ],
              [
                -53.548980260221896,
                47.572414417657555
              ],
              [
                -53.55309000893052,
                47.581000171966096
              ],
              [
                -53.55085198710077,
                47.5882021286709
              ],
              [
                -53.53351805019169,
                47.59552648421768
              ],
              [
                -53.55174723857813,
                47.612372249587416
              ],
              [
                -53.56065836226468,
                47.62384683527704
              ],
              [
                -53.55703691867034,
                47.62909578653788
              ],
              [
                -53.543202318767335,
                47.62872967793115
              ],
              [
                -53.53453524607439,
                47.627020458499615
              ],
              [
                -53.5130102687368,
                47.61603438932023
              ],
              [
                -53.51744543709888,
                47.63271717569719
              ],
              [
                -53.51195228781344,
                47.64398837663139
              ],
              [
                -53.508534261354015,
                47.65497453803317
              ],
              [
                -53.51919514397802,
                47.670640448543864
              ],
              [
                -53.50291903694206,
                47.67304097205329
              ],
              [
                -53.48863688835097,
                47.68244061462661
              ],
              [
                -53.48033605762909,
                47.69257230568824
              ],
              [
                -53.482004358590814,
                47.69733306797987
              ],
              [
                -53.49038653228423,
                47.702866956045185
              ],
              [
                -53.497425924484915,
                47.71621332225908
              ],
              [
                -53.50096594654743,
                47.7323672449549
              ],
              [
                -53.49868726450376,
                47.74640522613364
              ],
              [
                -53.48717196175908,
                47.75991433218085
              ],
              [
                -53.47618565316039,
                47.76483789158934
              ],
              [
                -53.467844165901276,
                47.77147033132028
              ],
              [
                -53.46458896758666,
                47.79047264043634
              ],
              [
                -53.45954337766484,
                47.80548723741465
              ],
              [
                -53.44176189147491,
                47.8207869772542
              ],
              [
                -53.44408118104748,
                47.82831451142858
              ],
              [
                -53.4291885820105,
                47.85057193738766
              ],
              [
                -53.42015543711804,
                47.861151532984756
              ],
              [
                -53.40933178992519,
                47.86928932423767
              ],
              [
                -53.39415446178436,
                47.87555583481831
              ],
              [
                -53.38247631911332,
                47.87636939694606
              ],
              [
                -53.35533602197076,
                47.86928932423767
              ],
              [
                -53.35533611099371,
                47.87547447872859
              ],
              [
                -53.36510169486741,
                47.887030349320426
              ],
              [
                -53.36261962186685,
                47.89980711092768
              ],
              [
                -53.3521215347823,
                47.913316106772776
              ],
              [
                -53.338286944451326,
                47.92731363517998
              ],
              [
                -53.32876542502649,
                47.940985407484135
              ],
              [
                -53.31346595968585,
                47.974676853047235
              ],
              [
                -53.3035375655382,
                47.98871491545286
              ],
              [
                -53.276478665652,
                48.0164249317555
              ],
              [
                -53.26838127092926,
                48.02033099737583
              ],
              [
                -53.24864659552762,
                48.01911036552863
              ],
              [
                -53.23924724706343,
                48.02008711725319
              ],
              [
                -53.22899332380108,
                48.02586506517121
              ],
              [
                -53.22175048594637,
                48.032660312582614
              ],
              [
                -53.21385655450609,
                48.03827539867819
              ],
              [
                -53.18431561019017,
                48.0425480672364
              ],
              [
                -53.180287243419954,
                48.04755281479826
              ],
              [
                -53.179066586853644,
                48.054144745216156
              ],
              [
                -53.17039952087059,
                48.06110254194328
              ],
              [
                -53.14806070887399,
                48.064276529188476
              ],
              [
                -53.13243567391397,
                48.05658599895657
              ],
              [
                -53.11774650306094,
                48.045965753819566
              ],
              [
                -53.09805251422229,
                48.04059472502838
              ],
              [
                -53.08128817692077,
                48.0438498915218
              ],
              [
                -53.06102456815932,
                48.051906716001646
              ],
              [
                -53.04210360177685,
                48.061834902584714
              ],
              [
                -53.02953041509233,
                48.07099033708419
              ],
              [
                -52.99107823268451,
                48.10651270018993
              ],
              [
                -52.95262612613735,
                48.15302161033986
              ],
              [
                -52.93545491326066,
                48.16673420754981
              ],
              [
                -52.92332923241048,
                48.170965891086254
              ],
              [
                -52.90046139949989,
                48.161281664743
              ],
              [
                -52.865834154634484,
                48.12396893503725
              ],
              [
                -52.83478751631899,
                48.11249406935603
              ],
              [
                -52.83674070107869,
                48.10545485512937
              ],
              [
                -52.84601805101935,
                48.09837479441089
              ],
              [
                -52.85822511126479,
                48.095201051457536
              ],
              [
                -52.90290284630473,
                48.095201051457536
              ],
              [
                -52.91441813683854,
                48.089585791854525
              ],
              [
                -52.920765768590485,
                48.08209874240241
              ],
              [
                -52.92503820751631,
                48.07412341824716
              ],
              [
                -52.930165146227786,
                48.067328128705114
              ],
              [
                -52.946197035288336,
                48.054347950980016
              ],
              [
                -52.95409099420269,
                48.04580325554389
              ],
              [
                -52.957427527024045,
                48.03717679307394
              ],
              [
                -52.95970616564012,
                48.01748276156141
              ],
              [
                -52.9669082941661,
                48.00165425383334
              ],
              [
                -52.97960359994994,
                47.98712786578584
              ],
              [
                -52.99844313642368,
                47.97166567957885
              ],
              [
                -53.035796729368535,
                47.94839116474784
              ],
              [
                -53.05357829524302,
                47.93256268718652
              ],
              [
                -53.06114658106172,
                47.91364157296561
              ],
              [
                -53.06090251745545,
                47.88776289173061
              ],
              [
                -53.06281493774678,
                47.86957437285871
              ],
              [
                -53.070668093609505,
                47.853705132175264
              ],
              [
                -53.088490373898736,
                47.83445875492459
              ],
              [
                -53.1257217725745,
                47.8077659115419
              ],
              [
                -53.14232335070868,
                47.790960945680844
              ],
              [
                -53.14928138912329,
                47.769354588612295
              ],
              [
                -53.15314696941164,
                47.76414631496777
              ],
              [
                -53.16197673923323,
                47.756415244191714
              ],
              [
                -53.17227133509105,
                47.74945723578133
              ],
              [
                -53.180287199738814,
                47.74640522613364
              ],
              [
                -53.18659424024319,
                47.74526612110309
              ],
              [
                -53.19635979752651,
                47.74013897000104
              ],
              [
                -53.201405358354194,
                47.738958921398975
              ],
              [
                -53.20738685921281,
                47.73590732680044
              ],
              [
                -53.20181231393103,
                47.72955966606025
              ],
              [
                -53.193348713122525,
                47.72435116092834
              ],
              [
                -53.19082594298254,
                47.724676728349515
              ],
              [
                -53.162953266353085,
                47.71845127518748
              ],
              [
                -53.174427862261744,
                47.705023499906986
              ],
              [
                -53.18399005150596,
                47.691148218585205
              ],
              [
                -53.17463136230292,
                47.69647872457217
              ],
              [
                -53.16661541109235,
                47.697170453041764
              ],
              [
                -53.16038976019849,
                47.69293849180535
              ],
              [
                -53.156117359534775,
                47.683742704762686
              ],
              [
                -53.17178303329603,
                47.67475014413181
              ],
              [
                -53.194691558541166,
                47.643378063158494
              ],
              [
                -53.214466954903614,
                47.636542143819874
              ],
              [
                -53.23241129605952,
                47.63344971092683
              ],
              [
                -53.25182039895407,
                47.62539284472101
              ],
              [
                -53.262074389552055,
                47.614203313918544
              ],
              [
                -53.25230877461085,
                47.601752171522165
              ],
              [
                -53.24144449566463,
                47.60822183702637
              ],
              [
                -53.230091971430376,
                47.6126164113851
              ],
              [
                -53.21792556886522,
                47.61513901762116
              ],
              [
                -53.204497899455795,
                47.61603438932023
              ],
              [
                -53.21776282645416,
                47.60545482427176
              ],
              [
                -53.24364172207501,
                47.59259672078569
              ],
              [
                -53.25230875721332,
                47.58124430851324
              ],
              [
                -53.230702253533835,
                47.58258690909686
              ],
              [
                -53.21052001208415,
                47.58930092467096
              ],
              [
                -53.170399493716985,
                47.60919816412519
              ],
              [
                -53.18260653742065,
                47.59341043849795
              ],
              [
                -53.20734620205418,
                47.577622918548826
              ],
              [
                -53.23485266365756,
                47.56561919523224
              ],
              [
                -53.25572669030679,
                47.56077708002284
              ],
              [
                -53.259754989244215,
                47.5585390631072
              ],
              [
                -53.252919059752955,
                47.55365627216715
              ],
              [
                -53.24058999153238,
                47.54877355951511
              ],
              [
                -53.22842360749578,
                47.54653547689677
              ],
              [
                -53.21703042286411,
                47.54832597245941
              ],
              [
                -53.183990036309076,
                47.56077708002284
              ],
              [
                -53.182240382643045,
                47.523505004946074
              ],
              [
                -53.18399001320025,
                47.51239647888507
              ],
              [
                -53.18952390866118,
                47.50259028513153
              ],
              [
                -53.19676673877746,
                47.49396395693823
              ],
              [
                -53.2028702644322,
                47.484198363372855
              ],
              [
                -53.204497847594155,
                47.47138091694965
              ],
              [
                -53.189930778489526,
                47.480414087180705
              ],
              [
                -53.17609617701512,
                47.492173626106016
              ],
              [
                -53.16266840597384,
                47.500555677813374
              ],
              [
                -53.149281383262775,
                47.499416420581355
              ],
              [
                -53.152984195565764,
                47.49022049390333
              ],
              [
                -53.15367590506866,
                47.486273487488546
              ],
              [
                -53.14928136467902,
                47.478216821704464
              ],
              [
                -53.18130449181431,
                47.452093819405846
              ],
              [
                -53.19522051849044,
                47.43707920295177
              ],
              [
                -53.187407984768775,
                47.430487306288725
              ],
              [
                -53.16738847562413,
                47.434027409888934
              ],
              [
                -53.156157981792425,
                47.44049706247123
              ],
              [
                -53.14419510486129,
                47.44367093306338
              ],
              [
                -53.12193764847148,
                47.43724198661294
              ],
              [
                -53.127186662251646,
                47.421210055385664
              ],
              [
                -53.129383906564534,
                47.41681546314738
              ],
              [
                -53.11375889920409,
                47.43056869636602
              ],
              [
                -53.078114399448594,
                47.47003818982514
              ],
              [
                -53.03795324469841,
                47.48444242247669
              ],
              [
                -52.97179115643129,
                47.52667881182155
              ],
              [
                -52.911732565384305,
                47.55630121656569
              ],
              [
                -52.89293369778489,
                47.57103091739414
              ],
              [
                -52.87637289111976,
                47.588283714675974
              ],
              [
                -52.86115471718174,
                47.60838440404496
              ],
              [
                -52.848947733509,
                47.629624781926545
              ],
              [
                -52.84142004440094,
                47.65013253450684
              ],
              [
                -52.81847085565482,
                47.74363848368785
              ],
              [
                -52.79841062646368,
                47.78815343250538
              ],
              [
                -52.772531747554524,
                47.80101158523261
              ],
              [
                -52.76549233546717,
                47.795599731363914
              ],
              [
                -52.75690671189706,
                47.77903882431844
              ],
              [
                -52.75206460618755,
                47.77309812027607
              ],
              [
                -52.71051993735585,
                47.76129777548548
              ],
              [
                -52.704213058575284,
                47.75600831884274
              ],
              [
                -52.69741778212818,
                47.71474846698003
              ],
              [
                -52.70059161014714,
                47.702866956045185
              ],
              [
                -52.71792561255915,
                47.670640448543864
              ],
              [
                -52.70881098605708,
                47.661810566805315
              ],
              [
                -52.693023220640235,
                47.66030501970943
              ],
              [
                -52.66665608726193,
                47.66380452753579
              ],
              [
                -52.657541455830675,
                47.66058986901302
              ],
              [
                -52.65493730626076,
                47.65216706570168
              ],
              [
                -52.65664627821984,
                47.603176144963655
              ],
              [
                -52.66441811871282,
                47.58710364451845
              ],
              [
                -52.69058184414071,
                47.55394117516467
              ],
              [
                -52.67690995832519,
                47.56077708002284
              ],
              [
                -52.67202716075648,
                47.54767490993118
              ],
              [
                -52.659901518982295,
                47.536810682377265
              ],
              [
                -52.644195110051655,
                47.52936430729318
              ],
              [
                -52.62881426835727,
                47.52667881182155
              ]
            ]
          ],
          [
            [
              [
                -55.35269121504763,
                51.8845075660329
              ],
              [
                -55.40965736083407,
                51.88206615951304
              ],
              [
                -55.42739822795421,
                51.891343460950935
              ],
              [
                -55.41852781123716,
                51.91864658110025
              ],
              [
                -55.383127384660185,
                51.95962143054588
              ],
              [
                -55.37450112849281,
                51.963771930442284
              ],
              [
                -55.344960121697206,
                51.972316874328286
              ],
              [
                -55.33226480003224,
                51.97386307536864
              ],
              [
                -55.312367316534285,
                51.983710026893256
              ],
              [
                -55.28726155134623,
                52.00063717836531
              ],
              [
                -55.27013098955784,
                52.005601305326095
              ],
              [
                -55.27391516003406,
                51.98012928005036
              ],
              [
                -55.28604083633168,
                51.95954014725195
              ],
              [
                -55.33238686430154,
                51.89760980685583
              ],
              [
                -55.35269121504763,
                51.8845075660329
              ]
            ]
          ],
          [
            [
              [
                -54.79422649454403,
                47.279387621028235
              ],
              [
                -54.7781363953904,
                47.27356366158929
              ],
              [
                -54.79230003251006,
                47.259077125393254
              ],
              [
                -54.798379484802645,
                47.24259924811494
              ],
              [
                -54.812399271526814,
                47.231781100480035
              ],
              [
                -54.828253372372764,
                47.243140803415216
              ],
              [
                -54.83005120784492,
                47.26713316578918
              ],
              [
                -54.79422649454403,
                47.279387621028235
              ]
            ]
          ],
          [
            [
              [
                -54.19560372277901,
                47.393208293751215
              ],
              [
                -54.17804203403215,
                47.41819334354031
              ],
              [
                -54.15867827645387,
                47.414670499021305
              ],
              [
                -54.14458937636741,
                47.4004446041618
              ],
              [
                -54.153353609344954,
                47.36835616918059
              ],
              [
                -54.177962294064734,
                47.359983713463656
              ],
              [
                -54.20962564567333,
                47.35990249579793
              ],
              [
                -54.22019711987555,
                47.36819296035449
              ],
              [
                -54.216702016047876,
                47.38127347457535
              ],
              [
                -54.20438923697186,
                47.384869932204715
              ],
              [
                -54.19560372277901,
                47.393208293751215
              ]
            ]
          ],
          [
            [
              [
                -52.95647530959134,
                47.654806403054955
              ],
              [
                -52.91876012329243,
                47.65264344421689
              ],
              [
                -52.91644345844228,
                47.63445567960112
              ],
              [
                -52.946429448939114,
                47.61838952511338
              ],
              [
                -52.97650173185999,
                47.59686606916774
              ],
              [
                -53.00619270095037,
                47.59349787556695
              ],
              [
                -53.03033635972819,
                47.59915547695356
              ],
              [
                -53.019183859393564,
                47.61903981554134
              ],
              [
                -52.95647530959134,
                47.654806403054955
              ]
            ]
          ],
          [
            [
              [
                -55.85427053818188,
                50.20503322593285
              ],
              [
                -55.850275844764234,
                50.21432950440464
              ],
              [
                -55.842344456224644,
                50.21516462309431
              ],
              [
                -55.83178524630342,
                50.211766674239776
              ],
              [
                -55.82388715552494,
                50.20414395527038
              ],
              [
                -55.83580820723532,
                50.195705943537384
              ],
              [
                -55.84507243222656,
                50.190645257573216
              ],
              [
                -55.86751936292534,
                50.19321134433932
              ],
              [
                -55.88600177601858,
                50.197460588520634
              ],
              [
                -55.88334035413994,
                50.204223612776026
              ],
              [
                -55.85427053818188,
                50.20503322593285
              ]
            ]
          ],
          [
            [
              [
                -55.76297109257391,
                50.23193537039474
              ],
              [
                -55.75107404103177,
                50.23190919702301
              ],
              [
                -55.72993306274763,
                50.23016961648168
              ],
              [
                -55.71281151246341,
                50.21997991064169
              ],
              [
                -55.70102036411543,
                50.20388244569017
              ],
              [
                -55.695801764861066,
                50.193721110647886
              ],
              [
                -55.70903686647575,
                50.18952834874189
              ],
              [
                -55.72880005379493,
                50.19803327208135
              ],
              [
                -55.75653189639203,
                50.1997885748645
              ],
              [
                -55.78952218922068,
                50.20746645296919
              ],
              [
                -55.80267930126234,
                50.220174132135554
              ],
              [
                -55.7999915739348,
                50.23031649336218
              ],
              [
                -55.76297109257391,
                50.23193537039474
              ]
            ]
          ],
          [
            [
              [
                -57.25026545631686,
                50.840641336760775
              ],
              [
                -57.23215697030988,
                50.84103203435292
              ],
              [
                -57.22864020534181,
                50.83660956884439
              ],
              [
                -57.22163844785236,
                50.83956797366884
              ],
              [
                -57.209375131510164,
                50.84105556661797
              ],
              [
                -57.20293550387573,
                50.83442189893848
              ],
              [
                -57.191826717124,
                50.82816062854933
              ],
              [
                -57.18656185635684,
                50.823000467383885
              ],
              [
                -57.19473064099476,
                50.820043206247405
              ],
              [
                -57.208149726378636,
                50.81560500797779
              ],
              [
                -57.2233153779198,
                50.81005642357241
              ],
              [
                -57.2256335180059,
                50.80341365875026
              ],
              [
                -57.24020535362972,
                50.79564868194536
              ],
              [
                -57.252466084073404,
                50.79673913974993
              ],
              [
                -57.26181505714344,
                50.799677409960275
              ],
              [
                -57.25190035347475,
                50.8026429069884
              ],
              [
                -57.23965079303417,
                50.80597921373978
              ],
              [
                -57.24608241914445,
                50.80929102589127
              ],
              [
                -57.258926033068484,
                50.808904666179856
              ],
              [
                -57.27002344491637,
                50.80999518543335
              ],
              [
                -57.27705597976464,
                50.81736296483636
              ],
              [
                -57.27533875666404,
                50.82732629339024
              ],
              [
                -57.26310556699949,
                50.83693527439949
              ],
              [
                -57.25026545631686,
                50.840641336760775
              ]
            ]
          ]
        ]
      },
      "type": "Feature",
      "properties": {
        "source": "https://simplemaps.com",
        "id": "CANL",
        "name": "Labrador"
      },
      "id": 10
    }
  ]
}