{
  "type": "FeatureCollection", 
  "features": [
    {
      "geometry": {
        "type": "MultiPolygon", 
        "coordinates": [
          [
            [
              [
                -64.27342336924423, 
                45.83566983918958
              ], 
              [
                -64.27328060179553, 
                45.83575550971542
              ], 
              [
                -64.27302222137774, 
                45.83591054356063
              ], 
              [
                -64.2642113800358, 
                45.84454048330254
              ], 
              [
                -64.25811356412966, 
                45.856632776240716
              ], 
              [
                -64.25237747976078, 
                45.86970691173459
              ], 
              [
                -64.24465187218878, 
                45.88130832081832
              ], 
              [
                -64.22984657589504, 
                45.893529803368594
              ], 
              [
                -64.21362016552176, 
                45.90404592595842
              ], 
              [
                -64.19850480605045, 
                45.91572479385197
              ], 
              [
                -64.18700680530344, 
                45.931305252165906
              ], 
              [
                -64.1750695367673, 
                45.95001208920465
              ], 
              [
                -64.15954076722221, 
                45.96375801420409
              ], 
              [
                -64.14101478841916, 
                45.97254306608062
              ], 
              [
                -64.11967240603171, 
                45.97639291801092
              ], 
              [
                -64.09926021439281, 
                45.97502349150452
              ], 
              [
                -64.07331864275123, 
                45.97316313251885
              ], 
              [
                -64.05130448442816, 
                45.976832161915
              ], 
              [
                -64.04272525509043, 
                45.991981162721224
              ], 
              [
                -64.0418595164436, 
                45.99111565880503
              ], 
              [
                -64.03355873058224, 
                45.99526603738037
              ], 
              [
                -64.0242406843499, 
                46.00181711211472
              ], 
              [
                -64.01756750392335, 
                46.00535714335627
              ], 
              [
                -64.00772049387193, 
                46.005031609439314
              ], 
              [
                -63.90485591631201, 
                45.98033272930314
              ], 
              [
                -63.87026934458149, 
                45.96246981857231
              ], 
              [
                -63.86668860643776, 
                45.936428128123715
              ], 
              [
                -63.84459387914394, 
                45.93423086136977
              ], 
              [
                -63.82485917298659, 
                45.92519764255404
              ], 
              [
                -63.81090247545231, 
                45.90977611530294
              ], 
              [
                -63.805897583953616, 
                45.88865792945146
              ], 
              [
                -63.78644773063606, 
                45.890733167358945
              ], 
              [
                -63.75894121565892, 
                45.885402750564545
              ], 
              [
                -63.73249262858437, 
                45.876613639451186
              ], 
              [
                -63.71589108785485, 
                45.86815015223787
              ], 
              [
                -63.727121560434604, 
                45.861721125460114
              ], 
              [
                -63.74649004203625, 
                45.85366446539792
              ], 
              [
                -63.75747636489109, 
                45.84703196514366
              ], 
              [
                -63.73615476287211, 
                45.84186435301987
              ], 
              [
                -63.69029701866869, 
                45.853094831821785
              ], 
              [
                -63.6686905578926, 
                45.84703196514366
              ], 
              [
                -63.674183725866655, 
                45.83641185839627
              ], 
              [
                -63.674183725555025, 
                45.82762279559362
              ], 
              [
                -63.6697484912997, 
                45.82339099038283
              ], 
              [
                -63.66185461853575, 
                45.826564839639765
              ], 
              [
                -63.65225176601724, 
                45.8368187752728
              ], 
              [
                -63.653391080285, 
                45.84275950773559
              ], 
              [
                -63.658680802870705, 
                45.8500837514652
              ], 
              [
                -63.661854630646246, 
                45.86440666787665
              ], 
              [
                -63.65908770180542, 
                45.873846767125805
              ], 
              [
                -63.65257726710387, 
                45.87457914090318
              ], 
              [
                -63.64460201635655, 
                45.87034739634055
              ], 
              [
                -63.63768470964258, 
                45.86440666787665
              ], 
              [
                -63.62877357308275, 
                45.862290772695694
              ], 
              [
                -63.59300695199752, 
                45.87506741644066
              ], 
              [
                -63.491932746573255, 
                45.88263581048197
              ], 
              [
                -63.439116993326856, 
                45.87559642702038
              ], 
              [
                -63.40859941494087, 
                45.85447826202662
              ], 
              [
                -63.42784583601609, 
                45.85366446539792
              ], 
              [
                -63.46377518147016, 
                45.86041897958358
              ], 
              [
                -63.48314369777316, 
                45.860703878622424
              ], 
              [
                -63.47028560198744, 
                45.85236234868138
              ], 
              [
                -63.438059054719595, 
                45.83844637081121
              ], 
              [
                -63.42853756154481, 
                45.826564839639765
              ], 
              [
                -63.44758052307894, 
                45.8213564863032
              ], 
              [
                -63.48399817187742, 
                45.8261579343294
              ], 
              [
                -63.50426184554188, 
                45.826564839639765
              ], 
              [
                -63.52281654496612, 
                45.819444101197355
              ], 
              [
                -63.5159398959258, 
                45.81089912475237
              ], 
              [
                -63.49632727911671, 
                45.806952218891524
              ], 
              [
                -63.476918101309444, 
                45.81354402056969
              ], 
              [
                -63.468983535660705, 
                45.80841707884188
              ], 
              [
                -63.46104895965728, 
                45.80601634988393
              ], 
              [
                -63.45238196224944, 
                45.805487364873855
              ], 
              [
                -63.44220942620676, 
                45.806056999849424
              ], 
              [
                -63.43805903539841, 
                45.80528388575183
              ], 
              [
                -63.43126380758287, 
                45.80076733706323
              ], 
              [
                -63.42853756258159, 
                45.79987213332346
              ], 
              [
                -63.42495683807488, 
                45.802232171971006
              ], 
              [
                -63.41852779540361, 
                45.81142811767869
              ], 
              [
                -63.41543535430621, 
                45.81354402056969
              ], 
              [
                -63.39915930152373, 
                45.811753628616565
              ], 
              [
                -63.369536909389446, 
                45.80255767463285
              ], 
              [
                -63.35399329158323, 
                45.79987213332346
              ], 
              [
                -63.323963998237126, 
                45.80369701280837
              ], 
              [
                -63.29137121177489, 
                45.81207913984756
              ], 
              [
                -63.25910398265564, 
                45.815904071882095
              ], 
              [
                -63.229847773249574, 
                45.806056999849424
              ], 
              [
                -63.25796463982125, 
                45.79136788473802
              ], 
              [
                -63.30166580669411, 
                45.77553942301927
              ], 
              [
                -63.34723874722384, 
                45.76650628115404
              ], 
              [
                -63.38072668870764, 
                45.77195871745386
              ], 
              [
                -63.37279212947856, 
                45.757188240019055
              ], 
              [
                -63.3559464077777, 
                45.7481142984405
              ], 
              [
                -63.31240799731201, 
                45.73716866180524
              ], 
              [
                -63.30378169776896, 
                45.732245165190236
              ], 
              [
                -63.294789191196884, 
                45.725653384910466
              ], 
              [
                -63.28795325727393, 
                45.72418855252036
              ], 
              [
                -63.2851456278723, 
                45.73444242625079
              ], 
              [
                -63.281646297162965, 
                45.74111565083932
              ], 
              [
                -63.273589657239086, 
                45.74787020803682
              ], 
              [
                -63.25719154492706, 
                45.75889722622525
              ], 
              [
                -63.25743568059688, 
                45.75352612096101
              ], 
              [
                -63.25670326224475, 
                45.74249911245819
              ], 
              [
                -63.25719152632045, 
                45.73716866180524
              ], 
              [
                -63.211659312515124, 
                45.76007722515173
              ], 
              [
                -63.19570879405648, 
                45.76512280477016
              ], 
              [
                -63.19562742024654, 
                45.767482846886104
              ], 
              [
                -63.19448808087998, 
                45.772528376274146
              ], 
              [
                -63.19237219194163, 
                45.77724841902249
              ], 
              [
                -63.188872858032745, 
                45.7787946823085
              ], 
              [
                -63.18394934886521, 
                45.7758649782529
              ], 
              [
                -63.18171139462349, 
                45.7713076908318
              ], 
              [
                -63.18219967048982, 
                45.76626210185863
              ], 
              [
                -63.18517004473464, 
                45.7620303246826
              ], 
              [
                -63.19969641759569, 
                45.75299713594731
              ], 
              [
                -63.20523026242386, 
                45.74591703145424
              ], 
              [
                -63.20254471632881, 
                45.73716866180524
              ], 
              [
                -63.18980871006853, 
                45.73639554130424
              ], 
              [
                -63.13434811990976, 
                45.75889722622525
              ], 
              [
                -63.11729894755824, 
                45.76300687838397
              ], 
              [
                -63.10045326080578, 
                45.76463452474811
              ], 
              [
                -63.08336340034979, 
                45.76349515621874
              ], 
              [
                -63.065419083899975, 
                45.75889722622525
              ], 
              [
                -63.07046465742263, 
                45.77842847757628
              ], 
              [
                -63.08405515623159, 
                45.79026931010085
              ], 
              [
                -63.1206762232716, 
                45.806056999849424
              ], 
              [
                -63.10065670230893, 
                45.811346739989986
              ], 
              [
                -62.979969868649334, 
                45.79596592002642
              ], 
              [
                -62.92467201774259, 
                45.78261956892314
              ], 
              [
                -62.77741452301642, 
                45.76512280477016
              ], 
              [
                -62.750843889695886, 
                45.76552971804732
              ], 
              [
                -62.699574348123086, 
                45.772447007323166
              ], 
              [
                -62.674956831744296, 
                45.77195871745386
              ], 
              [
                -62.69595294329346, 
                45.76080967451798
              ], 
              [
                -62.717681455633624, 
                45.76040276652608
              ], 
              [
                -62.73859615007188, 
                45.76251860120527
              ], 
              [
                -62.75694740385649, 
                45.75889722622525
              ], 
              [
                -62.73900305882812, 
                45.74835846554934
              ], 
              [
                -62.7288305316651, 
                45.744370831496816
              ], 
              [
                -62.6988826236532, 
                45.74461499609487
              ], 
              [
                -62.682362447304186, 
                45.74209222494361
              ], 
              [
                -62.66454017080195, 
                45.73558178036274
              ], 
              [
                -62.6475317136867, 
                45.72671135283631
              ], 
              [
                -62.63341224364172, 
                45.717352618208
              ], 
              [
                -62.702992315063156, 
                45.68691640290854
              ], 
              [
                -62.75096595766092, 
                45.681219814126955
              ], 
              [
                -62.77057858250105, 
                45.674424552569846
              ], 
              [
                -62.78429113711634, 
                45.66176990329047
              ], 
              [
                -62.79165605910475, 
                45.6422386874142
              ], 
              [
                -62.78066971304469, 
                45.65294013695912
              ], 
              [
                -62.765004049476104, 
                45.6617292694118
              ], 
              [
                -62.74876867454279, 
                45.66404854514409
              ], 
              [
                -62.73643958324306, 
                45.655259510268586
              ], 
              [
                -62.7475479828774, 
                45.627101959938656
              ], 
              [
                -62.74974524115468, 
                45.61286040625135
              ], 
              [
                -62.739857551933966, 
                45.61802806445773
              ], 
              [
                -62.71987870548499, 
                45.64541249012323
              ], 
              [
                -62.70661373859751, 
                45.65558503483301
              ], 
              [
                -62.691761841266036, 
                45.6521670412808
              ], 
              [
                -62.6690974667093, 
                45.6306827016695
              ], 
              [
                -62.65680904931314, 
                45.627752997825105
              ], 
              [
                -62.64704342909302, 
                45.6422386874142
              ], 
              [
                -62.66405187418166, 
                45.64704007225203
              ], 
              [
                -62.672352673633284, 
                45.65623608482667
              ], 
              [
                -62.67243404657711, 
                45.66783274262497
              ], 
              [
                -62.664702929950565, 
                45.679795642501084
              ], 
              [
                -62.65526281200487, 
                45.6819521818081
              ], 
              [
                -62.640370236505454, 
                45.68113838901223
              ], 
              [
                -62.62474524373708, 
                45.682277730043324
              ], 
              [
                -62.61290442415715, 
                45.69065989314903
              ], 
              [
                -62.600493929864626, 
                45.686183948778776
              ], 
              [
                -62.57746334788576, 
                45.68585847360203
              ], 
              [
                -62.56574460711333, 
                45.68317295091715
              ], 
              [
                -62.55752520572129, 
                45.67788323589174
              ], 
              [
                -62.550282366151635, 
                45.66685621376461
              ], 
              [
                -62.54466711669172, 
                45.66270578463967
              ], 
              [
                -62.52635657887707, 
                45.658270585227896
              ], 
              [
                -62.510568810416935, 
                45.659165747545956
              ], 
              [
                -62.49469968161919, 
                45.66185132410791
              ], 
              [
                -62.47573808069649, 
                45.66270578463967
              ], 
              [
                -62.502593553811096, 
                45.63100820450139
              ], 
              [
                -62.50914466218513, 
                45.614976307130355
              ], 
              [
                -62.49339758361072, 
                45.6080589691182
              ], 
              [
                -62.47044837589997, 
                45.61448803595018
              ], 
              [
                -62.43521073486715, 
                45.64268624879284
              ], 
              [
                -62.41803951219397, 
                45.64907459829751
              ], 
              [
                -62.399810359721485, 
                45.652899504056585
              ], 
              [
                -62.37694252316132, 
                45.662176854511394
              ], 
              [
                -62.361683735714934, 
                45.67332594761919
              ], 
              [
                -62.37096105797485, 
                45.68252185314565
              ], 
              [
                -62.38337155103707, 
                45.680080476383694
              ], 
              [
                -62.40469316047166, 
                45.67511627132008
              ], 
              [
                -62.441639779237185, 
                45.655259510268586
              ], 
              [
                -62.41612708462183, 
                45.67910391492551
              ], 
              [
                -62.27033442699839, 
                45.7037213892422
              ], 
              [
                -62.06004798070955, 
                45.80796946723093
              ], 
              [
                -61.98884030673482, 
                45.863023199486285
              ], 
              [
                -61.94880124341863, 
                45.8818220266529
              ], 
              [
                -61.924305792300714, 
                45.889146224147346
              ], 
              [
                -61.911488398793985, 
                45.888983433651084
              ], 
              [
                -61.9003800194128, 
                45.8818220266529
              ], 
              [
                -61.89736895177513, 
                45.871649501619395
              ], 
              [
                -61.90534420717215, 
                45.86554597176071
              ], 
              [
                -61.916086386084466, 
                45.859849335313044
              ], 
              [
                -61.921457485559536, 
                45.850734766831984
              ], 
              [
                -61.919992645445596, 
                45.829942133143184
              ], 
              [
                -61.90900630201132, 
                45.786932652151044
              ], 
              [
                -61.887847447153206, 
                45.73769762382168
              ], 
              [
                -61.88634192257366, 
                45.721055396880956
              ], 
              [
                -61.89415441407088, 
                45.7037213892422
              ], 
              [
                -61.876291480661855, 
                45.692694431399765
              ], 
              [
                -61.83649655654931, 
                45.681219814126955
              ], 
              [
                -61.82152258824893, 
                45.67267486732985
              ], 
              [
                -61.806630011089304, 
                45.65949127557003
              ], 
              [
                -61.79491127063691, 
                45.652899504056585
              ], 
              [
                -61.72590084320056, 
                45.62754954118874
              ], 
              [
                -61.707834441813255, 
                45.623277092525626
              ], 
              [
                -61.68439694396005, 
                45.621730874273844
              ], 
              [
                -61.668202277519285, 
                45.62661367271362
              ], 
              [
                -61.65514075139692, 
                45.635891011032975
              ], 
              [
                -61.64216060870611, 
                45.64150624585994
              ], 
              [
                -61.626047335386176, 
                45.635402750423495
              ], 
              [
                -61.63292395203756, 
                45.63605376471327
              ], 
              [
                -61.648508264091035, 
                45.634182025213065
              ], 
              [
                -61.64806067780528, 
                45.62681712883364
              ], 
              [
                -61.640370248896296, 
                45.62132396775668
              ], 
              [
                -61.61978105083835, 
                45.614325253529096
              ], 
              [
                -61.61880448858457, 
                45.62246327652951
              ], 
              [
                -61.615467903853364, 
                45.63165924928607
              ], 
              [
                -61.60993404417592, 
                45.63914621307979
              ], 
              [
                -61.60212155400806, 
                45.6422386874142
              ], 
              [
                -61.58901933056638, 
                45.64541249012323
              ], 
              [
                -61.5834854901581, 
                45.65322502653158
              ], 
              [
                -61.5805557943026, 
                45.663194081488875
              ], 
              [
                -61.57510331725593, 
                45.67267486732985
              ], 
              [
                -61.55801347543114, 
                45.68366119847689
              ], 
              [
                -61.537098775836114, 
                45.68886957006113
              ], 
              [
                -61.49254309619013, 
                45.69065989314903
              ], 
              [
                -61.47052974691698, 
                45.68309152536856
              ], 
              [
                -61.437245254161155, 
                45.649807054914824
              ], 
              [
                -61.41746986099301, 
                45.6422386874142
              ], 
              [
                -61.39997310746179, 
                45.63263579949002
              ], 
              [
                -61.38442948401469, 
                45.611476936211226
              ], 
              [
                -61.36974036690275, 
                45.58079662481498
              ], 
              [
                -61.35887610542663, 
                45.57770416745631
              ], 
              [
                -61.35138912466508, 
                45.57005442271079
              ], 
              [
                -61.33869380831549, 
                45.55284249967934
              ], 
              [
                -61.32371985853832, 
                45.542059643844865
              ], 
              [
                -61.26292883978852, 
                45.51186757942911
              ], 
              [
                -61.24689694591779, 
                45.507310307691
              ], 
              [
                -61.23981685831444, 
                45.5083682237436
              ], 
              [
                -61.23721269774627, 
                45.50576407512403
              ], 
              [
                -61.23497473475773, 
                45.4907900945321
              ], 
              [
                -61.236805798282454, 
                45.46800366228673
              ], 
              [
                -61.24852454450283, 
                45.45311107406518
              ], 
              [
                -61.26732337490488, 
                45.44342683556131
              ], 
              [
                -61.352894662687554, 
                45.413397532560765
              ], 
              [
                -61.37279211953563, 
                45.40884023204384
              ], 
              [
                -61.374094200891726, 
                45.42125070690344
              ], 
              [
                -61.38809160743104, 
                45.418036217368204
              ], 
              [
                -61.40566972721558, 
                45.40753815628289
              ], 
              [
                -61.417469854248495, 
                45.398586325270486
              ], 
              [
                -61.42983964998459, 
                45.39199453835911
              ], 
              [
                -61.48265540114066, 
                45.37474192398215
              ], 
              [
                -61.461537242223926, 
                45.354844476707754
              ], 
              [
                -61.450754355953165, 
                45.34935129036528
              ], 
              [
                -61.136870903337226, 
                45.35423413149232
              ], 
              [
                -61.11961828598687, 
                45.35211821195158
              ], 
              [
                -61.08177649651999, 
                45.34267812841384
              ], 
              [
                -60.998646607001014, 
                45.333156623944895
              ], 
              [
                -60.98232988240085, 
                45.32632070609202
              ], 
              [
                -60.97118079138599, 
                45.313869528602346
              ], 
              [
                -60.97061113092241, 
                45.30174387906321
              ], 
              [
                -60.97256425624402, 
                45.28823476593931
              ], 
              [
                -60.96865800540732, 
                45.271633200656645
              ], 
              [
                -60.9830623039847, 
                45.271307683958554
              ], 
              [
                -60.98713131243618, 
                45.27700429473702
              ], 
              [
                -60.98875891621559, 
                45.285305075136655
              ], 
              [
                -60.9960017589698, 
                45.292141023367776
              ], 
              [
                -61.00694739272677, 
                45.29425689680722
              ], 
              [
                -61.017079231208434, 
                45.293687242568
              ], 
              [
                -61.02696692344928, 
                45.2943382760535
              ], 
              [
                -61.036976693993005, 
                45.299628002426616
              ], 
              [
                -61.02855383821442, 
                45.285305075136655
              ], 
              [
                -61.02334550379324, 
                45.278469134263574
              ], 
              [
                -61.016468877406105, 
                45.271633200656645
              ], 
              [
                -61.024077928196355, 
                45.26300690081016
              ], 
              [
                -61.031320765054375, 
                45.2608503226983
              ], 
              [
                -61.038807746617096, 
                45.2598330766817
              ], 
              [
                -61.04723059550404, 
                45.25462473519956
              ], 
              [
                -61.05345618723854, 
                45.24453360482503
              ], 
              [
                -61.056630010024705, 
                45.235988668617196
              ], 
              [
                -61.06297766920878, 
                45.23253001829438
              ], 
              [
                -61.078521285408435, 
                45.23753489094039
              ], 
              [
                -61.071156377419754, 
                45.22394439869367
              ], 
              [
                -61.11974036663309, 
                45.21344636317176
              ], 
              [
                -61.1393936824245, 
                45.218003643711015
              ], 
              [
                -61.15306555640525, 
                45.23753489094039
              ], 
              [
                -61.142201300120554, 
                45.24502187460731
              ], 
              [
                -61.13345292678844, 
                45.252834370982804
              ], 
              [
                -61.126128708270706, 
                45.26162343529522
              ], 
              [
                -61.1195369114034, 
                45.271633200656645
              ], 
              [
                -61.164702926980645, 
                45.263657939509734
              ], 
              [
                -61.174794074008354, 
                45.25804270730419
              ], 
              [
                -61.17979895559731, 
                45.24249908718573
              ], 
              [
                -61.17072506556879, 
                45.2157250062692
              ], 
              [
                -61.17479407513782, 
                45.202785549375406
              ], 
              [
                -61.18423417710229, 
                45.20848215883661
              ], 
              [
                -61.18805905228006, 
                45.21544017992346
              ], 
              [
                -61.18993079263381, 
                45.22304922000427
              ], 
              [
                -61.19668535125773, 
                45.23525625270103
              ], 
              [
                -61.20425370668791, 
                45.245754289997556
              ], 
              [
                -61.21206620779982, 
                45.2529971310215
              ], 
              [
                -61.21572831652081, 
                45.24770741726299
              ], 
              [
                -61.24600175394645, 
                45.23948801470492
              ], 
              [
                -61.2630509125202, 
                45.23916250612891
              ], 
              [
                -61.2629288371208, 
                45.25112538518255
              ], 
              [
                -61.278553842636775, 
                45.25401439715754
              ], 
              [
                -61.29873613382071, 
                45.24791087894133
              ], 
              [
                -61.331776495756074, 
                45.23069895933843
              ], 
              [
                -61.35057532492572, 
                45.217352605798766
              ], 
              [
                -61.36506100478658, 
                45.20123933256127
              ], 
              [
                -61.36461341189997, 
                45.189601957442704
              ], 
              [
                -61.33869381175647, 
                45.18976470990876
              ], 
              [
                -61.354644338384865, 
                45.17763907419036
              ], 
              [
                -61.37100176046995, 
                45.16885001142042
              ], 
              [
                -61.389149541292156, 
                45.16356028436481
              ], 
              [
                -61.56786048108439, 
                45.1471214862288
              ], 
              [
                -61.61058508857526, 
                45.15062083114613
              ], 
              [
                -61.63963782513913, 
                45.17544179937634
              ], 
              [
                -61.64728756527339, 
                45.156846424442456
              ], 
              [
                -61.66588294408875, 
                45.16396719564414
              ], 
              [
                -61.687123178645, 
                45.17536042614319
              ], 
              [
                -61.702381967273624, 
                45.169256909139534
              ], 
              [
                -61.685658331156986, 
                45.16193268172298
              ], 
              [
                -61.66616777360502, 
                45.14931875363549
              ], 
              [
                -61.649159310110385, 
                45.134629627003086
              ], 
              [
                -61.63963782530128, 
                45.12083567981537
              ], 
              [
                -61.649525519350824, 
                45.12156809924423
              ], 
              [
                -61.6581925107399, 
                45.120347394592194
              ], 
              [
                -61.67442786244528, 
                45.114650778795955
              ], 
              [
                -61.63963782398897, 
                45.09357330626369
              ], 
              [
                -61.6396378249371, 
                45.08730703283
              ], 
              [
                -61.677235479787136, 
                45.08848704271901
              ], 
              [
                -61.69493567619361, 
                45.091416734523854
              ], 
              [
                -61.70238196444792, 
                45.0972761075076
              ], 
              [
                -61.704335089693636, 
                45.107041733172125
              ], 
              [
                -61.708648242440084, 
                45.107245187892886
              ], 
              [
                -61.7154434881097, 
                45.10097890559368
              ], 
              [
                -61.75641842310911, 
                45.10097890559368
              ], 
              [
                -61.75454667921849, 
                45.09414297159056
              ], 
              [
                -61.7550349615281, 
                45.088771881129176
              ], 
              [
                -61.75617428440299, 
                45.08429596979127
              ], 
              [
                -61.75641842408414, 
                45.079901434227644
              ], 
              [
                -61.78136145592563, 
                45.09235260309874
              ], 
              [
                -61.80972245970484, 
                45.10093821720358
              ], 
              [
                -61.82526607951188, 
                45.09902578168307
              ], 
              [
                -61.811634895084225, 
                45.079901434227644
              ], 
              [
                -61.822092252515354, 
                45.07794831039141
              ], 
              [
                -61.84601803212145, 
                45.08022695262951
              ], 
              [
                -61.85936438708427, 
                45.079901434227644
              ], 
              [
                -61.859364386484245, 
                45.07306549560876
              ], 
              [
                -61.85081946569796, 
                45.07046133188386
              ], 
              [
                -61.84162350203202, 
                45.06452057508662
              ], 
              [
                -61.83617102765478, 
                45.056138413068254
              ], 
              [
                -61.8389379552293, 
                45.04637278961942
              ], 
              [
                -61.84764563741859, 
                45.04478587513054
              ], 
              [
                -61.880482551308674, 
                45.053208726833084
              ], 
              [
                -61.886708137229434, 
                45.04637278961942
              ], 
              [
                -61.88239498566403, 
                45.034165756093344
              ], 
              [
                -61.896880663228124, 
                45.030666408615865
              ], 
              [
                -61.91844641760976, 
                45.036769922947705
              ], 
              [
                -61.93517005130895, 
                45.053208726833084
              ], 
              [
                -61.94151770697851, 
                45.03310781494221
              ], 
              [
                -61.94131425712834, 
                45.02464427334635
              ], 
              [
                -61.95946204322166, 
                45.03648509359783
              ], 
              [
                -61.9757380849873, 
                45.03603750196601
              ], 
              [
                -61.990549282623704, 
                45.02651601698615
              ], 
              [
                -62.00401770712045, 
                45.0109723983248
              ], 
              [
                -62.00572669205606, 
                45.016343492151286
              ], 
              [
                -62.00792395704127, 
                45.02073802311134
              ], 
              [
                -62.00975501204472, 
                45.02553945512077
              ], 
              [
                -62.01024329265633, 
                45.03213125107453
              ], 
              [
                -62.020253059114154, 
                45.026109117307705
              ], 
              [
                -62.02940833198522, 
                45.01935455896043
              ], 
              [
                -62.0389705069546, 
                45.013576564878
              ], 
              [
                -62.050607877120534, 
                45.0109723983248
              ], 
              [
                -62.03465735603651, 
                45.0040550800987
              ], 
              [
                -61.97606356655112, 
                44.99111552060063
              ], 
              [
                -61.98884034076767, 
                44.984930843643404
              ], 
              [
                -62.00348876292026, 
                44.982814918587025
              ], 
              [
                -62.01821852095343, 
                44.984849261919074
              ], 
              [
                -62.03132072751598, 
                44.99111552060063
              ], 
              [
                -62.04214432904581, 
                44.98240792895542
              ], 
              [
                -62.05752521994216, 
                44.975490696898135
              ], 
              [
                -62.07339433549022, 
                44.97296784232085
              ], 
              [
                -62.085926878075185, 
                44.977443727965344
              ], 
              [
                -62.09780838837297, 
                44.973456096077285
              ], 
              [
                -62.1187231098688, 
                44.96971262895496
              ], 
              [
                -62.138539174957124, 
                44.96881740413465
              ], 
              [
                -62.14736888976174, 
                44.97378149706873
              ], 
              [
                -62.151519291496236, 
                44.97516498896138
              ], 
              [
                -62.17398030939996, 
                44.96043538691863
              ], 
              [
                -62.18492593784201, 
                44.95636635019971
              ], 
              [
                -62.23375407270716, 
                44.95929606465216
              ], 
              [
                -62.25454662839619, 
                44.952012301027764
              ], 
              [
                -62.270334435537336, 
                44.92906320869444
              ], 
              [
                -62.27773999425545, 
                44.93650938946893
              ], 
              [
                -62.29002850515389, 
                44.92723231218195
              ], 
              [
                -62.30614173851798, 
                44.92007072519623
              ], 
              [
                -62.321603969323256, 
                44.9175479171827
              ], 
              [
                -62.33177646384562, 
                44.92226788466122
              ], 
              [
                -62.339182062841765, 
                44.92226788466122
              ], 
              [
                -62.34024001972084, 
                44.91779200992075
              ], 
              [
                -62.34186768345094, 
                44.91494386329886
              ], 
              [
                -62.34386150235623, 
                44.91242108778669
              ], 
              [
                -62.34601800422099, 
                44.90859601872257
              ], 
              [
                -62.343006948187465, 
                44.90525946185013
              ], 
              [
                -62.342030439535876, 
                44.90330648012259
              ], 
              [
                -62.339182130641795, 
                44.89492431674074
              ], 
              [
                -62.36115473601755, 
                44.9021670160893
              ], 
              [
                -62.377349424214664, 
                44.90997958909805
              ], 
              [
                -62.39342197330514, 
                44.910264307643345
              ], 
              [
                -62.41490641468513, 
                44.89492431674074
              ], 
              [
                -62.41038979862481, 
                44.89191320834226
              ], 
              [
                -62.40566967434803, 
                44.88580949837779
              ], 
              [
                -62.40062420023682, 
                44.881252472794564
              ], 
              [
                -62.42039949983258, 
                44.878241162159405
              ], 
              [
                -62.43716389290288, 
                44.868516415188544
              ], 
              [
                -62.44766192151652, 
                44.85317619685534
              ], 
              [
                -62.448394380292775, 
                44.83348228559263
              ], 
              [
                -62.46715245031302, 
                44.84137598312247
              ], 
              [
                -62.4727676573013, 
                44.85899472569614
              ], 
              [
                -62.473133903740255, 
                44.880764026768006
              ], 
              [
                -62.47573808605421, 
                44.90110911982552
              ], 
              [
                -62.49046785703573, 
                44.88141498279965
              ], 
              [
                -62.507150811392634, 
                44.86338929991421
              ], 
              [
                -62.52708899121298, 
                44.85586170817068
              ], 
              [
                -62.5515030647735, 
                44.86758048646423
              ], 
              [
                -62.56574458561242, 
                44.84023669584904
              ], 
              [
                -62.555287281936785, 
                44.83274985707233
              ], 
              [
                -62.5466202047059, 
                44.82501851129908
              ], 
              [
                -62.53099529540846, 
                44.806219926535164
              ], 
              [
                -62.552723771196085, 
                44.80011630266251
              ], 
              [
                -62.577788848043696, 
                44.833400734894575
              ], 
              [
                -62.59923251686117, 
                44.82664613456055
              ], 
              [
                -62.60676017139776, 
                44.83714414286251
              ], 
              [
                -62.62319898554701, 
                44.83030823472912
              ], 
              [
                -62.66136638951149, 
                44.806219926535164
              ], 
              [
                -62.65392010371647, 
                44.79254806016811
              ], 
              [
                -62.68724521519587, 
                44.80211001056983
              ], 
              [
                -62.80532791044035, 
                44.78506089041263
              ], 
              [
                -62.798817462814064, 
                44.77183652453828
              ], 
              [
                -62.80260166475872, 
                44.76109439518017
              ], 
              [
                -62.81289626845574, 
                44.75397364775687
              ], 
              [
                -62.825835791449585, 
                44.75157311883461
              ], 
              [
                -62.82135983817057, 
                44.74363843584229
              ], 
              [
                -62.815174971090734, 
                44.7376163771748
              ], 
              [
                -62.80736243009982, 
                44.73301828556962
              ], 
              [
                -62.79792234027051, 
                44.7298038054736
              ], 
              [
                -62.81924395816069, 
                44.72060785287372
              ], 
              [
                -62.83043375055181, 
                44.717759580679875
              ], 
              [
                -62.84260011717832, 
                44.71678308718604
              ], 
              [
                -62.85147052579436, 
                44.72296789123866
              ], 
              [
                -62.85757406776628, 
                44.733750837626204
              ], 
              [
                -62.86384027701348, 
                44.73786036025765
              ], 
              [
                -62.87360592947027, 
                44.72361889661721
              ], 
              [
                -62.88744051938483, 
                44.73130920618461
              ], 
              [
                -62.90855869997056, 
                44.73802311751519
              ], 
              [
                -62.93024657053085, 
                44.74005774146221
              ], 
              [
                -62.945627398134356, 
                44.73350655167365
              ], 
              [
                -62.97256429319881, 
                44.71743408258608
              ], 
              [
                -62.98949139285484, 
                44.71100509100765
              ], 
              [
                -62.99714110663015, 
                44.71369056803235
              ], 
              [
                -62.9978735349638, 
                44.722316886910654
              ], 
              [
                -62.99962322825194, 
                44.727199750332545
              ], 
              [
                -63.00186112145348, 
                44.731268593880706
              ], 
              [
                -63.00397705678252, 
                44.737290863053985
              ], 
              [
                -63.00291902971673, 
                44.76528542834595
              ], 
              [
                -63.003977042778665, 
                44.77138913367652
              ], 
              [
                -63.01854410704647, 
                44.77798094634396
              ], 
              [
                -63.047027148966926, 
                44.76622142357468
              ], 
              [
                -63.058583118927075, 
                44.77822495390067
              ], 
              [
                -63.05931553581611, 
                44.76325098228118
              ], 
              [
                -63.050282372642606, 
                44.75047439532281
              ], 
              [
                -63.020985427172285, 
                44.726711186513384
              ], 
              [
                -63.01402748183801, 
                44.71059807256943
              ], 
              [
                -63.02432209999324, 
                44.6968448766621
              ], 
              [
                -63.05858311015435, 
                44.67519758640875
              ], 
              [
                -63.06285563325863, 
                44.68862548699603
              ], 
              [
                -63.061431491665594, 
                44.70465742103447
              ], 
              [
                -63.063059012874625, 
                44.71800355174971
              ], 
              [
                -63.07591712648786, 
                44.72361889661721
              ], 
              [
                -63.09561115232445, 
                44.729152790111854
              ], 
              [
                -63.10195879877361, 
                44.74266187967333
              ], 
              [
                -63.09951738059245, 
                44.77480702925637
              ], 
              [
                -63.10265052053373, 
                44.78400299841955
              ], 
              [
                -63.110218875419484, 
                44.78986236248088
              ], 
              [
                -63.11937418333618, 
                44.790676254640466
              ], 
              [
                -63.127430774345164, 
                44.78506089041263
              ], 
              [
                -63.125070759747736, 
                44.78213123272063
              ], 
              [
                -63.12067628668636, 
                44.75157311883461
              ], 
              [
                -63.12389070107412, 
                44.73484921016964
              ], 
              [
                -63.13678948596181, 
                44.70677309638206
              ], 
              [
                -63.140492282248964, 
                44.68886944047198
              ], 
              [
                -63.153920027688876, 
                44.69554264795327
              ], 
              [
                -63.16047113880576, 
                44.705674494926626
              ], 
              [
                -63.16055251035555, 
                44.71767805345913
              ], 
              [
                -63.15477455332884, 
                44.7298038054736
              ], 
              [
                -63.17324788359107, 
                44.72105549267747
              ], 
              [
                -63.183176287734774, 
                44.691636597648795
              ], 
              [
                -63.2025446924589, 
                44.68268454777038
              ], 
              [
                -63.213938008215386, 
                44.68121993554853
              ], 
              [
                -63.21410066231684, 
                44.68301001787302
              ], 
              [
                -63.21182201348768, 
                44.68980525836245
              ], 
              [
                -63.21621659117306, 
                44.70319242387376
              ], 
              [
                -63.23232985741078, 
                44.72667057467254
              ], 
              [
                -63.23668376292946, 
                44.737290863053985
              ], 
              [
                -63.2498266732452, 
                44.72593834083051
              ], 
              [
                -63.253244632441685, 
                44.71149333047071
              ], 
              [
                -63.24840246731973, 
                44.69765858090436
              ], 
              [
                -63.23668368819603, 
                44.68886944047198
              ], 
              [
                -63.24974521541708, 
                44.67267479068465
              ], 
              [
                -63.28132076725924, 
                44.64345937768949
              ], 
              [
                -63.28514561722083, 
                44.627427423392156
              ], 
              [
                -63.317128092356946, 
                44.636135246661915
              ], 
              [
                -63.38906819440162, 
                44.643133939358215
              ], 
              [
                -63.41543531940105, 
                44.655340803173786
              ], 
              [
                -63.40257730942034, 
                44.664618314354485
              ], 
              [
                -63.39655510652048, 
                44.66705954287319
              ], 
              [
                -63.38756261351356, 
                44.66836167990992
              ], 
              [
                -63.39903724365681, 
                44.68203360835059
              ], 
              [
                -63.41690020342256, 
                44.68292880298237
              ], 
              [
                -63.455799918496844, 
                44.66836167990992
              ], 
              [
                -63.43488517886553, 
                44.659287718919856
              ], 
              [
                -63.42064363987109, 
                44.64826069192708
              ], 
              [
                -63.41543535730443, 
                44.63361238873204
              ], 
              [
                -63.421701590440136, 
                44.61375550394189
              ], 
              [
                -63.43895417490875, 
                44.59634008707865
              ], 
              [
                -63.45636962672353, 
                44.60073485219532
              ], 
              [
                -63.47606364329636, 
                44.61338948892973
              ], 
              [
                -63.51016186362447, 
                44.62409075612911
              ], 
              [
                -63.538400895559064, 
                44.64785404188514
              ], 
              [
                -63.57363843361919, 
                44.665594681874026
              ], 
              [
                -63.6326391184427, 
                44.71295805240247
              ], 
              [
                -63.644113776770844, 
                44.717271333637626
              ], 
              [
                -63.66185467487153, 
                44.71678308718604
              ], 
              [
                -63.648996584122884, 
                44.68756754277381
              ], 
              [
                -63.64012613012653, 
                44.676174284751376
              ], 
              [
                -63.62775629845488, 
                44.66836167990992
              ], 
              [
                -63.62035067939519, 
                44.66705954287319
              ], 
              [
                -63.59642491846248, 
                44.66836167990992
              ], 
              [
                -63.5875545276836, 
                44.664170737034944
              ], 
              [
                -63.57396399640712, 
                44.64590078407782
              ], 
              [
                -63.568755687599236, 
                44.64170976811808
              ], 
              [
                -63.563547382162646, 
                44.63483321311281
              ], 
              [
                -63.54857339625254, 
                44.60293209992098
              ], 
              [
                -63.545155366807144, 
                44.59332907306343
              ], 
              [
                -63.5457250910635, 
                44.57420489176499
              ], 
              [
                -63.548085102529136, 
                44.56142816023148
              ], 
              [
                -63.54649817245479, 
                44.55011626859481
              ], 
              [
                -63.52326413891921, 
                44.51813388765422
              ], 
              [
                -63.5237930794438, 
                44.50324122870538
              ], 
              [
                -63.533314582174164, 
                44.488877671462966
              ], 
              [
                -63.54857333231701, 
                44.47321187821413
              ], 
              [
                -63.55406655063404, 
                44.470282332884025
              ], 
              [
                -63.573394371658296, 
                44.46417887538697
              ], 
              [
                -63.579335066804795, 
                44.46352767438465
              ], 
              [
                -63.5869034892212, 
                44.46906169516282
              ], 
              [
                -63.584624813487615, 
                44.47496168119495
              ], 
              [
                -63.57970135659655, 
                44.480332896633755
              ], 
              [
                -63.579335074869476, 
                44.48403550882487
              ], 
              [
                -63.59618083644809, 
                44.487372252327496
              ], 
              [
                -63.60464431629509, 
                44.47691473134632
              ], 
              [
                -63.60993403841192, 
                44.4630394268873
              ], 
              [
                -63.62071696738394, 
                44.4527042788859
              ], 
              [
                -63.62588453140333, 
                44.44586813116457
              ], 
              [
                -63.63280184677554, 
                44.44074117118677
              ], 
              [
                -63.6414281854079, 
                44.44245025246321
              ], 
              [
                -63.64370679971972, 
                44.44961162734922
              ], 
              [
                -63.63898678919258, 
                44.458400799436504
              ], 
              [
                -63.631988074175595, 
                44.46613187427174
              ], 
              [
                -63.62775633862678, 
                44.469794077360326
              ], 
              [
                -63.641590945141225, 
                44.475938205109436
              ], 
              [
                -63.65811113801539, 
                44.47520581195586
              ], 
              [
                -63.69286050565194, 
                44.469794077360326
              ], 
              [
                -63.70083569668883, 
                44.46759662952682
              ], 
              [
                -63.70274812909529, 
                44.46295795064265
              ], 
              [
                -63.705555842389565, 
                44.45823815395308
              ], 
              [
                -63.71589111989883, 
                44.456122242776566
              ], 
              [
                -63.72077386926008, 
                44.46067936872447
              ], 
              [
                -63.72411047355866, 
                44.469468472280475
              ], 
              [
                -63.72862705253208, 
                44.47500226792388
              ], 
              [
                -63.73692788866903, 
                44.469794077360326
              ], 
              [
                -63.74933832704384, 
                44.474269876439585
              ], 
              [
                -63.75837155605468, 
                44.481350020680615
              ], 
              [
                -63.76357983996727, 
                44.49135965673213
              ], 
              [
                -63.76488192221094, 
                44.50450255776338
              ], 
              [
                -63.774281338799334, 
                44.493556926604626
              ], 
              [
                -63.78331458951422, 
                44.477850672891165
              ], 
              [
                -63.793365014360774, 
                44.46841048642218
              ], 
              [
                -63.805897613684664, 
                44.476630012675514
              ], 
              [
                -63.8094375879216, 
                44.49013895633375
              ], 
              [
                -63.80402582636187, 
                44.50324122870538
              ], 
              [
                -63.78477947515457, 
                44.53184655096871
              ], 
              [
                -63.79308025595002, 
                44.526272006425934
              ], 
              [
                -63.805287207827675, 
                44.51455304457523
              ], 
              [
                -63.81212312008688, 
                44.51133846116223
              ], 
              [
                -63.819894977253604, 
                44.51377999187817
              ], 
              [
                -63.8260392257564, 
                44.52049397121796
              ], 
              [
                -63.83397371687883, 
                44.52448139277019
              ], 
              [
                -63.84683178384736, 
                44.5187033828434
              ], 
              [
                -63.84447182317168, 
                44.51487868544946
              ], 
              [
                -63.84007723516051, 
                44.50450255776338
              ], 
              [
                -63.85366780455027, 
                44.50429930437914
              ], 
              [
                -63.87401288225824, 
                44.49860275728823
              ], 
              [
                -63.88780677997817, 
                44.497056408359754
              ], 
              [
                -63.90054282716913, 
                44.49811446806814
              ], 
              [
                -63.912220868479416, 
                44.500962728323884
              ], 
              [
                -63.92202719457143, 
                44.505520046941314
              ], 
              [
                -63.929432689984075, 
                44.51133846116223
              ], 
              [
                -63.94249428739221, 
                44.5340437328711
              ], 
              [
                -63.941721119394984, 
                44.55430725722306
              ], 
              [
                -63.92198642059255, 
                44.59332907306343
              ], 
              [
                -63.928578212024966, 
                44.600002235418735
              ], 
              [
                -63.94302325838874, 
                44.62051020378086
              ], 
              [
                -63.92471269495107, 
                44.62881094250451
              ], 
              [
                -63.91860921686761, 
                44.63414144270787
              ], 
              [
                -63.91510985473329, 
                44.64170976811808
              ], 
              [
                -63.919545079588765, 
                44.64256427026229
              ], 
              [
                -63.92943279687025, 
                44.64785404188514
              ], 
              [
                -63.90217032538752, 
                44.66648984015439
              ], 
              [
                -63.89085852436598, 
                44.67979563043626
              ], 
              [
                -63.888417175314075, 
                44.69635665490308
              ], 
              [
                -63.906727692395435, 
                44.68366126418351
              ], 
              [
                -63.925852022237294, 
                44.674709390777615
              ], 
              [
                -63.98961345351094, 
                44.65582928076134
              ], 
              [
                -64.0008031571094, 
                44.655340803173786
              ], 
              [
                -64.05695558347715, 
                44.63882083760998
              ], 
              [
                -64.06598878992774, 
                44.63426355566807
              ], 
              [
                -64.0602107304332, 
                44.62124255223155
              ], 
              [
                -64.06191973667597, 
                44.586656020074706
              ], 
              [
                -64.05260172607069, 
                44.579657383621296
              ], 
              [
                -64.03669187270829, 
                44.57090895181132
              ], 
              [
                -64.02497306099502, 
                44.55068580833013
              ], 
              [
                -64.01134186991231, 
                44.51133846116223
              ], 
              [
                -64.04124920662639, 
                44.522609909251706
              ], 
              [
                -64.05557212522521, 
                44.50885666010601
              ], 
              [
                -64.06387289368341, 
                44.487616390470045
              ], 
              [
                -64.07583576478488, 
                44.476630012675514
              ], 
              [
                -64.09707598950592, 
                44.474717550579186
              ], 
              [
                -64.10619056984272, 
                44.47760654055774
              ], 
              [
                -64.11750237390814, 
                44.48745342824379
              ], 
              [
                -64.1236466442046, 
                44.51561114946805
              ], 
              [
                -64.12401285796155, 
                44.52187743270996
              ], 
              [
                -64.11876380530994, 
                44.53750235733526
              ], 
              [
                -64.12804114221433, 
                44.55491770267758
              ], 
              [
                -64.14484619609263, 
                44.57021729007586
              ], 
              [
                -64.162180176129, 
                44.579657383621296
              ], 
              [
                -64.17808994235293, 
                44.58213930954645
              ], 
              [
                -64.19762127222528, 
                44.58030846419035
              ], 
              [
                -64.21149651639989, 
                44.5713564264452
              ], 
              [
                -64.2105606778001, 
                44.552313548726325
              ], 
              [
                -64.22736567251417, 
                44.53701402171535
              ], 
              [
                -64.25275633257499, 
                44.543768670744214
              ], 
              [
                -64.28083248579964, 
                44.55817291847478
              ], 
              [
                -64.30553142605189, 
                44.5659855423152
              ], 
              [
                -64.30068927407389, 
                44.56089920075599
              ], 
              [
                -64.29255122265327, 
                44.545477570998955
              ], 
              [
                -64.30386308772299, 
                44.542629306140356
              ], 
              [
                -64.30483959088787, 
                44.53603735222549
              ], 
              [
                -64.30125897508812, 
                44.52651616774974
              ], 
              [
                -64.29873611118589, 
                44.51504135338707
              ], 
              [
                -64.30134031229865, 
                44.50259027090152
              ], 
              [
                -64.30801347265604, 
                44.492295631223335
              ], 
              [
                -64.3168838663588, 
                44.48370989245121
              ], 
              [
                -64.32603921587777, 
                44.476630012675514
              ], 
              [
                -64.31773839916744, 
                44.47642646793758
              ], 
              [
                -64.29873615688646, 
                44.469794077360326
              ], 
              [
                -64.3104142106133, 
                44.46491124888106
              ], 
              [
                -64.35391195329832, 
                44.456122242776566
              ], 
              [
                -64.35366776636619, 
                44.445135791583574
              ], 
              [
                -64.34390210478605, 
                44.43760802650897
              ], 
              [
                -64.33560139493271, 
                44.429103984008655
              ], 
              [
                -64.33971110359383, 
                44.415147299157354
              ], 
              [
                -64.29686444501648, 
                44.41705978954483
              ], 
              [
                -64.27529861006012, 
                44.41543197529168
              ], 
              [
                -64.25772053773044, 
                44.40892169786389
              ], 
              [
                -64.27501381560381, 
                44.40713129041959
              ], 
              [
                -64.28823809773225, 
                44.400946389493555
              ], 
              [
                -64.29987540090548, 
                44.393296474702375
              ], 
              [
                -64.31236737068971, 
                44.38719324222418
              ], 
              [
                -64.31236736631605, 
                44.38100833473697
              ], 
              [
                -64.26065020243436, 
                44.3802758052069
              ], 
              [
                -64.2355851329757, 
                44.376613787203134
              ], 
              [
                -64.21056069986771, 
                44.36733639290754
              ], 
              [
                -64.22793536839752, 
                44.36050043884867
              ], 
              [
                -64.2462051650362, 
                44.36131408444463
              ], 
              [
                -64.28164631189411, 
                44.36733639290754
              ], 
              [
                -64.34715737991846, 
                44.36733639290754
              ], 
              [
                -64.34715737342978, 
                44.36050043884867
              ], 
              [
                -64.33971108903874, 
                44.35606522898455
              ], 
              [
                -64.33576413351574, 
                44.34983960214662
              ], 
              [
                -64.33568270330841, 
                44.341864212636466
              ], 
              [
                -64.33971106906479, 
                44.332586986435444
              ], 
              [
                -64.32583575561806, 
                44.33014561349052
              ], 
              [
                -64.31517498374973, 
                44.323798050034185
              ], 
              [
                -64.30504310189511, 
                44.3203799602618
              ], 
              [
                -64.29255128531258, 
                44.32632083492129
              ], 
              [
                -64.29771886040477, 
                44.329331724015496
              ], 
              [
                -64.30728107189962, 
                44.33702225013762
              ], 
              [
                -64.3123673410929, 
                44.339992643437974
              ], 
              [
                -64.30166579625009, 
                44.343125658092724
              ], 
              [
                -64.29112707925867, 
                44.34129465677997
              ], 
              [
                -64.26455644606236, 
                44.332586986435444
              ], 
              [
                -64.28970289491194, 
                44.303778297142195
              ], 
              [
                -64.2888077118447, 
                44.299139625954574
              ], 
              [
                -64.23729404087206, 
                44.299139625954574
              ], 
              [
                -64.26903240311222, 
                44.26707603833105
              ], 
              [
                -64.28661049151923, 
                44.25861239975852
              ], 
              [
                -64.30553142825825, 
                44.27179609590704
              ], 
              [
                -64.3123673208471, 
                44.26430899614662
              ], 
              [
                -64.33055581989944, 
                44.27635332790638
              ], 
              [
                -64.33922280197912, 
                44.283758898108175
              ], 
              [
                -64.34715737098206, 
                44.29222243746853
              ], 
              [
                -64.33751379545333, 
                44.297674857387825
              ], 
              [
                -64.33348544682094, 
                44.299139625954574
              ], 
              [
                -64.40892488271633, 
                44.328517836136626
              ], 
              [
                -64.4290665601366, 
                44.339992643437974
              ], 
              [
                -64.41852782206185, 
                44.32623938564131
              ], 
              [
                -64.40160071390305, 
                44.312974348114196
              ], 
              [
                -64.38215082146344, 
                44.30304590404474
              ], 
              [
                -64.36388095480484, 
                44.299139625954574
              ], 
              [
                -64.35903883892598, 
                44.29564029569577
              ], 
              [
                -64.35728916383476, 
                44.287665031806846
              ], 
              [
                -64.35789957801127, 
                44.27846923524537
              ], 
              [
                -64.36017823830011, 
                44.27179609590704
              ], 
              [
                -64.3675023684887, 
                44.264146121881296
              ], 
              [
                -64.42564854958431, 
                44.233872743117566
              ], 
              [
                -64.43122311849933, 
                44.22557202675955
              ], 
              [
                -64.43439692100489, 
                44.207749694569756
              ], 
              [
                -64.43960529330235, 
                44.19912349351793
              ], 
              [
                -64.44888256788474, 
                44.19310117716777
              ], 
              [
                -64.46922769770833, 
                44.18736407729726
              ], 
              [
                -64.47744711419813, 
                44.18235923611912
              ], 
              [
                -64.48302162327506, 
                44.17413974044691
              ], 
              [
                -64.49791424598958, 
                44.140773972377865
              ], 
              [
                -64.51390542654205, 
                44.14940019405627
              ], 
              [
                -64.52261303315187, 
                44.15249244335861
              ], 
              [
                -64.53148356698019, 
                44.154445807710786
              ], 
              [
                -64.53571524837157, 
                44.15599179561074
              ], 
              [
                -64.54352775203351, 
                44.160793237287244
              ], 
              [
                -64.5491837564314, 
                44.16193277205089
              ], 
              [
                -64.55215409019641, 
                44.15965401054593
              ], 
              [
                -64.55508378767571, 
                44.14996979314601
              ], 
              [
                -64.55939689506495, 
                44.14826069326776
              ], 
              [
                -64.59434978543509, 
                44.15794517622506
              ], 
              [
                -64.60619059983763, 
                44.15859620347045
              ], 
              [
                -64.60041252003704, 
                44.14826069326776
              ], 
              [
                -64.60582431388187, 
                44.14541241218602
              ], 
              [
                -64.6095271815961, 
                44.14288980444034
              ], 
              [
                -64.61384028727043, 
                44.14109932012354
              ], 
              [
                -64.62083905009244, 
                44.140773972377865
              ], 
              [
                -64.59951738577722, 
                44.13507722594689
              ], 
              [
                -64.57481853199536, 
                44.13377524526772
              ], 
              [
                -64.55426994678473, 
                44.13003153964931
              ], 
              [
                -64.54576580180303, 
                44.1172550760374
              ], 
              [
                -64.54991610747314, 
                44.09983948602389
              ], 
              [
                -64.5609431840122, 
                44.07998287043546
              ], 
              [
                -64.57648683568227, 
                44.06924076598964
              ], 
              [
                -64.59414625311848, 
                44.079413061020574
              ], 
              [
                -64.62144935748564, 
                44.064764741011004
              ], 
              [
                -64.64915935878642, 
                44.05894616223351
              ], 
              [
                -64.71703038545222, 
                44.05882391379402
              ], 
              [
                -64.70539308741732, 
                44.045721890359644
              ], 
              [
                -64.68663486645598, 
                44.04185611177399
              ], 
              [
                -64.66942296261921, 
                44.03546779253864
              ], 
              [
                -64.66177322413463, 
                44.014471702506846
              ], 
              [
                -64.66698159345476, 
                43.99787023270193
              ], 
              [
                -64.67992104899331, 
                43.99298742739633
              ], 
              [
                -64.69668531589238, 
                43.9901389723779
              ], 
              [
                -64.71361248979306, 
                43.98004806619248
              ], 
              [
                -64.73119052353567, 
                43.963486952427694
              ], 
              [
                -64.74453686394202, 
                43.95783099257003
              ], 
              [
                -64.80650790447, 
                43.956773080076545
              ], 
              [
                -64.81566321108565, 
                43.95408762168339
              ], 
              [
                -64.81944741802306, 
                43.945868291689386
              ], 
              [
                -64.82192951323805, 
                43.93667232663071
              ], 
              [
                -64.82843987972849, 
                43.930975578459865
              ], 
              [
                -64.8374730532185, 
                43.92853409466638
              ], 
              [
                -64.84740153341535, 
                43.92910400662475
              ], 
              [
                -64.83332271256738, 
                43.91388578939701
              ], 
              [
                -64.7971085203542, 
                43.89488351081419
              ], 
              [
                -64.7859594042899, 
                43.87449769729897
              ], 
              [
                -64.80182856613462, 
                43.87632880637959
              ], 
              [
                -64.81395423092658, 
                43.874090886806464
              ], 
              [
                -64.8188370688458, 
                43.86656328626125
              ], 
              [
                -64.81261148768397, 
                43.852850734074096
              ], 
              [
                -64.82957918037728, 
                43.844956639252885
              ], 
              [
                -64.83458413331958, 
                43.83429601705279
              ], 
              [
                -64.83897865122258, 
                43.829657310444304
              ], 
              [
                -64.85423739177253, 
                43.83974832846177
              ], 
              [
                -64.85920161127532, 
                43.845689153474645
              ], 
              [
                -64.86803132288773, 
                43.860663004894
              ], 
              [
                -64.87409418655949, 
                43.86705145033935
              ], 
              [
                -64.88341222721711, 
                43.8728701529164
              ], 
              [
                -64.89329987999305, 
                43.87681698156243
              ], 
              [
                -64.90392008443244, 
                43.87929930915512
              ], 
              [
                -64.91502842845946, 
                43.88072331721377
              ], 
              [
                -64.90998291861673, 
                43.87091716874765
              ], 
              [
                -64.89509028653428, 
                43.85553616710702
              ], 
              [
                -64.88833574312753, 
                43.846584382615944
              ], 
              [
                -64.88573152066387, 
                43.838853113544765
              ], 
              [
                -64.88459223289215, 
                43.82212957353104
              ], 
              [
                -64.88149984466091, 
                43.81183513542941
              ], 
              [
                -64.9066055723802, 
                43.80499902332554
              ], 
              [
                -64.92430574162385, 
                43.82282122038682
              ], 
              [
                -64.93765211823636, 
                43.84902570450216
              ], 
              [
                -64.94981847053798, 
                43.86705145033935
              ], 
              [
                -64.96678624201476, 
                43.8736432433468
              ], 
              [
                -64.96393791436103, 
                43.86050028589299
              ], 
              [
                -64.93512940409086, 
                43.81264894375319
              ], 
              [
                -64.93248446902605, 
                43.80626039165627
              ], 
              [
                -64.93512932998938, 
                43.79918032410985
              ], 
              [
                -64.94896400569391, 
                43.77525464960887
              ], 
              [
                -64.95824134011602, 
                43.76577383030683
              ], 
              [
                -64.97008214002702, 
                43.75893783759089
              ], 
              [
                -64.98395743122492, 
                43.75787980531497
              ], 
              [
                -64.99714109172514, 
                43.769598730956154
              ], 
              [
                -65.02041584976784, 
                43.81696206210724
              ], 
              [
                -65.03917398069105, 
                43.83234290341057
              ], 
              [
                -65.03774985122921, 
                43.81598554347085
              ], 
              [
                -65.01870679822015, 
                43.77085999593168
              ], 
              [
                -65.01598061786741, 
                43.7584089734523
              ], 
              [
                -65.01447503103952, 
                43.74253969394447
              ], 
              [
                -65.01659098037955, 
                43.72715900126762
              ], 
              [
                -65.02497316368564, 
                43.71621342222391
              ], 
              [
                -65.03441322207794, 
                43.712307051703156
              ], 
              [
                -65.03677324463224, 
                43.715399490597065
              ], 
              [
                -65.03766844165453, 
                43.72081131163848
              ], 
              [
                -65.04287678063729, 
                43.72370032443365
              ], 
              [
                -65.05284585445379, 
                43.72052649330328
              ], 
              [
                -65.05858316608084, 
                43.713487122813085
              ], 
              [
                -65.06065836259751, 
                43.70640704883094
              ], 
              [
                -65.05968179906303, 
                43.703192526784605
              ], 
              [
                -65.07697507593203, 
                43.71076084051015
              ], 
              [
                -65.07306875710202, 
                43.744981036864885
              ], 
              [
                -65.08698477513806, 
                43.75787980531497
              ], 
              [
                -65.09630284880508, 
                43.7361920839112
              ], 
              [
                -65.12315838502622, 
                43.69676355398143
              ], 
              [
                -65.12857008527904, 
                43.674668605862834
              ], 
              [
                -65.15123445602605, 
                43.68911354738628
              ], 
              [
                -65.14683991738107, 
                43.706528892264316
              ], 
              [
                -65.13658604833485, 
                43.727118181774905
              ], 
              [
                -65.14159092162932, 
                43.751043937229355
              ], 
              [
                -65.16124421886546, 
                43.715643487155965
              ], 
              [
                -65.1695450323663, 
                43.709377296860765
              ], 
              [
                -65.17845618025844, 
                43.71006906813485
              ], 
              [
                -65.18708249604062, 
                43.71588778846711
              ], 
              [
                -65.19367431274222, 
                43.72447345237538
              ], 
              [
                -65.20075433260358, 
                43.751043937229355
              ], 
              [
                -65.21174073477216, 
                43.77204022643992
              ], 
              [
                -65.22524980798003, 
                43.791815507465536
              ], 
              [
                -65.23786374336893, 
                43.80556877136608
              ], 
              [
                -65.24030519485393, 
                43.798244671922866
              ], 
              [
                -65.24233969818344, 
                43.795233597909494
              ], 
              [
                -65.24209545969335, 
                43.792140893642774
              ], 
              [
                -65.23786375830214, 
                43.784491336641885
              ], 
              [
                -65.25470942943443, 
                43.77570219084928
              ], 
              [
                -65.2491348595144, 
                43.75470602864059
              ], 
              [
                -65.2245988140883, 
                43.71881758721526
              ], 
              [
                -65.24010172575953, 
                43.69468830696518
              ], 
              [
                -65.25035560623297, 
                43.67340731570454
              ], 
              [
                -65.26353918855509, 
                43.67080311791972
              ], 
              [
                -65.28929599720321, 
                43.674668605862834
              ], 
              [
                -65.32721917277178, 
                43.696397118187555
              ], 
              [
                -65.32778881010805, 
                43.709539958963575
              ], 
              [
                -65.31602947510176, 
                43.73281497512128
              ], 
              [
                -65.31354738300472, 
                43.74355717235246
              ], 
              [
                -65.31725016840218, 
                43.76048422054096
              ], 
              [
                -65.32298737702918, 
                43.76544815932446
              ], 
              [
                -65.3308812877008, 
                43.76304752391021
              ], 
              [
                -65.34080964492408, 
                43.75787980531497
              ], 
              [
                -65.34504148855821, 
                43.75079992075857
              ], 
              [
                -65.34630286192892, 
                43.74152252255776
              ], 
              [
                -65.3514705396229, 
                43.73680256173232
              ], 
              [
                -65.36754315104854, 
                43.74355717235246
              ], 
              [
                -65.35496982937867, 
                43.71605045300734
              ], 
              [
                -65.34146072410468, 
                43.693467470544476
              ], 
              [
                -65.33429929235788, 
                43.67031487064025
              ], 
              [
                -65.34080965972032, 
                43.64118062487216
              ], 
              [
                -65.34142003920786, 
                43.63434476292538
              ], 
              [
                -65.34048413924849, 
                43.62514872522004
              ], 
              [
                -65.34064688752444, 
                43.61725481428954
              ], 
              [
                -65.34422763904854, 
                43.61383690466984
              ], 
              [
                -65.35448161714636, 
                43.61066326411075
              ], 
              [
                -65.35806228744688, 
                43.60358303135571
              ], 
              [
                -65.3565567381554, 
                43.59650291302033
              ], 
              [
                -65.35106357737318, 
                43.593329093493715
              ], 
              [
                -65.34605870604608, 
                43.58738836927192
              ], 
              [
                -65.34080968102414, 
                43.544907894878165
              ], 
              [
                -65.36253816351719, 
                43.57493710616726
              ], 
              [
                -65.37124592035451, 
                43.579087690966496
              ], 
              [
                -65.38149976834129, 
                43.576564751949036
              ], 
              [
                -65.39191646025951, 
                43.56655505430684
              ], 
              [
                -65.40168214157713, 
                43.56541587984699
              ], 
              [
                -65.41588297962502, 
                43.571356611199
              ], 
              [
                -65.44220942915422, 
                43.592922242066685
              ], 
              [
                -65.456898593346, 
                43.59951413436752
              ], 
              [
                -65.45689853832685, 
                43.593329093493715
              ], 
              [
                -65.41295321009989, 
                43.538804313153484
              ], 
              [
                -65.40973872952603, 
                43.52916085691107
              ], 
              [
                -65.40778566363097, 
                43.518785036970556
              ], 
              [
                -65.40168207507128, 
                43.50397364735378
              ], 
              [
                -65.41616773235394, 
                43.50006734263638
              ], 
              [
                -65.42243407428045, 
                43.51129798575063
              ], 
              [
                -65.42894444599854, 
                43.544907894878165
              ], 
              [
                -65.43952391785022, 
                43.55723711415502
              ], 
              [
                -65.4501032854936, 
                43.5604514766814
              ], 
              [
                -65.4556371361851, 
                43.555975553321474
              ], 
              [
                -65.45067296199224, 
                43.544907894878165
              ], 
              [
                -65.45543371851619, 
                43.53473540717445
              ], 
              [
                -65.46263584177673, 
                43.52757388291964
              ], 
              [
                -65.4723200907637, 
                43.52399316443945
              ], 
              [
                -65.48424233263896, 
                43.52448155323998
              ], 
              [
                -65.47411048626878, 
                43.50377026290379
              ], 
              [
                -65.47142494026284, 
                43.49380119053196
              ], 
              [
                -65.4705704715124, 
                43.48004799693179
              ], 
              [
                -65.47484293785679, 
                43.47093342706077
              ], 
              [
                -65.48424227361042, 
                43.47190978342319
              ], 
              [
                -65.49364169690956, 
                43.48033265901212
              ], 
              [
                -65.49791413652885, 
                43.49339412663391
              ], 
              [
                -65.50401768928758, 
                43.502834330280166
              ], 
              [
                -65.54255119634912, 
                43.52789937654367
              ], 
              [
                -65.54678301031566, 
                43.532294020733474
              ], 
              [
                -65.55036372152003, 
                43.53750230786821
              ], 
              [
                -65.55166580434656, 
                43.5430361614178
              ], 
              [
                -65.54564364613306, 
                43.555975553321474
              ], 
              [
                -65.54987544767549, 
                43.56134672772356
              ], 
              [
                -65.55650790175225, 
                43.56533427109772
              ], 
              [
                -65.55992590862434, 
                43.569159240750174
              ], 
              [
                -65.56598876373313, 
                43.57404213194639
              ], 
              [
                -65.57949789770379, 
                43.56541587984699
              ], 
              [
                -65.61294513288802, 
                43.53620030643272
              ], 
              [
                -65.64867106853902, 
                43.517645681652716
              ], 
              [
                -65.65269929066503, 
                43.512803302150104
              ], 
              [
                -65.6542048452169, 
                43.50714743121049
              ], 
              [
                -65.65794834865679, 
                43.50157292520183
              ], 
              [
                -65.66917885026261, 
                43.49713778900596
              ], 
              [
                -65.66771399636619, 
                43.500108140963796
              ], 
              [
                -65.67446853347067, 
                43.50454330699315
              ], 
              [
                -65.68968664332182, 
                43.510809611549675
              ], 
              [
                -65.71930905689825, 
                43.50889722376181
              ], 
              [
                -65.72956291062846, 
                43.51349506739594
              ], 
              [
                -65.73810790778163, 
                43.53131753084304
              ], 
              [
                -65.73053949654692, 
                43.54677963629917
              ], 
              [
                -65.73159742087711, 
                43.56273010732465
              ], 
              [
                -65.73957274406175, 
                43.576727669118156
              ], 
              [
                -65.75234939411126, 
                43.58653387147431
              ], 
              [
                -65.75251222283768, 
                43.57632083308546
              ], 
              [
                -65.75177974961738, 
                43.569159240750174
              ], 
              [
                -65.74941968557202, 
                43.563706666931076
              ], 
              [
                -65.74494375953637, 
                43.558579677077354
              ], 
              [
                -65.74771077006616, 
                43.55483640627955
              ], 
              [
                -65.75084383983591, 
                43.55280172221999
              ], 
              [
                -65.75438394901747, 
                43.55166258339895
              ], 
              [
                -65.7585343604052, 
                43.5511336658955
              ], 
              [
                -65.77814693328904, 
                43.568182669024864
              ], 
              [
                -65.781849721933, 
                43.58738836927192
              ], 
              [
                -65.7722061434544, 
                43.64118062487216
              ], 
              [
                -65.77155514431749, 
                43.668809318062
              ], 
              [
                -65.77375235889188, 
                43.6808127645926
              ], 
              [
                -65.77904211293678, 
                43.68895089292271
              ], 
              [
                -65.7888077956187, 
                43.69106692867951
              ], 
              [
                -65.79491122181321, 
                43.68260315195872
              ], 
              [
                -65.80011957151733, 
                43.6686871806036
              ], 
              [
                -65.80699626998756, 
                43.654771348882406
              ], 
              [
                -65.79637614635801, 
                43.64634847958474
              ], 
              [
                -65.79234777850272, 
                43.6339378733784
              ], 
              [
                -65.79381267453921, 
                43.619940616225094
              ], 
              [
                -65.79954995662601, 
                43.60635006125234
              ], 
              [
                -65.81480872053996, 
                43.631577860563624
              ], 
              [
                -65.81700600733006, 
                43.65696853992714
              ], 
              [
                -65.81566320172705, 
                43.682725293318065
              ], 
              [
                -65.81997634718033, 
                43.709377296860765
              ], 
              [
                -65.82510334572939, 
                43.71841061877113
              ], 
              [
                -65.84064693542128, 
                43.73867421166565
              ], 
              [
                -65.8479711293217, 
                43.751043937229355
              ], 
              [
                -65.85289470977192, 
                43.76422773310845
              ], 
              [
                -65.86164304043939, 
                43.80556877136608
              ], 
              [
                -65.8684789774401, 
                43.80556877136608
              ], 
              [
                -65.8682347753873, 
                43.787095302783825
              ], 
              [
                -65.86620032719395, 
                43.77903880971483
              ], 
              [
                -65.86164299574334, 
                43.77085999593168
              ], 
              [
                -65.87718666488387, 
                43.769598730956154
              ], 
              [
                -65.88890543003599, 
                43.783758926388195
              ], 
              [
                -65.89899651778217, 
                43.80345278577706
              ], 
              [
                -65.90941317101911, 
                43.819240512632625
              ], 
              [
                -65.9243871901454, 
                43.82680902796724
              ], 
              [
                -65.93716386942667, 
                43.82599519290574
              ], 
              [
                -65.94127355249104, 
                43.81989163129002
              ], 
              [
                -65.92992106931793, 
                43.81183513542941
              ], 
              [
                -65.92992103544707, 
                43.80556877136608
              ], 
              [
                -65.9566951078146, 
                43.7853864387124
              ], 
              [
                -65.97134361042723, 
                43.78009689373757
              ], 
              [
                -65.9776504652803, 
                43.79478573176873
              ], 
              [
                -65.9788305269173, 
                43.80211007719273
              ], 
              [
                -65.98395747300115, 
                43.8194440442364
              ], 
              [
                -65.98721265444148, 
                43.83921936530412
              ], 
              [
                -65.99193271575314, 
                43.84902570450216
              ], 
              [
                -65.99665282022521, 
                43.85407141107413
              ], 
              [
                -65.99876870065161, 
                43.84967686821018
              ], 
              [
                -66.00401769426166, 
                43.831691765933094
              ], 
              [
                -66.00499421905293, 
                43.82550677072988
              ], 
              [
                -66.00475013203257, 
                43.816310947875245
              ], 
              [
                -66.00365148679887, 
                43.80971911910225
              ], 
              [
                -66.00169834806998, 
                43.804185229434424
              ], 
              [
                -65.97435467179716, 
                43.75063724318774
              ], 
              [
                -65.96336834165699, 
                43.73729088368184
              ], 
              [
                -65.97321532763021, 
                43.71426023257282
              ], 
              [
                -65.9796036056547, 
                43.7059592745066
              ], 
              [
                -65.99132242447921, 
                43.703192526784605
              ], 
              [
                -65.98314370809734, 
                43.71946855474854
              ], 
              [
                -65.9837947016117, 
                43.729315433510656
              ], 
              [
                -65.99160717030175, 
                43.731105716025844
              ], 
              [
                -66.00499429398693, 
                43.72370032443365
              ], 
              [
                -66.00690671010881, 
                43.71694571829933
              ], 
              [
                -66.00548254104989, 
                43.7078310960918
              ], 
              [
                -66.00641843217936, 
                43.699855882301875
              ], 
              [
                -66.01524814343233, 
                43.696397118187555
              ], 
              [
                -66.02379306994874, 
                43.6980654239617
              ], 
              [
                -66.02814694738323, 
                43.70229728982428
              ], 
              [
                -66.02871663540103, 
                43.70864501354138
              ], 
              [
                -66.02611248749675, 
                43.71621342222391
              ], 
              [
                -66.03229738350181, 
                43.71621342222391
              ], 
              [
                -66.03087317568212, 
                43.73668040517339
              ], 
              [
                -66.04214428487869, 
                43.74640521069158
              ], 
              [
                -66.05553139282362, 
                43.74087152193742
              ], 
              [
                -66.0602107945244, 
                43.71621342222391
              ], 
              [
                -66.07420811257826, 
                43.729315433510656
              ], 
              [
                -66.07730059824951, 
                43.740586690433865
              ], 
              [
                -66.07323157207121, 
                43.76772694739344
              ], 
              [
                -66.07941645872782, 
                43.77236559772966
              ], 
              [
                -66.09308839489339, 
                43.76646569155148
              ], 
              [
                -66.1072892106934, 
                43.75503169154215
              ], 
              [
                -66.114857604655, 
                43.74355717235246
              ], 
              [
                -66.12169354266054, 
                43.74355717235246
              ], 
              [
                -66.13365636978077, 
                43.80971911910225
              ], 
              [
                -66.11978101222606, 
                43.824530232731156
              ], 
              [
                -66.11339275521243, 
                43.836005074933325
              ], 
              [
                -66.11115470984039, 
                43.847520139778894
              ], 
              [
                -66.11827555130209, 
                43.852850734074096
              ], 
              [
                -66.12848877012077, 
                43.8495141533681
              ], 
              [
                -66.13585370031362, 
                43.84194584826518
              ], 
              [
                -66.14232338880356, 
                43.8328718581181
              ], 
              [
                -66.14956615894133, 
                43.82550677072988
              ], 
              [
                -66.14781657288543, 
                43.84007405552229
              ], 
              [
                -66.1492406454943, 
                43.852443639370016
              ], 
              [
                -66.15591381816868, 
                43.85997129720696
              ], 
              [
                -66.1700740058049, 
                43.86025620750706
              ], 
              [
                -66.16616774112997, 
                43.87042869555049
              ], 
              [
                -66.16714435598647, 
                43.87946203528087
              ], 
              [
                -66.16966711680783, 
                43.88735585015989
              ], 
              [
                -66.17007404855299, 
                43.89439531506512
              ], 
              [
                -66.16559806779365, 
                43.90379455231203
              ], 
              [
                -66.1523331318866, 
                43.924139702785965
              ], 
              [
                -66.14956619689468, 
                43.932237012138046
              ], 
              [
                -66.15367590710285, 
                43.94717030493481
              ], 
              [
                -66.16071533850977, 
                43.96092367200053
              ], 
              [
                -66.16291258786455, 
                43.97565344858649
              ], 
              [
                -66.1487523805864, 
                44.0025494752849
              ], 
              [
                -66.1502578838676, 
                44.010402586074704
              ], 
              [
                -66.15583243135845, 
                44.021633064126725
              ], 
              [
                -66.15782627983116, 
                44.02354558542809
              ], 
              [
                -66.18342034416975, 
                44.084051740517474
              ], 
              [
                -66.19432527453756, 
                44.092596617191354
              ], 
              [
                -66.2104385544016, 
                44.08555722627994
              ], 
              [
                -66.21031650243441, 
                44.10569887370334
              ], 
              [
                -66.19465085371158, 
                44.14272697738403
              ], 
              [
                -66.19058188640287, 
                44.1653507850161
              ], 
              [
                -66.1876522032335, 
                44.171210169841636
              ], 
              [
                -66.15868081963941, 
                44.20054766139588
              ], 
              [
                -66.15257730903663, 
                44.209051904677715
              ], 
              [
                -66.1421605554546, 
                44.23078019845058
              ], 
              [
                -66.11367748015853, 
                44.34336971086109
              ], 
              [
                -66.09496004578088, 
                44.374172154792866
              ], 
              [
                -66.06289629685047, 
                44.393459399660344
              ], 
              [
                -66.04674237120527, 
                44.406643109778514
              ], 
              [
                -66.0397029864718, 
                44.42540125609856
              ], 
              [
                -66.03254146984435, 
                44.436753647601996
              ], 
              [
                -65.96597245924765, 
                44.489243880075044
              ], 
              [
                -65.92772377895612, 
                44.50617100939938
              ], 
              [
                -65.88878328694004, 
                44.53245665766406
              ], 
              [
                -65.86677002461583, 
                44.54336181985266
              ], 
              [
                -65.84788975296283, 
                44.556504559906664
              ], 
              [
                -65.84048422264817, 
                44.57339112971083
              ], 
              [
                -65.84911046716398, 
                44.58681871660353
              ], 
              [
                -65.86847902304294, 
                44.58755130965855
              ], 
              [
                -65.91315674006036, 
                44.579657383621296
              ], 
              [
                -65.92369545623197, 
                44.58128493437284
              ], 
              [
                -65.9329728208236, 
                44.58380777298182
              ], 
              [
                -65.94253499881434, 
                44.58340088216542
              ], 
              [
                -66.02843180802128, 
                44.520616050137896
              ], 
              [
                -66.1872452286841, 
                44.39459865575028
              ], 
              [
                -66.19676669963023, 
                44.39093651084145
              ], 
              [
                -66.19229080970928, 
                44.417466515271556
              ], 
              [
                -66.18032793328506, 
                44.43443432294239
              ], 
              [
                -65.99876871910587, 
                44.579657383621296
              ], 
              [
                -65.88890542377335, 
                44.63076411806569
              ], 
              [
                -65.87466389863293, 
                44.643133939358215
              ], 
              [
                -65.78587811492719, 
                44.69635665490308
              ], 
              [
                -65.77269448454464, 
                44.68577713496039
              ], 
              [
                -65.76305090235525, 
                44.67234932889335
              ], 
              [
                -65.75633707992165, 
                44.65729410645645
              ], 
              [
                -65.75234943844423, 
                44.64170976811808
              ], 
              [
                -65.75373282254061, 
                44.63198462860147
              ], 
              [
                -65.75698810288203, 
                44.62051020378086
              ], 
              [
                -65.75706949564277, 
                44.61090737246538
              ], 
              [
                -65.74864663455588, 
                44.606919716647454
              ], 
              [
                -65.72960360162843, 
                44.60919819789101
              ], 
              [
                -65.71019442712088, 
                44.61375550394189
              ], 
              [
                -65.69229078234136, 
                44.62071351505668
              ], 
              [
                -65.68004311757991, 
                44.62864822917812
              ], 
              [
                -65.65611736924423, 
                44.64785404188514
              ], 
              [
                -65.62498933399603, 
                44.66648984015439
              ], 
              [
                -65.61241618090378, 
                44.677801917016325
              ], 
              [
                -65.60155194277048, 
                44.69635665490308
              ], 
              [
                -65.59410556189854, 
                44.68886944047198
              ], 
              [
                -65.5367325976672, 
                44.736639835601096
              ], 
              [
                -65.52236889221065, 
                44.74404518226207
              ], 
              [
                -65.49413002282978, 
                44.748684013766926
              ], 
              [
                -65.4509170991072, 
                44.770615896855865
              ], 
              [
                -65.42894444624771, 
                44.77822495390067
              ], 
              [
                -65.44725502738235, 
                44.78107334844282
              ], 
              [
                -65.49254305928054, 
                44.75812399174259
              ], 
              [
                -65.53514558467879, 
                44.74697486793277
              ], 
              [
                -65.61534577298747, 
                44.709133053860015
              ], 
              [
                -65.65396077588191, 
                44.6980655863051
              ], 
              [
                -65.67634035483408, 
                44.69635665490308
              ], 
              [
                -65.71727453828564, 
                44.67442453393652
              ], 
              [
                -65.74177003978218, 
                44.667832886592024
              ], 
              [
                -65.75853427410244, 
                44.68268454777038
              ], 
              [
                -65.72345942926268, 
                44.72744372711134
              ], 
              [
                -65.62124589981109, 
                44.77887604863203
              ], 
              [
                -65.45689851692987, 
                44.85460019981189
              ], 
              [
                -65.39761302695658, 
                44.89488338237645
              ], 
              [
                -65.37840735710317, 
                44.90110911982552
              ], 
              [
                -65.35826577633792, 
                44.90436438222222
              ], 
              [
                -65.23167889443044, 
                44.95518640457184
              ], 
              [
                -65.21328692735403, 
                44.96690505180957
              ], 
              [
                -65.18053137042678, 
                44.9932314900146
              ], 
              [
                -65.02212480441497, 
                45.060166735065735
              ], 
              [
                -64.86318925806187, 
                45.13955312972923
              ], 
              [
                -64.71401933162485, 
                45.192368873314656
              ], 
              [
                -64.6441137345822, 
                45.200832420348355
              ], 
              [
                -64.5755102203303, 
                45.219631252851656
              ], 
              [
                -64.51065019323701, 
                45.228583073032006
              ], 
              [
                -64.47496497322003, 
                45.240301825568025
              ], 
              [
                -64.44115149492514, 
                45.25576406222595
              ], 
              [
                -64.41539465931731, 
                45.271633200656645
              ], 
              [
                -64.39533443738644, 
                45.301621807836256
              ], 
              [
                -64.41755123568139, 
                45.319647527178574
              ], 
              [
                -64.45933996828475, 
                45.329168999850864
              ], 
              [
                -64.49791419297895, 
                45.333807686520906
              ], 
              [
                -64.47777259696453, 
                45.34113192093581
              ], 
              [
                -64.4561661479258, 
                45.338731194537814
              ], 
              [
                -64.41539466142342, 
                45.32632070609202
              ], 
              [
                -64.3487035826067, 
                45.31944408472954
              ], 
              [
                -64.32974199212634, 
                45.30955638490929
              ], 
              [
                -64.31843014407974, 
                45.294907950374274
              ], 
              [
                -64.3204646515848, 
                45.28294506326541
              ], 
              [
                -64.33055579570528, 
                45.27228425399264
              ], 
              [
                -64.3433731731376, 
                45.2614606716017
              ], 
              [
                -64.35155188569142, 
                45.248114321617564
              ], 
              [
                -64.35912024829837, 
                45.21336498194504
              ], 
              [
                -64.36754310143913, 
                45.196600661897314
              ], 
              [
                -64.3524470668105, 
                45.18520741833336
              ], 
              [
                -64.35700436073776, 
                45.170762436321326
              ], 
              [
                -64.37193762954237, 
                45.15729401340436
              ], 
              [
                -64.38805090966086, 
                45.14878977753374
              ], 
              [
                -64.36733964669135, 
                45.12612538961011
              ], 
              [
                -64.36241614402309, 
                45.11611562446885
              ], 
              [
                -64.36754309741416, 
                45.107814844482064
              ], 
              [
                -64.35659745877574, 
                45.10398997282694
              ], 
              [
                -64.34552975339797, 
                45.10586172462426
              ], 
              [
                -64.33690345066168, 
                45.11294180071562
              ], 
              [
                -64.33348548231368, 
                45.1245791724053
              ], 
              [
                -64.3316137370219, 
                45.13589102064836
              ], 
              [
                -64.32603919062883, 
                45.14199452944697
              ], 
              [
                -64.31725012903418, 
                45.1455752620888
              ], 
              [
                -64.30553137766258, 
                45.14878977753374
              ], 
              [
                -64.22345944071458, 
                45.1083845114532
              ], 
              [
                -64.15160071435211, 
                45.049790755313886
              ], 
              [
                -64.1490779293209, 
                45.03872304983574
              ], 
              [
                -64.15534426142192, 
                44.983710175029145
              ], 
              [
                -64.1472875160729, 
                44.997707299123704
              ], 
              [
                -64.13585364496433, 
                45.003241277907286
              ], 
              [
                -64.12205970000696, 
                45.002549546018464
              ], 
              [
                -64.10692293350702, 
                44.99795144117758
              ], 
              [
                -64.11632239504307, 
                45.01137929911247
              ], 
              [
                -64.11904863217731, 
                45.02989329646214
              ], 
              [
                -64.11416581980191, 
                45.04621003008888
              ], 
              [
                -64.10069739531977, 
                45.053208726833084
              ], 
              [
                -64.10069739510053, 
                45.05939362226206
              ], 
              [
                -64.11949622231936, 
                45.06207916722808
              ], 
              [
                -64.13654537645085, 
                45.07290273457107
              ], 
              [
                -64.18382727738579, 
                45.1143252604043
              ], 
              [
                -64.19741777399094, 
                45.132554431573695
              ], 
              [
                -64.19933020583001, 
                45.148667706962634
              ], 
              [
                -64.16588294336933, 
                45.15940990155638
              ], 
              [
                -64.16397050368927, 
                45.16828033240347
              ], 
              [
                -64.16633053666985, 
                45.17837149552724
              ], 
              [
                -64.16559811232212, 
                45.18602122943199
              ], 
              [
                -64.15770422819905, 
                45.19188059372973
              ], 
              [
                -64.13927161180995, 
                45.200018616314736
              ], 
              [
                -64.13076738209003, 
                45.206529039234
              ], 
              [
                -64.11506099859542, 
                45.216050514161076
              ], 
              [
                -64.02432206914601, 
                45.24144114837963
              ], 
              [
                -63.96288000899391, 
                45.25112538518255
              ], 
              [
                -63.905832482412684, 
                45.2757835866671
              ], 
              [
                -63.88467363050024, 
                45.279120180097294
              ], 
              [
                -63.84650631631376, 
                45.27716706502532
              ], 
              [
                -63.8253067733607, 
                45.27960847475411
              ], 
              [
                -63.80899003957559, 
                45.28872305310465
              ], 
              [
                -63.80402584672272, 
                45.29881419948741
              ], 
              [
                -63.80410722654947, 
                45.30630117543118
              ], 
              [
                -63.80142168222689, 
                45.311021234403455
              ], 
              [
                -63.78819739756377, 
                45.312648836677795
              ], 
              [
                -63.76040605276813, 
                45.31126536379018
              ], 
              [
                -63.74828040539319, 
                45.30744050323812
              ], 
              [
                -63.736927866081174, 
                45.299628002426616
              ], 
              [
                -63.73033606906938, 
                45.30548737739578
              ], 
              [
                -63.719797333522806, 
                45.322129633183806
              ], 
              [
                -63.71589108041884, 
                45.32632070609202
              ], 
              [
                -63.70811927275068, 
                45.326402092171605
              ], 
              [
                -63.67491614778187, 
                45.320135816257654
              ], 
              [
                -63.57872473979039, 
                45.32233307706527
              ], 
              [
                -63.5430802089575, 
                45.331691804116424
              ], 
              [
                -63.52407792996416, 
                45.333807686520906
              ], 
              [
                -63.504505984150434, 
                45.32868071831676
              ], 
              [
                -63.492583786503495, 
                45.31696197708466
              ], 
              [
                -63.48277747027468, 
                45.3032900988664
              ], 
              [
                -63.469471811049644, 
                45.292141023367776
              ], 
              [
                -63.4609268815122, 
                45.32501860763664
              ], 
              [
                -63.43309485311644, 
                45.344875385452625
              ], 
              [
                -63.39614823691781, 
                45.35561756931126
              ], 
              [
                -63.3602188789683, 
                45.36107005391713
              ], 
              [
                -63.39167233102083, 
                45.37164948367249
              ], 
              [
                -63.507313604079435, 
                45.37474192398215
              ], 
              [
                -63.52867591579192, 
                45.37783438951582
              ], 
              [
                -63.57115637991411, 
                45.39166901438542
              ], 
              [
                -63.59300696248027, 
                45.39516835442819
              ], 
              [
                -63.81578528347146, 
                45.39516835442819
              ], 
              [
                -63.83385168671978, 
                45.392075900279295
              ], 
              [
                -63.84886633388143, 
                45.38458891810216
              ], 
              [
                -63.87413490144164, 
                45.367295656737085
              ], 
              [
                -63.88048254365428, 
                45.361883836914195
              ], 
              [
                -63.884917776886944, 
                45.356268632099976
              ], 
              [
                -63.89085852578265, 
                45.352891337238916
              ], 
              [
                -63.9014786505786, 
                45.35423413149232
              ], 
              [
                -63.91047115442721, 
                45.358872779721004
              ], 
              [
                -63.9146215536963, 
                45.36522045719501
              ], 
              [
                -63.913929820410644, 
                45.37287019285532
              ], 
              [
                -63.90831457734265, 
                45.381496473909294
              ], 
              [
                -63.936634899606624, 
                45.39850496194997
              ], 
              [
                -64.01378333666733, 
                45.39044832109486
              ], 
              [
                -64.05231685846209, 
                45.39516835442819
              ], 
              [
                -64.04230710110072, 
                45.400539470799075
              ], 
              [
                -64.03799394005117, 
                45.40200428877376
              ], 
              [
                -64.06598873472987, 
                45.412990623713014
              ], 
              [
                -64.10533605981837, 
                45.41514718442618
              ], 
              [
                -64.18260657346859, 
                45.40884023204384
              ], 
              [
                -64.24388586498736, 
                45.394680064476645
              ], 
              [
                -64.27586828768318, 
                45.392075900279295
              ], 
              [
                -64.31236731303426, 
                45.40200428877376
              ], 
              [
                -64.31452388772733, 
                45.38194406697808
              ], 
              [
                -64.32217362732582, 
                45.379990940943365
              ], 
              [
                -64.33364823856941, 
                45.38580963073255
              ], 
              [
                -64.34715735809567, 
                45.38898347140293
              ], 
              [
                -64.35895749330071, 
                45.38633862781894
              ], 
              [
                -64.36974035930899, 
                45.381496473909294
              ], 
              [
                -64.37946530099488, 
                45.3749860751419
              ], 
              [
                -64.38805091749346, 
                45.367295656737085
              ], 
              [
                -64.39981035443657, 
                45.37287019285532
              ], 
              [
                -64.4359024683042, 
                45.381496473909294
              ], 
              [
                -64.44570878629844, 
                45.3880475886203
              ], 
              [
                -64.45140539696793, 
                45.394680064476645
              ], 
              [
                -64.45881100832595, 
                45.39996981027656
              ], 
              [
                -64.57616126855412, 
                45.41563550082769
              ], 
              [
                -64.61998451015741, 
                45.40851473180064
              ], 
              [
                -64.67251542745495, 
                45.38902415203718
              ], 
              [
                -64.70702063569927, 
                45.36058176966371
              ], 
              [
                -64.69660397042524, 
                45.32632070609202
              ], 
              [
                -64.71743730248681, 
                45.32461171711658
              ], 
              [
                -64.73253333061312, 
                45.31614817544087
              ], 
              [
                -64.74510657416715, 
                45.3061384118629
              ], 
              [
                -64.75865638111453, 
                45.299628002426616
              ], 
              [
                -64.76817786699083, 
                45.29726797867456
              ], 
              [
                -64.76842200643756, 
                45.297919018254795
              ], 
              [
                -64.76707923284862, 
                45.30259837874337
              ], 
              [
                -64.77163652560328, 
                45.312648836677795
              ], 
              [
                -64.77285722501112, 
                45.317775780464
              ], 
              [
                -64.76659094666144, 
                45.325099993438194
              ], 
              [
                -64.76821855956999, 
                45.329982829283274
              ], 
              [
                -64.77399654156783, 
                45.333156623944895
              ], 
              [
                -64.78636634085645, 
                45.33209870219574
              ], 
              [
                -64.79214433598342, 
                45.333807686520906
              ], 
              [
                -64.82274329148632, 
                45.34796783712343
              ], 
              [
                -64.85985266478525, 
                45.35301340577227
              ], 
              [
                -64.89745032559448, 
                45.34650299852115
              ], 
              [
                -64.9293106764268, 
                45.32632070609202
              ], 
              [
                -64.9356990267037, 
                45.351223058469124
              ], 
              [
                -64.92870031828804, 
                45.383042692849806
              ], 
              [
                -64.91519121651926, 
                45.41242098265178
              ], 
              [
                -64.90200761034747, 
                45.42999907656477
              ], 
              [
                -64.85391191159927, 
                45.457261456422394
              ], 
              [
                -64.83897863877594, 
                45.45905180909936
              ], 
              [
                -64.81493078738016, 
                45.46759673264026
              ], 
              [
                -64.79963131310687, 
                45.470851952717666
              ], 
              [
                -64.83311926416752, 
                45.48399484410617
              ], 
              [
                -64.7064102903091, 
                45.53685131501338
              ], 
              [
                -64.68089759601803, 
                45.54254793438535
              ], 
              [
                -64.66331945924217, 
                45.55650460928091
              ], 
              [
                -64.6487931005322, 
                45.55906810747465
              ], 
              [
                -64.64537512454604, 
                45.58633045961812
              ], 
              [
                -64.61359615786567, 
                45.60268789265685
              ], 
              [
                -64.57282466867089, 
                45.61534250137498
              ], 
              [
                -64.54234778689393, 
                45.63165924928607
              ], 
              [
                -64.51333574299943, 
                45.656846426112374
              ], 
              [
                -64.48428300002519, 
                45.67637765316675
              ], 
              [
                -64.47671465070836, 
                45.67910391492551
              ], 
              [
                -64.46251380391024, 
                45.68105704044295
              ], 
              [
                -64.4570206494795, 
                45.68317295091715
              ], 
              [
                -64.4485977955664, 
                45.69057854246583
              ], 
              [
                -64.43765214265282, 
                45.70425037932687
              ], 
              [
                -64.42906652110355, 
                45.70986558890805
              ], 
              [
                -64.43675696607106, 
                45.725205798737804
              ], 
              [
                -64.43907630335892, 
                45.73851146602751
              ], 
              [
                -64.43211830240824, 
                45.74787020803682
              ], 
              [
                -64.41197668267112, 
                45.751532270160965
              ], 
              [
                -64.3981013661299, 
                45.75625234633224
              ], 
              [
                -64.38589433796662, 
                45.767645582581544
              ], 
              [
                -64.37889562534356, 
                45.781154660217794
              ], 
              [
                -64.3806046240662, 
                45.79238516583231
              ], 
              [
                -64.30553137651088, 
                45.826564839639765
              ], 
              [
                -64.29303951604798, 
                45.81578196556644
              ], 
              [
                -64.29442297157023, 
                45.805039756888505
              ], 
              [
                -64.31236732555527, 
                45.78563062287949
              ], 
              [
                -64.31908119517992, 
                45.781317478591745
              ], 
              [
                -64.32603920619722, 
                45.77993402230526
              ], 
              [
                -64.33136959109444, 
                45.77716704901328
              ], 
              [
                -64.33348549128361, 
                45.76854078330119
              ], 
              [
                -64.3315323604924, 
                45.763251055491615
              ], 
              [
                -64.32827715500021, 
                45.75958895190879
              ], 
              [
                -64.32770749640889, 
                45.75446200763236
              ], 
              [
                -64.3334854888527, 
                45.74461499609487
              ], 
              [
                -64.31672116934392, 
                45.75568271302894
              ], 
              [
                -64.30308997749448, 
                45.76186759150228
              ], 
              [
                -64.28746497249551, 
                45.764512435708916
              ], 
              [
                -64.26455645015892, 
                45.76512280477016
              ], 
              [
                -64.269520635736, 
                45.774155988764676
              ], 
              [
                -64.27892003617734, 
                45.778631865066906
              ], 
              [
                -64.29141191199172, 
                45.779608463420466
              ], 
              [
                -64.30553138615703, 
                45.7787946823085
              ], 
              [
                -64.293853304109, 
                45.78400295890554
              ], 
              [
                -64.28282629747964, 
                45.793524471994765
              ], 
              [
                -64.2745255060452, 
                45.8045107733065
              ], 
              [
                -64.2707413433508, 
                45.81354402056969
              ], 
              [
                -64.27110754529595, 
                45.83063384141832
              ], 
              [
                -64.27342336924423, 
                45.83566983918958
              ]
            ]
          ], 
          [
            [
              [
                -65.60777743266071, 
                43.48346578071114
              ], 
              [
                -65.61705483091488, 
                43.50787998663536
              ], 
              [
                -65.60521399711938, 
                43.51410553894743
              ], 
              [
                -65.55992590134097, 
                43.510809611549675
              ], 
              [
                -65.56867425688583, 
                43.49457421717179
              ], 
              [
                -65.57420809641768, 
                43.47671122299694
              ], 
              [
                -65.58714763819106, 
                43.46352786308515
              ], 
              [
                -65.59797111322519, 
                43.44472878988455
              ], 
              [
                -65.61058506239593, 
                43.428167963162636
              ], 
              [
                -65.62881423826666, 
                43.422064470575016
              ], 
              [
                -65.62140869696847, 
                43.43504476678872
              ], 
              [
                -65.6269425120125, 
                43.44513580903336
              ], 
              [
                -65.63536540247917, 
                43.45319255142721
              ], 
              [
                -65.64541577693959, 
                43.45917378416807
              ], 
              [
                -65.65611734989484, 
                43.46303954165731
              ], 
              [
                -65.64631102949873, 
                43.47174720943601
              ], 
              [
                -65.63451087068428, 
                43.47675201916861
              ], 
              [
                -65.60777743266071, 
                43.48346578071114
              ]
            ]
          ], 
          [
            [
              [
                -59.79351103922925, 
                43.96457109362601
              ], 
              [
                -59.7408290338905, 
                43.99643821370063
              ], 
              [
                -59.70718390969695, 
                44.014416223992406
              ], 
              [
                -59.75711864069299, 
                43.96606365912847
              ], 
              [
                -59.80816168251123, 
                43.94022628017291
              ], 
              [
                -59.85837103864224, 
                43.923598445075
              ], 
              [
                -59.90777972731926, 
                43.9161745064116
              ], 
              [
                -59.96322002947345, 
                43.9140686425035
              ], 
              [
                -60.01875788612553, 
                43.9137712014901
              ], 
              [
                -60.07511844298269, 
                43.92722208098711
              ], 
              [
                -60.116953516543376, 
                43.94293908118089
              ], 
              [
                -60.13016060367241, 
                43.96047288979447
              ], 
              [
                -60.117953118437036, 
                43.959475013908005
              ], 
              [
                -60.1048602880429, 
                43.95436192717925
              ], 
              [
                -60.0911599429782, 
                43.94972740711377
              ], 
              [
                -60.07388260159878, 
                43.94245022103629
              ], 
              [
                -59.99781362419313, 
                43.93786764155314
              ], 
              [
                -59.871549653948065, 
                43.942077480790836
              ], 
              [
                -59.840664498401416, 
                43.949874616203765
              ], 
              [
                -59.81980050213026, 
                43.95415589325698
              ], 
              [
                -59.79351103922925, 
                43.96457109362601
              ]
            ]
          ], 
          [
            [
              [
                -66.23155682529192, 
                44.38719324222418
              ], 
              [
                -66.2130020721874, 
                44.39581937793498
              ], 
              [
                -66.20343991209008, 
                44.39223868445015
              ], 
              [
                -66.20445715464373, 
                44.38117094975661
              ], 
              [
                -66.21788487506144, 
                44.36737696904188
              ], 
              [
                -66.23867747989343, 
                44.33836482744683
              ], 
              [
                -66.29816646324171, 
                44.28327055771707
              ], 
              [
                -66.31346594892084, 
                44.25067779923909
              ], 
              [
                -66.32774817515173, 
                44.258124088830705
              ], 
              [
                -66.28579669486516, 
                44.32477452154372
              ], 
              [
                -66.2578833145478, 
                44.35464113948129
              ], 
              [
                -66.24177002568294, 
                44.37738688736216
              ], 
              [
                -66.23155682529192, 
                44.38719324222418
              ]
            ]
          ], 
          [
            [
              [
                -60.91413327210754, 
                45.56655509385782
              ], 
              [
                -60.90807043722628, 
                45.5773786350499
              ], 
              [
                -60.89928137794489, 
                45.57868072813759
              ], 
              [
                -60.889230919237704, 
                45.573919976075985
              ], 
              [
                -60.8793025431046, 
                45.56655509385782
              ], 
              [
                -60.88426672812634, 
                45.55760324919821
              ], 
              [
                -60.89220130635013, 
                45.55280183952562
              ], 
              [
                -60.90241452084636, 
                45.551459062441396
              ], 
              [
                -60.91413326445307, 
                45.552883198087905
              ], 
              [
                -60.9526261102478, 
                45.531642982526634
              ], 
              [
                -60.96182207342222, 
                45.51727937600174
              ], 
              [
                -60.94762122260437, 
                45.498236393925836
              ], 
              [
                -60.96784420955116, 
                45.48680248835831
              ], 
              [
                -60.985707164439674, 
                45.47016023234078
              ], 
              [
                -61.00352942030857, 
                45.46076079354648
              ], 
              [
                -61.02391516696492, 
                45.470892642191316
              ], 
              [
                -61.013050907468056, 
                45.47662994041473
              ], 
              [
                -61.00389563211936, 
                45.48582590075509
              ], 
              [
                -61.002105269597884, 
                45.49445220676895
              ], 
              [
                -61.01309160060394, 
                45.498236393925836
              ], 
              [
                -61.040028445706184, 
                45.49872466535764
              ], 
              [
                -61.0528051370527, 
                45.50055571758896
              ], 
              [
                -61.06493078871022, 
                45.50446196937475
              ], 
              [
                -61.07518469582372, 
                45.510931696685724
              ], 
              [
                -61.08934485310445, 
                45.523342182159475
              ], 
              [
                -61.105091919159214, 
                45.52708566048234
              ], 
              [
                -61.10610917648038, 
                45.530991922180334
              ], 
              [
                -61.10606848305557, 
                45.536444386912216
              ], 
              [
                -61.111724419586764, 
                45.54877352282031
              ], 
              [
                -61.1058243430829, 
                45.5513369676968
              ], 
              [
                -61.09162349944564, 
                45.552883198087905
              ], 
              [
                -61.075021936019965, 
                45.56273020193546
              ], 
              [
                -61.053863082065625, 
                45.57111236405777
              ], 
              [
                -61.03111732224817, 
                45.57733797220889
              ], 
              [
                -61.0096736348857, 
                45.58079662481498
              ], 
              [
                -60.958566860875905, 
                45.58144765766383
              ], 
              [
                -60.93195553196325, 
                45.57684967418873
              ], 
              [
                -60.91413327210754, 
                45.56655509385782
              ]
            ]
          ], 
          [
            [
              [
                -60.080881301675596, 
                45.79242581426708
              ], 
              [
                -60.09325110129776, 
                45.790838921131986
              ], 
              [
                -60.177723756400304, 
                45.76654692668904
              ], 
              [
                -60.1988419366176, 
                45.75568271302894
              ], 
              [
                -60.20775307026258, 
                45.740912207797976
              ], 
              [
                -60.21564693541302, 
                45.719427792188085
              ], 
              [
                -60.234974735447054, 
                45.706854549281616
              ], 
              [
                -60.25967364415714, 
                45.70018141524577
              ], 
              [
                -60.28351804153986, 
                45.69684481734621
              ], 
              [
                -60.32286536344256, 
                45.68366119847689
              ], 
              [
                -60.39537512430786, 
                45.64252349218136
              ], 
              [
                -60.441151493309185, 
                45.63544341965342
              ], 
              [
                -60.462635871155456, 
                45.63572825742458
              ], 
              [
                -60.470082166367995, 
                45.639471761648366
              ], 
              [
                -60.475249805942056, 
                45.649115307298146
              ], 
              [
                -60.499867317828794, 
                45.6323916712611
              ], 
              [
                -60.51183020469242, 
                45.62641021670585
              ], 
              [
                -60.62979081474631, 
                45.594956761412185
              ], 
              [
                -60.662342904590936, 
                45.57758210233364
              ], 
              [
                -60.67178300713287, 
                45.5736758483621
              ], 
              [
                -60.70425370332878, 
                45.5733096188401
              ], 
              [
                -60.71153723955994, 
                45.57160065452439
              ], 
              [
                -60.718861452960084, 
                45.56818267300432
              ], 
              [
                -60.72687741485193, 
                45.56561922664835
              ], 
              [
                -60.735951306092595, 
                45.56655509385782
              ], 
              [
                -60.74156653129252, 
                45.572739963193406
              ], 
              [
                -60.74250240192908, 
                45.581935923487634
              ], 
              [
                -60.744252076660715, 
                45.59027739648067
              ], 
              [
                -60.7524307924464, 
                45.59389882849521
              ], 
              [
                -60.82843991018341, 
                45.600653392928216
              ], 
              [
                -60.84434973474875, 
                45.60455962546207
              ], 
              [
                -60.848744266877915, 
                45.614325253529096
              ], 
              [
                -60.84972082768564, 
                45.62677642229747
              ], 
              [
                -60.85545813628378, 
                45.63882070305828
              ], 
              [
                -60.87108314520652, 
                45.64565666524362
              ], 
              [
                -60.883941206571606, 
                45.63739654270803
              ], 
              [
                -60.895578577098085, 
                45.62372466913409
              ], 
              [
                -60.90729732687492, 
                45.614325253529096
              ], 
              [
                -60.9157608679838, 
                45.621283261826655
              ], 
              [
                -60.925404431763184, 
                45.625799887613894
              ], 
              [
                -60.936024537824565, 
                45.62799712298206
              ], 
              [
                -60.947621217823574, 
                45.62799712298206
              ], 
              [
                -60.94615637689952, 
                45.61225006130982
              ], 
              [
                -60.96996008874094, 
                45.60809967359041
              ], 
              [
                -61.02391516486889, 
                45.614325253529096
              ], 
              [
                -61.00967363074014, 
                45.60809967359041
              ], 
              [
                -61.016224744640176, 
                45.595282309268015
              ], 
              [
                -61.02501379730405, 
                45.591538793996044
              ], 
              [
                -61.04723059744376, 
                45.59389882849521
              ], 
              [
                -61.05760658076652, 
                45.59149812960075
              ], 
              [
                -61.08543859928689, 
                45.5733096188401
              ], 
              [
                -61.131418422473764, 
                45.55988189887338
              ], 
              [
                -61.15672766870447, 
                45.556586006904475
              ], 
              [
                -61.174794077396086, 
                45.55906810747465
              ], 
              [
                -61.15721595630948, 
                45.56513094405151
              ], 
              [
                -61.15111243711216, 
                45.57147859141056
              ], 
              [
                -61.155018684626654, 
                45.578558662693354
              ], 
              [
                -61.167347782368, 
                45.586981502191094
              ], 
              [
                -61.18203691225771, 
                45.5903180989961
              ], 
              [
                -61.19587154621894, 
                45.589544981493134
              ], 
              [
                -61.20563717825818, 
                45.59271882849189
              ], 
              [
                -61.208322718736014, 
                45.60809967359041
              ], 
              [
                -61.215484178252844, 
                45.600287174984494
              ], 
              [
                -61.22032630778827, 
                45.58950431731685
              ], 
              [
                -61.224964966880854, 
                45.581935923487634
              ], 
              [
                -61.23192298712911, 
                45.58392977153722
              ], 
              [
                -61.24120031860593, 
                45.58539458075169
              ], 
              [
                -61.25365149277269, 
                45.579494524294944
              ], 
              [
                -61.26646888211807, 
                45.57147859141056
              ], 
              [
                -61.277211072137966, 
                45.56655509385782
              ], 
              [
                -61.27017168197157, 
                45.54832592201897
              ], 
              [
                -61.28457597553533, 
                45.5476748707467
              ], 
              [
                -61.32188880340189, 
                45.55906810747465
              ], 
              [
                -61.33486894854035, 
                45.5662295712346
              ], 
              [
                -61.362863738594704, 
                45.611232821981865
              ], 
              [
                -61.41926022929889, 
                45.656887135973385
              ], 
              [
                -61.442046689929875, 
                45.681789484326394
              ], 
              [
                -61.45531164839634, 
                45.709906304658446
              ], 
              [
                -61.46507728792683, 
                45.776271903568876
              ], 
              [
                -61.475412561378235, 
                45.811346739989986
              ], 
              [
                -61.49254311015296, 
                45.82660556847502
              ], 
              [
                -61.497303839729376, 
                45.8351504572773
              ], 
              [
                -61.48888098317322, 
                45.88865792945146
              ], 
              [
                -61.500111460045844, 
                45.90607331712321
              ], 
              [
                -61.514393689817915, 
                45.91937898850774
              ], 
              [
                -61.5226130777529, 
                45.93280668869202
              ], 
              [
                -61.516184052023405, 
                45.95075105205278
              ], 
              [
                -61.52122961802709, 
                45.96100494208481
              ], 
              [
                -61.521229615548464, 
                45.98078032649217
              ], 
              [
                -61.52358964562949, 
                45.99168528269353
              ], 
              [
                -61.52892004339323, 
                45.996527390766474
              ], 
              [
                -61.53844154719218, 
                46.00311923776163
              ], 
              [
                -61.54751543708583, 
                46.01162346149397
              ], 
              [
                -61.551503071667724, 
                46.02179599966313
              ], 
              [
                -61.541127093030354, 
                46.040472752303586
              ], 
              [
                -61.517323362726486, 
                46.05312732401899
              ], 
              [
                -61.49160723576019, 
                46.06305575693598
              ], 
              [
                -61.47520910236067, 
                46.07363512707081
              ], 
              [
                -61.4700821528571, 
                46.09259672537019
              ], 
              [
                -61.466053838997574, 
                46.12030670533917
              ], 
              [
                -61.458973757192574, 
                46.14533110924459
              ], 
              [
                -61.44473221176679, 
                46.1561953422363
              ], 
              [
                -61.431263808176226, 
                46.16278719604143
              ], 
              [
                -61.384388809248904, 
                46.19428133888706
              ], 
              [
                -61.288807739256626, 
                46.24262114310198
              ], 
              [
                -61.280629048159255, 
                46.245550880275246
              ], 
              [
                -61.27794350243087, 
                46.255194438643386
              ], 
              [
                -61.21251382395078, 
                46.33100012785402
              ], 
              [
                -61.191558391842825, 
                46.367010792684276
              ], 
              [
                -61.17788652612077, 
                46.385565505267905
              ], 
              [
                -61.09483803748562, 
                46.4539249183028
              ], 
              [
                -61.086171048611575, 
                46.466498168569935
              ], 
              [
                -61.08055581994725, 
                46.480536271323636
              ], 
              [
                -61.07526610468591, 
                46.51325110928657
              ], 
              [
                -61.066517682239066, 
                46.526841473530084
              ], 
              [
                -61.04039465957525, 
                46.550360415233904
              ], 
              [
                -61.03038488031732, 
                46.56801988519827
              ], 
              [
                -61.03722085348401, 
                46.58161047574859
              ], 
              [
                -61.04991615091305, 
                46.592271241611286
              ], 
              [
                -61.05748452312591, 
                46.60126378947587
              ], 
              [
                -61.05382239455786, 
                46.612250065833635
              ], 
              [
                -61.043080213140875, 
                46.625311607199905
              ], 
              [
                -61.02928627315468, 
                46.63654208842391
              ], 
              [
                -61.016468888063585, 
                46.64215731790926
              ], 
              [
                -61.03018147097692, 
                46.611558406207415
              ], 
              [
                -61.030181463117344, 
                46.60126378947587
              ], 
              [
                -61.02379312192325, 
                46.593207161185504
              ], 
              [
                -61.01707920566338, 
                46.60040918008791
              ], 
              [
                -61.01183023589092, 
                46.614081198277226
              ], 
              [
                -61.0096736147823, 
                46.62543361555518
              ], 
              [
                -61.004790839138025, 
                46.63328690414603
              ], 
              [
                -60.97207596138552, 
                46.65273668243158
              ], 
              [
                -60.96499589167636, 
                46.662014048314084
              ], 
              [
                -60.94762120043497, 
                46.69741439549967
              ], 
              [
                -60.899240690244945, 
                46.768784901278885
              ], 
              [
                -60.86921137980146, 
                46.80003486588638
              ], 
              [
                -60.83214271616001, 
                46.820949635115035
              ], 
              [
                -60.78840082844786, 
                46.83466213341057
              ], 
              [
                -60.76960202357763, 
                46.84373608732307
              ], 
              [
                -60.701324038563456, 
                46.90468988696199
              ], 
              [
                -60.65147865742618, 
                46.98163486565795
              ], 
              [
                -60.642079228093195, 
                47.003729551364614
              ], 
              [
                -60.63316809472967, 
                47.01068755841013
              ], 
              [
                -60.62303627644135, 
                47.01683181093229
              ], 
              [
                -60.603260862143124, 
                47.0336367627406
              ], 
              [
                -60.59361729265841, 
                47.034816735067174
              ], 
              [
                -60.57144121458781, 
                47.026353269057495
              ], 
              [
                -60.53416905273524, 
                47.02195866744217
              ], 
              [
                -60.523060666075466, 
                47.01894763189078
              ], 
              [
                -60.51423093337457, 
                47.01300692767082
              ], 
              [
                -60.50877847393109, 
                47.00641516899658
              ], 
              [
                -60.501128728367185, 
                47.00120682136362
              ], 
              [
                -60.485829201866366, 
                46.999090810263084
              ], 
              [
                -60.4615779522836, 
                47.0033634093455
              ], 
              [
                -60.42031813700628, 
                47.022162108506194
              ], 
              [
                -60.39610755557453, 
                47.026353269057495
              ], 
              [
                -60.38337155266157, 
                47.01679109265595
              ], 
              [
                -60.398426884093524, 
                46.99555084033285
              ], 
              [
                -60.43431553145825, 
                46.964300775319494
              ], 
              [
                -60.46471109082851, 
                46.927069465919196
              ], 
              [
                -60.490386549518966, 
                46.90521888703823
              ], 
              [
                -60.49575764212662, 
                46.89545326101552
              ], 
              [
                -60.47386633901193, 
                46.89716217438942
              ], 
              [
                -60.45221917699345, 
                46.89252343095929
              ], 
              [
                -60.4420466808566, 
                46.88442617891047
              ], 
              [
                -60.45474196651913, 
                46.87555566625105
              ], 
              [
                -60.45474198071083, 
                46.86810941478062
              ], 
              [
                -60.430409314840944, 
                46.86420320746023
              ], 
              [
                -60.39354409671089, 
                46.8629825465023
              ], 
              [
                -60.35830643956523, 
                46.86615630524881
              ], 
              [
                -60.33873447956613, 
                46.87555566625105
              ], 
              [
                -60.330718569822416, 
                46.87164952293963
              ], 
              [
                -60.32335364505452, 
                46.86688873914476
              ], 
              [
                -60.316721148981784, 
                46.861151410083444
              ], 
              [
                -60.31078041070148, 
                46.854437587431015
              ], 
              [
                -60.305531383460114, 
                46.83388907684013
              ], 
              [
                -60.308990060213716, 
                46.80337154501756
              ], 
              [
                -60.324452268412124, 
                46.74518461149164
              ], 
              [
                -60.34235591764908, 
                46.70848214709111
              ], 
              [
                -60.34487872106292, 
                46.69399651546569
              ], 
              [
                -60.35212157722036, 
                46.6864688921702
              ], 
              [
                -60.39952549606471, 
                46.670111331265275
              ], 
              [
                -60.39146887957052, 
                46.661200263519945
              ], 
              [
                -60.38149979460693, 
                46.655991903971035
              ], 
              [
                -60.37010660312223, 
                46.654283019953716
              ], 
              [
                -60.35798093983172, 
                46.655829211202786
              ], 
              [
                -60.35798089664751, 
                46.64960351007418
              ], 
              [
                -60.36522375115098, 
                46.648098020077406
              ], 
              [
                -60.377919092094004, 
                46.64345942256826
              ], 
              [
                -60.385894343969895, 
                46.64215731790926
              ], 
              [
                -60.37401282606621, 
                46.62962474484382
              ], 
              [
                -60.36009683342925, 
                46.623114390177875
              ], 
              [
                -60.3504939563769, 
                46.61587151903384
              ], 
              [
                -60.35179604690482, 
                46.60126378947587
              ], 
              [
                -60.35704504083712, 
                46.59463122486289
              ], 
              [
                -60.37970943513958, 
                46.58075591669189
              ], 
              [
                -60.42105059970946, 
                46.52480707231103
              ], 
              [
                -60.461577941630864, 
                46.42308180682521
              ], 
              [
                -60.47264561147119, 
                46.40692773361844
              ], 
              [
                -60.50938878637824, 
                46.36847561381845
              ], 
              [
                -60.51634682395807, 
                46.356146592091484
              ], 
              [
                -60.530384903626235, 
                46.32363518113479
              ], 
              [
                -60.57787025215509, 
                46.264146242519764
              ], 
              [
                -60.60578365544641, 
                46.211330464140595
              ], 
              [
                -60.60033118160912, 
                46.2011579385756
              ], 
              [
                -60.59874425658321, 
                46.19717027894243
              ], 
              [
                -60.55235754247605, 
                46.26227445811229
              ], 
              [
                -60.54043536345716, 
                46.272284280447565
              ], 
              [
                -60.52440344306744, 
                46.27838774338453
              ], 
              [
                -60.475249824047125, 
                46.3200137928183
              ], 
              [
                -60.442616353790804, 
                46.33246494803082
              ], 
              [
                -60.43431557681961, 
                46.333685661853885
              ], 
              [
                -60.418853341186804, 
                46.32977942360299
              ], 
              [
                -60.41567946522416, 
                46.323919919741726
              ], 
              [
                -60.41832435551178, 
                46.315171637187674
              ], 
              [
                -60.42064366819065, 
                46.302679712501494
              ], 
              [
                -60.426909963508784, 
                46.28400300643612
              ], 
              [
                -60.441965300417486, 
                46.27057526581254
              ], 
              [
                -60.47524980396154, 
                46.251776433896836
              ], 
              [
                -60.612416156972415, 
                46.12824131022435
              ], 
              [
                -60.6322322317164, 
                46.11798738738497
              ], 
              [
                -60.67540441768226, 
                46.101629927621374
              ], 
              [
                -60.69098872306684, 
                46.09100979820337
              ], 
              [
                -60.70083574013595, 
                46.0880394526757
              ], 
              [
                -60.71491450476889, 
                46.10736722211841
              ], 
              [
                -60.725412553484986, 
                46.10468167973496
              ], 
              [
                -60.74779212596295, 
                46.085272541342555
              ], 
              [
                -60.7558487719536, 
                46.080471122758894
              ], 
              [
                -60.7730199957781, 
                46.073391044284065
              ], 
              [
                -60.81639564637533, 
                46.0619164331906
              ], 
              [
                -60.873158319385205, 
                46.05316800213025
              ], 
              [
                -60.87950598606572, 
                46.0617536401243
              ], 
              [
                -60.87413490761339, 
                46.06834547885332
              ], 
              [
                -60.86290443357721, 
                46.0724551653384
              ], 
              [
                -60.852040156478644, 
                46.07363512707081
              ], 
              [
                -60.874134897270714, 
                46.079169018092976
              ], 
              [
                -60.912505656256606, 
                46.05182524390577
              ], 
              [
                -60.97557532265058, 
                45.99168528269353
              ], 
              [
                -60.99323483277335, 
                45.98212312144452
              ], 
              [
                -61.01480059307937, 
                45.97467684668348
              ], 
              [
                -61.10187739874307, 
                45.95815661818234
              ], 
              [
                -61.11864174180079, 
                45.94940829895536
              ], 
              [
                -61.126372856774026, 
                45.929632895484666
              ], 
              [
                -61.0335587140065, 
                45.93646879284925
              ], 
              [
                -61.009917773803124, 
                45.941392322157505
              ], 
              [
                -60.995269338005144, 
                45.95392488007193
              ], 
              [
                -60.983550598988856, 
                45.96967197956685
              ], 
              [
                -60.968658009369555, 
                45.984930737362895
              ], 
              [
                -60.902740037650155, 
                46.01019928506042
              ], 
              [
                -60.883941213245556, 
                46.03465404771678
              ], 
              [
                -60.86266028959213, 
                46.03823477765005
              ], 
              [
                -60.81786047050834, 
                46.0388044007954
              ], 
              [
                -60.77350826030128, 
                46.059271533987705
              ], 
              [
                -60.747466614707385, 
                46.06622959586817
              ], 
              [
                -60.735951290273, 
                46.05658597613622
              ], 
              [
                -60.74315345760691, 
                46.03729891547598
              ], 
              [
                -60.76024329306807, 
                46.022284247183556
              ], 
              [
                -60.78062904570833, 
                46.008124117134635
              ], 
              [
                -60.79743404665749, 
                45.99168528269353
              ], 
              [
                -60.80296791620761, 
                45.97479893056995
              ], 
              [
                -60.80654864003271, 
                45.954169033642664
              ], 
              [
                -60.81505285592699, 
                45.93695707624349
              ], 
              [
                -60.8352758507465, 
                45.929632895484666
              ], 
              [
                -60.84666908847458, 
                45.92841221330269
              ], 
              [
                -60.85777746127479, 
                45.924872105414
              ], 
              [
                -60.867827930647, 
                45.91962311843688
              ], 
              [
                -60.87629148194181, 
                45.91282789916944
              ], 
              [
                -60.88654538016024, 
                45.90835196351282
              ], 
              [
                -60.89842688624558, 
                45.909898176968625
              ], 
              [
                -60.92027748371937, 
                45.91596103385326
              ], 
              [
                -60.961659316503784, 
                45.91518791318471
              ], 
              [
                -60.9810277991757, 
                45.91022370047272
              ], 
              [
                -60.98924719140017, 
                45.89887113786921
              ], 
              [
                -61.00108801905324, 
                45.89695872345408
              ], 
              [
                -61.055734839717736, 
                45.89765048411035
              ], 
              [
                -61.07115638049044, 
                45.895493886004
              ], 
              [
                -61.052235475088615, 
                45.88886137911299
              ], 
              [
                -61.043812623215395, 
                45.88865792945146
              ], 
              [
                -61.057281054769845, 
                45.8795840540695
              ], 
              [
                -61.07347572547479, 
                45.87470126715146
              ], 
              [
                -61.08861244544379, 
                45.868231542752696
              ], 
              [
                -61.09845944087017, 
                45.85447826202662
              ], 
              [
                -61.083892390886064, 
                45.853827239889206
              ], 
              [
                -61.060861775800454, 
                45.857123094639356
              ], 
              [
                -61.03954018022348, 
                45.8634708028779
              ], 
              [
                -61.0301814516662, 
                45.871649501619395
              ], 
              [
                -61.01943925144056, 
                45.875718477046235
              ], 
              [
                -60.99815831952811, 
                45.87506741644066
              ], 
              [
                -60.98265539176477, 
                45.87689847476197
              ], 
              [
                -60.98924719422053, 
                45.88865792945146
              ], 
              [
                -60.96857662830643, 
                45.886216542516365
              ], 
              [
                -60.91413326886453, 
                45.85447826202662
              ], 
              [
                -60.926340301305046, 
                45.84772370621395
              ], 
              [
                -60.93732661358079, 
                45.85077542183513
              ], 
              [
                -60.94945227081354, 
                45.857123094639356
              ], 
              [
                -60.96495520765045, 
                45.86074453475201
              ], 
              [
                -60.96666420608352, 
                45.85651279993228
              ], 
              [
                -60.94212804623362, 
                45.83527249358509
              ], 
              [
                -60.934559712042635, 
                45.82660556847502
              ], 
              [
                -60.952951639949255, 
                45.82684971190898
              ], 
              [
                -60.96076413842848, 
                45.82908766280375
              ], 
              [
                -60.96865800741833, 
                45.83405182612751
              ], 
              [
                -60.98192298641483, 
                45.82074617559281
              ], 
              [
                -60.99486242697644, 
                45.8199730300761
              ], 
              [
                -61.005726681896476, 
                45.82347237078447
              ], 
              [
                -61.01309160498659, 
                45.82318757773763
              ], 
              [
                -61.024403437589896, 
                45.813666049574
              ], 
              [
                -61.10285397322509, 
                45.778876052682776
              ], 
              [
                -61.12315834489236, 
                45.76357659970887
              ], 
              [
                -61.13377845746212, 
                45.74461499609487
              ], 
              [
                -61.129017711909896, 
                45.74681225522233
              ], 
              [
                -61.11204992514901, 
                45.751532270160965
              ], 
              [
                -61.1112361394594, 
                45.74461499609487
              ], 
              [
                -61.11143957411243, 
                45.73554106174785
              ], 
              [
                -61.11278236246596, 
                45.72760652942496
              ], 
              [
                -61.11583411716156, 
                45.72418855252036
              ], 
              [
                -61.12584388680717, 
                45.72190991903734
              ], 
              [
                -61.13385984124383, 
                45.717027115297114
              ], 
              [
                -61.13971921513445, 
                45.712144300308154
              ], 
              [
                -61.14761309883648, 
                45.7079125392823
              ], 
              [
                -61.142933731349665, 
                45.70343661350215
              ], 
              [
                -61.133371554357105, 
                45.69887931344106
              ], 
              [
                -61.08202063520218, 
                45.69065989314903
              ], 
              [
                -61.049427864003995, 
                45.69847239801099
              ], 
              [
                -60.94762121417285, 
                45.751532270160965
              ], 
              [
                -60.91283118956114, 
                45.75617098102616
              ], 
              [
                -60.873199023459705, 
                45.75238678724324
              ], 
              [
                -60.83568275261076, 
                45.74046460289106
              ], 
              [
                -60.80736244604608, 
                45.720770607630456
              ], 
              [
                -60.799224422208844, 
                45.70331454495802
              ], 
              [
                -60.80768795321029, 
                45.69065989314903
              ], 
              [
                -60.823638476700395, 
                45.67853424889874
              ], 
              [
                -60.84487869750345, 
                45.655340853121686
              ], 
              [
                -60.85016841681812, 
                45.65119047752981
              ], 
              [
                -60.84947669819498, 
                45.647650474796606
              ], 
              [
                -60.838368304673, 
                45.64227939565867
              ], 
              [
                -60.82892818907223, 
                45.640570380196095
              ], 
              [
                -60.826039188110926, 
                45.64423247845094
              ], 
              [
                -60.82778885950006, 
                45.65021391637176
              ], 
              [
                -60.832142708205325, 
                45.655259510268586
              ], 
              [
                -60.8104141953736, 
                45.66274649514984
              ], 
              [
                -60.817860490462365, 
                45.668931407656856
              ], 
              [
                -60.78404701345715, 
                45.668931407656856
              ], 
              [
                -60.77733312422081, 
                45.67377347033099
              ], 
              [
                -60.76573646343115, 
                45.69293856144354
              ], 
              [
                -60.75951086431933, 
                45.693793017878676
              ], 
              [
                -60.74388586869685, 
                45.684881896750106
              ], 
              [
                -60.73249265141819, 
                45.68439364756411
              ], 
              [
                -60.730132627098314, 
                45.690985449121314
              ], 
              [
                -60.742176884533116, 
                45.70376210430834
              ], 
              [
                -60.730051244765185, 
                45.713934660776964
              ], 
              [
                -60.733509903924, 
                45.72455477920068
              ], 
              [
                -60.74299068599768, 
                45.73501210286158
              ], 
              [
                -60.749012832415154, 
                45.74461499609487
              ], 
              [
                -60.746408656276856, 
                45.760158591332015
              ], 
              [
                -60.73721268470426, 
                45.773749065821136
              ], 
              [
                -60.72545326786224, 
                45.78473545654642
              ], 
              [
                -60.714833124545514, 
                45.79242581426708
              ], 
              [
                -60.7000626276426, 
                45.79987213332346
              ], 
              [
                -60.66954506122494, 
                45.81028883170402
              ], 
              [
                -60.65343177788169, 
                45.819769619356144
              ], 
              [
                -60.64370682887365, 
                45.8305524594019
              ], 
              [
                -60.634388789207016, 
                45.84418362905424
              ], 
              [
                -60.62340246149416, 
                45.8557803098348
              ], 
              [
                -60.60903886664664, 
                45.86074453475201
              ], 
              [
                -60.599273228006034, 
                45.866156281798446
              ], 
              [
                -60.56895910717309, 
                45.8900820795066
              ], 
              [
                -60.54108638624783, 
                45.900864960414694
              ], 
              [
                -60.52098547580882, 
                45.924261771937836
              ], 
              [
                -60.47777258137833, 
                45.93659086363513
              ], 
              [
                -60.44517981997803, 
                45.95392488007193
              ], 
              [
                -60.41637122020988, 
                45.976223041438296
              ], 
              [
                -60.399525528794214, 
                45.99795158882906
              ], 
              [
                -60.42027747318952, 
                45.99315013251364
              ], 
              [
                -60.46349037268332, 
                45.97736239551524
              ], 
              [
                -60.49722246235832, 
                45.95661042538641
              ], 
              [
                -60.56403561272355, 
                45.94391511066366
              ], 
              [
                -60.62140865560883, 
                45.91986724853276
              ], 
              [
                -60.645985474919684, 
                45.9127871605588
              ], 
              [
                -60.66490636883944, 
                45.89866768252496
              ], 
              [
                -60.699126767061834, 
                45.890936618198104
              ], 
              [
                -60.70970619400012, 
                45.89032626602697
              ], 
              [
                -60.72227942748192, 
                45.895493886004
              ], 
              [
                -60.73151607125766, 
                45.90460844238925
              ], 
              [
                -60.7399796349964, 
                45.922674909779914
              ], 
              [
                -60.749012830738366, 
                45.929632895484666
              ], 
              [
                -60.7620336571494, 
                45.930975650705456
              ], 
              [
                -60.775786922591905, 
                45.929022553872
              ], 
              [
                -60.78673256380218, 
                45.93008050552377
              ], 
              [
                -60.79116776659962, 
                45.940171599745725
              ], 
              [
                -60.781646298199156, 
                45.95429111049082
              ], 
              [
                -60.71483313935968, 
                45.984930737362895
              ], 
              [
                -60.68439692642299, 
                46.00682197308868
              ], 
              [
                -60.66576086167368, 
                46.01512276385095
              ], 
              [
                -60.642567505511956, 
                46.01837797949938
              ], 
              [
                -60.62254797342678, 
                46.02435942156836
              ], 
              [
                -60.56403559863791, 
                46.06679918765041
              ], 
              [
                -60.507883273998594, 
                46.09072502088705
              ], 
              [
                -60.48957271636393, 
                46.101548560187354
              ], 
              [
                -60.431630025090634, 
                46.14935947732101
              ], 
              [
                -60.416900180004895, 
                46.1561953422363
              ], 
              [
                -60.40538488089827, 
                46.163763700948486
              ], 
              [
                -60.374908015217656, 
                46.197007576167266
              ], 
              [
                -60.35484778204145, 
                46.20457590332065
              ], 
              [
                -60.333851689178175, 
                46.20514556738481
              ], 
              [
                -60.31460526857449, 
                46.208807672054114
              ], 
              [
                -60.30101478056169, 
                46.218695386915115
              ], 
              [
                -60.29710851473007, 
                46.2381045231959
              ], 
              [
                -60.31794187496364, 
                46.23021071667092
              ], 
              [
                -60.33844968019789, 
                46.22601961471677
              ], 
              [
                -60.38280187455369, 
                46.2238222994536
              ], 
              [
                -60.40070552925615, 
                46.21816639791095
              ], 
              [
                -60.44733639592759, 
                46.176662512587505
              ], 
              [
                -60.607045049369766, 
                46.07648346160646
              ], 
              [
                -60.63027911186956, 
                46.068060643290636
              ], 
              [
                -60.639068150622585, 
                46.06679918765041
              ], 
              [
                -60.6526993486533, 
                46.07221100675982
              ], 
              [
                -60.65510006169936, 
                46.08169179280524
              ], 
              [
                -60.65046139901506, 
                46.09072502088705
              ], 
              [
                -60.64256750527067, 
                46.09471261388212
              ], 
              [
                -60.6213272771493, 
                46.1010195957094
              ], 
              [
                -60.60142982442417, 
                46.11591219699226
              ], 
              [
                -60.571441223120935, 
                46.14935947732101
              ], 
              [
                -60.50255287663924, 
                46.200873148019184
              ], 
              [
                -60.49449623414242, 
                46.2179629879815
              ], 
              [
                -60.47541255578294, 
                46.23346586489198
              ], 
              [
                -60.350982224092455, 
                46.312079163867715
              ], 
              [
                -60.283518011209985, 
                46.32754134932855
              ], 
              [
                -60.27961175512797, 
                46.31728742692738
              ], 
              [
                -60.25959225563427, 
                46.27912019380189
              ], 
              [
                -60.204660618794584, 
                46.24184807006158
              ], 
              [
                -60.21198482646598, 
                46.223944393447965
              ], 
              [
                -60.29027257603421, 
                46.1561953422363
              ], 
              [
                -60.27822830873438, 
                46.15908434923812
              ], 
              [
                -60.26854408033091, 
                46.16596101941696
              ], 
              [
                -60.261219846618225, 
                46.17308174763013
              ], 
              [
                -60.25617428691517, 
                46.176662512587505
              ], 
              [
                -60.24372310805867, 
                46.17633697304459
              ], 
              [
                -60.23534096407442, 
                46.17279698007696
              ], 
              [
                -60.22142493868098, 
                46.16242097867036
              ], 
              [
                -60.21214758662305, 
                46.14520904285454
              ], 
              [
                -60.20498614000021, 
                46.14227938567119
              ], 
              [
                -60.19408117005647, 
                46.1561953422363
              ], 
              [
                -60.19204668658243, 
                46.166164475531765
              ], 
              [
                -60.19497636175301, 
                46.17487212550346
              ], 
              [
                -60.19933021927018, 
                46.18374261320645
              ], 
              [
                -60.20156814986866, 
                46.19375231047374
              ], 
              [
                -60.19322668496575, 
                46.21173735297525
              ], 
              [
                -60.17393957779497, 
                46.23069894862899
              ], 
              [
                -60.15208899093027, 
                46.24567290529101
              ], 
              [
                -60.13609778596177, 
                46.251776433896836
              ], 
              [
                -60.10944575710111, 
                46.25055570421643
              ], 
              [
                -60.083159952734775, 
                46.24624256033172
              ], 
              [
                -60.05866451802799, 
                46.23761628078496
              ], 
              [
                -60.03709874962494, 
                46.2238222994536
              ], 
              [
                -60.091053837357535, 
                46.21084218284113
              ], 
              [
                -59.99136309133594, 
                46.20693595719632
              ], 
              [
                -59.94416256754585, 
                46.19623445163398
              ], 
              [
                -59.947661917659715, 
                46.16242097867036
              ], 
              [
                -59.93382726623158, 
                46.1585146839907
              ], 
              [
                -59.901356582785354, 
                46.172430752180304
              ], 
              [
                -59.882191539890854, 
                46.176662512587505
              ], 
              [
                -59.810536258081534, 
                46.16986724432329
              ], 
              [
                -59.83653722536703, 
                46.155910511856476
              ], 
              [
                -59.8633520180223, 
                46.13641999178561
              ], 
              [
                -59.8824356673513, 
                46.11127348142838
              ], 
              [
                -59.88560951381107, 
                46.080471122758894
              ], 
              [
                -59.87144935014732, 
                46.09414297685624
              ], 
              [
                -59.85106360906689, 
                46.10443757536483
              ], 
              [
                -59.82917234001226, 
                46.111476982312574
              ], 
              [
                -59.81053627101388, 
                46.11522046959461
              ], 
              [
                -59.810536255142445, 
                46.10781482728608
              ], 
              [
                -59.87193761766423, 
                46.07363512707081
              ], 
              [
                -59.89590410527985, 
                46.050197669679704
              ], 
              [
                -59.909250452860555, 
                46.04197825116188
              ], 
              [
                -59.95421301962377, 
                46.03579335997415
              ], 
              [
                -59.957915805642195, 
                46.027492543565224
              ], 
              [
                -59.94969642715163, 
                46.015570404973055
              ], 
              [
                -59.93712316968015, 
                46.00165434674533
              ], 
              [
                -59.920725075352856, 
                45.99457431701024
              ], 
              [
                -59.898264114741764, 
                45.99689358850642
              ], 
              [
                -59.8583064364481, 
                46.00535714335627
              ], 
              [
                -59.839751766365374, 
                46.005072358609716
              ], 
              [
                -59.83210202788186, 
                46.00311923776163
              ], 
              [
                -59.824126765710446, 
                45.99795158882906
              ], 
              [
                -59.83031165888545, 
                45.99933504409875
              ], 
              [
                -59.83189856530124, 
                45.99201080435293
              ], 
              [
                -59.8303930325843, 
                45.97801341286257
              ], 
              [
                -59.82380124204055, 
                45.971014732535856
              ], 
              [
                -59.80695553365634, 
                45.96043529079788
              ], 
              [
                -59.80308996384292, 
                45.956935914916144
              ], 
              [
                -59.80223547637772, 
                45.945217177334754
              ], 
              [
                -59.805287247854125, 
                45.93553296926577
              ], 
              [
                -59.81248938781552, 
                45.930609444235266
              ], 
              [
                -59.8238419186274, 
                45.933050827799946
              ], 
              [
                -59.86204993376939, 
                45.93569570436888
              ], 
              [
                -59.939279751162324, 
                45.90436432270792
              ], 
              [
                -59.96816973865726, 
                45.90973545361552
              ], 
              [
                -59.974924286642775, 
                45.90542227796237
              ], 
              [
                -59.980295371301104, 
                45.900864960414694
              ], 
              [
                -59.98473060557636, 
                45.89557528272137
              ], 
              [
                -59.98863684231538, 
                45.88865792945146
              ], 
              [
                -59.98428301040302, 
                45.88580964630966
              ], 
              [
                -59.98021398995173, 
                45.87970610545111
              ], 
              [
                -59.97565669273717, 
                45.87506741644066
              ], 
              [
                -60.12734942528989, 
                45.869452249553404
              ], 
              [
                -60.15314692498313, 
                45.847072619728735
              ], 
              [
                -60.1555883425867, 
                45.83795806841003
              ], 
              [
                -60.15440834522046, 
                45.837144309104694
              ], 
              [
                -60.14753171863072, 
                45.838080182228495
              ], 
              [
                -60.1326798174126, 
                45.83405182612751
              ], 
              [
                -60.11168371389488, 
                45.82404203410943
              ], 
              [
                -60.10118566717264, 
                45.820949586862774
              ], 
              [
                -60.087635878808136, 
                45.819769619356144
              ], 
              [
                -60.075428827217074, 
                45.81549710202743
              ], 
              [
                -60.07188880223248, 
                45.806097726373075
              ], 
              [
                -60.07457433818781, 
                45.796779663143084
              ], 
              [
                -60.080881301675596, 
                45.79242581426708
              ]
            ]
          ], 
          [
            [
              [
                -62.544961581832816, 
                45.8266659727147
              ], 
              [
                -62.53269860611408, 
                45.829271326672476
              ], 
              [
                -62.517955262531224, 
                45.82760495753787
              ], 
              [
                -62.50690812996892, 
                45.82806499591853
              ], 
              [
                -62.51117906589824, 
                45.82334719961926
              ], 
              [
                -62.51235687077401, 
                45.81436009988881
              ], 
              [
                -62.52644601624693, 
                45.80961163116546
              ], 
              [
                -62.54973262192476, 
                45.80354681563334
              ], 
              [
                -62.55584403987406, 
                45.79924723741242
              ], 
              [
                -62.566910586525005, 
                45.802204306752046
              ], 
              [
                -62.57798152625559, 
                45.805588338942655
              ], 
              [
                -62.594545895068485, 
                45.8038153639392
              ], 
              [
                -62.603144452840034, 
                45.80421053144959
              ], 
              [
                -62.60318798966009, 
                45.81062942286801
              ], 
              [
                -62.59400940028917, 
                45.81537109151452
              ], 
              [
                -62.57441640155545, 
                45.82399985097258
              ], 
              [
                -62.56459223457731, 
                45.82403391902284
              ], 
              [
                -62.55415439085764, 
                45.82406905888029
              ], 
              [
                -62.544961581832816, 
                45.8266659727147
              ]
            ]
          ], 
          [
            [
              [
                -59.70807857093326, 
                45.99469633114648
              ], 
              [
                -59.71410071389678, 
                45.99750396997661
              ], 
              [
                -59.725900839947236, 
                46.00043364715572
              ], 
              [
                -59.76040605245096, 
                46.000067445758326
              ], 
              [
                -59.78099525261208, 
                46.00438061909902
              ], 
              [
                -59.77814693658888, 
                46.0124372354014
              ], 
              [
                -59.72374426770718, 
                46.028876037722
              ], 
              [
                -59.695179819134985, 
                46.0340030028484
              ], 
              [
                -59.688628721057924, 
                46.03025953729612
              ], 
              [
                -59.70287024520863, 
                46.02289459583226
              ], 
              [
                -59.70604406932045, 
                46.010972382437096
              ], 
              [
                -59.70567785396177, 
                45.99909085948531
              ], 
              [
                -59.70807857093326, 
                45.99469633114648
              ]
            ]
          ]
        ]
      }, 
      "type": "Feature", 
      "properties": {
        "source": "https://simplemaps.com", 
        "id": "CANS", 
        "name": "Nova Scotia"
      }, 
      "id": 11
    }
  ]
}