{
  "type": "FeatureCollection", 
  "features": [
    {
      "geometry": {
        "type": "MultiPolygon", 
        "coordinates": [
          [
            [
              [
                -95.16056922223628, 
                49.36949413351118
              ], 
              [
                -95.1611949296809, 
                49.37388696292562
              ], 
              [
                -95.16043916817395, 
                49.41677717598383
              ], 
              [
                -95.15839804122288, 
                49.53335934728599
              ], 
              [
                -95.15671841504187, 
                49.62281103425545
              ], 
              [
                -95.15540083448977, 
                49.69603679641388
              ], 
              [
                -95.15410893718324, 
                49.7692364830051
              ], 
              [
                -95.15408308849003, 
                49.87941061979586
              ], 
              [
                -95.15408310869043, 
                49.989558964403464
              ], 
              [
                -95.15405717642116, 
                50.29041901444754
              ], 
              [
                -95.15405716597719, 
                50.59117583475641
              ], 
              [
                -95.15405715693745, 
                50.89206184867486
              ], 
              [
                -95.15405717277973, 
                51.19281870801617
              ], 
              [
                -95.15392793891282, 
                51.586257165036784
              ], 
              [
                -95.1537987772954, 
                51.979669884870376
              ], 
              [
                -95.15361793840276, 
                52.37318595574431
              ], 
              [
                -95.15333365399555, 
                52.76662438686568
              ], 
              [
                -95.1537728941176, 
                52.82134971621782
              ], 
              [
                -95.11801286908207, 
                52.84594778643516
              ], 
              [
                -95.06085863112665, 
                52.88113929775169
              ], 
              [
                -95.0036788345133, 
                52.91630534495429
              ], 
              [
                -94.9465504736369, 
                52.951496908128554
              ], 
              [
                -94.88939634936503, 
                52.98663689704871
              ], 
              [
                -94.83764241687545, 
                53.01810786257923
              ], 
              [
                -94.78562996022845, 
                53.0491652289775
              ], 
              [
                -94.73346262172096, 
                53.07991273220858
              ], 
              [
                -94.68134708157213, 
                53.11078958921502
              ], 
              [
                -94.44606418374846, 
                53.250600041153604
              ], 
              [
                -94.21075547360753, 
                53.39041052955525
              ], 
              [
                -93.9754728807916, 
                53.53016970968682
              ], 
              [
                -93.74019006725949, 
                53.670006112778346
              ], 
              [
                -93.62017150442406, 
                53.74690057913521
              ], 
              [
                -93.5039770589256, 
                53.82958288664736
              ], 
              [
                -93.38946214787734, 
                53.91479740637111
              ], 
              [
                -93.27455959193664, 
                53.99926252278979
              ], 
              [
                -93.10627514732668, 
                54.11990096671351
              ], 
              [
                -92.93796495211885, 
                54.24035865835535
              ], 
              [
                -92.76934480597973, 
                54.36040307822435
              ], 
              [
                -92.60015632772775, 
                54.47964665750918
              ], 
              [
                -92.29673795893768, 
                54.69154561151951
              ], 
              [
                -91.99226048733799, 
                54.902178837424636
              ], 
              [
                -91.68625851319406, 
                55.11061575258203
              ], 
              [
                -91.37839616702357, 
                55.3159778934397
              ], 
              [
                -91.03063960368983, 
                55.543328341170245
              ], 
              [
                -90.6814619763965, 
                55.76858594240394
              ], 
              [
                -90.3313024322763, 
                55.99234484510579
              ], 
              [
                -89.98052282287034, 
                56.21507028543425
              ], 
              [
                -89.73120993667912, 
                56.371598277197236
              ], 
              [
                -89.48094096554306, 
                56.52667923775544
              ], 
              [
                -89.23031021756054, 
                56.6812950571899
              ], 
              [
                -88.94699959256151, 
                56.853217020445776
              ], 
              [
                -88.92076581266201, 
                56.8530948691891
              ], 
              [
                -88.90168213720021, 
                56.85919836309289
              ], 
              [
                -88.89118410471265, 
                56.861273576417844
              ], 
              [
                -88.87922109949915, 
                56.859930655995555
              ], 
              [
                -88.87393150499604, 
                56.85557696821698
              ], 
              [
                -88.86782791429438, 
                56.84223051713512
              ], 
              [
                -88.86278240724386, 
                56.83946367474639
              ], 
              [
                -88.84308834007241, 
                56.83869049067656
              ], 
              [
                -88.82335358339526, 
                56.83515037891719
              ], 
              [
                -88.8172908118053, 
                56.82689035776163
              ], 
              [
                -88.83824624295885, 
                56.81220126463207
              ], 
              [
                -88.80382242792736, 
                56.79100173732564
              ], 
              [
                -88.72496493653998, 
                56.75511297604954
              ], 
              [
                -88.68740801912435, 
                56.72960034362961
              ], 
              [
                -88.66095940165799, 
                56.704820005818114
              ], 
              [
                -88.64395092048208, 
                56.69342675333161
              ], 
              [
                -88.60741131265824, 
                56.685288869435695
              ], 
              [
                -88.54405673400517, 
                56.661322286443976
              ], 
              [
                -88.52375235862272, 
                56.6616884801209
              ], 
              [
                -88.49551348078454, 
                56.64838288619395
              ], 
              [
                -88.46666422118099, 
                56.62864821680735
              ], 
              [
                -88.43659415236858, 
                56.60313541574294
              ], 
              [
                -88.41234292021704, 
                56.588446378343235
              ], 
              [
                -88.40314698625755, 
                56.58563880033836
              ], 
              [
                -88.3871963835461, 
                56.58348211927005
              ], 
              [
                -88.37877358349206, 
                56.57831454141596
              ], 
              [
                -88.37319902055647, 
                56.571600649826415
              ], 
              [
                -88.3658747892738, 
                56.56513090786816
              ], 
              [
                -88.31135009186808, 
                56.538031353252975
              ], 
              [
                -88.1030167716128, 
                56.47724035503893
              ], 
              [
                -88.04328365579576, 
                56.46824778611883
              ], 
              [
                -87.98965406654305, 
                56.44944891491085
              ], 
              [
                -87.97956297060745, 
                56.44285718442924
              ], 
              [
                -87.97549394374512, 
                56.431382553666374
              ], 
              [
                -87.97207600890225, 
                56.427679798087404
              ], 
              [
                -87.95376548021213, 
                56.39378496513708
              ], 
              [
                -87.93887284915512, 
                56.37999095058033
              ], 
              [
                -87.85065672849935, 
                56.322821386898795
              ], 
              [
                -87.71788488533286, 
                56.194566135227966
              ], 
              [
                -87.71507727374492, 
                56.18817779637731
              ], 
              [
                -87.71353106516086, 
                56.17405834975427
              ], 
              [
                -87.70905514764759, 
                56.160020256469096
              ], 
              [
                -87.69713295537146, 
                56.1536319206892
              ], 
              [
                -87.67341060209652, 
                56.14557525021615
              ], 
              [
                -87.65103105428162, 
                56.12730540637318
              ], 
              [
                -87.62230384397027, 
                56.09556712926481
              ], 
              [
                -87.60806228748785, 
                56.08763253209697
              ], 
              [
                -87.5958552887901, 
                56.08494702794986
              ], 
              [
                -87.58922278612893, 
                56.079820054171165
              ], 
              [
                -87.59129800478323, 
                56.064805437572915
              ], 
              [
                -87.596546988279, 
                56.05829496812788
              ], 
              [
                -87.626047316453, 
                56.03070708000749
              ], 
              [
                -87.62165282397218, 
                56.01764560818006
              ], 
              [
                -87.6185603279198, 
                56.002752966321154
              ], 
              [
                -87.60338294621685, 
                56.01732005960416
              ], 
              [
                -87.59341384849188, 
                56.03339262173946
              ], 
              [
                -87.57900959266611, 
                56.046210059436945
              ], 
              [
                -87.55036375919236, 
                56.051214941813726
              ], 
              [
                -87.52599037009647, 
                56.04979076510251
              ], 
              [
                -87.5008031957133, 
                56.044867263926065
              ], 
              [
                -87.48477130106306, 
                56.03461336537629
              ], 
              [
                -87.4882706310616, 
                56.01703521509781
              ], 
              [
                -87.4632868974561, 
                56.01080961630635
              ], 
              [
                -87.3824356469543, 
                56.01019924729469
              ], 
              [
                -87.35513263236301, 
                56.00360751081549
              ], 
              [
                -87.35016841913551, 
                55.987412821511676
              ], 
              [
                -87.36534583585112, 
                55.948187572141286
              ], 
              [
                -87.31627357810595, 
                55.96234773782911
              ], 
              [
                -87.05687417042506, 
                55.9282901293565
              ], 
              [
                -86.980091938367, 
                55.933579836589054
              ], 
              [
                -86.95384682640446, 
                55.9282901293565
              ], 
              [
                -86.95714272078095, 
                55.92381421349524
              ], 
              [
                -86.95881097589788, 
                55.92039619096653
              ], 
              [
                -86.96149656197927, 
                55.91746655642134
              ], 
              [
                -86.96812905027706, 
                55.914618250163215
              ], 
              [
                -86.95372476028943, 
                55.90855543458467
              ], 
              [
                -86.89549721426509, 
                55.914618250163215
              ], 
              [
                -86.87490803023344, 
                55.91132236422088
              ], 
              [
                -86.81725015152722, 
                55.88670485031125
              ], 
              [
                -86.77818760749767, 
                55.877549517048095
              ], 
              [
                -86.73843338727015, 
                55.873724662544774
              ], 
              [
                -86.71833247977654, 
                55.86900461561283
              ], 
              [
                -86.68370520663179, 
                55.85167063950349
              ], 
              [
                -86.5817359935453, 
                55.81703404040776
              ], 
              [
                -86.37284433118577, 
                55.762188180750066
              ], 
              [
                -86.28934615411617, 
                55.72564962368815
              ], 
              [
                -86.04656975303992, 
                55.68377733643186
              ], 
              [
                -85.97094896914679, 
                55.67519685025876
              ], 
              [
                -85.90427337216107, 
                55.662049499530745
              ], 
              [
                -85.8732685303228, 
                55.64595799385991
              ], 
              [
                -85.83158794932474, 
                55.63830823255445
              ], 
              [
                -85.79883180810789, 
                55.62613453851878
              ], 
              [
                -85.77009679107717, 
                55.61646710719334
              ], 
              [
                -85.73126684158181, 
                55.60887163589581
              ], 
              [
                -85.69644273916069, 
                55.60378365060828
              ], 
              [
                -85.68261344095474, 
                55.58658419106014
              ], 
              [
                -85.64908449300503, 
                55.568752200753885
              ], 
              [
                -85.61127940888254, 
                55.551566227226544
              ], 
              [
                -85.58061292737874, 
                55.5338011934098
              ], 
              [
                -85.55656941791293, 
                55.50666322798533
              ], 
              [
                -85.52313865920887, 
                55.488783724346604
              ], 
              [
                -85.5031632040284, 
                55.47349679684819
              ], 
              [
                -85.43916029414011, 
                55.42842955734507
              ], 
              [
                -85.32152258171637, 
                55.38971587551066
              ], 
              [
                -85.26406816387592, 
                55.37445709921636
              ], 
              [
                -85.15200761491009, 
                55.36041901048424
              ], 
              [
                -85.12791906583081, 
                55.349798882240044
              ], 
              [
                -85.11782792490675, 
                55.328436585299954
              ], 
              [
                -85.12661698572738, 
                55.30255767665331
              ], 
              [
                -85.14810137283578, 
                55.29389070152487
              ], 
              [
                -85.17471269905289, 
                55.291327223038884
              ], 
              [
                -85.19912675563063, 
                55.28400299509278
              ], 
              [
                -85.20787512496078, 
                55.27537668937319
              ], 
              [
                -85.21296139609404, 
                55.25779857570575
              ], 
              [
                -85.22028560549178, 
                55.24864328832257
              ], 
              [
                -85.23216712343631, 
                55.24237702339609
              ], 
              [
                -85.25963294188968, 
                55.23375071784637
              ], 
              [
                -85.2717992768488, 
                55.22565337842627
              ], 
              [
                -85.28693600498072, 
                55.207220774156085
              ], 
              [
                -85.3093155531461, 
                55.17035552783228
              ], 
              [
                -85.32266191597198, 
                55.15367259714814
              ], 
              [
                -85.38902747364203, 
                55.11212799789654
              ], 
              [
                -85.39842688623379, 
                55.09564850393008
              ], 
              [
                -85.39635169233469, 
                55.089911200467654
              ], 
              [
                -85.38744055883262, 
                55.07611725476624
              ], 
              [
                -85.38536536560726, 
                55.067694405246854
              ], 
              [
                -85.38809160194052, 
                55.06187571931504
              ], 
              [
                -85.40518144381487, 
                55.0363630227412
              ], 
              [
                -85.41909746004815, 
                55.00971100506752
              ], 
              [
                -85.41730716563475, 
                54.99921305688071
              ], 
              [
                -85.40355384009494, 
                55.003119208133135
              ], 
              [
                -85.38166256386273, 
                55.019883530808066
              ], 
              [
                -85.36636308422811, 
                55.038885807920124
              ], 
              [
                -85.33698482713088, 
                55.10529205499124
              ], 
              [
                -85.32461503817056, 
                55.123236395238365
              ], 
              [
                -85.19912675571095, 
                55.242417708202645
              ], 
              [
                -85.15453039896995, 
                55.26780832938142
              ], 
              [
                -85.10562089330082, 
                55.284735412447674
              ], 
              [
                -85.0539444703367, 
                55.29413484044427
              ], 
              [
                -84.94640051372183, 
                55.29515207623195
              ], 
              [
                -84.61314856553427, 
                55.245184634942305
              ], 
              [
                -84.55553137353476, 
                55.24864328832257
              ], 
              [
                -84.48159745382411, 
                55.26756418632096
              ], 
              [
                -84.44359290798165, 
                55.2725283940033
              ], 
              [
                -84.42162024615224, 
                55.28192780221419
              ], 
              [
                -84.2271622343083, 
                55.297064513392016
              ], 
              [
                -84.19351152613598, 
                55.2954776104191
              ], 
              [
                -84.13117428743774, 
                55.28034089326051
              ], 
              [
                -84.09809322333956, 
                55.27676015142244
              ], 
              [
                -84.0790095664711, 
                55.277451886430136
              ], 
              [
                -83.95726477232044, 
                55.322088925980246
              ], 
              [
                -83.92906653392693, 
                55.32652415307219
              ], 
              [
                -83.90440833095555, 
                55.32127513052434
              ], 
              [
                -83.861236128324, 
                55.30512115580109
              ], 
              [
                -83.76756751700282, 
                55.28131745708813
              ], 
              [
                -83.72996985405416, 
                55.25950755124045
              ], 
              [
                -83.72423255233915, 
                55.2436384159003
              ], 
              [
                -83.73289954631042, 
                55.23187897769847
              ], 
              [
                -83.73664303299445, 
                55.22455475499225
              ], 
              [
                -83.71629798675963, 
                55.2219099061782
              ], 
              [
                -83.71104895454077, 
                55.225897524508504
              ], 
              [
                -83.7029923151334, 
                55.24384186135089
              ], 
              [
                -83.69896399059012, 
                55.24864328832257
              ], 
              [
                -83.68431555893817, 
                55.24876536691238
              ], 
              [
                -83.67324784699257, 
                55.24290598631024
              ], 
              [
                -83.66307531820384, 
                55.235174862347655
              ], 
              [
                -83.65119381375345, 
                55.229356186649945
              ], 
              [
                -83.63678951655702, 
                55.22886790537076
              ], 
              [
                -83.62364661014735, 
                55.231512756525134
              ], 
              [
                -83.61148026651796, 
                55.232163794787326
              ], 
              [
                -83.59968013596935, 
                55.22565337842627
              ], 
              [
                -83.59373938319067, 
                55.21649810858263
              ], 
              [
                -83.5892634794693, 
                55.206366282935676
              ], 
              [
                -83.58307858367377, 
                55.19806550222812
              ], 
              [
                -83.57201087628455, 
                55.1946475355221
              ], 
              [
                -83.56688391654481, 
                55.190741275928566
              ], 
              [
                -83.57355709958891, 
                55.18199291253397
              ], 
              [
                -83.58910071829261, 
                55.167914134689134
              ], 
              [
                -83.58828691129338, 
                55.15680572856903
              ], 
              [
                -83.583159960049, 
                55.14789459806997
              ], 
              [
                -83.5739639938584, 
                55.140244855947486
              ], 
              [
                -83.56114661226457, 
                55.13316477852563
              ], 
              [
                -83.55492102883557, 
                55.140082099191496
              ], 
              [
                -83.57237708354555, 
                55.15477122820228
              ], 
              [
                -83.56899980695647, 
                55.16620514921163
              ], 
              [
                -83.55931555825524, 
                55.175726628939444
              ], 
              [
                -83.55801347148989, 
                55.184678446577784
              ], 
              [
                -83.57599849942403, 
                55.204901430334786
              ], 
              [
                -83.58104407766217, 
                55.21588776578691
              ], 
              [
                -83.58287513582368, 
                55.23248933470182
              ], 
              [
                -83.59288489299453, 
                55.24152252514986
              ], 
              [
                -83.61579341735413, 
                55.24559152955827
              ], 
              [
                -83.65802974659277, 
                55.24864328832257
              ], 
              [
                -83.67467199919778, 
                55.25377024218389
              ], 
              [
                -83.68809973460993, 
                55.260199279770966
              ], 
              [
                -83.7132462234601, 
                55.2765567086525
              ], 
              [
                -83.68952389663262, 
                55.28485749556916
              ], 
              [
                -83.5753067766862, 
                55.2673200634984
              ], 
              [
                -83.50035559673665, 
                55.242417708202645
              ], 
              [
                -83.48363195994172, 
                55.23956939580132
              ], 
              [
                -83.43830318773756, 
                55.242417708202645
              ], 
              [
                -83.42446855477093, 
                55.240342516098124
              ], 
              [
                -83.39956620831565, 
                55.23139068960009
              ], 
              [
                -83.28123939272969, 
                55.2219099061782
              ], 
              [
                -83.23949134546365, 
                55.223578199801985
              ], 
              [
                -83.22594154172592, 
                55.2219099061782
              ], 
              [
                -83.2145890017565, 
                55.21747468522405
              ], 
              [
                -83.19326738471227, 
                55.20429108687729
              ], 
              [
                -83.1850479864523, 
                55.20148347379554
              ], 
              [
                -83.15754147271109, 
                55.20429108687729
              ], 
              [
                -83.08885657475513, 
                55.229356186649945
              ], 
              [
                -83.03970293087077, 
                55.2389590546769
              ], 
              [
                -82.97569739829444, 
                55.239081126717544
              ], 
              [
                -82.92031815790749, 
                55.220526426699664
              ], 
              [
                -82.89761308596496, 
                55.17413971738564
              ], 
              [
                -82.90192623443615, 
                55.16844309875462
              ], 
              [
                -82.91104082205723, 
                55.16388581339001
              ], 
              [
                -82.92015540389146, 
                55.15668366228035
              ], 
              [
                -82.92430579273622, 
                55.143418686621324
              ], 
              [
                -82.9277237600245, 
                55.13776275916221
              ], 
              [
                -82.95164954402733, 
                55.112738349476594
              ], 
              [
                -82.92894446245694, 
                55.11692942534486
              ], 
              [
                -82.89753170440444, 
                55.14940013114454
              ], 
              [
                -82.87718665317668, 
                55.160508531253996
              ], 
              [
                -82.86253821445835, 
                55.15989817822187
              ], 
              [
                -82.83088131171124, 
                55.14948150870935
              ], 
              [
                -82.81509355128244, 
                55.14683665209181
              ], 
              [
                -82.76292883672218, 
                55.14512766628282
              ], 
              [
                -82.74620520428476, 
                55.14683665209181
              ], 
              [
                -82.6717423153431, 
                55.17072174461459
              ], 
              [
                -82.64439856796201, 
                55.17413971738564
              ], 
              [
                -82.61733964777252, 
                55.16880931167245
              ], 
              [
                -82.56663977804838, 
                55.14789459806997
              ], 
              [
                -82.54076086829147, 
                55.14683665209181
              ], 
              [
                -82.54271399592447, 
                55.15159739789119
              ], 
              [
                -82.54556230464908, 
                55.163275458936305
              ], 
              [
                -82.5475968122516, 
                55.167914134689134
              ], 
              [
                -82.52936764370264, 
                55.16758861145605
              ], 
              [
                -82.51545162803737, 
                55.15997956049701
              ], 
              [
                -82.5038956372824, 
                55.15110911740776
              ], 
              [
                -82.49266516529305, 
                55.14683665209181
              ], 
              [
                -82.47264563491598, 
                55.14545318899037
              ], 
              [
                -82.45848547860022, 
                55.14118072753342
              ], 
              [
                -82.44676672979219, 
                55.13361237025478
              ], 
              [
                -82.43431556189293, 
                55.12262604818277
              ], 
              [
                -82.42784583476681, 
                55.118719798001095
              ], 
              [
                -82.41612708105322, 
                55.11603424563078
              ], 
              [
                -82.41104082002065, 
                55.112738349476594
              ], 
              [
                -82.40941321813328, 
                55.10753001953342
              ], 
              [
                -82.41218014325845, 
                55.10289134482107
              ], 
              [
                -82.4142960274132, 
                55.09808991015102
              ], 
              [
                -82.41104081938398, 
                55.09223053655587
              ], 
              [
                -82.39403235372883, 
                55.084458722711645
              ], 
              [
                -82.35374915458091, 
                55.080308337290575
              ], 
              [
                -82.33531653557515, 
                55.078599350384444
              ], 
              [
                -82.32103431066973, 
                55.0711123744209
              ], 
              [
                -82.32445227939611, 
                55.08185456102354
              ], 
              [
                -82.34276282223149, 
                55.10529205499124
              ], 
              [
                -82.31139075709503, 
                55.11859772748199
              ], 
              [
                -82.31696529755675, 
                55.13275787791106
              ], 
              [
                -82.33861243721535, 
                55.14878978565105
              ], 
              [
                -82.35582435124404, 
                55.167914134689134
              ], 
              [
                -82.33092200421035, 
                55.16254303630431
              ], 
              [
                -82.2970271465571, 
                55.13275787791106
              ], 
              [
                -82.25226803353408, 
                55.117905992774126
              ], 
              [
                -82.24876868622042, 
                55.0995954482196
              ], 
              [
                -82.25670325262865, 
                55.07908763001089
              ], 
              [
                -82.27863521887079, 
                55.04547760436112
              ], 
              [
                -82.28270423126848, 
                55.02814362239005
              ], 
              [
                -82.27790279939633, 
                55.01093170857595
              ], 
              [
                -82.25645906761004, 
                54.98309960953504
              ], 
              [
                -82.25601143164565, 
                54.976263606118096
              ], 
              [
                -82.25853421172293, 
                54.96881730847922
              ], 
              [
                -82.26016201120268, 
                54.95783126490701
              ], 
              [
                -82.26231845666119, 
                54.954575866937105
              ], 
              [
                -82.26699795420947, 
                54.95274500920104
              ], 
              [
                -82.2717178238082, 
                54.950181266750945
              ], 
              [
                -82.273833784352, 
                54.94452545269053
              ], 
              [
                -82.27269454333032, 
                54.937811705032246
              ], 
              [
                -82.27017169323832, 
                54.93256258773162
              ], 
              [
                -82.26642826874716, 
                54.92772056113519
              ], 
              [
                -82.25645910625653, 
                54.892930394711435
              ], 
              [
                -82.25340741910159, 
                54.886175940011945
              ], 
              [
                -82.24299071940104, 
                54.88194412234028
              ], 
              [
                -82.2178848898633, 
                54.88023508550561
              ], 
              [
                -82.20836347753367, 
                54.87592203909655
              ], 
              [
                -82.19855717937395, 
                54.855780464213915
              ], 
              [
                -82.20140531226225, 
                54.83392962241914
              ], 
              [
                -82.26016183885329, 
                54.71564351338738
              ], 
              [
                -82.31533764568695, 
                54.577459957005054
              ], 
              [
                -82.37783767976676, 
                54.47907133504266
              ], 
              [
                -82.39671784120165, 
                54.42682517089222
              ], 
              [
                -82.41494708326115, 
                54.39984774403654
              ], 
              [
                -82.41722563989458, 
                54.38898335518207
              ], 
              [
                -82.4209691992405, 
                54.38385650350118
              ], 
              [
                -82.43871019478375, 
                54.371446185645915
              ], 
              [
                -82.44448798357757, 
                54.36542374529993
              ], 
              [
                -82.43936118244851, 
                54.33702227752777
              ], 
              [
                -82.44107019965995, 
                54.33185468260683
              ], 
              [
                -82.42926998374591, 
                54.32770416566891
              ], 
              [
                -82.42711343022819, 
                54.31769443142597
              ], 
              [
                -82.43089765821796, 
                54.29718669190455
              ], 
              [
                -82.4308975448561, 
                54.228216797092344
              ], 
              [
                -82.42731693737578, 
                54.21238852725368
              ], 
              [
                -82.4203182402835, 
                54.19904217365403
              ], 
              [
                -82.4101456202482, 
                54.18663155313599
              ], 
              [
                -82.37165275636666, 
                54.15058008162444
              ], 
              [
                -82.36876379392706, 
                54.13788482248169
              ], 
              [
                -82.3830459833365, 
                54.12518945356638
              ], 
              [
                -82.37124579331442, 
                54.12006241124203
              ], 
              [
                -82.36042227227723, 
                54.12140525510843
              ], 
              [
                -82.3489477820311, 
                54.12461995130686
              ], 
              [
                -82.3353164913624, 
                54.12518945356638
              ], 
              [
                -82.32404546881158, 
                54.122259969672996
              ], 
              [
                -82.3137101223885, 
                54.11737706822744
              ], 
              [
                -82.25633707346907, 
                54.07945388845173
              ], 
              [
                -82.24258385590295, 
                54.06504964735288
              ], 
              [
                -82.17784585202921, 
                53.919053483049865
              ], 
              [
                -82.16026778096074, 
                53.89927817305281
              ], 
              [
                -82.15453041540874, 
                53.88755933063993
              ], 
              [
                -82.14244542189732, 
                53.83588284975147
              ], 
              [
                -82.13296457841578, 
                53.824164025246894
              ], 
              [
                -82.12604735502781, 
                53.81220127669424
              ], 
              [
                -82.13068603112809, 
                53.78558995490266
              ], 
              [
                -82.14346267858022, 
                53.74534737473422
              ], 
              [
                -82.15025795046832, 
                53.731675535781754
              ], 
              [
                -82.18789623903214, 
                53.68016177700774
              ], 
              [
                -82.2007950750674, 
                53.6704776423721
              ], 
              [
                -82.20775304821258, 
                53.648016652687744
              ], 
              [
                -82.21255457971253, 
                53.622666868246114
              ], 
              [
                -82.21922763767257, 
                53.60443752108443
              ], 
              [
                -82.20612546081567, 
                53.590073968810366
              ], 
              [
                -82.20539302623554, 
                53.574693090747544
              ], 
              [
                -82.2097061951645, 
                53.559027427929095
              ], 
              [
                -82.21178147567987, 
                53.54356531766438
              ], 
              [
                -82.20815997884449, 
                53.526597426603836
              ], 
              [
                -82.20116120630865, 
                53.508530907412364
              ], 
              [
                -82.19180252345413, 
                53.491644575892686
              ], 
              [
                -82.16242422079472, 
                53.4540875373122
              ], 
              [
                -82.14875246623693, 
                53.42633706973987
              ], 
              [
                -82.11559000272133, 
                53.309637807475276
              ], 
              [
                -82.11440998055579, 
                53.28900791147273
              ], 
              [
                -82.11851970516524, 
                53.27728919764273
              ], 
              [
                -82.14012618823587, 
                53.25873456799287
              ], 
              [
                -82.18858811292272, 
                53.23204187640436
              ], 
              [
                -82.20152756987265, 
                53.22833908245203
              ], 
              [
                -82.2185765503861, 
                53.22662983261156
              ], 
              [
                -82.23814849037562, 
                53.22142149960371
              ], 
              [
                -82.25055895393335, 
                53.21295792933048
              ], 
              [
                -82.24596116764342, 
                53.20099533828334
              ], 
              [
                -82.27794353137827, 
                53.14109941606562
              ], 
              [
                -82.28970289224941, 
                53.110174815526314
              ], 
              [
                -82.30345608724683, 
                53.032700764968716
              ], 
              [
                -82.29771884436022, 
                53.018866224615586
              ], 
              [
                -82.28823807073873, 
                53.00629301400997
              ], 
              [
                -82.28327396212542, 
                52.99164470618903
              ], 
              [
                -82.28628490524264, 
                52.97776918848538
              ], 
              [
                -82.30117750241172, 
                52.96759669206322
              ], 
              [
                -82.27472895639694, 
                52.95750557998765
              ], 
              [
                -82.23664311733934, 
                52.92597090047538
              ], 
              [
                -82.19635973487198, 
                52.91644913871574
              ], 
              [
                -82.1862686333133, 
                52.91022362149739
              ], 
              [
                -82.17780524323693, 
                52.90350998984578
              ], 
              [
                -82.17080645897133, 
                52.89935946520029
              ], 
              [
                -82.12498931487514, 
                52.89183166114226
              ], 
              [
                -82.10936431294141, 
                52.88507710109554
              ], 
              [
                -82.04185943853004, 
                52.84284078519374
              ], 
              [
                -81.98814855685426, 
                52.79844796818951
              ], 
              [
                -81.97704025095679, 
                52.78217207136439
              ], 
              [
                -81.98582917652276, 
                52.768377912016994
              ], 
              [
                -81.95978757015553, 
                52.74774812361246
              ], 
              [
                -81.9182022274445, 
                52.68036522283361
              ], 
              [
                -81.88621978432829, 
                52.665960892668096
              ], 
              [
                -81.85167389645056, 
                52.65643942502919
              ], 
              [
                -81.81590744708987, 
                52.63365320504724
              ], 
              [
                -81.71076416832462, 
                52.53363685120361
              ], 
              [
                -81.67979899848221, 
                52.51093177352864
              ], 
              [
                -81.64635166995849, 
                52.501532259156086
              ], 
              [
                -81.5638321268261, 
                52.45624415383681
              ], 
              [
                -81.55675207036568, 
                52.44440336855131
              ], 
              [
                -81.56029207189071, 
                52.430161773091
              ], 
              [
                -81.5749405405021, 
                52.412095415641026
              ], 
              [
                -81.56647705474077, 
                52.39581946294138
              ], 
              [
                -81.55451410297974, 
                52.35309475578743
              ], 
              [
                -81.54356853084482, 
                52.34442786859832
              ], 
              [
                -81.5314021831725, 
                52.33954504499701
              ], 
              [
                -81.49022378029248, 
                52.314439224163536
              ], 
              [
                -81.47874918879761, 
                52.30345292410185
              ], 
              [
                -81.58145098632676, 
                52.316473716444364
              ], 
              [
                -81.60655681628549, 
                52.313666156689
              ], 
              [
                -81.7215877125305, 
                52.276922948498516
              ], 
              [
                -81.73542236500404, 
                52.2755802007156
              ], 
              [
                -81.74400793317686, 
                52.25816476694926
              ], 
              [
                -81.75389565950645, 
                52.25116611884639
              ], 
              [
                -81.77041581017399, 
                52.25816476694926
              ], 
              [
                -81.79185952829458, 
                52.26422764465848
              ], 
              [
                -81.82017985646587, 
                52.2593855467885
              ], 
              [
                -81.84837803546137, 
                52.248032907549096
              ], 
              [
                -81.869129995441, 
                52.23456449364806
              ], 
              [
                -81.84715738678354, 
                52.238959100994784
              ], 
              [
                -81.83722896483762, 
                52.242783912784
              ], 
              [
                -81.82754477017951, 
                52.24823646530922
              ], 
              [
                -81.8213598321354, 
                52.24079010939971
              ], 
              [
                -81.85163324157043, 
                52.22064846450266
              ], 
              [
                -81.8828018624752, 
                52.19358954592063
              ], 
              [
                -81.85806234336107, 
                52.19407792973875
              ], 
              [
                -81.83250893308801, 
                52.19928622405237
              ], 
              [
                -81.80894936674946, 
                52.20921461488715
              ], 
              [
                -81.77131098418675, 
                52.23643623661994
              ], 
              [
                -81.74681558766184, 
                52.241888784669186
              ], 
              [
                -81.51203366304495, 
                52.23932527006254
              ], 
              [
                -81.46507725017183, 
                52.22032293947197
              ], 
              [
                -81.43740804369389, 
                52.19078202679654
              ], 
              [
                -81.39061442467961, 
                52.1277937475475
              ], 
              [
                -81.35521397463711, 
                52.10423408262807
              ], 
              [
                -81.27065998421804, 
                52.09100987202527
              ], 
              [
                -81.23306232197375, 
                52.070868259997766
              ], 
              [
                -81.15660556064016, 
                52.04279199860821
              ], 
              [
                -81.12962809119367, 
                52.04401281405607
              ], 
              [
                -81.11310790232253, 
                52.052110133941945
              ], 
              [
                -81.09870358115639, 
                52.054632881869956
              ], 
              [
                -81.07811440170791, 
                52.03904859380165
              ], 
              [
                -81.05695551732273, 
                52.02655668261175
              ], 
              [
                -81.00251217088612, 
                52.01483795295187
              ], 
              [
                -80.97911540224447, 
                52.00181718605008
              ], 
              [
                -80.9730118290688, 
                51.99396390327401
              ], 
              [
                -80.95799721397921, 
                51.96702710771558
              ], 
              [
                -80.93407145357665, 
                51.93903235188665
              ], 
              [
                -80.93065340883126, 
                51.929185221987936
              ], 
              [
                -80.9208878450445, 
                51.90940993065519
              ], 
              [
                -80.89769448654131, 
                51.89655186012055
              ], 
              [
                -80.84813392537258, 
                51.8845075660329
              ], 
              [
                -80.84146070922051, 
                51.88434474212855
              ], 
              [
                -80.82701575783842, 
                51.88568757326615
              ], 
              [
                -80.82079017537006, 
                51.8845075660329
              ], 
              [
                -80.81655842989193, 
                51.88092687707796
              ], 
              [
                -80.81598876605787, 
                51.87706131409029
              ], 
              [
                -80.81615151202888, 
                51.873399182181906
              ], 
              [
                -80.81403564407599, 
                51.87018469103453
              ], 
              [
                -80.77782137764402, 
                51.85276920700084
              ], 
              [
                -80.76927653312794, 
                51.84727616973907
              ], 
              [
                -80.74132242845033, 
                51.82392004378902
              ], 
              [
                -80.70470133028077, 
                51.80255773201958
              ], 
              [
                -80.6903377027897, 
                51.79026928742409
              ], 
              [
                -80.65705318383489, 
                51.75474680350949
              ], 
              [
                -80.64606687993384, 
                51.747300554137595
              ], 
              [
                -80.63487712085914, 
                51.74518470091956
              ], 
              [
                -80.62409416131352, 
                51.73956933111557
              ], 
              [
                -80.6050919072902, 
                51.72345609118799
              ], 
              [
                -80.59487872573428, 
                51.71137118692709
              ], 
              [
                -80.59361729234178, 
                51.704657253357404
              ], 
              [
                -80.59532626429586, 
                51.6979433664888
              ], 
              [
                -80.59430903550717, 
                51.68585844374514
              ], 
              [
                -80.58527587662802, 
                51.66596105721228
              ], 
              [
                -80.55882728728685, 
                51.623236410360924
              ], 
              [
                -80.5492243769085, 
                51.59105046322378
              ], 
              [
                -80.51915445832515, 
                51.535020302672926
              ], 
              [
                -80.50829016862731, 
                51.52167389604247
              ], 
              [
                -80.49185135129781, 
                51.50592680055314
              ], 
              [
                -80.47288979116426, 
                51.49274325290621
              ], 
              [
                -80.45433513154897, 
                51.48729082617009
              ], 
              [
                -80.44029703339902, 
                51.47728104097037
              ], 
              [
                -80.43614663325296, 
                51.45445387509982
              ], 
              [
                -80.43724522647355, 
                51.41217679239187
              ], 
              [
                -80.42756098686202, 
                51.374090861679996
              ], 
              [
                -80.42979899969038, 
                51.35716387545005
              ], 
              [
                -80.44717358848516, 
                51.35008365316603
              ], 
              [
                -80.46947178333633, 
                51.34796779805331
              ], 
              [
                -80.58429928851434, 
                51.31504955522681
              ], 
              [
                -80.62804113460426, 
                51.29564034960208
              ], 
              [
                -80.66881264696364, 
                51.27106357407736
              ], 
              [
                -80.70470129211577, 
                51.24083078111396
              ], 
              [
                -80.70986894989122, 
                51.233506587873606
              ], 
              [
                -80.72134355534487, 
                51.21222565525572
              ], 
              [
                -80.72834224415881, 
                51.20298898584585
              ], 
              [
                -80.73818924728697, 
                51.19371163970171
              ], 
              [
                -80.74551346104785, 
                51.18842191690756
              ], 
              [
                -80.76561439219606, 
                51.1787783957213
              ], 
              [
                -80.83885655540038, 
                51.15611396610417
              ], 
              [
                -80.86180580890469, 
                51.144639416699235
              ], 
              [
                -80.87328041877693, 
                51.134385510491754
              ], 
              [
                -80.8996476074788, 
                51.10028720637969
              ], 
              [
                -80.90941322150073, 
                51.09296296892894
              ], 
              [
                -80.96670486230016, 
                51.074652377880874
              ], 
              [
                -80.98485267827846, 
                51.06476473328327
              ], 
              [
                -80.99986731809571, 
                51.051947334843234
              ], 
              [
                -81.01260333660326, 
                51.035386489624386
              ], 
              [
                -80.97801673911589, 
                51.03949617466185
              ], 
              [
                -80.96019448483534, 
                51.04462314739002
              ], 
              [
                -80.94001219449564, 
                51.055609476494965
              ], 
              [
                -80.93419351052715, 
                51.05186598923898
              ], 
              [
                -80.93089757920437, 
                51.04405343482034
              ], 
              [
                -80.93065346758542, 
                51.035386489624386
              ], 
              [
                -80.93447831105865, 
                51.0316836476209
              ], 
              [
                -80.95799719866305, 
                51.014960025746916
              ], 
              [
                -80.95116123904289, 
                51.00812405229436
              ], 
              [
                -80.91714432695792, 
                51.030096733447465
              ], 
              [
                -80.87824458635757, 
                51.095648490466914
              ], 
              [
                -80.84813389885134, 
                51.1235211938231
              ], 
              [
                -80.82347570378978, 
                51.13133370716282
              ], 
              [
                -80.77017167632017, 
                51.13426340949464
              ], 
              [
                -80.74510656083837, 
                51.14122139718964
              ], 
              [
                -80.71214760045402, 
                51.15656160857348
              ], 
              [
                -80.7010392131305, 
                51.15831130052317
              ], 
              [
                -80.68976804509555, 
                51.16156649333441
              ], 
              [
                -80.68244380956234, 
                51.1692975855415
              ], 
              [
                -80.67662514199372, 
                51.178574958833245
              ], 
              [
                -80.66999264646624, 
                51.18622468450308
              ], 
              [
                -80.60484779264277, 
                51.21881746115411
              ], 
              [
                -80.59430904568836, 
                51.23029205344135
              ], 
              [
                -80.58629312060249, 
                51.24815505291713
              ], 
              [
                -80.56737220670854, 
                51.26512280024932
              ], 
              [
                -80.52599038033166, 
                51.28925204737376
              ], 
              [
                -80.45230056105709, 
                51.314927435872704
              ], 
              [
                -80.41002358868136, 
                51.339545025321556
              ], 
              [
                -80.38512124677021, 
                51.34137608383039
              ], 
              [
                -80.25112874431024, 
                51.315171674646486
              ], 
              [
                -80.22468013834042, 
                51.30573150584728
              ], 
              [
                -80.19701085698857, 
                51.29938383242854
              ], 
              [
                -80.1361384824805, 
                51.30133699190992
              ], 
              [
                -80.10826575092803, 
                51.296087952825715
              ], 
              [
                -80.09658769405164, 
                51.288885809087176
              ], 
              [
                -80.08039305189136, 
                51.27326084086038
              ], 
              [
                -80.0672908205233, 
                51.267564197570145
              ], 
              [
                -80.00894119550968, 
                51.261338584529064
              ], 
              [
                -79.9859919685935, 
                51.255112985140144
              ], 
              [
                -79.92332924430549, 
                51.20673251154286
              ], 
              [
                -79.8777969828308, 
                51.183091503080654
              ], 
              [
                -79.78408768150784, 
                51.14740629574872
              ], 
              [
                -79.74453689411274, 
                51.1235211938231
              ], 
              [
                -79.70592202158156, 
                51.06452060503789
              ], 
              [
                -79.69367429008652, 
                51.05528393311368
              ], 
              [
                -79.67593341676593, 
                51.04979078909239
              ], 
              [
                -79.56916256636485, 
                50.985581777060176
              ], 
              [
                -79.52082272100773, 
                50.94289785573442
              ], 
              [
                -79.52079950476609, 
                50.91415351312409
              ], 
              [
                -79.52079950984059, 
                50.80149889881983
              ], 
              [
                -79.52079953221785, 
                50.68884431558126
              ], 
              [
                -79.52079953477809, 
                50.57618969808553
              ], 
              [
                -79.52079952548738, 
                50.46353505893074
              ], 
              [
                -79.52079953266765, 
                50.3508804495716
              ], 
              [
                -79.52079953125755, 
                50.23822582421034
              ], 
              [
                -79.52079952742012, 
                50.125571195401164
              ], 
              [
                -79.5207995266612, 
                50.01291657203512
              ], 
              [
                -79.52079951794767, 
                49.900261933446146
              ], 
              [
                -79.52079959052966, 
                49.78760744257305
              ], 
              [
                -79.52079948620607, 
                49.674952630699266
              ], 
              [
                -79.5207994885967, 
                49.56229801269427
              ], 
              [
                -79.52079953892944, 
                49.449643482667554
              ], 
              [
                -79.52079957965844, 
                49.33698893491599
              ], 
              [
                -79.52079955295596, 
                49.22433426391968
              ], 
              [
                -79.52079957050343, 
                49.11167967386637
              ], 
              [
                -79.52079957423761, 
                48.999025059198836
              ], 
              [
                -79.52079950867312, 
                48.88637031453773
              ], 
              [
                -79.52079948386816, 
                48.77371564381891
              ], 
              [
                -79.52079960492723, 
                48.661061250641616
              ], 
              [
                -79.52079949092357, 
                48.54840641160691
              ], 
              [
                -79.52079957420148, 
                48.435751948312934
              ], 
              [
                -79.52079947570391, 
                48.32309713782617
              ], 
              [
                -79.52079946424209, 
                48.21044249244572
              ], 
              [
                -79.52079948334006, 
                48.097787906861875
              ], 
              [
                -79.52079947891683, 
                47.98513327593116
              ], 
              [
                -79.5207995560028, 
                47.87247880283623
              ], 
              [
                -79.52079956597159, 
                47.819510479681256
              ], 
              [
                -79.51738885295279, 
                47.763389741218774
              ], 
              [
                -79.51625208002815, 
                47.7376809256912
              ], 
              [
                -79.5162002743333, 
                47.71181662188583
              ], 
              [
                -79.51656199635096, 
                47.68582335055232
              ], 
              [
                -79.5165619907771, 
                47.660036799692186
              ], 
              [
                -79.5145725801092, 
                47.6297029920334
              ], 
              [
                -79.51291879837122, 
                47.596836512644444
              ], 
              [
                -79.51651036259577, 
                47.56572740410392
              ], 
              [
                -79.53048882297747, 
                47.540250894563435
              ], 
              [
                -79.55423420260425, 
                47.513611810143395
              ], 
              [
                -79.57278598329478, 
                47.484026937359374
              ], 
              [
                -79.5803307601209, 
                47.451832552904094
              ], 
              [
                -79.5712615938059, 
                47.41757117347144
              ], 
              [
                -79.55410501611217, 
                47.39157792431739
              ], 
              [
                -79.52800836272958, 
                47.36568792332644
              ], 
              [
                -79.50480564303102, 
                47.340934907732425
              ], 
              [
                -79.48258477135919, 
                47.31850732523712
              ], 
              [
                -79.46891642008542, 
                47.304864876437165
              ], 
              [
                -79.45597140644082, 
                47.290395342491024
              ], 
              [
                -79.44537777844785, 
                47.274685786437686
              ], 
              [
                -79.43884069271512, 
                47.25716744259177
              ], 
              [
                -79.43641190541985, 
                47.22510222572008
              ], 
              [
                -79.44002925946066, 
                47.1935537730438
              ], 
              [
                -79.44506771785558, 
                47.16249624800145
              ], 
              [
                -79.44716059573997, 
                47.13174873466753
              ], 
              [
                -79.43129593698602, 
                47.08699695689598
              ], 
              [
                -79.39633680528925, 
                47.04989322814696
              ], 
              [
                -79.3564684913918, 
                47.01521844922713
              ], 
              [
                -79.32577267642344, 
                46.977546303282296
              ], 
              [
                -79.29205376643087, 
                46.928867026783365
              ], 
              [
                -79.25053179057917, 
                46.889593013022925
              ], 
              [
                -79.20459140125593, 
                46.85476301634567
              ], 
              [
                -79.16358620662892, 
                46.82391229673029
              ], 
              [
                -79.0962001243708, 
                46.70433300155012
              ], 
              [
                -79.073384951893, 
                46.67642767176575
              ], 
              [
                -79.03398170551681, 
                46.653767624472806
              ], 
              [
                -79.01380205291277, 
                46.63834219907398
              ], 
              [
                -79.0051204208804, 
                46.61839511112111
              ], 
              [
                -79.00134803018902, 
                46.595760812454756
              ], 
              [
                -78.99160702361708, 
                46.57338491767213
              ], 
              [
                -78.9641409912245, 
                46.533025607274475
              ], 
              [
                -78.93168818879444, 
                46.499745977677456
              ], 
              [
                -78.89122553209694, 
                46.47008368685839
              ], 
              [
                -78.7540504362338, 
                46.401405693711936
              ], 
              [
                -78.73733316708639, 
                46.385747850729
              ], 
              [
                -78.73077020684686, 
                46.364818786705214
              ], 
              [
                -78.71978901147742, 
                46.34709386666346
              ], 
              [
                -78.69402829800738, 
                46.336500174384256
              ], 
              [
                -78.42228773492701, 
                46.293453615488815
              ], 
              [
                -78.37278176009794, 
                46.293815448611845
              ], 
              [
                -78.34505735415274, 
                46.28900953853437
              ], 
              [
                -78.33291339243527, 
                46.275780370523805
              ], 
              [
                -78.32069191597289, 
                46.26596185014135
              ], 
              [
                -78.29286412486475, 
                46.265600046289286
              ], 
              [
                -78.24351314155116, 
                46.27234384123602
              ], 
              [
                -78.1108080660339, 
                46.262602837917335
              ], 
              [
                -78.04554074961193, 
                46.23821159937095
              ], 
              [
                -77.92089718331943, 
                46.23562775398034
              ], 
              [
                -77.72240798779374, 
                46.19371813019253
              ], 
              [
                -77.68199703459376, 
                46.18669016869297
              ], 
              [
                -77.68390907214932, 
                46.18731030652756
              ], 
              [
                -77.658406741739, 
                46.18389963876295
              ], 
              [
                -77.46903844890335, 
                46.11506661636719
              ], 
              [
                -77.40818945453465, 
                46.07811797584114
              ], 
              [
                -77.39749245209049, 
                46.07305372613541
              ], 
              [
                -77.37289445490731, 
                46.063803612517674
              ], 
              [
                -77.35798580843928, 
                46.05884268297758
              ], 
              [
                -77.34682371335452, 
                46.04762892760373
              ], 
              [
                -77.33529985208428, 
                46.03680268048652
              ], 
              [
                -77.30703286088053, 
                46.01982700705169
              ], 
              [
                -77.2893595005368, 
                46.000344949940846
              ], 
              [
                -77.28499285781672, 
                45.98218071805617
              ], 
              [
                -77.28478613900995, 
                45.96471405444157
              ], 
              [
                -77.28253820099017, 
                45.94732490879797
              ], 
              [
                -77.27189287799176, 
                45.92923820268396
              ], 
              [
                -77.25096393303892, 
                45.90944615082034
              ], 
              [
                -77.22649512005239, 
                45.89084258821368
              ], 
              [
                -77.20073440620752, 
                45.87378934112175
              ], 
              [
                -77.17603307115105, 
                45.85862230624333
              ], 
              [
                -77.1385159866973, 
                45.83978625823584
              ], 
              [
                -77.09784664128927, 
                45.82443837209879
              ], 
              [
                -77.05637630096136, 
                45.81053740427509
              ], 
              [
                -77.0166112971306, 
                45.79622305652955
              ], 
              [
                -76.9934602542001, 
                45.79022858535777
              ], 
              [
                -76.96374631728068, 
                45.78841993676824
              ], 
              [
                -76.93581519571774, 
                45.79436270598892
              ], 
              [
                -76.91801267117482, 
                45.811467619931136
              ], 
              [
                -76.91741837824692, 
                45.82402496180481
              ], 
              [
                -76.92178503889983, 
                45.839295350957144
              ], 
              [
                -76.927081867799, 
                45.85492746262863
              ], 
              [
                -76.92953649285568, 
                45.86841499688762
              ], 
              [
                -76.92333533188994, 
                45.8837629209792
              ], 
              [
                -76.90889178128761, 
                45.89017082585834
              ], 
              [
                -76.90240637427628, 
                45.89249623313342
              ], 
              [
                -76.87755003017622, 
                45.89590691902059
              ], 
              [
                -76.85698280909722, 
                45.89471835922344
              ], 
              [
                -76.81773452702873, 
                45.88588162264682
              ], 
              [
                -76.79732234391858, 
                45.87554635130035
              ], 
              [
                -76.78595353622434, 
                45.86169708391653
              ], 
              [
                -76.78107011663504, 
                45.8437136936621
              ], 
              [
                -76.77843463022029, 
                45.79950452935049
              ], 
              [
                -76.77342199920226, 
                45.779376522987135
              ], 
              [
                -76.76536049724947, 
                45.760101259938764
              ], 
              [
                -76.75450843285608, 
                45.741110139965386
              ], 
              [
                -76.73869542403814, 
                45.737570262617744
              ], 
              [
                -76.72575049051385, 
                45.73149830762941
              ], 
              [
                -76.71528602470246, 
                45.72196402991206
              ], 
              [
                -76.7069402566888, 
                45.70801134333698
              ], 
              [
                -76.7025477778684, 
                45.691810819755645
              ], 
              [
                -76.6984395088028, 
                45.661502607444206
              ], 
              [
                -76.69017125990726, 
                45.64793750284436
              ], 
              [
                -76.67239457026606, 
                45.63023833031969
              ], 
              [
                -76.66634844016771, 
                45.62129833526262
              ], 
              [
                -76.6549796148391, 
                45.59204945196092
              ], 
              [
                -76.6474607006359, 
                45.58083568139822
              ], 
              [
                -76.63722876065903, 
                45.57241240776745
              ], 
              [
                -76.6228627181324, 
                45.565022691905924
              ], 
              [
                -76.5962235152154, 
                45.555720928561705
              ], 
              [
                -76.49958858222368, 
                45.53815093290068
              ], 
              [
                -76.46168391878193, 
                45.52642037996408
              ], 
              [
                -76.43961808753096, 
                45.52378489551643
              ], 
              [
                -76.43277096901083, 
                45.522182944982816
              ], 
              [
                -76.41160946380081, 
                45.512261056290654
              ], 
              [
                -76.40362545911621, 
                45.51117585973849
              ], 
              [
                -76.40181678175546, 
                45.503010979300484
              ], 
              [
                -76.39008622859576, 
                45.498515121990216
              ], 
              [
                -76.36781369500565, 
                45.48306388799469
              ], 
              [
                -76.35592810094144, 
                45.47686268479044
              ], 
              [
                -76.34347408529679, 
                45.47355540306693
              ], 
              [
                -76.3146644778452, 
                45.47107494179526
              ], 
              [
                -76.30097022607305, 
                45.471746739736965
              ], 
              [
                -76.28874874486186, 
                45.474072171083705
              ], 
              [
                -76.2604300676419, 
                45.48430411800574
              ], 
              [
                -76.24991390523998, 
                45.49107371228722
              ], 
              [
                -76.24660661070816, 
                45.495440366716686
              ], 
              [
                -76.240017874736, 
                45.5076618624129
              ], 
              [
                -76.23541867147058, 
                45.51288118094968
              ], 
              [
                -76.22849403076778, 
                45.51781628398382
              ], 
              [
                -76.22322302147616, 
                45.51996082562997
              ], 
              [
                -76.15490678592722, 
                45.52946930522953
              ], 
              [
                -76.12844845472141, 
                45.529650179971384
              ], 
              [
                -76.04884090822829, 
                45.51546499378692
              ], 
              [
                -76.02313188803534, 
                45.505413937271754
              ], 
              [
                -76.00967016744261, 
                45.488024794437266
              ], 
              [
                -75.99884396754857, 
                45.4863711771503
              ], 
              [
                -75.96949175205141, 
                45.47438223988406
              ], 
              [
                -75.95941484360004, 
                45.46869782616043
              ], 
              [
                -75.93944189686883, 
                45.45169626663619
              ], 
              [
                -75.92964922208994, 
                45.441257647120416
              ], 
              [
                -75.92512753898552, 
                45.43350619010757
              ], 
              [
                -75.9126993546317, 
                45.427046630623124
              ], 
              [
                -75.88195187010612, 
                45.39950307851824
              ], 
              [
                -75.86939448845744, 
                45.39260425614436
              ], 
              [
                -75.85549353034415, 
                45.38859933784752
              ], 
              [
                -75.84099830540211, 
                45.38715242681788
              ], 
              [
                -75.77555010276336, 
                45.393818685986666
              ], 
              [
                -75.76131324657771, 
                45.40001985961622
              ], 
              [
                -75.75242489465288, 
                45.407538768051744
              ], 
              [
                -75.72904130374526, 
                45.43526316233802
              ], 
              [
                -75.70715633624096, 
                45.45552032769852
              ], 
              [
                -75.68325598922392, 
                45.46854279407772
              ], 
              [
                -75.65641008686833, 
                45.47546744446211
              ], 
              [
                -75.59277055221115, 
                45.479653219269984
              ], 
              [
                -75.3603816305369, 
                45.54373198231994
              ], 
              [
                -75.3105397160233, 
                45.56812326771267
              ], 
              [
                -75.28359045719242, 
                45.57664987957906
              ], 
              [
                -75.05295854626583, 
                45.59595104131421
              ], 
              [
                -75.02425229115093, 
                45.606673910308295
              ], 
              [
                -74.99386655022565, 
                45.62279695923444
              ], 
              [
                -74.96640051958185, 
                45.633158068400576
              ], 
              [
                -74.93753922396182, 
                45.63767973684583
              ], 
              [
                -74.77506852763928, 
                45.63251210936418
              ], 
              [
                -74.71416785879069, 
                45.64137463303136
              ], 
              [
                -74.69667538494711, 
                45.64168468844449
              ], 
              [
                -74.69096513578722, 
                45.642692370340534
              ], 
              [
                -74.68429888352163, 
                45.64574129633227
              ], 
              [
                -74.67181900992136, 
                45.653673596056
              ], 
              [
                -74.66523026160138, 
                45.65630908697824
              ], 
              [
                -74.64365534905824, 
                45.65607653614962
              ], 
              [
                -74.6228555987569, 
                45.64796336675303
              ], 
              [
                -74.58557104550303, 
                45.62605254299963
              ], 
              [
                -74.54526342777936, 
                45.60884429077951
              ], 
              [
                -74.50438738070933, 
                45.59747549935576
              ], 
              [
                -74.45718095511221, 
                45.595046698282374
              ], 
              [
                -74.39648698585353, 
                45.57484121345765
              ], 
              [
                -74.39351559059669, 
                45.57267080280376
              ], 
              [
                -74.40180966199343, 
                45.54755606673054
              ], 
              [
                -74.40917355082856, 
                45.525180163167505
              ], 
              [
                -74.42322954240413, 
                45.482831330983565
              ], 
              [
                -74.44116125496211, 
                45.4284935415226
              ], 
              [
                -74.45581152329623, 
                45.38402597239798
              ], 
              [
                -74.46811051371857, 
                45.34668974916834
              ], 
              [
                -74.47800656084087, 
                45.31687246990455
              ], 
              [
                -74.450101280062, 
                45.29589182409224
              ], 
              [
                -74.42578751998126, 
                45.2777017210929
              ], 
              [
                -74.38811540728477, 
                45.24953807938749
              ], 
              [
                -74.35605017639962, 
                45.22571523324647
              ], 
              [
                -74.3461807932361, 
                45.22056712452883
              ], 
              [
                -74.36400306058978, 
                45.206122140559565
              ], 
              [
                -74.37547766816758, 
                45.202785549375406
              ], 
              [
                -74.37889563517574, 
                45.19993723791632
              ], 
              [
                -74.40249589645789, 
                45.186631574548144
              ], 
              [
                -74.41340084134599, 
                45.182277727821194
              ], 
              [
                -74.44416256825767, 
                45.17837149552724
              ], 
              [
                -74.45433509016809, 
                45.17544179937634
              ], 
              [
                -74.47305253676821, 
                45.16437408824429
              ], 
              [
                -74.4936417308147, 
                45.14622630358564
              ], 
              [
                -74.51024329291013, 
                45.124904689799145
              ], 
              [
                -74.5169978519814, 
                45.10439687919714
              ], 
              [
                -74.52627519433071, 
                45.091131903740624
              ], 
              [
                -74.54796301894102, 
                45.08022695262951
              ], 
              [
                -74.65306555955716, 
                45.042547920246726
              ], 
              [
                -74.71296143240316, 
                44.99925373838289
              ], 
              [
                -74.7415571712433, 
                44.99885650978052
              ], 
              [
                -74.86847448700458, 
                45.01012196901048
              ], 
              [
                -74.88650956299503, 
                45.009398498989164
              ], 
              [
                -74.90374365200672, 
                45.00521270801508
              ], 
              [
                -74.94020142679284, 
                44.98774618730384
              ], 
              [
                -74.99864748493336, 
                44.972398315545135
              ], 
              [
                -75.0148996504148, 
                44.96599027909021
              ], 
              [
                -75.0587213248089, 
                44.9410306912572
              ], 
              [
                -75.07559362811699, 
                44.935501200261015
              ], 
              [
                -75.12964716109241, 
                44.92516588079165
              ], 
              [
                -75.27023284796745, 
                44.8637741749152
              ], 
              [
                -75.34183065142835, 
                44.81674885789218
              ], 
              [
                -75.45595800405482, 
                44.74176624721929
              ], 
              [
                -75.57819861069228, 
                44.661512760766634
              ], 
              [
                -75.69968986719763, 
                44.58167259276839
              ], 
              [
                -75.75462201317652, 
                44.5275675891151
              ], 
              [
                -75.79118303745528, 
                44.49676831873618
              ], 
              [
                -75.79149618921153, 
                44.496512578328904
              ], 
              [
                -75.79198837368747, 
                44.49707838130545
              ], 
              [
                -75.81185798319163, 
                44.50443755329167
              ], 
              [
                -75.84453240644858, 
                44.48765880948712
              ], 
              [
                -75.94152526476542, 
                44.40140984957929
              ], 
              [
                -75.97390534039887, 
                44.38521987080415
              ], 
              [
                -76.00952340376249, 
                44.37462277111055
              ], 
              [
                -76.0890017697873, 
                44.367263782992886
              ], 
              [
                -76.10828259013752, 
                44.36225952616126
              ], 
              [
                -76.1517013484846, 
                44.33929923453312
              ], 
              [
                -76.16818567697273, 
                44.33252872033879
              ], 
              [
                -76.23574222908486, 
                44.33193995866932
              ], 
              [
                -76.2603216864471, 
                44.32016551076607
              ], 
              [
                -76.3072726953999, 
                44.310745704747944
              ], 
              [
                -76.31522052823001, 
                44.30603588181737
              ], 
              [
                -76.32243249345123, 
                44.29926560483314
              ], 
              [
                -76.33258801741087, 
                44.29220078044658
              ], 
              [
                -76.40765096705222, 
                44.26423640423772
              ], 
              [
                -76.44135559770741, 
                44.24628005506831
              ], 
              [
                -76.4523942769271, 
                44.243925196329236
              ], 
              [
                -76.4604893052572, 
                44.247751962898
              ], 
              [
                -76.46858427540823, 
                44.25511096989727
              ], 
              [
                -76.4771208803666, 
                44.25923216810528
              ], 
              [
                -76.48654053877478, 
                44.25422799200624
              ], 
              [
                -76.50346649781348, 
                44.23950983385865
              ], 
              [
                -76.52304163989322, 
                44.23009002124014
              ], 
              [
                -76.54423585674238, 
                44.225380194538474
              ], 
              [
                -76.6165023003421, 
                44.22331975734369
              ], 
              [
                -76.62400851527293, 
                44.227146335211636
              ], 
              [
                -76.63019016366489, 
                44.23362234984297
              ], 
              [
                -76.63799090000825, 
                44.23597745548931
              ], 
              [
                -76.65109001495503, 
                44.227146335211636
              ], 
              [
                -76.65933228085692, 
                44.22331975734369
              ], 
              [
                -76.69568615392214, 
                44.21713789670981
              ], 
              [
                -76.73675008042883, 
                44.203008708091744
              ], 
              [
                -76.79459259949805, 
                44.1726891323572
              ], 
              [
                -76.836686586452, 
                44.16415238850952
              ], 
              [
                -76.88746445704079, 
                44.12706263827486
              ], 
              [
                -76.93132464555386, 
                44.11057810017958
              ], 
              [
                -76.95325481310311, 
                44.09850925963818
              ], 
              [
                -76.96267441768795, 
                44.08231912755545
              ], 
              [
                -76.97371307611391, 
                44.076726217238125
              ], 
              [
                -77.04450766314922, 
                44.06642350485961
              ], 
              [
                -77.04450772354625, 
                44.072605285090745
              ], 
              [
                -77.03965066008908, 
                44.07554880395496
              ], 
              [
                -77.03670703756623, 
                44.07878685081066
              ], 
              [
                -77.0344993365813, 
                44.082024922470325
              ], 
              [
                -77.03155566558598, 
                44.08555722627994
              ], 
              [
                -77.04259432437742, 
                44.08496850692774
              ], 
              [
                -77.05333867808274, 
                44.085851738702864
              ], 
              [
                -77.06349422683242, 
                44.088795349821616
              ], 
              [
                -77.07247232920841, 
                44.09291643985148
              ], 
              [
                -77.00373826246837, 
                44.146490615880715
              ], 
              [
                -76.98681234423178, 
                44.1544384894384
              ], 
              [
                -76.97400752852789, 
                44.15679345508601
              ], 
              [
                -76.94633727220193, 
                44.166507408602016
              ], 
              [
                -76.93191339102175, 
                44.168567871429154
              ], 
              [
                -76.90674525184413, 
                44.16680167269069
              ], 
              [
                -76.89614815927587, 
                44.170334077596344
              ], 
              [
                -76.88746448171051, 
                44.182403148675036
              ], 
              [
                -76.89791438587845, 
                44.18358055579451
              ], 
              [
                -76.907039676376, 
                44.187701659217346
              ], 
              [
                -76.91498750942914, 
                44.19417767358646
              ], 
              [
                -76.9217579344873, 
                44.203008708091744
              ], 
              [
                -77.02198880762953, 
                44.1435469067779
              ], 
              [
                -77.03935639322651, 
                44.136188029039886
              ], 
              [
                -77.0492175839197, 
                44.141486566596704
              ], 
              [
                -77.04450766958976, 
                44.168567871429154
              ], 
              [
                -77.03965070277279, 
                44.18063689171845
              ], 
              [
                -77.03479364682897, 
                44.18711279698393
              ], 
              [
                -77.0209585395501, 
                44.19918174097432
              ], 
              [
                -77.00226643067867, 
                44.210073242793186
              ], 
              [
                -76.9994700019217, 
                44.215077500111015
              ], 
              [
                -77.01418813920462, 
                44.21713789670981
              ], 
              [
                -77.03847324876804, 
                44.215077500111015
              ], 
              [
                -77.17078994660291, 
                44.17180602339131
              ], 
              [
                -77.1922784613313, 
                44.168567871429154
              ], 
              [
                -77.20493619289532, 
                44.1726891323572
              ], 
              [
                -77.22495286589627, 
                44.190350787116294
              ], 
              [
                -77.23628594683348, 
                44.19535511377009
              ], 
              [
                -77.24644155339969, 
                44.19388339029656
              ], 
              [
                -77.25512525676893, 
                44.187701659217346
              ], 
              [
                -77.26336743939379, 
                44.18063689171845
              ], 
              [
                -77.2717568348048, 
                44.17563274068033
              ], 
              [
                -77.29398136102985, 
                44.168862441900124
              ], 
              [
                -77.30649178753146, 
                44.168273606102915
              ], 
              [
                -77.31576423544672, 
                44.17210029119326
              ], 
              [
                -77.32709723190386, 
                44.18093116571238
              ], 
              [
                -77.33622261769513, 
                44.181225744860214
              ], 
              [
                -77.34534784782116, 
                44.17769324829571
              ], 
              [
                -77.37669756599088, 
                44.17239455920146
              ], 
              [
                -77.50857269569765, 
                44.128828670133174
              ], 
              [
                -77.5559653410649, 
                44.12382452589063
              ], 
              [
                -77.57289127680814, 
                44.11440487038505
              ], 
              [
                -77.5836356676354, 
                44.09939251973422
              ], 
              [
                -77.58643203683832, 
                44.07937556155151
              ], 
              [
                -77.5524329694021, 
                44.09026701063245
              ], 
              [
                -77.49017499996701, 
                44.12088097526727
              ], 
              [
                -77.45293794532189, 
                44.12706263827486
              ], 
              [
                -77.44307672546199, 
                44.130006232093066
              ], 
              [
                -77.42409020504502, 
                44.1435469067779
              ], 
              [
                -77.41511209755177, 
                44.148256729261846
              ], 
              [
                -77.40686988701651, 
                44.149139788733684
              ], 
              [
                -77.38935528787741, 
                44.14796247815774
              ], 
              [
                -77.30531432979903, 
                44.1544384894384
              ], 
              [
                -77.30531427820124, 
                44.148256729261846
              ], 
              [
                -77.32503671776942, 
                44.141780813170904
              ], 
              [
                -77.33313175325156, 
                44.140897769147394
              ], 
              [
                -77.33004088765716, 
                44.13736530666788
              ], 
              [
                -77.32768594586648, 
                44.133832873835544
              ], 
              [
                -77.32459524581876, 
                44.13030077555278
              ], 
              [
                -77.31885508539891, 
                44.12706263827486
              ], 
              [
                -77.32665576112049, 
                44.11469940293901
              ], 
              [
                -77.33165985815049, 
                44.11057810017958
              ], 
              [
                -77.34004924469826, 
                44.107340114427664
              ], 
              [
                -77.32768596337813, 
                44.094976847505336
              ], 
              [
                -77.30649181444149, 
                44.09468263360409
              ], 
              [
                -77.26425048201035, 
                44.107340114427664
              ], 
              [
                -77.26425053768635, 
                44.11352188375443
              ], 
              [
                -77.2904489590482, 
                44.11411064293564
              ], 
              [
                -77.29898550469066, 
                44.11352188375443
              ], 
              [
                -77.29898549939266, 
                44.12088097526727
              ], 
              [
                -77.28765248791959, 
                44.12706263827486
              ], 
              [
                -77.2623371838955, 
                44.14472450991543
              ], 
              [
                -77.2471773631296, 
                44.148256729261846
              ], 
              [
                -77.18536089647111, 
                44.148256729261846
              ], 
              [
                -77.17152587860177, 
                44.15090621816594
              ], 
              [
                -77.141647868198, 
                44.16385812627691
              ], 
              [
                -77.0826278502258, 
                44.179753766028604
              ], 
              [
                -77.06629068901972, 
                44.182403148675036
              ], 
              [
                -77.0916060315787, 
                44.10557417259779
              ], 
              [
                -77.10823754525809, 
                44.073193987224464
              ], 
              [
                -77.13399434246462, 
                44.045229253891264
              ], 
              [
                -77.12118953235573, 
                44.044640590644455
              ], 
              [
                -77.08189197754578, 
                44.055826551627625
              ], 
              [
                -77.06261115693908, 
                44.05877025862975
              ], 
              [
                -77.0287592816394, 
                44.05170551814526
              ], 
              [
                -77.00903676869024, 
                44.04964471158811
              ], 
              [
                -76.9207276467746, 
                44.084674299998014
              ], 
              [
                -76.89099685315668, 
                44.108223393009474
              ], 
              [
                -76.8768673463498, 
                44.11352188375443
              ], 
              [
                -76.8502274509324, 
                44.11587692541246
              ], 
              [
                -76.85258227904335, 
                44.11234436785833
              ], 
              [
                -76.8712743894101, 
                44.09615431493212
              ], 
              [
                -76.884667956356, 
                44.08732338925865
              ], 
              [
                -76.89055520660212, 
                44.08231912755545
              ], 
              [
                -76.89585387934568, 
                44.07407719439661
              ], 
              [
                -76.89820879182389, 
                44.05877025862975
              ], 
              [
                -76.90115235117032, 
                44.05199970214761
              ], 
              [
                -76.92735073109716, 
                44.03286597317027
              ], 
              [
                -76.99137502064507, 
                44.01284941619174
              ], 
              [
                -77.01727905843973, 
                43.997248105506394
              ], 
              [
                -77.01301070831622, 
                43.98812266181252
              ], 
              [
                -77.03641262892491, 
                43.97104948147591
              ], 
              [
                -77.04450774588419, 
                43.95662586860648
              ], 
              [
                -77.04156412873837, 
                43.93808098215112
              ], 
              [
                -77.02978947909041, 
                43.940730071709645
              ], 
              [
                -77.00359113072611, 
                43.96251314788201
              ], 
              [
                -76.97106387123425, 
                43.95162162319448
              ], 
              [
                -76.88731720547536, 
                43.965750942296815
              ], 
              [
                -76.85655624532092, 
                43.959569498085514
              ], 
              [
                -76.84978587575225, 
                43.94691185255146
              ], 
              [
                -76.86494558359402, 
                43.94279065537955
              ], 
              [
                -76.90806988409308, 
                43.942201829094955
              ], 
              [
                -76.92484869057284, 
                43.93719775276803
              ], 
              [
                -76.97636238633507, 
                43.915414748527276
              ], 
              [
                -77.08542436340346, 
                43.88715594323393
              ], 
              [
                -77.11029813606457, 
                43.870671560819865
              ], 
              [
                -77.11633262021945, 
                43.86507868580799
              ], 
              [
                -77.12280852006965, 
                43.86184043410835
              ], 
              [
                -77.13060918503209, 
                43.8603686480946
              ], 
              [
                -77.16490260582836, 
                43.8603686480946
              ], 
              [
                -77.1682877720767, 
                43.86242914992557
              ], 
              [
                -77.16814069561144, 
                43.86713921023245
              ], 
              [
                -77.16711041269949, 
                43.871849017473686
              ], 
              [
                -77.16814069261908, 
                43.87449830675319
              ], 
              [
                -77.21994878677799, 
                43.876264508690895
              ], 
              [
                -77.23628589205217, 
                43.88067974060773
              ], 
              [
                -77.1815342457745, 
                43.93572601262477
              ], 
              [
                -77.1681406793362, 
                43.95662586860648
              ], 
              [
                -77.20714395037774, 
                43.93808098215112
              ], 
              [
                -77.25615549084907, 
                43.921007670890404
              ], 
              [
                -77.30045728085115, 
                43.92336255932745
              ], 
              [
                -77.32577266801333, 
                43.96251314788201
              ], 
              [
                -77.28397298473497, 
                43.94544007893124
              ], 
              [
                -77.26425050015915, 
                43.94779479724745
              ], 
              [
                -77.2505625762557, 
                43.97016648863651
              ], 
              [
                -77.2719040164792, 
                43.965162389115896
              ], 
              [
                -77.29162643072455, 
                43.95662586860648
              ], 
              [
                -77.3184135876725, 
                43.97222721450371
              ], 
              [
                -77.36006609393125, 
                43.96810607752823
              ], 
              [
                -77.43910279835177, 
                43.94956099689925
              ], 
              [
                -77.47737020018172, 
                43.94867804854973
              ], 
              [
                -77.49179406256063, 
                43.9522104624728
              ], 
              [
                -77.56376608342869, 
                43.99106650892732
              ], 
              [
                -77.57951454568082, 
                44.00431285379098
              ], 
              [
                -77.56612089467151, 
                44.00372394247202
              ], 
              [
                -77.55331607089866, 
                44.00578452601652
              ], 
              [
                -77.54183586361889, 
                44.010494338139445
              ], 
              [
                -77.5318274949487, 
                44.01785346695712
              ], 
              [
                -77.60070866565229, 
                44.045229253891264
              ], 
              [
                -77.61631001911974, 
                44.045523738245954
              ], 
              [
                -77.660758944969, 
                44.037575780920484
              ], 
              [
                -77.6751828707595, 
                44.03168868182453
              ], 
              [
                -77.69048976021452, 
                44.043168783680926
              ], 
              [
                -77.70888751192031, 
                44.044640590644455
              ], 
              [
                -77.72596065145927, 
                44.03787025995815
              ], 
              [
                -77.73714645288263, 
                44.02550688893551
              ], 
              [
                -77.70152850794989, 
                44.020208585817166
              ], 
              [
                -77.68474961953811, 
                44.01490973916391
              ], 
              [
                -77.67518288704062, 
                44.00431285379098
              ], 
              [
                -77.718307131557, 
                44.008433731758174
              ], 
              [
                -77.78218418900873, 
                44.02138584531419
              ], 
              [
                -77.80323126626668, 
                44.01903102475424
              ], 
              [
                -77.90655300293524, 
                43.985767720705226
              ], 
              [
                -78.00163260784713, 
                43.98223533347272
              ], 
              [
                -78.02076631964115, 
                43.9778199668439
              ], 
              [
                -78.27951235326677, 
                43.958686224236445
              ], 
              [
                -78.42242621860377, 
                43.92924998954274
              ], 
              [
                -78.48012149684031, 
                43.9045232052296
              ], 
              [
                -78.50131574399043, 
                43.901285265217254
              ], 
              [
                -78.58211879785, 
                43.91453187072299
              ], 
              [
                -78.60743401416175, 
                43.915414748527276
              ], 
              [
                -78.67013358716365, 
                43.89716420294261
              ], 
              [
                -78.81069253434144, 
                43.87685324428542
              ], 
              [
                -78.85484702940198, 
                43.863312225164165
              ], 
              [
                -78.8783961891353, 
                43.8603686480946
              ], 
              [
                -78.95272322513426, 
                43.86566740606335
              ], 
              [
                -78.97730253580959, 
                43.8603686480946
              ], 
              [
                -79.04103238505552, 
                43.829754812959244
              ], 
              [
                -79.06266820020672, 
                43.82563382747468
              ], 
              [
                -79.0884250185705, 
                43.826516827182324
              ], 
              [
                -79.09652010382166, 
                43.82504516200843
              ], 
              [
                -79.10770582897742, 
                43.8191576375161
              ], 
              [
                -79.11668399063394, 
                43.8112099269329
              ], 
              [
                -79.12845857656572, 
                43.79207630385777
              ], 
              [
                -79.13508174673716, 
                43.78442278737664
              ], 
              [
                -79.15612882577156, 
                43.77264831755098
              ], 
              [
                -79.20087206426993, 
                43.754103141651505
              ], 
              [
                -79.2802032710809, 
                43.69905721147499
              ], 
              [
                -79.33834010371729, 
                43.67050371231794
              ], 
              [
                -79.35511886373217, 
                43.659612249944495
              ], 
              [
                -79.37145620514573, 
                43.64459996649885
              ], 
              [
                -79.3861744115152, 
                43.64459996649885
              ], 
              [
                -79.44725490631181, 
                43.651958936121346
              ], 
              [
                -79.47080409514993, 
                43.64813232953493
              ], 
              [
                -79.48463909346835, 
                43.63370823678032
              ], 
              [
                -79.49508903358718, 
                43.615457690346986
              ], 
              [
                -79.50818831087476, 
                43.60015091531829
              ], 
              [
                -79.52908817249256, 
                43.59338055900802
              ], 
              [
                -79.54969363979363, 
                43.59014250678827
              ], 
              [
                -79.57088787623375, 
                43.58219471714435
              ], 
              [
                -79.58928562290461, 
                43.57100885588632
              ], 
              [
                -79.60120731825005, 
                43.5586454502812
              ], 
              [
                -79.60915514500442, 
                43.536568130582836
              ], 
              [
                -79.61180442474466, 
                43.51507955490781
              ], 
              [
                -79.61695576638168, 
                43.4941796354647
              ], 
              [
                -79.68304055863416, 
                43.41529014860121
              ], 
              [
                -79.74868375208831, 
                43.36230459071271
              ], 
              [
                -79.77473495926672, 
                43.329335769132435
              ], 
              [
                -79.77252725557373, 
                43.29165722017078
              ], 
              [
                -79.74044158855877, 
                43.26192649314094
              ], 
              [
                -79.6923129684356, 
                43.241320817953884
              ], 
              [
                -79.59370104571298, 
                43.21600563371772
              ], 
              [
                -79.54498375669989, 
                43.20952956604189
              ], 
              [
                -79.44445850726152, 
                43.213650882898406
              ], 
              [
                -79.39500530990206, 
                43.2098240967039
              ], 
              [
                -79.3532055131769, 
                43.193928234834004
              ], 
              [
                -79.33039234543747, 
                43.19010161561694
              ], 
              [
                -79.30949255424939, 
                43.198932675271756
              ], 
              [
                -79.29124196840604, 
                43.21041285433633
              ], 
              [
                -79.23060293506798, 
                43.22895774351735
              ], 
              [
                -79.19557351900569, 
                43.249857409956824
              ], 
              [
                -79.17437933656116, 
                43.25957150239842
              ], 
              [
                -79.07900531541006, 
                43.27134597079943
              ], 
              [
                -79.05928302977773, 
                43.27811658952884
              ], 
              [
                -79.0586314246491, 
                43.27820027573275
              ], 
              [
                -79.05842551030582, 
                43.277798886409386
              ], 
              [
                -79.0537746451281, 
                43.260358120883865
              ], 
              [
                -79.048606942508, 
                43.17062186576666
              ], 
              [
                -79.04933039977531, 
                43.15984730067894
              ], 
              [
                -79.05160413732429, 
                43.1468506225021
              ], 
              [
                -79.05558320162207, 
                43.13842731878845
              ], 
              [
                -79.06142265148681, 
                43.130288306967124
              ], 
              [
                -79.06573760963843, 
                43.12023719048826
              ], 
              [
                -79.06527257109278, 
                43.105897089693165
              ], 
              [
                -79.06523102570384, 
                43.10573008524036
              ], 
              [
                -79.06620046714784, 
                43.10620767555053
              ], 
              [
                -79.07547304982893, 
                43.088840441022434
              ], 
              [
                -79.05354292726716, 
                43.07382788146664
              ], 
              [
                -79.03190716257518, 
                43.05528293856198
              ], 
              [
                -79.04250416139672, 
                43.027612467575324
              ], 
              [
                -79.0422098675363, 
                43.00995077559731
              ], 
              [
                -79.01983819404447, 
                42.9896396512187
              ], 
              [
                -78.97053223192822, 
                42.961969488108906
              ], 
              [
                -78.92696630473783, 
                42.945779380319884
              ], 
              [
                -78.9153389563949, 
                42.93194434350069
              ], 
              [
                -78.92578880006208, 
                42.91133867023225
              ], 
              [
                -78.94345065937546, 
                42.89897540289197
              ], 
              [
                -78.96538088408397, 
                42.88985033142336
              ], 
              [
                -79.07665050656006, 
                42.87042225981502
              ], 
              [
                -79.08724751302468, 
                42.86335729361593
              ], 
              [
                -79.09490097035906, 
                42.85011088566806
              ], 
              [
                -79.11300443222467, 
                42.85364340661478
              ], 
              [
                -79.1561287295752, 
                42.87336569809
              ], 
              [
                -79.20293268018914, 
                42.880136193875806
              ], 
              [
                -79.36851246967643, 
                42.87307138382666
              ], 
              [
                -79.44696050068184, 
                42.88072483155456
              ], 
              [
                -79.46035411790739, 
                42.87807566383714
              ], 
              [
                -79.46903791002117, 
                42.87189412864008
              ], 
              [
                -79.47610253632895, 
                42.8648291400396
              ], 
              [
                -79.48449196428457, 
                42.85953069716701
              ], 
              [
                -79.49553066889284, 
                42.85747025860104
              ], 
              [
                -79.5791299853971, 
                42.86159114487283
              ], 
              [
                -79.606211473145, 
                42.85864747721449
              ], 
              [
                -79.62505085079748, 
                42.84922798764706
              ], 
              [
                -79.64285988823111, 
                42.84510690697523
              ], 
              [
                -79.69569824000052, 
                42.862474370423065
              ], 
              [
                -79.71733401657606, 
                42.86718422563846
              ], 
              [
                -79.73484859224142, 
                42.86335729361593
              ], 
              [
                -79.77502929496193, 
                42.84863908587037
              ], 
              [
                -79.79607638582102, 
                42.84540120352078
              ], 
              [
                -79.8346381361361, 
                42.83244929147001
              ], 
              [
                -79.87481883951303, 
                42.83244929147001
              ], 
              [
                -80.18772783924368, 
                42.7924156216837
              ], 
              [
                -80.23173532688425, 
                42.7776975266547
              ], 
              [
                -80.28795888534118, 
                42.735603478897524
              ], 
              [
                -80.30341294337488, 
                42.72942170322508
              ], 
              [
                -80.31842553374766, 
                42.72059082316478
              ], 
              [
                -80.33476269526764, 
                42.679674104801975
              ], 
              [
                -80.34786190931865, 
                42.66789956259168
              ], 
              [
                -80.35801754867869, 
                42.671137737534686
              ], 
              [
                -80.37038073743535, 
                42.68821062667276
              ], 
              [
                -80.37921166901732, 
                42.68497263837172
              ], 
              [
                -80.3870124058316, 
                42.6793799124157
              ], 
              [
                -80.40393832996905, 
                42.671726416118226
              ], 
              [
                -80.44397186837894, 
                42.63728585097243
              ], 
              [
                -80.4538330164593, 
                42.61815207218133
              ], 
              [
                -80.44338305145939, 
                42.599607047284785
              ], 
              [
                -80.34109155832797, 
                42.603139507289
              ], 
              [
                -80.32858112807409, 
                42.58901012890185
              ], 
              [
                -80.30002776023308, 
                42.582534013142904
              ], 
              [
                -80.09559193582312, 
                42.571348313389336
              ], 
              [
                -80.04613876188911, 
                42.55810192650042
              ], 
              [
                -80.05835478749394, 
                42.55869046467314
              ], 
              [
                -80.07366170620813, 
                42.556924244659456
              ], 
              [
                -80.0882328203478, 
                42.553097710302495
              ], 
              [
                -80.10972140665979, 
                42.54250061289231
              ], 
              [
                -80.12488115099846, 
                42.54426677942879
              ], 
              [
                -80.15255137560698, 
                42.55133151103225
              ], 
              [
                -80.25160492274759, 
                42.55810192650042
              ], 
              [
                -80.33137756294525, 
                42.57635241768467
              ], 
              [
                -80.35831191740685, 
                42.57929614029526
              ], 
              [
                -80.51123403444625, 
                42.57223129742373
              ], 
              [
                -80.55362242315454, 
                42.582239577284504
              ], 
              [
                -80.57746592981428, 
                42.59077616425118
              ], 
              [
                -80.7036010260664, 
                42.61167616635619
              ], 
              [
                -80.75555623442175, 
                42.63434207221805
              ], 
              [
                -80.77895823937561, 
                42.63640274581153
              ], 
              [
                -80.93246911566757, 
                42.66672221571008
              ], 
              [
                -81.22904099003053, 
                42.669665892334336
              ], 
              [
                -81.35914991007978, 
                42.64935471494509
              ], 
              [
                -81.41728682929246, 
                42.620212675297594
              ], 
              [
                -81.45805619510075, 
                42.60902669522407
              ], 
              [
                -81.47895616397078, 
                42.60049038772009
              ], 
              [
                -81.50530167855862, 
                42.582534013142904
              ], 
              [
                -81.54018378087396, 
                42.571642438652965
              ], 
              [
                -81.5504866138788, 
                42.56546098479935
              ], 
              [
                -81.56741248121993, 
                42.55044826193548
              ], 
              [
                -81.635263481008, 
                42.50217269428927
              ], 
              [
                -81.65689924118266, 
                42.48274465500817
              ], 
              [
                -81.79318982189753, 
                42.404738139217315
              ], 
              [
                -81.81453118315355, 
                42.37706782838528
              ], 
              [
                -81.81879950597354, 
                42.359406074630236
              ], 
              [
                -81.83749157615371, 
                42.322904809407184
              ], 
              [
                -81.84573380421287, 
                42.27757280490381
              ], 
              [
                -81.85662527200276, 
                42.259027854124255
              ], 
              [
                -81.87399279314862, 
                42.250491376936054
              ], 
              [
                -81.8971003749486, 
                42.256378654671266
              ], 
              [
                -81.88694478774742, 
                42.27521790444688
              ], 
              [
                -81.87193221046459, 
                42.28758118290249
              ], 
              [
                -81.85912734672289, 
                42.30141624390146
              ], 
              [
                -81.8555950003614, 
                42.325259788892126
              ], 
              [
                -81.93124657826128, 
                42.284343169151114
              ], 
              [
                -81.92918601614643, 
                42.27963331417973
              ], 
              [
                -81.9259480136236, 
                42.26815311949704
              ], 
              [
                -81.92374028463861, 
                42.263737661892876
              ], 
              [
                -82.06120836829544, 
                42.26138282824014
              ], 
              [
                -82.08461026940076, 
                42.25490671471511
              ], 
              [
                -82.12302481862173, 
                42.23577311339789
              ], 
              [
                -82.36999629923139, 
                42.136572354330255
              ], 
              [
                -82.38692223855885, 
                42.12597525015975
              ], 
              [
                -82.45771681286972, 
                42.06563060785702
              ], 
              [
                -82.46875544777822, 
                42.05150108623802
              ], 
              [
                -82.48671166035817, 
                42.0350166968999
              ], 
              [
                -82.49907500271198, 
                41.95524412596094
              ], 
              [
                -82.5065812701625, 
                41.92816258716662
              ], 
              [
                -82.502165839, 
                41.92286410051301
              ], 
              [
                -82.49907495191675, 
                41.91373867230257
              ], 
              [
                -82.5065812371555, 
                41.91373867230257
              ], 
              [
                -82.5230656306467, 
                41.952006014160034
              ], 
              [
                -82.54867532363428, 
                41.987329740077115
              ], 
              [
                -82.5822328391456, 
                42.01676616384014
              ], 
              [
                -82.62270795280361, 
                42.037960482051794
              ], 
              [
                -82.66759845199604, 
                42.044142062658494
              ], 
              [
                -82.71248896589061, 
                42.03531110498257
              ], 
              [
                -82.8293515094076, 
                41.98968463258148
              ], 
              [
                -82.87424204968939, 
                41.98438610212064
              ], 
              [
                -82.91883825038403, 
                41.98880164143055
              ], 
              [
                -82.95901893469417, 
                42.00322544207558
              ], 
              [
                -82.98374550364828, 
                42.02059288694479
              ], 
              [
                -82.98948563100728, 
                42.023536586798386
              ], 
              [
                -83.010827031244, 
                42.02706895853775
              ], 
              [
                -83.02319031820636, 
                42.03030695004258
              ], 
              [
                -83.05144927233522, 
                42.045025151875876
              ], 
              [
                -83.10678969726055, 
                42.055622193120755
              ], 
              [
                -83.12356848699817, 
                42.07210665920192
              ], 
              [
                -83.124010005958, 
                42.09006281184458
              ], 
              [
                -83.11297138732547, 
                42.138044242952745
              ], 
              [
                -83.1023742999826, 
                42.24342664621831
              ], 
              [
                -83.09825318243522, 
                42.26285463589812
              ], 
              [
                -83.09001095188607, 
                42.285226234069384
              ], 
              [
                -83.07882513552312, 
                42.30347685409827
              ], 
              [
                -83.07676458999882, 
                42.3043599537355
              ], 
              [
                -83.05498165772475, 
                42.31554581887654
              ], 
              [
                -83.04320706012682, 
                42.32378794435601
              ], 
              [
                -83.03054940316277, 
                42.32849777147353
              ], 
              [
                -83.01745023069358, 
                42.32202182791015
              ], 
              [
                -83.00758905032919, 
                42.31937258936405
              ], 
              [
                -82.99507854583318, 
                42.32467108091138
              ], 
              [
                -82.97211815053869, 
                42.33880057328856
              ], 
              [
                -82.9476858899813, 
                42.34321595324422
              ], 
              [
                -82.8470133557848, 
                42.32967519743273
              ], 
              [
                -82.77342235743507, 
                42.31083596552721
              ], 
              [
                -82.62638747592456, 
                42.31083596552721
              ], 
              [
                -82.61196363736319, 
                42.313190886495235
              ], 
              [
                -82.58753138244232, 
                42.32231610428225
              ], 
              [
                -82.57546247322647, 
                42.325259788892126
              ], 
              [
                -82.4787638574685, 
                42.325259788892126
              ], 
              [
                -82.43887749841292, 
                42.33909485983751
              ], 
              [
                -82.41106014167441, 
                42.380600317304726
              ], 
              [
                -82.40752775636015, 
                42.40238322846673
              ], 
              [
                -82.41047141538213, 
                42.424166212276006
              ], 
              [
                -82.41856636408878, 
                42.44477156098529
              ], 
              [
                -82.43092965830628, 
                42.461844682307785
              ], 
              [
                -82.42268746085836, 
                42.46979250967091
              ], 
              [
                -82.41709454399836, 
                42.48362762703487
              ], 
              [
                -82.41591711570806, 
                42.49687407371891
              ], 
              [
                -82.42092128693346, 
                42.50276131538497
              ], 
              [
                -82.43534514834037, 
                42.50128953615122
              ], 
              [
                -82.44608944754904, 
                42.49716845686665
              ], 
              [
                -82.46566468070081, 
                42.48274465500817
              ], 
              [
                -82.48627015021759, 
                42.50541065094223
              ], 
              [
                -82.52174105241909, 
                42.512769807748555
              ], 
              [
                -82.59253557896018, 
                42.51012043140801
              ], 
              [
                -82.60254400182583, 
                42.51571344143781
              ], 
              [
                -82.63580712131656, 
                42.54191179089118
              ], 
              [
                -82.64434371266998, 
                42.55133151103225
              ], 
              [
                -82.64469810695836, 
                42.55753313862217
              ], 
              [
                -82.64433063063548, 
                42.55781692479701
              ], 
              [
                -82.6084671986443, 
                42.56109840463109
              ], 
              [
                -82.57583346233751, 
                42.57179527447644
              ], 
              [
                -82.54924597038253, 
                42.5909414645237
              ], 
              [
                -82.52622410006109, 
                42.61990606087586
              ], 
              [
                -82.51126386072174, 
                42.6466746432226
              ], 
              [
                -82.48341021159867, 
                42.719254078134306
              ], 
              [
                -82.47695065487815, 
                42.76147371727706
              ], 
              [
                -82.47134369651373, 
                42.77984455160813
              ], 
              [
                -82.47098208135341, 
                42.79056766472767
              ], 
              [
                -82.47361744739695, 
                42.798163820776224
              ], 
              [
                -82.48527061148454, 
                42.81852460945671
              ], 
              [
                -82.4823249348158, 
                42.835112487921656
              ], 
              [
                -82.46803645125107, 
                42.86397388146932
              ], 
              [
                -82.46478081202464, 
                42.883636713956015
              ], 
              [
                -82.45317942019645, 
                42.9189833240861
              ], 
              [
                -82.43044190944705, 
                42.951307186032395
              ], 
              [
                -82.41460304167035, 
                42.98324313307885
              ], 
              [
                -82.41641177089778, 
                43.01714298728093
              ], 
              [
                -82.41636847586679, 
                43.017419753430815
              ], 
              [
                -82.37750256841598, 
                43.02231397979735
              ], 
              [
                -82.15231403043556, 
                43.0894290417323
              ], 
              [
                -82.11566563952482, 
                43.10620767555053
              ], 
              [
                -82.09579620055752, 
                43.11915999411927
              ], 
              [
                -82.00557356628606, 
                43.21247335995897
              ], 
              [
                -81.98585115610602, 
                43.223364803645126
              ], 
              [
                -81.97481244882468, 
                43.22571960514291
              ], 
              [
                -81.9508218443257, 
                43.227485942541655
              ], 
              [
                -81.90784470504938, 
                43.24838584502109
              ], 
              [
                -81.8800272804098, 
                43.25662800952729
              ], 
              [
                -81.7815624246036, 
                43.324626005464324
              ], 
              [
                -81.75271467403144, 
                43.35023554422521
              ], 
              [
                -81.73063742722026, 
                43.38232136719699
              ], 
              [
                -81.71150379178593, 
                43.428242240596475
              ], 
              [
                -81.70149537956597, 
                43.4715136997125
              ], 
              [
                -81.69943484397825, 
                43.51537398278776
              ], 
              [
                -81.72224807943998, 
                43.68433902451913
              ], 
              [
                -81.71901006897338, 
                43.856542028051635
              ], 
              [
                -81.71062070821411, 
                43.91953598648606
              ], 
              [
                -81.71150370728432, 
                43.942201829094955
              ], 
              [
                -81.7291655411544, 
                43.99960280534749
              ], 
              [
                -81.74270642142082, 
                44.08408558187604
              ], 
              [
                -81.73873251266333, 
                44.099981259195566
              ], 
              [
                -81.72254237413424, 
                44.117054146274135
              ], 
              [
                -81.66057883552534, 
                44.15826535343283
              ], 
              [
                -81.6158354554823, 
                44.22331975734369
              ], 
              [
                -81.59125599331291, 
                44.27983755008169
              ], 
              [
                -81.58801804432574, 
                44.29573333015873
              ], 
              [
                -81.58993131555441, 
                44.30721333254681
              ], 
              [
                -81.59346372340468, 
                44.31692742835443
              ], 
              [
                -81.59405246496532, 
                44.3272302004398
              ], 
              [
                -81.58801808273887, 
                44.34018239301918
              ], 
              [
                -81.58065894685299, 
                44.346658335927174
              ], 
              [
                -81.57285825758655, 
                44.3490131661404
              ], 
              [
                -81.56432173971747, 
                44.34989634532158
              ], 
              [
                -81.55446043919956, 
                44.35372286671234
              ], 
              [
                -81.5395950516095, 
                44.366086161785894
              ], 
              [
                -81.49588207625011, 
                44.41848317878281
              ], 
              [
                -81.47718992796598, 
                44.42819714060667
              ], 
              [
                -81.4300916683008, 
                44.43437878868755
              ], 
              [
                -81.4097805680875, 
                44.442326671093824
              ], 
              [
                -81.39962492518599, 
                44.45704471035716
              ], 
              [
                -81.38946937018167, 
                44.49678388289498
              ], 
              [
                -81.37916671272055, 
                44.51503463913695
              ], 
              [
                -81.28011314013743, 
                44.606581791858524
              ], 
              [
                -81.27025200877539, 
                44.62394941392144
              ], 
              [
                -81.26642517387397, 
                44.64484905725353
              ], 
              [
                -81.27025195366281, 
                44.66309972864866
              ], 
              [
                -81.27937719266372, 
                44.677523469614385
              ], 
              [
                -81.29998270104541, 
                44.703133189002365
              ], 
              [
                -81.27422584155774, 
                44.7205006758866
              ], 
              [
                -81.27702231012402, 
                44.75346947747501
              ], 
              [
                -81.2861475909583, 
                44.788793158064834
              ], 
              [
                -81.27952444759055, 
                44.81293111862127
              ], 
              [
                -81.28835531852529, 
                44.82117320507609
              ], 
              [
                -81.31146284271989, 
                44.827354728477
              ], 
              [
                -81.32161853973865, 
                44.83353665273388
              ], 
              [
                -81.32809446075771, 
                44.847665945775404
              ], 
              [
                -81.32780011203326, 
                44.860912363244836
              ], 
              [
                -81.33000787056548, 
                44.87121516450857
              ], 
              [
                -81.3447261327675, 
                44.87504201315838
              ], 
              [
                -81.36165204414164, 
                44.88887707367918
              ], 
              [
                -81.36385979999746, 
                44.92037408645258
              ], 
              [
                -81.35738366635836, 
                44.955108800813505
              ], 
              [
                -81.34840566958935, 
                44.97748069876517
              ], 
              [
                -81.35517595693479, 
                44.977186154637465
              ], 
              [
                -81.36901103662862, 
                44.978069176588875
              ], 
              [
                -81.37578153343156, 
                44.97748069876517
              ], 
              [
                -81.37121887795637, 
                44.9818961370317
              ], 
              [
                -81.36636177734194, 
                44.988371957747646
              ], 
              [
                -81.36268231092463, 
                44.99102140987711
              ], 
              [
                -81.37033574082334, 
                45.00191280572914
              ], 
              [
                -81.38078566730358, 
                45.0039733545514
              ], 
              [
                -81.39226580917469, 
                44.99955777131337
              ], 
              [
                -81.40359892461476, 
                44.99102140987711
              ], 
              [
                -81.40933899297771, 
                44.998380447104005
              ], 
              [
                -81.41610936259234, 
                45.00191280572914
              ], 
              [
                -81.42170232830783, 
                44.99896926155097
              ], 
              [
                -81.42405716934412, 
                44.98748891282818
              ], 
              [
                -81.42700088007852, 
                44.9818961370317
              ], 
              [
                -81.43377126790165, 
                44.990138359048444
              ], 
              [
                -81.4568787938522, 
                45.03547031550883
              ], 
              [
                -81.45835061548665, 
                45.042535056607754
              ], 
              [
                -81.46247171363407, 
                45.0504828887935
              ], 
              [
                -81.48131101730702, 
                45.057841991021405
              ], 
              [
                -81.48557929737554, 
                45.06255181751644
              ], 
              [
                -81.48705111723174, 
                45.07491510925914
              ], 
              [
                -81.491172215541, 
                45.07815311574182
              ], 
              [
                -81.4977954076223, 
                45.07991929890893
              ], 
              [
                -81.50603760174066, 
                45.087278399136544
              ], 
              [
                -81.5219332665678, 
                45.11023880506924
              ], 
              [
                -81.52340508630104, 
                45.11465426512998
              ], 
              [
                -81.54533521338676, 
                45.122307731647545
              ], 
              [
                -81.5728582606728, 
                45.152627239602666
              ], 
              [
                -81.59552429916756, 
                45.15557088231491
              ], 
              [
                -81.58948983434026, 
                45.16734544694823
              ], 
              [
                -81.57712654128724, 
                45.1850072951608
              ], 
              [
                -81.57491880723715, 
                45.19648748979732
              ], 
              [
                -81.59552429412061, 
                45.18736219774208
              ], 
              [
                -81.60155876159475, 
                45.18235801343468
              ], 
              [
                -81.61377487190617, 
                45.18971711464543
              ], 
              [
                -81.64409437502484, 
                45.19560439315992
              ], 
              [
                -81.64998165702617, 
                45.19972548983712
              ], 
              [
                -81.65601612971444, 
                45.21091134314798
              ], 
              [
                -81.66955687956309, 
                45.21091134314798
              ], 
              [
                -81.69443064152028, 
                45.202963497885115
              ], 
              [
                -81.71032630579728, 
                45.209733875687895
              ], 
              [
                -81.71901005387679, 
                45.22445209493597
              ], 
              [
                -81.7144474032036, 
                45.238875923515714
              ], 
              [
                -81.6910454553199, 
                45.24446884238511
              ], 
              [
                -81.69840456434711, 
                45.260364517158536
              ], 
              [
                -81.69295882640806, 
                45.265074339961636
              ], 
              [
                -81.67058715435957, 
                45.26477997912121
              ], 
              [
                -81.64998166207752, 
                45.27684890144541
              ], 
              [
                -81.64012046432033, 
                45.27861508723007
              ], 
              [
                -81.62893463068599, 
                45.271550354691
              ], 
              [
                -81.62922899140543, 
                45.25771523377484
              ], 
              [
                -81.60744604500921, 
                45.25212231334511
              ], 
              [
                -81.30219044816722, 
                45.25241668359528
              ], 
              [
                -81.27952440749672, 
                45.23740410721634
              ], 
              [
                -81.28614759755828, 
                45.22003661798444
              ], 
              [
                -81.31999947187016, 
                45.19236638940207
              ], 
              [
                -81.32794730318818, 
                45.172349628520564
              ], 
              [
                -81.31985229289961, 
                45.14880050492045
              ], 
              [
                -81.30130735467415, 
                45.13408230222174
              ], 
              [
                -81.28055468248161, 
                45.12260209874227
              ], 
              [
                -81.26642520409179, 
                45.10788389179598
              ], 
              [
                -81.26274565364666, 
                45.08904459000874
              ], 
              [
                -81.26642520352613, 
                45.021635201384115
              ], 
              [
                -81.25715273394121, 
                45.00191280572914
              ], 
              [
                -81.23551697059166, 
                45.0078000882607
              ], 
              [
                -81.21020165567879, 
                45.01810283275239
              ], 
              [
                -81.19077362324194, 
                45.01103809360624
              ], 
              [
                -81.19195107979778, 
                45.001618441635415
              ], 
              [
                -81.20446157031287, 
                44.98130734797683
              ], 
              [
                -81.20092924179441, 
                44.97748069876517
              ], 
              [
                -81.1168881817809, 
                44.96482283173402
              ], 
              [
                -81.11291429047043, 
                44.95245958869999
              ], 
              [
                -81.12616067361022, 
                44.93685828463297
              ], 
              [
                -81.1491210466847, 
                44.92243438291844
              ], 
              [
                -81.14912108579846, 
                44.915369724535324
              ], 
              [
                -81.10540806185044, 
                44.92537820581656
              ], 
              [
                -81.08701023541447, 
                44.92508370034482
              ], 
              [
                -81.08774617959706, 
                44.90859937912172
              ], 
              [
                -81.07096735735578, 
                44.910365425544796
              ], 
              [
                -81.05006764418836, 
                44.92743883370945
              ], 
              [
                -81.03299449830743, 
                44.92920496375687
              ], 
              [
                -81.04432750296539, 
                44.95098787972665
              ], 
              [
                -81.03166988582758, 
                44.966294897560346
              ], 
              [
                -81.00767908963012, 
                44.97512557404158
              ], 
              [
                -80.98530751852141, 
                44.97748069876517
              ], 
              [
                -80.95307459204696, 
                44.970710211212854
              ], 
              [
                -80.96190557470366, 
                44.95716958293066
              ], 
              [
                -80.98766241726473, 
                44.94009642520667
              ], 
              [
                -81.00576571686446, 
                44.92243438291844
              ], 
              [
                -81.00709046817575, 
                44.91095441491937
              ], 
              [
                -81.00032004106995, 
                44.88946572581094
              ], 
              [
                -80.99825952484807, 
                44.878279956542244
              ], 
              [
                -81.00061436693083, 
                44.86915452189836
              ], 
              [
                -81.00650166731805, 
                44.860912363244836
              ], 
              [
                -81.03682114745742, 
                44.831475898898
              ], 
              [
                -81.0516865384144, 
                44.82235061620602
              ], 
              [
                -81.11791848671274, 
                44.79497479313518
              ], 
              [
                -81.12616068788091, 
                44.788793158064834
              ], 
              [
                -81.13131212390816, 
                44.77760745321179
              ], 
              [
                -81.13145925980483, 
                44.76347787961379
              ], 
              [
                -81.12733815148195, 
                44.75346947747501
              ], 
              [
                -81.11909598563548, 
                44.754646995484
              ], 
              [
                -81.0780321460752, 
                44.78408331748873
              ], 
              [
                -81.0329944585283, 
                44.806160676499964
              ], 
              [
                -80.98545461889778, 
                44.81528589590595
              ], 
              [
                -80.93497118886303, 
                44.81087047078233
              ], 
              [
                -80.89743975416255, 
                44.79085369251234
              ], 
              [
                -80.88905034924656, 
                44.751703206919736
              ], 
              [
                -80.94277190707751, 
                44.62865921919435
              ], 
              [
                -80.93747333323812, 
                44.59333548334944
              ], 
              [
                -80.82620359726465, 
                44.69047544575188
              ], 
              [
                -80.76306255325979, 
                44.71932325764041
              ], 
              [
                -80.68049345627887, 
                44.72992045092621
              ], 
              [
                -80.63913527058163, 
                44.718440196210345
              ], 
              [
                -80.62397544206169, 
                44.69047544575188
              ], 
              [
                -80.61632207507019, 
                44.6560350521213
              ], 
              [
                -80.5980715238814, 
                44.62394941392144
              ], 
              [
                -80.57746592399475, 
                44.61188025286032
              ], 
              [
                -80.55730202951032, 
                44.60952544061842
              ], 
              [
                -80.53581346588993, 
                44.61040856992733
              ], 
              [
                -80.51226427058816, 
                44.606876064197316
              ], 
              [
                -80.49519115773975, 
                44.59922261051413
              ], 
              [
                -80.45088942038048, 
                44.565959597661234
              ], 
              [
                -80.42586837046883, 
                44.55918901506011
              ], 
              [
                -80.36581818863522, 
                44.55241884998794
              ], 
              [
                -80.32446006131902, 
                44.53151906535905
              ], 
              [
                -80.24542324887494, 
                44.52504296157507
              ], 
              [
                -80.19538130946603, 
                44.508558490971254
              ], 
              [
                -80.15063800716607, 
                44.48677564035298
              ], 
              [
                -80.10869116203779, 
                44.47529553004696
              ], 
              [
                -80.06733294376731, 
                44.49089670567842
              ], 
              [
                -80.03112619172441, 
                44.51503463913695
              ], 
              [
                -80.013022739106, 
                44.53122454217824
              ], 
              [
                -80.00522216177565, 
                44.548886541617684
              ], 
              [
                -80.00522216148954, 
                44.62748176275646
              ], 
              [
                -79.99227005614104, 
                44.69283042282343
              ], 
              [
                -79.99477216155844, 
                44.703133189002365
              ], 
              [
                -80.00860725064014, 
                44.70843169101119
              ], 
              [
                -80.04834648937279, 
                44.73492463369291
              ], 
              [
                -80.0673328998356, 
                44.74404976274212
              ], 
              [
                -80.09338412060316, 
                44.75199758480746
              ], 
              [
                -80.10780803322065, 
                44.75994556378026
              ], 
              [
                -80.11384251304389, 
                44.7746638019908
              ], 
              [
                -80.11516707800494, 
                44.80233387575598
              ], 
              [
                -80.11340092138144, 
                44.815580320394204
              ], 
              [
                -80.10824951136223, 
                44.82235061620602
              ], 
              [
                -80.09971297766846, 
                44.825294311885415
              ], 
              [
                -80.08779124739003, 
                44.82676616783834
              ], 
              [
                -80.07513357305551, 
                44.825294311885415
              ], 
              [
                -80.06851046025552, 
                44.82058465352052
              ], 
              [
                -80.06115135105102, 
                44.81911282028059
              ], 
              [
                -80.04613872339645, 
                44.82676616783834
              ], 
              [
                -80.04039867111416, 
                44.83471410021734
              ], 
              [
                -80.03524720094539, 
                44.846488460173134
              ], 
              [
                -80.02803527521388, 
                44.8567911949645
              ], 
              [
                -80.0158191415601, 
                44.86150097413159
              ], 
              [
                -80.00566371467163, 
                44.862384350271014
              ], 
              [
                -79.9859412335194, 
                44.86650527079411
              ], 
              [
                -79.94752680065288, 
                44.86886036343679
              ], 
              [
                -79.93413314208222, 
                44.86738835254256
              ], 
              [
                -79.9233888057196, 
                44.86150097413159
              ], 
              [
                -79.91573545293326, 
                44.850315377419655
              ], 
              [
                -79.91853183138423, 
                44.84325046900282
              ], 
              [
                -79.925302185528, 
                44.838540599384736
              ], 
              [
                -79.93001212766326, 
                44.83353665273388
              ], 
              [
                -79.9356050090923, 
                44.82558874372873
              ], 
              [
                -79.94208106152858, 
                44.81911282028059
              ], 
              [
                -79.94178669483298, 
                44.81469735299733
              ], 
              [
                -79.92677410069126, 
                44.81293111862127
              ], 
              [
                -79.88556312287255, 
                44.81293111862127
              ], 
              [
                -79.87452441945094, 
                44.80763246218244
              ], 
              [
                -79.87643778076577, 
                44.79497479313518
              ], 
              [
                -79.88188348840077, 
                44.781139618825314
              ], 
              [
                -79.88173639076318, 
                44.77142578000826
              ], 
              [
                -79.87334692209895, 
                44.769365039807994
              ], 
              [
                -79.80284680465157, 
                44.77142578000826
              ], 
              [
                -79.79887279798142, 
                44.769365039807994
              ], 
              [
                -79.79931444549457, 
                44.76465542691111
              ], 
              [
                -79.7988728816661, 
                44.75994556378026
              ], 
              [
                -79.7926911720225, 
                44.757884882395835
              ], 
              [
                -79.77635405460629, 
                44.7649498142741
              ], 
              [
                -79.76516815281202, 
                44.767010226465416
              ], 
              [
                -79.73941132130452, 
                44.754646995484
              ], 
              [
                -79.66258222787829, 
                44.757884882395835
              ], 
              [
                -79.67141321417041, 
                44.76789339437171
              ], 
              [
                -79.70585381946577, 
                44.779962328634944
              ], 
              [
                -79.72101352718202, 
                44.788793158064834
              ], 
              [
                -79.72395715316766, 
                44.80233387575598
              ], 
              [
                -79.71350731234675, 
                44.81616917001958
              ], 
              [
                -79.68686731433799, 
                44.836774565289595
              ], 
              [
                -79.68201024856947, 
                44.846488460173134
              ], 
              [
                -79.67965539851666, 
                44.86208989134083
              ], 
              [
                -79.68186304640882, 
                44.87769101545124
              ], 
              [
                -79.69054687591878, 
                44.887993944373505
              ], 
              [
                -79.6964341504526, 
                44.884755922143405
              ], 
              [
                -79.73838104457398, 
                44.86768281537918
              ], 
              [
                -79.7149790601141, 
                44.84884343484491
              ], 
              [
                -79.71836428716497, 
                44.82823802920094
              ], 
              [
                -79.73867533400623, 
                44.81351965893643
              ], 
              [
                -79.7656097410074, 
                44.81293111862127
              ], 
              [
                -79.78253562642185, 
                44.82117320507609
              ], 
              [
                -79.78179972343501, 
                44.827943595409806
              ], 
              [
                -79.77473497198855, 
                44.83530267254063
              ], 
              [
                -79.77252729702158, 
                44.847077355262726
              ], 
              [
                -79.77988630512647, 
                44.86061790539966
              ], 
              [
                -79.79107218739462, 
                44.865622190998415
              ], 
              [
                -79.80490733350221, 
                44.86856589973177
              ], 
              [
                -79.82095022734015, 
                44.87504201315838
              ], 
              [
                -79.8147685392212, 
                44.87651374680936
              ], 
              [
                -79.8050544478963, 
                44.879457230395126
              ], 
              [
                -79.79637070567414, 
                44.88357832718168
              ], 
              [
                -79.79298559219477, 
                44.887993944373505
              ], 
              [
                -79.79607639969382, 
                44.89711919907228
              ], 
              [
                -79.80137495136036, 
                44.89859101420461
              ], 
              [
                -79.80740935804457, 
                44.898296528550055
              ], 
              [
                -79.81344382413549, 
                44.901240172949755
              ], 
              [
                -79.83213598123005, 
                44.915369724535324
              ], 
              [
                -79.83493248859476, 
                44.92537820581656
              ], 
              [
                -79.82698459470579, 
                44.94333428665599
              ], 
              [
                -79.83758178225148, 
                44.94480627278069
              ], 
              [
                -79.85112248717955, 
                44.94863291230016
              ], 
              [
                -79.86289697422423, 
                44.953931303129856
              ], 
              [
                -79.86804839532729, 
                44.96011305218309
              ], 
              [
                -79.87305265967967, 
                44.963056848806964
              ], 
              [
                -79.8985150761408, 
                44.95187084335109
              ], 
              [
                -79.9091121562227, 
                44.949515870687016
              ], 
              [
                -79.92751004317226, 
                44.96099634164208
              ], 
              [
                -79.93030645279697, 
                44.97836372137297
              ], 
              [
                -79.92839302848178, 
                44.9977916335333
              ], 
              [
                -79.93325007219833, 
                45.01486482738977
              ], 
              [
                -79.94340563446167, 
                45.019869017294596
              ], 
              [
                -79.97269486478895, 
                45.021635201384115
              ], 
              [
                -79.98476379425446, 
                45.02457884318426
              ], 
              [
                -79.99639117727476, 
                45.03517595175817
              ], 
              [
                -79.99830454334025, 
                45.04518433049236
              ], 
              [
                -79.99771581640523, 
                45.054309621187144
              ], 
              [
                -80.00183691455396, 
                45.06255181751644
              ], 
              [
                -80.01405302470758, 
                45.07020528248008
              ], 
              [
                -80.05364499991856, 
                45.07991929890893
              ], 
              [
                -80.06070973803074, 
                45.084629122985966
              ], 
              [
                -80.07366176071572, 
                45.09699241859998
              ], 
              [
                -80.08087368412353, 
                45.10111352115672
              ], 
              [
                -80.07793003875959, 
                45.10494024628397
              ], 
              [
                -80.07483921511212, 
                45.10641206626841
              ], 
              [
                -80.0673329322186, 
                45.10788389179598
              ], 
              [
                -80.07851876797544, 
                45.1108275308299
              ], 
              [
                -80.08808560510744, 
                45.11642045549347
              ], 
              [
                -80.09559188825831, 
                45.12407391844458
              ], 
              [
                -80.10074325866199, 
                45.134376659103836
              ], 
              [
                -80.06703856882648, 
                45.128489382225666
              ], 
              [
                -80.03068459794228, 
                45.12760628737948
              ], 
              [
                -80.00389746185392, 
                45.13702593836543
              ], 
              [
                -79.99845173067428, 
                45.16175253581867
              ], 
              [
                -80.00183691533545, 
                45.164696171255656
              ], 
              [
                -80.01787975648172, 
                45.186184744661446
              ], 
              [
                -80.01891003114677, 
                45.18971711464543
              ], 
              [
                -80.0242085831757, 
                45.19295511534257
              ], 
              [
                -80.02965432820803, 
                45.195015682295484
              ], 
              [
                -80.03671906015752, 
                45.19619312402751
              ], 
              [
                -80.04672744126928, 
                45.19648748979732
              ], 
              [
                -80.05408654952436, 
                45.20178605464559
              ], 
              [
                -80.05953228023853, 
                45.211500059116354
              ], 
              [
                -80.06630265542178, 
                45.21797607045322
              ], 
              [
                -80.07748849523703, 
                45.21326625062305
              ], 
              [
                -80.09117642410251, 
                45.20384659222239
              ], 
              [
                -80.0966221618266, 
                45.198842404913606
              ], 
              [
                -80.10074325848731, 
                45.18971711464543
              ], 
              [
                -80.11060445480794, 
                45.19560439315992
              ], 
              [
                -80.11516710046305, 
                45.20384659222239
              ], 
              [
                -80.1144311931924, 
                45.21326625062305
              ], 
              [
                -80.10824954652625, 
                45.22386335920707
              ], 
              [
                -80.12782476319722, 
                45.23446047238642
              ], 
              [
                -80.1237036582928, 
                45.25065048458564
              ], 
              [
                -80.10589463345934, 
                45.2653687010278
              ], 
              [
                -80.08440605554686, 
                45.271550354691
              ], 
              [
                -80.07263149085652, 
                45.27890945868926
              ], 
              [
                -80.03318670081312, 
                45.32630208936326
              ], 
              [
                -80.03789651477223, 
                45.339254085900215
              ], 
              [
                -80.0448140816681, 
                45.35161739979257
              ], 
              [
                -80.05438091484486, 
                45.36162577813141
              ], 
              [
                -80.06733293654158, 
                45.36721869675777
              ], 
              [
                -80.06512519493154, 
                45.39047344071855
              ], 
              [
                -80.08455322761671, 
                45.40519164769185
              ], 
              [
                -80.11428400821369, 
                45.41107893801554
              ], 
              [
                -80.14239579262484, 
                45.40901841037633
              ], 
              [
                -80.17139065305422, 
                45.40165929459029
              ], 
              [
                -80.18375393562528, 
                45.3943001691363
              ], 
              [
                -80.19022995223604, 
                45.38164252369507
              ], 
              [
                -80.18728630994192, 
                45.3698679564914
              ], 
              [
                -80.17771948611487, 
                45.36398069527798
              ], 
              [
                -80.16756392099683, 
                45.3589764994632
              ], 
              [
                -80.162854088192, 
                45.35073428988316
              ], 
              [
                -80.16844701335566, 
                45.34190338004528
              ], 
              [
                -80.18198776390348, 
                45.34160901736605
              ], 
              [
                -80.22938037831794, 
                45.350439920369276
              ], 
              [
                -80.24365703979123, 
                45.36427503705399
              ], 
              [
                -80.25528443172563, 
                45.36721869675777
              ], 
              [
                -80.28472083876454, 
                45.36368631549913
              ], 
              [
                -80.30017495358054, 
                45.36633558880292
              ], 
              [
                -80.30679814988649, 
                45.37811016100905
              ], 
              [
                -80.31121360636627, 
                45.40401419298948
              ], 
              [
                -80.30974178290374, 
                45.41578875224111
              ], 
              [
                -80.30002777225864, 
                45.429918241802476
              ], 
              [
                -80.30944743338809, 
                45.433450630028624
              ], 
              [
                -80.31960299220422, 
                45.43580553567728
              ], 
              [
                -80.3302000924048, 
                45.43698297490458
              ], 
              [
                -80.34109157122396, 
                45.43609989513894
              ], 
              [
                -80.33226065303126, 
                45.42373661339972
              ], 
              [
                -80.32799237501374, 
                45.409901503198164
              ], 
              [
                -80.32858108914921, 
                45.3954776318209
              ], 
              [
                -80.3341740103982, 
                45.38164252369507
              ], 
              [
                -80.34535984739473, 
                45.38458616530939
              ], 
              [
                -80.35492667720966, 
                45.390767803069075
              ], 
              [
                -80.36287451106546, 
                45.3990100036337
              ], 
              [
                -80.3689089884757, 
                45.40901841037633
              ], 
              [
                -80.35477950751691, 
                45.422264790202746
              ], 
              [
                -80.36096115206786, 
                45.43580553567728
              ], 
              [
                -80.38877855949538, 
                45.4634757582926
              ], 
              [
                -80.39481303078341, 
                45.481137619680936
              ], 
              [
                -80.39510738071242, 
                45.497033253310235
              ], 
              [
                -80.38583491547612, 
                45.535300599657454
              ], 
              [
                -80.38348001315812, 
                45.540893540083026
              ], 
              [
                -80.38215536070068, 
                45.547369522316835
              ], 
              [
                -80.38259691898033, 
                45.559144112264484
              ], 
              [
                -80.38451028498021, 
                45.56885812675736
              ], 
              [
                -80.38760110111853, 
                45.5735679379964
              ], 
              [
                -80.39142783805893, 
                45.57827777078811
              ], 
              [
                -80.39628484704889, 
                45.587108696434555
              ], 
              [
                -80.40629323047546, 
                45.61713384377062
              ], 
              [
                -80.41689033092806, 
                45.627142207414096
              ], 
              [
                -80.43720146517465, 
                45.62802531923769
              ], 
              [
                -80.42160016261577, 
                45.61183528440918
              ], 
              [
                -80.41630161216501, 
                45.60271000435091
              ], 
              [
                -80.4167431439054, 
                45.593879050859265
              ], 
              [
                -80.42366071085172, 
                45.58769742464472
              ], 
              [
                -80.43366909167305, 
                45.58651996916021
              ], 
              [
                -80.44559083827752, 
                45.587403060422645
              ], 
              [
                -80.45780694962166, 
                45.587108696434555
              ], 
              [
                -80.46928714663602, 
                45.582693226430244
              ], 
              [
                -80.48076735531258, 
                45.576511595607215
              ], 
              [
                -80.49283628617076, 
                45.57209613707825
              ], 
              [
                -80.50608266770797, 
                45.57327358499609
              ], 
              [
                -80.50917349429292, 
                45.5794552383343
              ], 
              [
                -80.50873194553782, 
                45.589169249264856
              ], 
              [
                -80.51211712996817, 
                45.59800016685743
              ], 
              [
                -80.52595224815133, 
                45.60064945263085
              ], 
              [
                -80.51947623318655, 
                45.61654510694711
              ], 
              [
                -80.51785723727505, 
                45.6300858707075
              ], 
              [
                -80.52448041919658, 
                45.63891677210028
              ], 
              [
                -80.5593625774359, 
                45.644509709307904
              ], 
              [
                -80.57319769118519, 
                45.651280083765
              ], 
              [
                -80.57982089280695, 
                45.66217157439679
              ], 
              [
                -80.57437515537771, 
                45.67630105028697
              ], 
              [
                -80.59041797027987, 
                45.681599543143264
              ], 
              [
                -80.5988073649097, 
                45.68307139856753
              ], 
              [
                -80.6085213811052, 
                45.68307139856753
              ], 
              [
                -80.60852138144512, 
                45.69072486656748
              ], 
              [
                -80.60219254338855, 
                45.69160793988441
              ], 
              [
                -80.58747434039269, 
                45.69690650104439
              ], 
              [
                -80.60278128267606, 
                45.7030881634022
              ], 
              [
                -80.61926566111025, 
                45.7119190612911
              ], 
              [
                -80.6336895269084, 
                45.72339931039942
              ], 
              [
                -80.6426676252066, 
                45.73723440888718
              ], 
              [
                -80.64531690763665, 
                45.74547661523397
              ], 
              [
                -80.64619997517441, 
                45.753424395957964
              ], 
              [
                -80.64472815322078, 
                45.76078349645061
              ], 
              [
                -80.63957679256413, 
                45.76843698736289
              ], 
              [
                -80.63604443650078, 
                45.77726793864172
              ], 
              [
                -80.64163735164118, 
                45.78286085037276
              ], 
              [
                -80.6504682612589, 
                45.787276283326776
              ], 
              [
                -80.65694428233078, 
                45.79257485856697
              ], 
              [
                -80.66047664328487, 
                45.796401574745076
              ], 
              [
                -80.66489209244324, 
                45.79875646177702
              ], 
              [
                -80.6684244944966, 
                45.802288897601976
              ], 
              [
                -80.67254556476458, 
                45.81906759678779
              ], 
              [
                -80.67902157098908, 
                45.81965631573041
              ], 
              [
                -80.68785251286296, 
                45.81759580362887
              ], 
              [
                -80.69727214686732, 
                45.81965631573041
              ], 
              [
                -80.70507281559465, 
                45.82348308880673
              ], 
              [
                -80.71184318881959, 
                45.82524927010971
              ], 
              [
                -80.71655302419039, 
                45.82878165864151
              ], 
              [
                -80.71831918882809, 
                45.83731817736531
              ], 
              [
                -80.7140509327229, 
                45.84379423647171
              ], 
              [
                -80.704631258288, 
                45.8443829192077
              ], 
              [
                -80.69521163013623, 
                45.842322418997945
              ], 
              [
                -80.69109049925277, 
                45.840850530975025
              ], 
              [
                -80.67975749439505, 
                45.851742032254954
              ], 
              [
                -80.68785251045462, 
                45.85380258636321
              ], 
              [
                -80.70595590177125, 
                45.85468567365473
              ], 
              [
                -80.72464803616423, 
                45.860867345385984
              ], 
              [
                -80.73362611520537, 
                45.871758763520056
              ], 
              [
                -80.7390718817713, 
                45.90090087351953
              ], 
              [
                -80.74510632616996, 
                45.9159134029555
              ], 
              [
                -80.74908024927251, 
                45.92268379288018
              ], 
              [
                -80.7526126165132, 
                45.9268048860218
              ], 
              [
                -80.75835271003572, 
                45.92915978491911
              ], 
              [
                -80.76924419162768, 
                45.92974853121518
              ], 
              [
                -80.77586738255559, 
                45.9268048860218
              ], 
              [
                -80.78263774934757, 
                45.92003449459185
              ], 
              [
                -80.78734759271283, 
                45.91326415484555
              ], 
              [
                -80.78734758909816, 
                45.909731777982984
              ], 
              [
                -80.79794468436482, 
                45.91679649002087
              ], 
              [
                -80.80118270813541, 
                45.927688000005645
              ], 
              [
                -80.80236017009564, 
                45.941523125032695
              ], 
              [
                -80.80648123686302, 
                45.956829996761215
              ], 
              [
                -80.81855017986928, 
                45.94328927487592
              ], 
              [
                -80.83415148367311, 
                45.93563581784231
              ], 
              [
                -80.8515189530647, 
                45.933280876221374
              ], 
              [
                -80.86932798051889, 
                45.93651887709387
              ], 
              [
                -80.87786455941027, 
                45.94122874204855
              ], 
              [
                -80.8930242913318, 
                45.953886357739
              ], 
              [
                -80.90332703466723, 
                45.956829996761215
              ], 
              [
                -80.90362140587489, 
                45.95476946220747
              ], 
              [
                -80.92319662052617, 
                45.94623290292044
              ], 
              [
                -80.93070293272636, 
                45.943878044489956
              ], 
              [
                -80.95307457895615, 
                45.94417235307856
              ], 
              [
                -81.0200424110483, 
                45.956829996761215
              ], 
              [
                -81.06007593916758, 
                45.95624128232693
              ], 
              [
                -81.1616315587031, 
                45.93651887709387
              ], 
              [
                -81.17634979056464, 
                45.94476112415113
              ], 
              [
                -81.16339777798606, 
                45.978024288691934
              ], 
              [
                -81.15618585394373, 
                46.010109972621805
              ], 
              [
                -81.17944061576759, 
                46.01805779553681
              ], 
              [
                -81.21550022659304, 
                46.00952124642455
              ], 
              [
                -81.24596691204715, 
                45.99156503123845
              ], 
              [
                -81.23919652589343, 
                45.984794633692104
              ], 
              [
                -81.2249198719328, 
                45.99656921127985
              ], 
              [
                -81.20298971561428, 
                46.00863808236727
              ], 
              [
                -81.18047089469113, 
                46.01217052202269
              ], 
              [
                -81.16339774102826, 
                45.998040974796986
              ], 
              [
                -81.19533626954077, 
                45.98008480481955
              ], 
              [
                -81.22712760088784, 
                45.96948770756679
              ], 
              [
                -81.26127384517733, 
                45.966249713333255
              ], 
              [
                -81.3955038806548, 
                45.98685518911262
              ], 
              [
                -81.41772835563245, 
                45.995686079508275
              ], 
              [
                -81.43023882221259, 
                45.998040974796986
              ], 
              [
                -81.44377960048196, 
                45.99656921127985
              ], 
              [
                -81.4531992569417, 
                45.99303685057837
              ], 
              [
                -81.4617357895644, 
                45.98862133428668
              ], 
              [
                -81.47248009665597, 
                45.984794633692104
              ], 
              [
                -81.49337994992109, 
                45.9818509928991
              ], 
              [
                -81.50677351245058, 
                45.983911531232145
              ], 
              [
                -81.50883404635144, 
                45.99274242494695
              ], 
              [
                -81.49588202204203, 
                46.00863808236727
              ], 
              [
                -81.48925884107368, 
                46.01982394307639
              ], 
              [
                -81.50382988687706, 
                46.01835216561414
              ], 
              [
                -81.54018384154801, 
                46.00540011385565
              ], 
              [
                -81.6423281899229, 
                45.955652568866164
              ], 
              [
                -81.67735750787942, 
                45.950648352284496
              ], 
              [
                -81.58639899383512, 
                45.99274242494695
              ], 
              [
                -81.56755972126169, 
                46.01158179239846
              ], 
              [
                -81.60656296791883, 
                46.010993063753446
              ], 
              [
                -81.62554945617359, 
                46.01275925262619
              ], 
              [
                -81.64262257284419, 
                46.01835216561414
              ], 
              [
                -81.61141995720945, 
                46.02983233018867
              ], 
              [
                -81.53871201749885, 
                46.03601397623316
              ], 
              [
                -81.5060376169575, 
                46.04631675592039
              ], 
              [
                -81.60847630360882, 
                46.0377801369208
              ], 
              [
                -81.70532213193431, 
                46.01835216561414
              ], 
              [
                -81.66587731780425, 
                46.03365905799128
              ], 
              [
                -81.58139482840159, 
                46.05190966408616
              ], 
              [
                -81.5401838446586, 
                46.066922222660786
              ], 
              [
                -81.55151685985503, 
                46.07869678033698
              ], 
              [
                -81.5459239280109, 
                46.0981247858435
              ], 
              [
                -81.55755133499426, 
                46.101657203337936
              ], 
              [
                -81.5768321846067, 
                46.10312902253838
              ], 
              [
                -81.59552428684349, 
                46.10783880888686
              ], 
              [
                -81.62275298958733, 
                46.12814997561895
              ], 
              [
                -81.63835426475087, 
                46.12638374374175
              ], 
              [
                -81.65174783917394, 
                46.118435925575305
              ], 
              [
                -81.66102033147324, 
                46.105778312670104
              ], 
              [
                -81.66440549454514, 
                46.09106005755465
              ], 
              [
                -81.66940971307427, 
                46.081640462215155
              ], 
              [
                -81.68192015424461, 
                46.076930567721455
              ], 
              [
                -81.71150376054935, 
                46.07369258537856
              ], 
              [
                -81.74167609582244, 
                46.07339824571979
              ], 
              [
                -81.74623872926888, 
                46.07016021928897
              ], 
              [
                -81.74432534779675, 
                46.06368417921585
              ], 
              [
                -81.7406458055719, 
                46.05897437189779
              ], 
              [
                -81.73902682169951, 
                46.0551476758867
              ], 
              [
                -81.75168445313714, 
                46.035719591443296
              ], 
              [
                -81.75624710867169, 
                46.02276759297695
              ], 
              [
                -81.7619871977871, 
                46.01923520071684
              ], 
              [
                -81.77420332720179, 
                46.03277598684993
              ], 
              [
                -81.78141525723234, 
                46.05926877610174
              ], 
              [
                -81.76669704693657, 
                46.078402436488815
              ], 
              [
                -81.71901005874446, 
                46.101657203337936
              ], 
              [
                -81.71901003815827, 
                46.10783880888686
              ], 
              [
                -82.01322699886663, 
                46.11519794327124
              ], 
              [
                -82.0871124088275, 
                46.134037275316295
              ], 
              [
                -82.10933686646909, 
                46.13580339261266
              ], 
              [
                -82.11625442035663, 
                46.1313879245465
              ], 
              [
                -82.12493819751428, 
                46.123734527581846
              ], 
              [
                -82.13509375636428, 
                46.11931905864936
              ], 
              [
                -82.15540486699841, 
                46.127855590249474
              ], 
              [
                -82.17762934556485, 
                46.12638374374175
              ], 
              [
                -82.18793210982378, 
                46.13197670148167
              ], 
              [
                -82.20691860319496, 
                46.14551746554826
              ], 
              [
                -82.2323810883393, 
                46.154937094103765
              ], 
              [
                -82.25946256801963, 
                46.16052997285384
              ], 
              [
                -82.28374764212926, 
                46.16229622423219
              ], 
              [
                -82.29169546456683, 
                46.16082438577703
              ], 
              [
                -82.29964328742082, 
                46.15788072751289
              ], 
              [
                -82.30906293321246, 
                46.155820166191404
              ], 
              [
                -82.3209847029911, 
                46.15611457513698
              ], 
              [
                -82.3546894002321, 
                46.165828600585726
              ], 
              [
                -82.37853287589229, 
                46.177308764658896
              ], 
              [
                -82.37632513801428, 
                46.179369299852816
              ], 
              [
                -82.3632259390227, 
                46.183490406860784
              ], 
              [
                -82.35204011728355, 
                46.18525662147773
              ], 
              [
                -82.31480304011107, 
                46.183490406860784
              ], 
              [
                -82.31701078116632, 
                46.19055516590216
              ], 
              [
                -82.32098469891172, 
                46.19703118071022
              ], 
              [
                -82.33702753563416, 
                46.194381887330835
              ], 
              [
                -82.40016864911928, 
                46.19703118071022
              ], 
              [
                -82.43475641251943, 
                46.18761148607772
              ], 
              [
                -82.45065208975221, 
                46.18613969383321
              ], 
              [
                -82.44447045025775, 
                46.19703118071022
              ], 
              [
                -82.44447045390066, 
                46.20468465520683
              ], 
              [
                -82.47420122818575, 
                46.20174100888294
              ], 
              [
                -82.53645924138854, 
                46.18260734123429
              ], 
              [
                -82.66862872465137, 
                46.16936093612811
              ], 
              [
                -82.69100041107612, 
                46.17672006445458
              ], 
              [
                -82.67628219417544, 
                46.191732614159754
              ], 
              [
                -82.637573318341, 
                46.210277567730174
              ], 
              [
                -82.63006703126622, 
                46.22381831396295
              ], 
              [
                -82.70763196504134, 
                46.20026915676475
              ], 
              [
                -82.93179026210437, 
                46.19026080446123
              ], 
              [
                -82.94621408333623, 
                46.18761148607772
              ], 
              [
                -82.970646323149, 
                46.17878059616177
              ], 
              [
                -82.9830096252398, 
                46.17672006445458
              ], 
              [
                -83.04570917672093, 
                46.182901696193944
              ], 
              [
                -83.07617586176126, 
                46.191438251721266
              ], 
              [
                -83.10237427814515, 
                46.20468465520683
              ], 
              [
                -83.12886703734708, 
                46.19408752264732
              ], 
              [
                -83.15300489767273, 
                46.195264982878314
              ], 
              [
                -83.17846739562394, 
                46.20115226728666
              ], 
              [
                -83.2439634248785, 
                46.20880575603588
              ], 
              [
                -83.31387489401335, 
                46.22705631027877
              ], 
              [
                -83.38776027993501, 
                46.23470975808693
              ], 
              [
                -83.5003545623509, 
                46.25914198803921
              ], 
              [
                -83.51786924963818, 
                46.2585533020798
              ], 
              [
                -83.54818872974795, 
                46.25089978613149
              ], 
              [
                -83.56114074826043, 
                46.25178287251768
              ], 
              [
                -83.56879422650289, 
                46.25796454047311
              ], 
              [
                -83.58910534469803, 
                46.2797474730902
              ], 
              [
                -83.60338200008694, 
                46.286517838732614
              ], 
              [
                -83.6139791100096, 
                46.28681220547771
              ], 
              [
                -83.7006693694117, 
                46.27709823582338
              ], 
              [
                -83.71317982793485, 
                46.279158751936095
              ], 
              [
                -83.7473260430964, 
                46.29328818428524
              ], 
              [
                -83.83254450431568, 
                46.29976428507178
              ], 
              [
                -83.87331388116588, 
                46.30830073870411
              ], 
              [
                -83.87714065014261, 
                46.32743447536097
              ], 
              [
                -83.88302796353345, 
                46.33655982297973
              ], 
              [
                -83.88449978025135, 
                46.34126964142655
              ], 
              [
                -83.90554678473764, 
                46.33302738666909
              ], 
              [
                -84.03904088298904, 
                46.33037804501593
              ], 
              [
                -84.08334274743416, 
                46.344802009471074
              ], 
              [
                -84.1059435841471, 
                46.346374228597924
              ], 
              [
                -84.10543002020765, 
                46.34774051481713
              ], 
              [
                -84.12904615132734, 
                46.37502567403928
              ], 
              [
                -84.14767555978457, 
                46.399882144868236
              ], 
              [
                -84.15881180974053, 
                46.43334259242435
              ], 
              [
                -84.11044270366993, 
                46.526463589475846
              ], 
              [
                -84.14767555843017, 
                46.54134637510502
              ], 
              [
                -84.1972849412019, 
                46.54635900397119
              ], 
              [
                -84.24201090072577, 
                46.526463589475846
              ], 
              [
                -84.30534034218712, 
                46.50160717752441
              ], 
              [
                -84.35246921084837, 
                46.52274276602153
              ], 
              [
                -84.38970213066175, 
                46.52026239336738
              ], 
              [
                -84.42324010533922, 
                46.51158069625575
              ], 
              [
                -84.44809647254658, 
                46.489721571390604
              ], 
              [
                -84.46540806992483, 
                46.47817187480108
              ], 
              [
                -84.47830135016227, 
                46.466467182396535
              ], 
              [
                -84.491298582634, 
                46.45748775447609
              ], 
              [
                -84.49298273558338, 
                46.473515382884244
              ], 
              [
                -84.49383345907174, 
                46.48050374982913
              ], 
              [
                -84.5082573568141, 
                46.48462495381356
              ], 
              [
                -84.52135650018953, 
                46.495810675370684
              ], 
              [
                -84.53283672784325, 
                46.51200075341745
              ], 
              [
                -84.54652467235677, 
                46.52642461972747
              ], 
              [
                -84.5892074725265, 
                46.54202592177751
              ], 
              [
                -84.58847155542605, 
                46.56292576186802
              ], 
              [
                -84.57581392714022, 
                46.58588621940938
              ], 
              [
                -84.56300903046039, 
                46.60119304510684
              ], 
              [
                -84.49030112726521, 
                46.65918284714035
              ], 
              [
                -84.43407760905373, 
                46.69362350725494
              ], 
              [
                -84.4250994766388, 
                46.710990940235
              ], 
              [
                -84.42922056144135, 
                46.725120393648936
              ], 
              [
                -84.44158383909718, 
                46.74072166258115
              ], 
              [
                -84.45865699136127, 
                46.753673746684434
              ], 
              [
                -84.47690753328128, 
                46.758972236467365
              ], 
              [
                -84.49442225316784, 
                46.750730144073245
              ], 
              [
                -84.50413621460937, 
                46.73159637180416
              ], 
              [
                -84.51120098383146, 
                46.710990940235
              ], 
              [
                -84.52135653112849, 
                46.69745016169982
              ], 
              [
                -84.54608311780503, 
                46.69745016169982
              ], 
              [
                -84.56124288841956, 
                46.7168782284205
              ], 
              [
                -84.56595268277772, 
                46.74072166258115
              ], 
              [
                -84.55918233516344, 
                46.751907551246354
              ], 
              [
                -84.5477021621595, 
                46.762504712859865
              ], 
              [
                -84.54284509799852, 
                46.786053736686355
              ], 
              [
                -84.54372822569371, 
                46.81136911856359
              ], 
              [
                -84.54932111687152, 
                46.82726472983389
              ], 
              [
                -84.53945992302363, 
                46.831974564221895
              ], 
              [
                -84.49574688062849, 
                46.84551537180403
              ], 
              [
                -84.48706310029338, 
                46.84993076063236
              ], 
              [
                -84.47764343463203, 
                46.85316874028491
              ], 
              [
                -84.46292523492704, 
                46.85434620938469
              ], 
              [
                -84.45012040551306, 
                46.85228567965139
              ], 
              [
                -84.42171427597071, 
                46.840805495217246
              ], 
              [
                -84.3981651718982, 
                46.838156267565914
              ], 
              [
                -84.38933425641358, 
                46.83992246812885
              ], 
              [
                -84.37741250697512, 
                46.8481646593411
              ], 
              [
                -84.35960345244413, 
                46.87259683478412
              ], 
              [
                -84.35621825713575, 
                46.87554046118261
              ], 
              [
                -84.36019217862747, 
                46.893202319759354
              ], 
              [
                -84.37476321283884, 
                46.90321071886406
              ], 
              [
                -84.39477999614626, 
                46.91233604968792
              ], 
              [
                -84.4365796875117, 
                46.94118370630817
              ], 
              [
                -84.45968723555038, 
                46.94324418727936
              ], 
              [
                -84.50825736397667, 
                46.93706263024148
              ], 
              [
                -84.53239516435134, 
                46.940594890150656
              ], 
              [
                -84.55329503516064, 
                46.946187842149136
              ], 
              [
                -84.57287023483195, 
                46.94648217839045
              ], 
              [
                -84.59332857302178, 
                46.93382458008156
              ], 
              [
                -84.59686091885678, 
                46.92381615504642
              ], 
              [
                -84.59347577300866, 
                46.915574038042344
              ], 
              [
                -84.59406443889372, 
                46.90998100186366
              ], 
              [
                -84.60951857180642, 
                46.909097940151554
              ], 
              [
                -84.62114595988078, 
                46.91204159097014
              ], 
              [
                -84.63218466389331, 
                46.91881205882801
              ], 
              [
                -84.65175987600077, 
                46.93706263024148
              ], 
              [
                -84.65926611578541, 
                46.947954017249735
              ], 
              [
                -84.66338719326272, 
                46.956490538693444
              ], 
              [
                -84.67104066176924, 
                46.96208345938948
              ], 
              [
                -84.6892912664712, 
                46.96443842669779
              ], 
              [
                -84.73020788013876, 
                46.96443842669779
              ], 
              [
                -84.75228516789718, 
                46.97150312478688
              ], 
              [
                -84.77686456504729, 
                46.987693137787566
              ], 
              [
                -84.7874617060112, 
                47.00594377456011
              ], 
              [
                -84.76773933826264, 
                47.0188958501942
              ], 
              [
                -84.77259635774828, 
                47.03479153441459
              ], 
              [
                -84.76994707036513, 
                47.05304209105003
              ], 
              [
                -84.76023301758094, 
                47.06805459288573
              ], 
              [
                -84.7312381920084, 
                47.08041796303608
              ], 
              [
                -84.7176974279777, 
                47.09454741452811
              ], 
              [
                -84.70871931506468, 
                47.10867687943235
              ], 
              [
                -84.70974957541128, 
                47.11515286380251
              ], 
              [
                -84.71313474589265, 
                47.11927392976383
              ], 
              [
                -84.72432060238421, 
                47.139290727255045
              ], 
              [
                -84.72682268917991, 
                47.14576672254305
              ], 
              [
                -84.7231431320441, 
                47.15312581534306
              ], 
              [
                -84.71490093035503, 
                47.156952537523864
              ], 
              [
                -84.70577562740709, 
                47.159601786577475
              ], 
              [
                -84.70003556271045, 
                47.163428587207015
              ], 
              [
                -84.69606166190783, 
                47.17343699543703
              ], 
              [
                -84.69635597387864, 
                47.17844108801494
              ], 
              [
                -84.6987109241007, 
                47.18167916302092
              ], 
              [
                -84.70003556382159, 
                47.187566447712925
              ], 
              [
                -84.69650316558797, 
                47.194336768953626
              ], 
              [
                -84.68811380260087, 
                47.19816352997625
              ], 
              [
                -84.67884136711143, 
                47.20110723579012
              ], 
              [
                -84.67221812000568, 
                47.20463950387964
              ], 
              [
                -84.62041004618564, 
                47.269693999511354
              ], 
              [
                -84.61040172785887, 
                47.275581397814555
              ], 
              [
                -84.59921585010146, 
                47.277936234414
              ], 
              [
                -84.58920744162731, 
                47.28205727962675
              ], 
              [
                -84.5827314659825, 
                47.293243182093676
              ], 
              [
                -84.58332019456624, 
                47.30501774778967
              ], 
              [
                -84.5896490366674, 
                47.31178814764858
              ], 
              [
                -84.59744965481693, 
                47.31620355131961
              ], 
              [
                -84.60333693971609, 
                47.320619017625454
              ], 
              [
                -84.61967415025896, 
                47.35505962329157
              ], 
              [
                -84.62747483388338, 
                47.3653624315157
              ], 
              [
                -84.63969094183844, 
                47.37007225135522
              ], 
              [
                -84.66986320992126, 
                47.36801160022355
              ], 
              [
                -84.6820793889329, 
                47.37242718813165
              ], 
              [
                -84.69650323049231, 
                47.392149583351134
              ], 
              [
                -84.71019109668372, 
                47.429533705435404
              ], 
              [
                -84.72682273239, 
                47.444840756045345
              ], 
              [
                -84.77127172378802, 
                47.46456316768738
              ], 
              [
                -84.79629264989568, 
                47.4822249695359
              ], 
              [
                -84.80600667721706, 
                47.48575735964368
              ], 
              [
                -84.8273480886656, 
                47.488701023524435
              ], 
              [
                -84.90491301926419, 
                47.51225012236334
              ], 
              [
                -84.91462698624618, 
                47.51872604229134
              ], 
              [
                -84.93582123999681, 
                47.53668232159626
              ], 
              [
                -84.94244445141541, 
                47.540214725344754
              ], 
              [
                -84.94568240106771, 
                47.545513176833225
              ], 
              [
                -84.95009788607193, 
                47.56906234959954
              ], 
              [
                -84.95613231675416, 
                47.57436084140509
              ], 
              [
                -84.97659069125827, 
                47.57907079205748
              ], 
              [
                -85.00013974610579, 
                47.59084521851585
              ], 
              [
                -85.01971497124663, 
                47.60644653696549
              ], 
              [
                -85.02839882250528, 
                47.62234240108691
              ], 
              [
                -85.0144163801702, 
                47.620575947483196
              ], 
              [
                -85.00735178909348, 
                47.634116969235976
              ], 
              [
                -85.00308336077029, 
                47.65295600066478
              ], 
              [
                -84.99749058354115, 
                47.66708573795294
              ], 
              [
                -84.9715864222328, 
                47.688279738345685
              ], 
              [
                -84.9704089896366, 
                47.69975998319224
              ], 
              [
                -84.99439971695735, 
                47.710945913451646
              ], 
              [
                -84.9842441843409, 
                47.72743035908838
              ], 
              [
                -84.97717942022207, 
                47.73537814458755
              ], 
              [
                -84.97011470697612, 
                47.73891056137537
              ], 
              [
                -84.95098097963587, 
                47.73861608904334
              ], 
              [
                -84.942591527213, 
                47.741559593281465
              ], 
              [
                -84.93258321407434, 
                47.760693384636866
              ], 
              [
                -84.90152775633659, 
                47.787774806887555
              ], 
              [
                -84.89122514934031, 
                47.801021444102034
              ], 
              [
                -84.90594326040284, 
                47.80337618279044
              ], 
              [
                -84.92139737635188, 
                47.811618377033675
              ], 
              [
                -84.9336135744442, 
                47.82309873662985
              ], 
              [
                -84.93905930307997, 
                47.834578923433554
              ], 
              [
                -84.93567400612964, 
                47.851063114633654
              ], 
              [
                -84.92478257136382, 
                47.86166029246289
              ], 
              [
                -84.89814263300855, 
                47.875495434082886
              ], 
              [
                -84.89137228937814, 
                47.88108840958919
              ], 
              [
                -84.87753720477869, 
                47.896689761872544
              ], 
              [
                -84.85016124132257, 
                47.91052469415054
              ], 
              [
                -84.84353806654899, 
                47.917000737930934
              ], 
              [
                -84.83882826870585, 
                47.93495700106533
              ], 
              [
                -84.84456843540632, 
                47.950264056250916
              ], 
              [
                -84.85855069520763, 
                47.960861098790105
              ], 
              [
                -84.87753718642175, 
                47.96498220566073
              ], 
              [
                -84.88828137349682, 
                47.96262710421723
              ], 
              [
                -84.8947573875266, 
                47.958211648185284
              ], 
              [
                -84.89873132842322, 
                47.95320750383452
              ], 
              [
                -84.90152774186491, 
                47.95114687165792
              ], 
              [
                -84.91168337973775, 
                47.95438501442412
              ], 
              [
                -84.92154462885729, 
                47.96851458499671
              ], 
              [
                -84.929050925477, 
                47.97175261105765
              ], 
              [
                -85.27890257321876, 
                47.958211648185284
              ], 
              [
                -85.42417129702397, 
                47.92730346388409
              ], 
              [
                -85.53308605408638, 
                47.92612606170232
              ], 
              [
                -85.74311480608809, 
                47.95232437398927
              ], 
              [
                -85.85924149475295, 
                47.98499886510943
              ], 
              [
                -85.874695586874, 
                47.99559592958133
              ], 
              [
                -85.89162147773281, 
                48.01943934057108
              ], 
              [
                -85.89868624848161, 
                48.02620977240185
              ], 
              [
                -85.90884181023965, 
                48.03327451035453
              ], 
              [
                -85.94019158303237, 
                48.04681524817798
              ], 
              [
                -85.94475426320885, 
                48.065654617205226
              ], 
              [
                -86.0015665939692, 
                48.089498208481224
              ], 
              [
                -86.0078954543469, 
                48.108337569095795
              ], 
              [
                -86.01554886359524, 
                48.11186983489712
              ], 
              [
                -86.07677661353273, 
                48.16338357755623
              ], 
              [
                -86.09723497098234, 
                48.20165100403522
              ], 
              [
                -86.09929540003132, 
                48.21578026901821
              ], 
              [
                -86.10429960261406, 
                48.22255066604111
              ], 
              [
                -86.11092280930089, 
                48.22667178839998
              ], 
              [
                -86.11784037634105, 
                48.23226472468037
              ], 
              [
                -86.12932065187563, 
                48.251104161189126
              ], 
              [
                -86.14241979018824, 
                48.28819392522392
              ], 
              [
                -86.15183940680528, 
                48.30762189483618
              ], 
              [
                -86.17818510232398, 
                48.33470358231196
              ], 
              [
                -86.18627995965595, 
                48.35089333323726
              ], 
              [
                -86.1792153219822, 
                48.368849724130904
              ], 
              [
                -86.18760461802316, 
                48.374736862617304
              ], 
              [
                -86.19172582294041, 
                48.38297924731722
              ], 
              [
                -86.18966516737316, 
                48.391221254619225
              ], 
              [
                -86.17921533346035, 
                48.3968143364269
              ], 
              [
                -86.22763826979075, 
                48.431549369227774
              ], 
              [
                -86.22292832769533, 
                48.446561735356504
              ], 
              [
                -86.22601924599604, 
                48.46422375009047
              ], 
              [
                -86.23426136064546, 
                48.48129672718662
              ], 
              [
                -86.24500569495058, 
                48.495720646156485
              ], 
              [
                -86.25089305553244, 
                48.51073335362425
              ], 
              [
                -86.25854643948817, 
                48.55282727747764
              ], 
              [
                -86.2685549022557, 
                48.5681343564698
              ], 
              [
                -86.26678856976724, 
                48.58726776609838
              ], 
              [
                -86.28636387873605, 
                48.60522414320754
              ], 
              [
                -86.33007690403448, 
                48.629656282603335
              ], 
              [
                -86.32389519904483, 
                48.63407164269841
              ], 
              [
                -86.31800802336548, 
                48.640842204172344
              ], 
              [
                -86.31315094616464, 
                48.648789915003334
              ], 
              [
                -86.30961867295918, 
                48.657621006867
              ], 
              [
                -86.3265445756543, 
                48.656737854092064
              ], 
              [
                -86.34008525705376, 
                48.65938701186531
              ], 
              [
                -86.35127107591396, 
                48.66497989897977
              ], 
              [
                -86.361426661523, 
                48.674399591560544
              ], 
              [
                -86.36525345162386, 
                48.680875700699495
              ], 
              [
                -86.37040479031822, 
                48.69588821279419
              ], 
              [
                -86.37482030409777, 
                48.70148122148807
              ], 
              [
                -86.39056877086303, 
                48.71178394148678
              ], 
              [
                -86.39277642851093, 
                48.71207817812
              ], 
              [
                -86.39984115929214, 
                48.727385098415354
              ], 
              [
                -86.39630881832501, 
                48.729740061070075
              ], 
              [
                -86.38909700476684, 
                48.73091770450996
              ], 
              [
                -86.38527020711976, 
                48.742986522489524
              ], 
              [
                -86.39071593917424, 
                48.75005125406903
              ], 
              [
                -86.4038151867931, 
                48.7529949716625
              ], 
              [
                -86.43369314571568, 
                48.7529949716625
              ], 
              [
                -86.42854173605589, 
                48.773306031440605
              ], 
              [
                -86.4566535475807, 
                48.77448355275112
              ], 
              [
                -86.52023611911105, 
                48.75917647957075
              ], 
              [
                -86.53156923181426, 
                48.76094282692434
              ], 
              [
                -86.53613182805756, 
                48.76005965182513
              ], 
              [
                -86.5371621475247, 
                48.75741045271879
              ], 
              [
                -86.53775081663159, 
                48.75328925242339
              ], 
              [
                -86.53922261384568, 
                48.74916811403773
              ], 
              [
                -86.54290214509348, 
                48.74622443749475
              ], 
              [
                -86.55291061817086, 
                48.74180913641928
              ], 
              [
                -86.5582091497199, 
                48.7400429122273
              ], 
              [
                -86.56645127973295, 
                48.73945407031987
              ], 
              [
                -86.61516866438761, 
                48.74651902010606
              ], 
              [
                -86.63165292938506, 
                48.74622443749475
              ], 
              [
                -86.6179651051171, 
                48.78802432982067
              ], 
              [
                -86.63459669776934, 
                48.794206010097135
              ], 
              [
                -86.69376377142417, 
                48.800976184695976
              ], 
              [
                -86.6972961778511, 
                48.80333116144631
              ], 
              [
                -86.70215311597981, 
                48.80804086667135
              ], 
              [
                -86.70892347920558, 
                48.81245630841157
              ], 
              [
                -86.71746014313698, 
                48.8145170372295
              ], 
              [
                -86.7251135410438, 
                48.811573276187914
              ], 
              [
                -86.74159805809212, 
                48.794206010097135
              ], 
              [
                -86.75896542364507, 
                48.78714106738261
              ], 
              [
                -86.81047926371615, 
                48.77418924923438
              ], 
              [
                -86.84065147905754, 
                48.7615314058191
              ], 
              [
                -86.85404512859927, 
                48.75858790573121
              ], 
              [
                -86.87185411512965, 
                48.76005965182513
              ], 
              [
                -86.91512563829842, 
                48.773306031440605
              ], 
              [
                -86.9389691600036, 
                48.78449191548591
              ], 
              [
                -86.95721972147551, 
                48.79744391220807
              ], 
              [
                -86.96722805552524, 
                48.8071578487268
              ], 
              [
                -86.97708935609654, 
                48.8130453073336
              ], 
              [
                -86.98827516074333, 
                48.813928344318924
              ], 
              [
                -87.00225735762129, 
                48.807746527039285
              ], 
              [
                -87.00387641675782, 
                48.800387520972734
              ], 
              [
                -86.99769480944389, 
                48.79243975730741
              ], 
              [
                -86.99695883574051, 
                48.78508054498967
              ], 
              [
                -87.01535653446362, 
                48.780370616963744
              ], 
              [
                -87.02389317777087, 
                48.78302003811408
              ], 
              [
                -87.03228253523558, 
                48.78890728595195
              ], 
              [
                -87.04243808590073, 
                48.79332272769419
              ], 
              [
                -87.05656757707425, 
                48.79096783717073
              ], 
              [
                -87.07908636304634, 
                48.78390297809525
              ], 
              [
                -87.10116367745114, 
                48.780370616963744
              ], 
              [
                -87.18667645631182, 
                48.780370616963744
              ], 
              [
                -87.22612135841037, 
                48.76889060346294
              ], 
              [
                -87.24186985499915, 
                48.76741880995122
              ], 
              [
                -87.29308925064544, 
                48.77418924923438
              ], 
              [
                -87.30044820376169, 
                48.77860445349319
              ], 
              [
                -87.30986796531428, 
                48.79979885851758
              ], 
              [
                -87.31752133761428, 
                48.807746527039285
              ], 
              [
                -87.36535550824816, 
                48.807746527039285
              ], 
              [
                -87.39096518256734, 
                48.81716617104066
              ], 
              [
                -87.43688598423117, 
                48.84395330303774
              ], 
              [
                -87.46440903131202, 
                48.84925185941338
              ], 
              [
                -87.51754180915712, 
                48.83836047709802
              ], 
              [
                -87.544034558381, 
                48.83688861851303
              ], 
              [
                -87.56464001654139, 
                48.84925185941338
              ], 
              [
                -87.55551473254829, 
                48.86750244208357
              ], 
              [
                -87.56154925428208, 
                48.87809964809748
              ], 
              [
                -87.57567869454905, 
                48.882809409642164
              ], 
              [
                -87.59127999328199, 
                48.882809409642164
              ], 
              [
                -87.60673408784751, 
                48.87751081767703
              ], 
              [
                -87.62218816974716, 
                48.86926856283701
              ], 
              [
                -87.63940864678459, 
                48.86455903608168
              ], 
              [
                -87.66016119159201, 
                48.869857375389344
              ], 
              [
                -87.66384085919395, 
                48.87515612727719
              ], 
              [
                -87.6644295351558, 
                48.890757336925084
              ], 
              [
                -87.6670787066608, 
                48.8966444396973
              ], 
              [
                -87.67340755243673, 
                48.90047120237305
              ], 
              [
                -87.70048908812575, 
                48.910774008085234
              ], 
              [
                -87.72359675315126, 
                48.914306515351775
              ], 
              [
                -87.76627955068011, 
                48.91018541600309
              ], 
              [
                -87.78982860068518, 
                48.910774008085234
              ], 
              [
                -87.7815863535872, 
                48.928435768264016
              ], 
              [
                -87.79306661691213, 
                48.93373442841356
              ], 
              [
                -87.84987896381354, 
                48.92990781410105
              ], 
              [
                -87.85885702481605, 
                48.9313795586322
              ], 
              [
                -87.86621616857965, 
                48.93402890457525
              ], 
              [
                -87.87902103936092, 
                48.941976788921146
              ], 
              [
                -87.88549704266981, 
                48.94492041747968
              ], 
              [
                -87.90389469564172, 
                48.9466864244142
              ], 
              [
                -87.9234699443376, 
                48.94609775415263
              ], 
              [
                -87.94201481659401, 
                48.94727509595934
              ], 
              [
                -87.95746890934653, 
                48.95551725109488
              ], 
              [
                -87.97027385157476, 
                48.964937076919675
              ], 
              [
                -87.99941597470595, 
                48.979949773329906
              ], 
              [
                -88.01266223642118, 
                48.98936921590646
              ], 
              [
                -88.01825514226945, 
                48.99142974358506
              ], 
              [
                -88.0325319061204, 
                48.99172428276475
              ], 
              [
                -88.03621140339725, 
                48.992607283456664
              ], 
              [
                -88.03680008518327, 
                48.995550846296155
              ], 
              [
                -88.0356226352312, 
                49.00349868881358
              ], 
              [
                -88.03621138768224, 
                49.006442370915344
              ], 
              [
                -88.03253176620947, 
                49.006736617136355
              ], 
              [
                -88.03032419669655, 
                49.01321290027952
              ], 
              [
                -88.03105999616992, 
                49.02145490888732
              ], 
              [
                -88.03621142964718, 
                49.02763665882587
              ], 
              [
                -88.04960502881327, 
                49.025576162828415
              ], 
              [
                -88.0687387077939, 
                48.99937777367893
              ], 
              [
                -88.08110193278671, 
                48.992607283456664
              ], 
              [
                -88.08860814262312, 
                48.99496206927205
              ], 
              [
                -88.1034736473052, 
                49.00467628154648
              ], 
              [
                -88.11201015040831, 
                49.006442370915344
              ], 
              [
                -88.12393187333436, 
                49.00349868881358
              ], 
              [
                -88.13070221427682, 
                48.99849444135709
              ], 
              [
                -88.1368840139789, 
                48.99231305270087
              ], 
              [
                -88.14615643757004, 
                48.98583696365349
              ], 
              [
                -88.16072749994524, 
                48.97877228883872
              ], 
              [
                -88.17691749004949, 
                48.973473672336986
              ], 
              [
                -88.193107517242, 
                48.972296216157496
              ], 
              [
                -88.20826721861528, 
                48.97906650479105
              ], 
              [
                -88.22431002350167, 
                48.972001698232965
              ], 
              [
                -88.23902832194905, 
                48.97406240235655
              ], 
              [
                -88.25021419456574, 
                48.98377647880126
              ], 
              [
                -88.25536552501211, 
                49.000260799503415
              ], 
              [
                -88.27111404257077, 
                48.98966375283014
              ], 
              [
                -88.26875910061477, 
                48.97465113366283
              ], 
              [
                -88.24859519380092, 
                48.94492041747968
              ], 
              [
                -88.24108874736376, 
                48.92578647712914
              ], 
              [
                -88.24270783342128, 
                48.916955694073806
              ], 
              [
                -88.2508029176969, 
                48.90812488984841
              ], 
              [
                -88.26287176737092, 
                48.89046290782268
              ], 
              [
                -88.24108878433991, 
                48.86514752918483
              ], 
              [
                -88.2138600751273, 
                48.848663091475466
              ], 
              [
                -88.11819175193685, 
                48.804508502845565
              ], 
              [
                -88.10862500514516, 
                48.79744391220807
              ], 
              [
                -88.10847773142557, 
                48.78949592495626
              ], 
              [
                -88.11716150832284, 
                48.75917647957075
              ], 
              [
                -88.11892768107032, 
                48.74622443749475
              ], 
              [
                -88.114217973388, 
                48.73091770450996
              ], 
              [
                -88.10877223673249, 
                48.721203687856644
              ], 
              [
                -88.10936080336853, 
                48.711489396096425
              ], 
              [
                -88.12260723505689, 
                48.69471071920989
              ], 
              [
                -88.16720349853516, 
                48.657621006867
              ], 
              [
                -88.20311581247108, 
                48.61346620056816
              ], 
              [
                -88.22563468113438, 
                48.597570559805135
              ], 
              [
                -88.25536557887082, 
                48.595510217674295
              ], 
              [
                -88.24947817959972, 
                48.609933860311884
              ], 
              [
                -88.23225798937526, 
                48.63112826747332
              ], 
              [
                -88.22813680351211, 
                48.6431970462247
              ], 
              [
                -88.26875910290029, 
                48.614055082795694
              ], 
              [
                -88.27317454541713, 
                48.60905085950952
              ], 
              [
                -88.29157236869881, 
                48.61317206888461
              ], 
              [
                -88.29893146966266, 
                48.6231804453557
              ], 
              [
                -88.30305251187905, 
                48.63642673617552
              ], 
              [
                -88.31129472845441, 
                48.649967521832934
              ], 
              [
                -88.33028115266082, 
                48.657326519291686
              ], 
              [
                -88.33484383409872, 
                48.63819291492754
              ], 
              [
                -88.32571847986179, 
                48.611111302069936
              ], 
              [
                -88.30378847783146, 
                48.595510217674295
              ], 
              [
                -88.31320807581513, 
                48.586384837307506
              ], 
              [
                -88.3236579886775, 
                48.58226371619195
              ], 
              [
                -88.34853173199544, 
                48.581969308601074
              ], 
              [
                -88.35927598271152, 
                48.57931996322137
              ], 
              [
                -88.36472182372904, 
                48.57343285958213
              ], 
              [
                -88.36825412579961, 
                48.56636800521914
              ], 
              [
                -88.37266968387395, 
                48.56077525125431
              ], 
              [
                -88.3903314139363, 
                48.55135539813216
              ], 
              [
                -88.407698851949, 
                48.54900040732907
              ], 
              [
                -88.42094539980285, 
                48.55577105946617
              ], 
              [
                -88.42742130462253, 
                48.57490454659293
              ], 
              [
                -88.43860718393242, 
                48.56695678772525
              ], 
              [
                -88.46215637918426, 
                48.53398811681777
              ], 
              [
                -88.47496122011322, 
                48.52604028780055
              ], 
              [
                -88.48482236107647, 
                48.522507820281355
              ], 
              [
                -88.49203421480168, 
                48.51603169421342
              ], 
              [
                -88.49630257971866, 
                48.499253084546986
              ], 
              [
                -88.49350609888283, 
                48.49366012912337
              ], 
              [
                -88.48703008901687, 
                48.49012776120167
              ], 
              [
                -88.4815842663767, 
                48.48600651563973
              ], 
              [
                -88.4820259529122, 
                48.47894201700495
              ], 
              [
                -88.4877660464779, 
                48.47364345088969
              ], 
              [
                -88.49394766919335, 
                48.47511523046969
              ], 
              [
                -88.49924615055639, 
                48.47835311093633
              ], 
              [
                -88.50307298802178, 
                48.47894201700495
              ], 
              [
                -88.52132339544549, 
                48.46392915793079
              ], 
              [
                -88.5254445276431, 
                48.45421520067987
              ], 
              [
                -88.51602486655322, 
                48.44479553310146
              ], 
              [
                -88.55767751991677, 
                48.431549369227774
              ], 
              [
                -88.55856046441183, 
                48.449505327480956
              ], 
              [
                -88.56577238872977, 
                48.46275171876557
              ], 
              [
                -88.57062948401894, 
                48.47540952554943
              ], 
              [
                -88.56444779079149, 
                48.49248256526276
              ], 
              [
                -88.57121819560925, 
                48.492188252277224
              ], 
              [
                -88.58461170377107, 
                48.49277687855718
              ], 
              [
                -88.59123492634987, 
                48.49248256526276
              ], 
              [
                -88.57695836447968, 
                48.50837839619048
              ], 
              [
                -88.55826621712612, 
                48.53987531451308
              ], 
              [
                -88.54398956990491, 
                48.55459354294277
              ], 
              [
                -88.49968769781698, 
                48.57490454659293
              ], 
              [
                -88.33896495421602, 
                48.69441650112592
              ], 
              [
                -88.33116420770973, 
                48.708545813934364
              ], 
              [
                -88.32910363083472, 
                48.72032033146503
              ], 
              [
                -88.31997841834946, 
                48.74210340518705
              ], 
              [
                -88.31747637847413, 
                48.7529949716625
              ], 
              [
                -88.31865381240694, 
                48.76624131900707
              ], 
              [
                -88.32248056857146, 
                48.77448355275112
              ], 
              [
                -88.32733756678661, 
                48.78095954675288
              ], 
              [
                -88.33116432640648, 
                48.78802432982067
              ], 
              [
                -88.33793455505798, 
                48.808335206620654
              ], 
              [
                -88.34794295198635, 
                48.828351995493755
              ], 
              [
                -88.3641329674554, 
                48.84336454655926
              ], 
              [
                -88.44184508946982, 
                48.85631655556478
              ], 
              [
                -88.46833791112547, 
                48.85719973279234
              ], 
              [
                -88.48879619312768, 
                48.84925185941338
              ], 
              [
                -88.49188712227466, 
                48.841009842592634
              ], 
              [
                -88.49262291691475, 
                48.8292350820282
              ], 
              [
                -88.49571387849865, 
                48.819226935422314
              ], 
              [
                -88.5148474579088, 
                48.81098458962552
              ], 
              [
                -88.52750520956933, 
                48.80215382512079
              ], 
              [
                -88.53913242832522, 
                48.791850802804724
              ], 
              [
                -88.54398959346277, 
                48.78419760120887
              ], 
              [
                -88.54428390847231, 
                48.761237116213756
              ], 
              [
                -88.54192898491013, 
                48.742986522489524
              ], 
              [
                -88.53192057035731, 
                48.72885698634677
              ], 
              [
                -88.50925446375851, 
                48.71884848922223
              ], 
              [
                -88.53530575903773, 
                48.7126669614029
              ], 
              [
                -88.54752189152303, 
                48.70766280723553
              ], 
              [
                -88.55767740556078, 
                48.698537437221674
              ], 
              [
                -88.54899369929312, 
                48.68440801934249
              ], 
              [
                -88.54413661871729, 
                48.66350804308153
              ], 
              [
                -88.54693311037414, 
                48.644668794053366
              ], 
              [
                -88.56106266940029, 
                48.63642673617552
              ], 
              [
                -88.58534770989718, 
                48.63642673617552
              ], 
              [
                -88.60610027476301, 
                48.63407164269841
              ], 
              [
                -88.62052422572235, 
                48.62494653969857
              ], 
              [
                -88.62597000206627, 
                48.60551857542491
              ], 
              [
                -88.63509513680091, 
                48.53310473899017
              ], 
              [
                -88.63965782088552, 
                48.51985842170551
              ], 
              [
                -88.68116313119933, 
                48.51338235695708
              ], 
              [
                -88.69764757847958, 
                48.50690644203493
              ], 
              [
                -88.68734481382027, 
                48.49248256526276
              ], 
              [
                -88.70956934413014, 
                48.45097728947939
              ], 
              [
                -88.71898896483457, 
                48.42654501323804
              ], 
              [
                -88.72281574734461, 
                48.40682270038816
              ], 
              [
                -88.7300275839972, 
                48.383862153690814
              ], 
              [
                -88.74754237281311, 
                48.37385398469874
              ], 
              [
                -88.76858929190642, 
                48.36855523150601
              ], 
              [
                -88.80258831907976, 
                48.35089333323726
              ], 
              [
                -88.87249988932979, 
                48.335292188958924
              ], 
              [
                -88.88339143295771, 
                48.33470358231196
              ], 
              [
                -88.9037024025911, 
                48.33676386523885
              ], 
              [
                -88.91400523125742, 
                48.335292188958924
              ], 
              [
                -88.92062839421719, 
                48.329110491032814
              ], 
              [
                -88.9247494368253, 
                48.319985108473276
              ], 
              [
                -88.9303423703209, 
                48.31527530828555
              ], 
              [
                -88.94123392401109, 
                48.321751457959536
              ], 
              [
                -88.9300480059345, 
                48.33588079682498
              ], 
              [
                -88.91606580722275, 
                48.365317376272664
              ], 
              [
                -88.90708771947278, 
                48.37650324411276
              ], 
              [
                -88.89501870215865, 
                48.38268473999961
              ], 
              [
                -88.88545188161295, 
                48.38209603499071
              ], 
              [
                -88.87647382076734, 
                48.380329927310086
              ], 
              [
                -88.86617100484793, 
                48.38327344623294
              ], 
              [
                -88.86293309621365, 
                48.38857216615883
              ], 
              [
                -88.86278580404164, 
                48.39593108090316
              ], 
              [
                -88.86072535320191, 
                48.403584715973146
              ], 
              [
                -88.8518943263512, 
                48.409766186391956
              ], 
              [
                -88.85837033117441, 
                48.423012561967965
              ], 
              [
                -88.85660422418654, 
                48.43184361873902
              ], 
              [
                -88.85071694352222, 
                48.44008581750709
              ], 
              [
                -88.84571282346153, 
                48.451566138191225
              ], 
              [
                -88.83820655341458, 
                48.486301130960115
              ], 
              [
                -88.77359358290958, 
                48.543702059559976
              ], 
              [
                -88.7582866260785, 
                48.56695678772525
              ], 
              [
                -88.76314355300642, 
                48.58344104074155
              ], 
              [
                -88.77992241988085, 
                48.58844542075783
              ], 
              [
                -88.81657071210246, 
                48.56990041000489
              ], 
              [
                -89.14905498493226, 
                48.48394606997079
              ], 
              [
                -89.18864703940767, 
                48.467461813821856
              ], 
              [
                -89.21558121420442, 
                48.44479553310146
              ], 
              [
                -89.2266199724947, 
                48.42625076925696
              ], 
              [
                -89.23721711469406, 
                48.400935511664805
              ], 
              [
                -89.23780583857182, 
                48.3785638306472
              ], 
              [
                -89.2186721173251, 
                48.368849724130904
              ], 
              [
                -89.21440388495064, 
                48.36472870735751
              ], 
              [
                -89.20189333440379, 
                48.34176817720285
              ], 
              [
                -89.20601445455259, 
                48.32616691668466
              ], 
              [
                -89.21116572838294, 
                48.325578020283636
              ], 
              [
                -89.21852486818905, 
                48.32793299590766
              ], 
              [
                -89.22926922245942, 
                48.321751457959536
              ], 
              [
                -89.2407493789715, 
                48.291726240995246
              ], 
              [
                -89.24634240510358, 
                48.28701659921903
              ], 
              [
                -89.25340700580524, 
                48.28318962889526
              ], 
              [
                -89.26120777373926, 
                48.27465327206424
              ], 
              [
                -89.2675366144524, 
                48.264350548150325
              ], 
              [
                -89.27018580497051, 
                48.25610820431109
              ], 
              [
                -89.2662119660155, 
                48.214014265718134
              ], 
              [
                -89.27357106217343, 
                48.20194532450004
              ], 
              [
                -89.2981504253573, 
                48.21195363373738
              ], 
              [
                -89.3043320249027, 
                48.20518317801783
              ], 
              [
                -89.2941764133575, 
                48.18575506122233
              ], 
              [
                -89.30506801508022, 
                48.16662161439813
              ], 
              [
                -89.34524867307427, 
                48.136302031423156
              ], 
              [
                -89.33906696029358, 
                48.13335827655002
              ], 
              [
                -89.33641781396267, 
                48.13041486007676
              ], 
              [
                -89.33479880993632, 
                48.12658812416023
              ], 
              [
                -89.33170790768784, 
                48.12246689073501
              ], 
              [
                -89.43296910515662, 
                48.10186129484659
              ], 
              [
                -89.45519372202, 
                48.088909488534405
              ], 
              [
                -89.42296079073972, 
                48.086260109351954
              ], 
              [
                -89.41928119313792, 
                48.07978401940407
              ], 
              [
                -89.43547128140952, 
                48.07065883686929
              ], 
              [
                -89.46196403049275, 
                48.061239146335744
              ], 
              [
                -89.45960914226157, 
                48.0512308086584
              ], 
              [
                -89.49949543232063, 
                48.051819452328566
              ], 
              [
                -89.5103869393413, 
                48.04357731579937
              ], 
              [
                -89.51995376337054, 
                48.029447820302444
              ], 
              [
                -89.54114804885835, 
                48.0235606553743
              ], 
              [
                -89.5639611888873, 
                48.01973378433939
              ], 
              [
                -89.57809067883309, 
                48.01266906566725
              ], 
              [
                -89.57750193929746, 
                48.00177757352697
              ], 
              [
                -89.57809067590148, 
                47.99883394662832
              ], 
              [
                -89.58175258814633, 
                47.99633305856175
              ], 
              [
                -89.59310539162145, 
                47.99650292836415
              ], 
              [
                -89.6565898752356, 
                48.007975071691945
              ], 
              [
                -89.67865578473705, 
                48.008698666374976
              ], 
              [
                -89.7127881354434, 
                48.00337610975974
              ], 
              [
                -89.72459616509944, 
                48.00590819669915
              ], 
              [
                -89.74596433559057, 
                48.01376295437085
              ], 
              [
                -89.76330172997334, 
                48.01730270515373
              ], 
              [
                -89.78097510814702, 
                48.01719941942204
              ], 
              [
                -89.80345436760366, 
                48.01376295437085
              ], 
              [
                -89.90244049326314, 
                47.98590922217881
              ], 
              [
                -89.9204497682656, 
                47.98745957941879
              ], 
              [
                -89.98031685665964, 
                48.010093757045865
              ], 
              [
                -89.99532887166637, 
                48.01859455067376
              ], 
              [
                -90.00822216752354, 
                48.029730865998815
              ], 
              [
                -90.06103553258737, 
                48.09101920236716
              ], 
              [
                -90.07325700774847, 
                48.10119945792754
              ], 
              [
                -90.12038583008048, 
                48.11535865659197
              ], 
              [
                -90.17862524338926, 
                48.11644398725653
              ], 
              [
                -90.4706228394535, 
                48.0898821569158
              ], 
              [
                -90.47785769704129, 
                48.09153607071691
              ], 
              [
                -90.48346454984961, 
                48.09448155941271
              ], 
              [
                -90.49049251327294, 
                48.09623850476511
              ], 
              [
                -90.50188724484072, 
                48.09427493322293
              ], 
              [
                -90.53160113100294, 
                48.08455965918366
              ], 
              [
                -90.54201395595592, 
                48.083732875167385
              ], 
              [
                -90.56219353909738, 
                48.08884873541771
              ], 
              [
                -90.5738724342848, 
                48.0978921463924
              ], 
              [
                -90.58684320004582, 
                48.10481675745346
              ], 
              [
                -90.61107940159033, 
                48.10349893136746
              ], 
              [
                -90.70130653503287, 
                48.08455965918366
              ], 
              [
                -90.75034751893999, 
                48.08399130274208
              ], 
              [
                -90.78646922101771, 
                48.10045003583986
              ], 
              [
                -90.7967012810325, 
                48.11706422209393
              ], 
              [
                -90.80305737354576, 
                48.14716556064007
              ], 
              [
                -90.81230740905909, 
                48.16098892817403
              ], 
              [
                -90.82388304424951, 
                48.16832717400137
              ], 
              [
                -90.83427002866199, 
                48.17178953112919
              ], 
              [
                -90.84300323988775, 
                48.1769828363238
              ], 
              [
                -90.84972128599996, 
                48.18956623137819
              ], 
              [
                -90.84884266346961, 
                48.1987127520973
              ], 
              [
                -90.83793900580014, 
                48.21054677266334
              ], 
              [
                -90.8406777751963, 
                48.22010677618601
              ], 
              [
                -90.8738024118551, 
                48.23434370679433
              ], 
              [
                -90.92315339434623, 
                48.22710898812851
              ], 
              [
                -91.00810950771186, 
                48.19437206734688
              ], 
              [
                -91.02815986395704, 
                48.18483759910886
              ], 
              [
                -91.07110299972412, 
                48.17085915738029
              ], 
              [
                -91.20396321527875, 
                48.10765906317524
              ], 
              [
                -91.23806965931277, 
                48.082647666895355
              ], 
              [
                -91.27636179230586, 
                48.064767447241195
              ], 
              [
                -91.36540032010117, 
                48.05784286562828
              ], 
              [
                -91.4279287966782, 
                48.03644881111804
              ], 
              [
                -91.44627401823453, 
                48.04073810329312
              ], 
              [
                -91.46472245094427, 
                48.04895456653948
              ], 
              [
                -91.48709833424604, 
                48.05347623317269
              ], 
              [
                -91.57484494018976, 
                48.048205279134045
              ], 
              [
                -91.58698883998271, 
                48.052571832559934
              ], 
              [
                -91.58512852631988, 
                48.06084012601034
              ], 
              [
                -91.57980588050691, 
                48.07096875101221
              ], 
              [
                -91.58109779254457, 
                48.08094230374703
              ], 
              [
                -91.58967598251976, 
                48.08833187185268
              ], 
              [
                -91.59747918133449, 
                48.09039902324092
              ], 
              [
                -91.61861485505511, 
                48.08957222259776
              ], 
              [
                -91.69251212387478, 
                48.09786624070676
              ], 
              [
                -91.71643835375845, 
                48.11205149192056
              ], 
              [
                -91.69550936998314, 
                48.13757960075383
              ], 
              [
                -91.72757465352068, 
                48.16832717400137
              ], 
              [
                -91.74413694980123, 
                48.179592634772675
              ], 
              [
                -91.76498840276315, 
                48.18734412239252
              ], 
              [
                -91.85224408756898, 
                48.19597413334508
              ], 
              [
                -91.95730216695107, 
                48.22832340103292
              ], 
              [
                -91.97549231833761, 
                48.23656587086501
              ], 
              [
                -91.99215805263317, 
                48.247908987950304
              ], 
              [
                -92.00799672652646, 
                48.2624814892284
              ], 
              [
                -92.02135510285108, 
                48.287441238392354
              ], 
              [
                -92.03011437402807, 
                48.313176293344476
              ], 
              [
                -92.04342105320984, 
                48.33459617021844
              ], 
              [
                -92.07049947087506, 
                48.346714238975174
              ], 
              [
                -92.15473196676272, 
                48.35012473827262
              ], 
              [
                -92.25911834523968, 
                48.33963439669439
              ], 
              [
                -92.2815976689906, 
                48.33177970380464
              ], 
              [
                -92.30309504252492, 
                48.31092822568966
              ], 
              [
                -92.30141553393803, 
                48.29064518601498
              ], 
              [
                -92.29206215116196, 
                48.270336432751215
              ], 
              [
                -92.29102866296587, 
                48.249562574361455
              ], 
              [
                -92.30366354639398, 
                48.23927895846561
              ], 
              [
                -92.32787387097203, 
                48.229434457586905
              ], 
              [
                -92.353815481751, 
                48.22289745881385
              ], 
              [
                -92.37185054577421, 
                48.22258738162622
              ], 
              [
                -92.38464054405684, 
                48.23240603821415
              ], 
              [
                -92.4182300856139, 
                48.282041023185734
              ], 
              [
                -92.45138058592768, 
                48.31268526002851
              ], 
              [
                -92.46246508562129, 
                48.3292990758951
              ], 
              [
                -92.46706435077881, 
                48.35322536804783
              ], 
              [
                -92.46758105890679, 
                48.394282200572036
              ], 
              [
                -92.47453154088683, 
                48.41048276655622
              ], 
              [
                -92.49062888262719, 
                48.43311726261101
              ], 
              [
                -92.52693144601716, 
                48.4456227442816
              ], 
              [
                -92.57052067261618, 
                48.44665653009154
              ], 
              [
                -92.65705281669986, 
                48.4382332006874
              ], 
              [
                -92.67712899306157, 
                48.44174700761727
              ], 
              [
                -92.70405246117647, 
                48.44515772717125
              ], 
              [
                -92.7189095574668, 
                48.459782358285736
              ], 
              [
                -92.71064123726387, 
                48.482881574066504
              ], 
              [
                -92.69136589961956, 
                48.48985784787466
              ], 
              [
                -92.64674332837473, 
                48.49742849024801
              ], 
              [
                -92.62746797127153, 
                48.50277691995981
              ], 
              [
                -92.63018093798588, 
                48.51946833401342
              ], 
              [
                -92.6486036574971, 
                48.53626329089332
              ], 
              [
                -92.72554989254412, 
                48.548691517040176
              ], 
              [
                -92.88419650505386, 
                48.57987818956437
              ], 
              [
                -92.955587458815, 
                48.61222757460888
              ], 
              [
                -92.97972041896521, 
                48.61767954756555
              ], 
              [
                -93.13170088302311, 
                48.62463014968208
              ], 
              [
                -93.25773961132138, 
                48.630314410892574
              ], 
              [
                -93.38571640208073, 
                48.61486333032177
              ], 
              [
                -93.41731638805831, 
                48.60411438680525
              ], 
              [
                -93.45147449627923, 
                48.5974222665641
              ], 
              [
                -93.45377417074289, 
                48.58695790658495
              ], 
              [
                -93.45224975490233, 
                48.57272111449799
              ], 
              [
                -93.45992364710675, 
                48.55739895644609
              ], 
              [
                -93.4917564359529, 
                48.542309611269914
              ], 
              [
                -93.56658382786176, 
                48.53827871647586
              ], 
              [
                -93.59988927088123, 
                48.526341431408106
              ], 
              [
                -93.61629660108504, 
                48.531302471558035
              ], 
              [
                -93.75677889961224, 
                48.51654871632293
              ], 
              [
                -93.77866380683258, 
                48.51946833401342
              ], 
              [
                -93.80938546201791, 
                48.54357541690403
              ], 
              [
                -93.83574055706003, 
                48.617137002558394
              ], 
              [
                -93.87488539005521, 
                48.636205501142285
              ], 
              [
                -94.03484981890468, 
                48.64331106545986
              ], 
              [
                -94.23215052863313, 
                48.652018689437654
              ], 
              [
                -94.25103811040023, 
                48.65728943798229
              ], 
              [
                -94.25245925185872, 
                48.662405469622016
              ], 
              [
                -94.25576656228804, 
                48.68354116005584
              ], 
              [
                -94.25845371246255, 
                48.690827498449536
              ], 
              [
                -94.26548169697965, 
                48.69775212433876
              ], 
              [
                -94.2744991859116, 
                48.70410824712859
              ], 
              [
                -94.28403360772165, 
                48.70906937612133
              ], 
              [
                -94.2925860618134, 
                48.711911588222875
              ], 
              [
                -94.31157701102065, 
                48.71392674550766
              ], 
              [
                -94.4794996879304, 
                48.70069775457276
              ], 
              [
                -94.51916136687588, 
                48.70447016050669
              ], 
              [
                -94.59285185930801, 
                48.72643248636116
              ], 
              [
                -94.68889264546698, 
                48.77883260419855
              ], 
              [
                -94.70178578395642, 
                48.7900978591137
              ], 
              [
                -94.71090665483423, 
                48.80751278696923
              ], 
              [
                -94.71328381537245, 
                48.82384260940705
              ], 
              [
                -94.71214695792602, 
                48.84244616320743
              ], 
              [
                -94.71173348787659, 
                48.86275490909589
              ], 
              [
                -94.71121676280946, 
                48.9145864331861
              ], 
              [
                -94.75377242268388, 
                49.02615603350599
              ], 
              [
                -94.79203868053283, 
                49.12645977194923
              ], 
              [
                -94.80374349975402, 
                49.14640704051104
              ], 
              [
                -94.81118484723963, 
                49.166560757364955
              ], 
              [
                -94.80612051186344, 
                49.21089906588546
              ], 
              [
                -94.81035800338037, 
                49.22960597301593
              ], 
              [
                -94.81989233553753, 
                49.252033590833896
              ], 
              [
                -94.8272562349012, 
                49.29285798578077
              ], 
              [
                -94.83914179790237, 
                49.30887765402035
              ], 
              [
                -94.85619501209689, 
                49.31828274986658
              ], 
              [
                -94.92608735884859, 
                49.34556786486578
              ], 
              [
                -94.98251799550101, 
                49.356161490777026
              ], 
              [
                -95.10282079221564, 
                49.353939501474066
              ], 
              [
                -95.16056922223628, 
                49.36949413351118
              ]
            ]
          ], 
          [
            [
              [
                -79.52082269776594, 
                50.96548082277349
              ], 
              [
                -79.52896075141366, 
                50.976752037894265
              ], 
              [
                -79.54588783984931, 
                50.99445224149263
              ], 
              [
                -79.66982990170476, 
                51.05841709268889
              ], 
              [
                -79.70360265360341, 
                51.09003324542827
              ], 
              [
                -79.72565669347621, 
                51.121771532361734
              ], 
              [
                -79.74266517410236, 
                51.157578853382596
              ], 
              [
                -79.74714109169055, 
                51.195502039859235
              ], 
              [
                -79.73151608304644, 
                51.23338451216844
              ], 
              [
                -79.69395913200809, 
                51.28099195950871
              ], 
              [
                -79.67951412252158, 
                51.313177794421165
              ], 
              [
                -79.68683839074208, 
                51.3398298973236
              ], 
              [
                -79.69456948547065, 
                51.35167067458492
              ], 
              [
                -79.69957434585547, 
                51.3683535793796
              ], 
              [
                -79.70075434046502, 
                51.38544339235494
              ], 
              [
                -79.69676670814327, 
                51.39850491145546
              ], 
              [
                -79.69033765544302, 
                51.39948144697629
              ], 
              [
                -79.64525304026192, 
                51.41901273040558
              ], 
              [
                -79.6278376753471, 
                51.42438382454884
              ], 
              [
                -79.60505126265784, 
                51.447821400921136
              ], 
              [
                -79.59064698354716, 
                51.45311114506465
              ], 
              [
                -79.5318904357805, 
                51.46173738343037
              ], 
              [
                -79.52082276216318, 
                51.4667016360728
              ], 
              [
                -79.52079952751245, 
                51.364797880563714
              ], 
              [
                -79.52079952617679, 
                51.25211741696466
              ], 
              [
                -79.52079952021455, 
                51.13946278476723
              ], 
              [
                -79.52079951097582, 
                51.02680814595945
              ], 
              [
                -79.5207995395202, 
                50.96577832943226
              ], 
              [
                -79.52082269776594, 
                50.96548082277349
              ]
            ]
          ], 
          [
            [
              [
                -86.95618933402397, 
                48.64113636521317
              ], 
              [
                -86.99475107512623, 
                48.62347458764969
              ], 
              [
                -86.98798077345778, 
                48.63642673617552
              ], 
              [
                -87.0272783818959, 
                48.63730982414389
              ], 
              [
                -87.04582327868644, 
                48.642313939483905
              ], 
              [
                -87.04626488119335, 
                48.65379423788084
              ], 
              [
                -87.03095783941177, 
                48.6614475197943
              ], 
              [
                -86.9938679649952, 
                48.66497989897977
              ], 
              [
                -86.98165197845498, 
                48.677932136364376
              ], 
              [
                -86.97502865559085, 
                48.675576998463015
              ], 
              [
                -86.96060479266679, 
                48.67292768547769
              ], 
              [
                -86.95383449103358, 
                48.67057289928181
              ], 
              [
                -86.94662255518948, 
                48.65349975438
              ], 
              [
                -86.95618933402397, 
                48.64113636521317
              ]
            ]
          ], 
          [
            [
              [
                -88.08698916539977, 
                48.82658583100586
              ], 
              [
                -88.01648892613689, 
                48.85631655556478
              ], 
              [
                -87.96585832554696, 
                48.86750244208357
              ], 
              [
                -87.77246105598113, 
                48.85926018157124
              ], 
              [
                -87.76259986670813, 
                48.85631655556478
              ], 
              [
                -87.76259999261745, 
                48.851606943902624
              ], 
              [
                -87.7640716778841, 
                48.84836870798411
              ], 
              [
                -87.7693703924452, 
                48.84189297015119
              ], 
              [
                -87.76937032214644, 
                48.81540007897606
              ], 
              [
                -87.77275546186789, 
                48.79597196513054
              ], 
              [
                -87.7846772242991, 
                48.78714106738261
              ], 
              [
                -87.81043420481012, 
                48.794206010097135
              ], 
              [
                -87.80955109764777, 
                48.7685963059553
              ], 
              [
                -87.81823473731005, 
                48.75917647957075
              ], 
              [
                -87.87357528846118, 
                48.76094282692434
              ], 
              [
                -87.8975659283891, 
                48.76624131900707
              ], 
              [
                -87.91037078811637, 
                48.76741880995122
              ], 
              [
                -87.9358332477012, 
                48.76506383312232
              ], 
              [
                -87.98219551944575, 
                48.75593841172109
              ], 
              [
                -87.99087937921705, 
                48.7529949716625
              ], 
              [
                -88.01766652574689, 
                48.73621623514201
              ], 
              [
                -88.01648898978779, 
                48.72238098565198
              ], 
              [
                -88.01943265445453, 
                48.71472755827359
              ], 
              [
                -88.0269389102913, 
                48.70913458966298
              ], 
              [
                -88.03694723730872, 
                48.70589649326635
              ], 
              [
                -88.0471029339722, 
                48.70471926597745
              ], 
              [
                -88.0610851202109, 
                48.7064852633307
              ], 
              [
                -88.06829703918584, 
                48.71207817812
              ], 
              [
                -88.08522294965297, 
                48.752700382099334
              ], 
              [
                -88.09655597967955, 
                48.796266292078535
              ], 
              [
                -88.09832215489006, 
                48.81804922135914
              ], 
              [
                -88.08698916539977, 
                48.82658583100586
              ]
            ]
          ], 
          [
            [
              [
                -87.46455618246266, 
                48.76447493751144
              ], 
              [
                -87.48707514557647, 
                48.761237116213756
              ], 
              [
                -87.50871090340672, 
                48.77477785658413
              ], 
              [
                -87.52298751730062, 
                48.800976184695976
              ], 
              [
                -87.50194048221712, 
                48.800976184695976
              ], 
              [
                -87.44733603398011, 
                48.78802432982067
              ], 
              [
                -87.46455618246266, 
                48.76447493751144
              ]
            ]
          ], 
          [
            [
              [
                -87.67016966775468, 
                48.747696426375924
              ], 
              [
                -87.69371869961375, 
                48.74622443749475
              ], 
              [
                -87.73831495797997, 
                48.7529949716625
              ], 
              [
                -87.75053094581318, 
                48.7571158584134
              ], 
              [
                -87.74552683947738, 
                48.76506383312232
              ], 
              [
                -87.734341076878, 
                48.77271742725411
              ], 
              [
                -87.72845379512147, 
                48.77418924923438
              ], 
              [
                -87.72300789812397, 
                48.7856691757598
              ], 
              [
                -87.72521564212394, 
                48.79155648060996
              ], 
              [
                -87.73831499358842, 
                48.794206010097135
              ], 
              [
                -87.74376062791623, 
                48.798032569590845
              ], 
              [
                -87.7500894367528, 
                48.807452187724444
              ], 
              [
                -87.75494655922357, 
                48.818932583728134
              ], 
              [
                -87.75582951065212, 
                48.828351995493755
              ], 
              [
                -87.74596839875474, 
                48.83983234363576
              ], 
              [
                -87.72771778633995, 
                48.84542519980378
              ], 
              [
                -87.70652358836406, 
                48.84601396073834
              ], 
              [
                -87.68753716503365, 
                48.84189297015119
              ], 
              [
                -87.67590964675934, 
                48.8292350820282
              ], 
              [
                -87.65265503250473, 
                48.794206010097135
              ], 
              [
                -87.60555670217667, 
                48.76005965182513
              ], 
              [
                -87.67016966775468, 
                48.747696426375924
              ]
            ]
          ], 
          [
            [
              [
                -88.08507592854899, 
                48.941976788921146
              ], 
              [
                -88.0727125116077, 
                48.95433987333379
              ], 
              [
                -88.05740567454156, 
                48.95934422833561
              ], 
              [
                -88.03267906589657, 
                48.95257381632495
              ], 
              [
                -88.02164039175891, 
                48.93785557723665
              ], 
              [
                -88.01972699115163, 
                48.91783875940998
              ], 
              [
                -88.02267057192098, 
                48.8966444396973
              ], 
              [
                -88.0341508569516, 
                48.90665296249591
              ], 
              [
                -88.04945782101774, 
                48.915189572044945
              ], 
              [
                -88.06608929426504, 
                48.92137104957167
              ], 
              [
                -88.08110197048761, 
                48.92372614150783
              ], 
              [
                -88.08963848192705, 
                48.9296133424287
              ], 
              [
                -88.08507592854899, 
                48.941976788921146
              ]
            ]
          ], 
          [
            [
              [
                -89.15037966432408, 
                48.248749202430965
              ], 
              [
                -89.13889938396103, 
                48.25522507706641
              ], 
              [
                -89.1293325989022, 
                48.26287862851216
              ], 
              [
                -89.11564468732371, 
                48.271120858922245
              ], 
              [
                -89.09945464976029, 
                48.27406448207609
              ], 
              [
                -89.06486682952331, 
                48.27347569330137
              ], 
              [
                -89.05618318307546, 
                48.2646449329872
              ], 
              [
                -89.04573324614408, 
                48.25934636086299
              ], 
              [
                -89.02321423566326, 
                48.25287008440438
              ], 
              [
                -89.03734381990036, 
                48.24433370696237
              ], 
              [
                -89.11417275125488, 
                48.21342529184034
              ], 
              [
                -89.12565304683373, 
                48.21195363373738
              ], 
              [
                -89.13065721423429, 
                48.21519160004476
              ], 
              [
                -89.1352198764716, 
                48.221667642207585
              ], 
              [
                -89.14213747452064, 
                48.224905718085104
              ], 
              [
                -89.1536176302407, 
                48.21813526551085
              ], 
              [
                -89.16053515146787, 
                48.22255066604111
              ], 
              [
                -89.16583370957314, 
                48.22696613450948
              ], 
              [
                -89.1702491852332, 
                48.23255907653019
              ], 
              [
                -89.17407597710613, 
                48.23991827956079
              ], 
              [
                -89.15037966432408, 
                48.248749202430965
              ]
            ]
          ], 
          [
            [
              [
                -85.61065104803278, 
                47.73891056137537
              ], 
              [
                -85.62154245304218, 
                47.737732981808946
              ], 
              [
                -85.64597475339855, 
                47.73979367208233
              ], 
              [
                -85.6553942576547, 
                47.73567230571392
              ], 
              [
                -85.66216468877093, 
                47.730668217656394
              ], 
              [
                -85.67011248500181, 
                47.72772451241304
              ], 
              [
                -85.70926293070471, 
                47.72007107564391
              ], 
              [
                -85.7334007859294, 
                47.71801052095794
              ], 
              [
                -85.75650835260642, 
                47.720954130841065
              ], 
              [
                -85.77520062201727, 
                47.732140235129926
              ], 
              [
                -85.80390102709863, 
                47.721248585820284
              ], 
              [
                -85.83216005001836, 
                47.71653888084801
              ], 
              [
                -85.90663419827422, 
                47.7197769298265
              ], 
              [
                -85.92164662641676, 
                47.72389776961184
              ], 
              [
                -85.9297416256016, 
                47.724780836076306
              ], 
              [
                -85.9378366679596, 
                47.72684143727854
              ], 
              [
                -85.94284093651441, 
                47.73184576945308
              ], 
              [
                -85.94652038395428, 
                47.736555406872526
              ], 
              [
                -85.95020006890086, 
                47.73891056137537
              ], 
              [
                -85.95299650159154, 
                47.741265426372344
              ], 
              [
                -85.95476257972166, 
                47.747152515888516
              ], 
              [
                -85.95505700244925, 
                47.75421736101986
              ], 
              [
                -85.95387960787784, 
                47.75951602737987
              ], 
              [
                -85.92591501179241, 
                47.765697666806275
              ], 
              [
                -85.88190745091171, 
                47.79336767066239
              ], 
              [
                -85.8586527577367, 
                47.80337618279044
              ], 
              [
                -85.73398963106104, 
                47.807791791661934
              ], 
              [
                -85.71367852135909, 
                47.801021444102034
              ], 
              [
                -85.69425033320407, 
                47.79837188469124
              ], 
              [
                -85.61006234187475, 
                47.7730568401285
              ], 
              [
                -85.59401937884478, 
                47.763342609448436
              ], 
              [
                -85.59137019674027, 
                47.75156821706702
              ], 
              [
                -85.61065104803278, 
                47.73891056137537
              ]
            ]
          ], 
          [
            [
              [
                -81.71268122059027, 
                45.299809302208836
              ], 
              [
                -81.73093179663275, 
                45.300986759043326
              ], 
              [
                -81.76669703940053, 
                45.320120429991064
              ], 
              [
                -81.7510957399902, 
                45.322769705769524
              ], 
              [
                -81.74476691164557, 
                45.32659644021207
              ], 
              [
                -81.7387324517311, 
                45.333955552922504
              ], 
              [
                -81.73578879770942, 
                45.32983442923558
              ], 
              [
                -81.73269798320011, 
                45.32836262653356
              ], 
              [
                -81.72931279485107, 
                45.327479532349756
              ], 
              [
                -81.72578043197879, 
                45.32630208936326
              ], 
              [
                -81.7209234090846, 
                45.32306405389115
              ], 
              [
                -81.71518331767464, 
                45.32041479518142
              ], 
              [
                -81.70767703093502, 
                45.31894297150115
              ], 
              [
                -81.69781583365054, 
                45.320120429991064
              ], 
              [
                -81.71268122059027, 
                45.299809302208836
              ]
            ]
          ], 
          [
            [
              [
                -81.8059946565086, 
                45.45847158215835
              ], 
              [
                -81.84175988529901, 
                45.47701649654888
              ], 
              [
                -81.83734442201458, 
                45.48231504805104
              ], 
              [
                -81.82439240295804, 
                45.50439236272155
              ], 
              [
                -81.81467838303399, 
                45.506158539941765
              ], 
              [
                -81.804964375575, 
                45.51057401951949
              ], 
              [
                -81.79642781358214, 
                45.51616693327056
              ], 
              [
                -81.79024616822194, 
                45.5217598543349
              ], 
              [
                -81.77523359595006, 
                45.52911895389631
              ], 
              [
                -81.7053221242326, 
                45.53912735137217
              ], 
              [
                -81.70532211856714, 
                45.534711877998795
              ], 
              [
                -81.70679394349362, 
                45.53176824541321
              ], 
              [
                -81.70914884941038, 
                45.52911895389631
              ], 
              [
                -81.71150376113278, 
                45.525586581749664
              ], 
              [
                -81.73461133951268, 
                45.48761359800425
              ], 
              [
                -81.76802167718118, 
                45.4634757582926
              ], 
              [
                -81.8059946565086, 
                45.45847158215835
              ]
            ]
          ], 
          [
            [
              [
                -81.92109103947232, 
                46.00952124642455
              ], 
              [
                -81.92741986674754, 
                46.01158179239846
              ], 
              [
                -81.9505274468973, 
                46.01805779553681
              ], 
              [
                -81.9634794519527, 
                46.03248160475941
              ], 
              [
                -81.9620076263437, 
                46.04661107294601
              ], 
              [
                -81.94110778425228, 
                46.05308710555203
              ], 
              [
                -81.89518699717397, 
                46.06044624216203
              ], 
              [
                -81.87193221681821, 
                46.06132930598663
              ], 
              [
                -81.85559500531959, 
                46.05308710555203
              ], 
              [
                -81.84867744833187, 
                46.05308710555203
              ], 
              [
                -81.83852190147913, 
                46.0630955168885
              ], 
              [
                -81.82086004287554, 
                46.0639785873576
              ], 
              [
                -81.8033453818959, 
                46.058091313977854
              ], 
              [
                -81.79348418714932, 
                46.04631675592039
              ], 
              [
                -81.79789962122527, 
                46.04160687426298
              ], 
              [
                -81.80776083553437, 
                46.02512251522355
              ], 
              [
                -81.79789962834435, 
                46.01982394307639
              ], 
              [
                -81.7930426425278, 
                46.01128742795354
              ], 
              [
                -81.79392572171307, 
                46.001573385363585
              ], 
              [
                -81.80084329179246, 
                45.99156503123845
              ], 
              [
                -81.81173474885561, 
                45.985972081525794
              ], 
              [
                -81.81879949860952, 
                45.99038756484515
              ], 
              [
                -81.82527550846166, 
                45.99862975850965
              ], 
              [
                -81.83440078661384, 
                46.00540011385565
              ], 
              [
                -81.84558661154462, 
                46.00716627482814
              ], 
              [
                -81.88282368552667, 
                46.00540011385565
              ], 
              [
                -81.88871097845491, 
                46.00422267810017
              ], 
              [
                -81.89754190168058, 
                45.99862975850965
              ], 
              [
                -81.90328197440586, 
                45.998040974796986
              ], 
              [
                -81.9088749301134, 
                46.00039596232597
              ], 
              [
                -81.92109103947232, 
                46.00952124642455
              ]
            ]
          ], 
          [
            [
              [
                -82.73338884976268, 
                45.934752760776334
              ], 
              [
                -82.73015081830832, 
                45.93357525264669
              ], 
              [
                -82.72573536256994, 
                45.92974853121518
              ], 
              [
                -82.71263614425462, 
                45.93651887709387
              ], 
              [
                -82.71322489060846, 
                45.95859622249186
              ], 
              [
                -82.68467156981926, 
                45.96831023778149
              ], 
              [
                -82.64934786797255, 
                45.97243132250332
              ], 
              [
                -82.63006704175476, 
                45.978024288691934
              ], 
              [
                -82.61269955037706, 
                45.972136990548314
              ], 
              [
                -82.59312433011328, 
                45.97154825078062
              ], 
              [
                -82.578258953437, 
                45.96742717629541
              ], 
              [
                -82.57546245956536, 
                45.950648352284496
              ], 
              [
                -82.60475170777804, 
                45.914147235368034
              ], 
              [
                -82.65759008424142, 
                45.90237270132623
              ], 
              [
                -82.71204741770953, 
                45.911203565529824
              ], 
              [
                -82.74619365474106, 
                45.93651887709387
              ], 
              [
                -82.73338884976268, 
                45.934752760776334
              ]
            ]
          ], 
          [
            [
              [
                -83.26692381772838, 
                45.96065677919743
              ], 
              [
                -83.26824846809079, 
                45.939168221128085
              ], 
              [
                -83.27281109319749, 
                45.92268379288018
              ], 
              [
                -83.28134766784231, 
                45.90884870836114
              ], 
              [
                -83.32167554236428, 
                45.87381935577873
              ], 
              [
                -83.33757121990836, 
                45.8646940967552
              ], 
              [
                -83.35331969171753, 
                45.860867345385984
              ], 
              [
                -83.37613291765288, 
                45.86322227037509
              ], 
              [
                -83.39217573134788, 
                45.8699925838069
              ], 
              [
                -83.42455580350679, 
                45.888537559589395
              ], 
              [
                -83.44015708865822, 
                45.89177553827144
              ], 
              [
                -83.4866666485774, 
                45.89206995710873
              ], 
              [
                -83.48490046108435, 
                45.91238107650357
              ], 
              [
                -83.47989625781267, 
                45.92709925710708
              ], 
              [
                -83.47150689791816, 
                45.939168221128085
              ], 
              [
                -83.46002666140616, 
                45.950648352284496
              ], 
              [
                -83.43206210413368, 
                45.97066518125184
              ], 
              [
                -83.42352553414125, 
                45.98273409023336
              ], 
              [
                -83.41719671539354, 
                45.988915756497626
              ], 
              [
                -83.40821860829065, 
                45.99156503123845
              ], 
              [
                -83.38790747155066, 
                45.995097377278675
              ], 
              [
                -83.36980408895202, 
                46.0006903177186
              ], 
              [
                -83.35273095302536, 
                46.00186774173427
              ], 
              [
                -83.33580503300297, 
                45.99156503123845
              ], 
              [
                -83.31122559982839, 
                45.96919330146068
              ], 
              [
                -83.30165879152206, 
                45.96448352619921
              ], 
              [
                -83.2832610254793, 
                45.968898972186715
              ], 
              [
                -83.27192798548742, 
                45.9686045665681
              ], 
              [
                -83.26692381772838, 
                45.96065677919743
              ]
            ]
          ], 
          [
            [
              [
                -81.67971245185564, 
                45.90884870836114
              ], 
              [
                -81.66573013573856, 
                45.90531629851685
              ], 
              [
                -81.65689922004921, 
                45.888537559589395
              ], 
              [
                -81.65984284901613, 
                45.85968985039195
              ], 
              [
                -81.67588569426422, 
                45.83731817736531
              ], 
              [
                -81.69604964247799, 
                45.818184520172885
              ], 
              [
                -81.71150378067186, 
                45.79993398758964
              ], 
              [
                -81.6056798494835, 
                45.80582121480246
              ], 
              [
                -81.5880180293152, 
                45.79993398758964
              ], 
              [
                -81.58875393173105, 
                45.78698195007648
              ], 
              [
                -81.59567147745642, 
                45.76843698736289
              ], 
              [
                -81.60479678692015, 
                45.751952639653595
              ], 
              [
                -81.61259741234173, 
                45.744593488172285
              ], 
              [
                -81.62172270613418, 
                45.74017803806847
              ], 
              [
                -81.6644055119364, 
                45.70985854783889
              ], 
              [
                -81.64998164314855, 
                45.7036768475773
              ], 
              [
                -81.71047348243567, 
                45.64627586530379
              ], 
              [
                -81.72578042429777, 
                45.621843657393185
              ], 
              [
                -81.71797977127616, 
                45.61330709032651
              ], 
              [
                -81.72371986965618, 
                45.610952173068746
              ], 
              [
                -81.73549444446975, 
                45.61065782859535
              ], 
              [
                -81.74623873320732, 
                45.60800854760713
              ], 
              [
                -81.75654148171718, 
                45.60064945263085
              ], 
              [
                -81.80511155292551, 
                45.54560334112047
              ], 
              [
                -81.82203748860485, 
                45.53294568035714
              ], 
              [
                -81.84175988738369, 
                45.525586581749664
              ], 
              [
                -81.86472029254742, 
                45.52440913180455
              ], 
              [
                -81.89180179428476, 
                45.52882459783427
              ], 
              [
                -81.91432065451332, 
                45.53912735137217
              ], 
              [
                -81.9306578512583, 
                45.56856373924166
              ], 
              [
                -81.94802533739177, 
                45.56503137502737
              ], 
              [
                -81.97039702105998, 
                45.55767229202834
              ], 
              [
                -81.99262151246236, 
                45.559144112264484
              ], 
              [
                -81.97937512241921, 
                45.57680595117762
              ], 
              [
                -81.95612034895221, 
                45.591524142571835
              ], 
              [
                -81.9287444915345, 
                45.602415628186336
              ], 
              [
                -81.90328199503598, 
                45.60800854760713
              ], 
              [
                -81.91137700188577, 
                45.594173420230554
              ], 
              [
                -81.9090220964334, 
                45.587108696434555
              ], 
              [
                -81.89960244434303, 
                45.58769742464472
              ], 
              [
                -81.88620888243621, 
                45.597117088567856
              ], 
              [
                -81.86162947440918, 
                45.6215493042362
              ], 
              [
                -81.8469112622759, 
                45.631557672910006
              ], 
              [
                -81.81305940529995, 
                45.64186045294444
              ], 
              [
                -81.78862716864633, 
                45.67011938070664
              ], 
              [
                -81.7593379483548, 
                45.67895032540853
              ], 
              [
                -81.75300909271934, 
                45.68572064608667
              ], 
              [
                -81.75271473558792, 
                45.69455158400877
              ], 
              [
                -81.7599266446074, 
                45.7036768475773
              ], 
              [
                -81.77008220902593, 
                45.70691485707842
              ], 
              [
                -81.78038497866014, 
                45.70397126655231
              ], 
              [
                -81.78965744504897, 
                45.69926143323282
              ], 
              [
                -81.79716372077554, 
                45.69690650104439
              ], 
              [
                -81.84161270311388, 
                45.68748684724988
              ], 
              [
                -81.87487586845815, 
                45.66511521181436
              ], 
              [
                -81.90460662462742, 
                45.63773930635105
              ], 
              [
                -81.93742824024639, 
                45.614190207297696
              ], 
              [
                -81.98437931498766, 
                45.605948004608585
              ], 
              [
                -81.98982503877234, 
                45.60094378913406
              ], 
              [
                -81.99409332160515, 
                45.594173420230554
              ], 
              [
                -82.00660380914942, 
                45.5794552383343
              ], 
              [
                -82.01043053189979, 
                45.57268484144377
              ], 
              [
                -82.01587627354928, 
                45.56826939021144
              ], 
              [
                -82.02676773668863, 
                45.56650318617718
              ], 
              [
                -82.04913941034853, 
                45.56650318617718
              ], 
              [
                -82.05870625720397, 
                45.56414829878858
              ], 
              [
                -82.06842027520514, 
                45.559144112264484
              ], 
              [
                -82.07283573381653, 
                45.5697412142014
              ], 
              [
                -82.08004764574854, 
                45.5773946630195
              ], 
              [
                -82.08990884033683, 
                45.58122138928684
              ], 
              [
                -82.10197777205772, 
                45.580927030210326
              ], 
              [
                -82.09859259465708, 
                45.601532539354125
              ], 
              [
                -82.11949245234918, 
                45.608891651911215
              ], 
              [
                -82.1742441740675, 
                45.60800854760713
              ], 
              [
                -82.1841053738337, 
                45.61124655603311
              ], 
              [
                -82.20220877301864, 
                45.624787316653155
              ], 
              [
                -82.20839041828816, 
                45.62802531923769
              ], 
              [
                -82.25328092199133, 
                45.642154745804014
              ], 
              [
                -82.2610815719673, 
                45.65010257846361
              ], 
              [
                -82.27300335377164, 
                45.67041377271585
              ], 
              [
                -82.2800680903455, 
                45.67630105028697
              ], 
              [
                -82.29140109296829, 
                45.67600665355416
              ], 
              [
                -82.30258693854606, 
                45.67100248091742
              ], 
              [
                -82.3136255969016, 
                45.66776448270639
              ], 
              [
                -82.32466425908402, 
                45.67276868771402
              ], 
              [
                -82.33040434522655, 
                45.681305218683995
              ], 
              [
                -82.3334951719646, 
                45.68925305692804
              ], 
              [
                -82.3390881005222, 
                45.69484599564109
              ], 
              [
                -82.45256545911664, 
                45.705148715225604
              ], 
              [
                -82.47111037714858, 
                45.71221341037078
              ], 
              [
                -82.50820028701337, 
                45.74106115442283
              ], 
              [
                -82.53219095857986, 
                45.750186432788496
              ], 
              [
                -82.63345220422458, 
                45.76608206757417
              ], 
              [
                -82.65552952233878, 
                45.77402991608835
              ], 
              [
                -82.67481038821403, 
                45.78904251749815
              ], 
              [
                -82.6837884666077, 
                45.7946353812461
              ], 
              [
                -82.69644612096869, 
                45.79757901634644
              ], 
              [
                -82.70777914736, 
                45.796401574745076
              ], 
              [
                -82.71263617855871, 
                45.78904251749815
              ], 
              [
                -82.71793470372774, 
                45.785215725946124
              ], 
              [
                -82.72941490454825, 
                45.78963118758478
              ], 
              [
                -82.74619368774881, 
                45.79993398758964
              ], 
              [
                -82.75443588132603, 
                45.797873434758976
              ], 
              [
                -82.76562170439578, 
                45.78786502709416
              ], 
              [
                -82.77386391701542, 
                45.78904251749815
              ], 
              [
                -82.78946520137025, 
                45.79816777685904
              ], 
              [
                -82.79461658667176, 
                45.79993398758964
              ], 
              [
                -82.80933476236767, 
                45.801994475597844
              ], 
              [
                -82.82125653866981, 
                45.802288897601976
              ], 
              [
                -82.83185361488617, 
                45.80464374638596
              ], 
              [
                -82.84245075769101, 
                45.813474738123276
              ], 
              [
                -82.86452803647062, 
                45.80081701963425
              ], 
              [
                -82.8917567196072, 
                45.80317193539256
              ], 
              [
                -82.9216346726816, 
                45.81111975528251
              ], 
              [
                -82.95165984887937, 
                45.813474738123276
              ], 
              [
                -82.94901055302829, 
                45.832314005193346
              ], 
              [
                -82.96578931085452, 
                45.83996747760766
              ], 
              [
                -83.01053263846352, 
                45.840850530975025
              ], 
              [
                -83.02024666449351, 
                45.84291109932913
              ], 
              [
                -83.03334589502104, 
                45.852330804547
              ], 
              [
                -83.04438451541621, 
                45.85439128546213
              ], 
              [
                -83.05512883051968, 
                45.85498006208813
              ], 
              [
                -83.0608689042885, 
                45.85704055817258
              ], 
              [
                -83.08191594836357, 
                45.86822641277616
              ], 
              [
                -83.12798394670514, 
                45.87381935577873
              ], 
              [
                -83.18391311231724, 
                45.87411368331331
              ], 
              [
                -83.22482974276423, 
                45.88677137388007
              ], 
              [
                -83.22600719662044, 
                45.92974853121518
              ], 
              [
                -83.21276079515721, 
                45.94799907610013
              ], 
              [
                -83.19009478852725, 
                45.966249713333255
              ], 
              [
                -83.16389638509402, 
                45.97566937304643
              ], 
              [
                -83.14034725431024, 
                45.96742717629541
              ], 
              [
                -83.13195787752284, 
                45.96212862366164
              ], 
              [
                -83.12401004688115, 
                45.958890619827784
              ], 
              [
                -83.11826994373996, 
                45.95300333204551
              ], 
              [
                -83.11606220196475, 
                45.94005128912443
              ], 
              [
                -83.11135235132434, 
                45.925333034234804
              ], 
              [
                -83.10046091465097, 
                45.92503874118421
              ], 
              [
                -83.0889806816417, 
                45.931220324622956
              ], 
              [
                -83.08191594166863, 
                45.93651887709387
              ], 
              [
                -83.07455684288887, 
                45.94417235307856
              ], 
              [
                -83.07028858710001, 
                45.952120231956656
              ], 
              [
                -83.06528438163284, 
                45.95918494082092
              ], 
              [
                -83.05527601707556, 
                45.96448352619921
              ], 
              [
                -83.04276552214688, 
                45.96477785181876
              ], 
              [
                -83.02657550460565, 
                45.96124550093517
              ], 
              [
                -83.01274039170056, 
                45.95506385637881
              ], 
              [
                -83.0068531026671, 
                45.94741037626222
              ], 
              [
                -83.00390945827745, 
                45.94093435930745
              ], 
              [
                -82.99610882968682, 
                45.937696394938314
              ], 
              [
                -82.97579767385855, 
                45.93651887709387
              ], 
              [
                -82.96446466755147, 
                45.93975690735534
              ], 
              [
                -82.95901891762263, 
                45.94799907610013
              ], 
              [
                -82.95592812496524, 
                45.957418788754964
              ], 
              [
                -82.95165984430956, 
                45.96448352619921
              ], 
              [
                -82.93443951342027, 
                45.971253842968004
              ], 
              [
                -82.90971296126182, 
                45.97566937304643
              ], 
              [
                -82.86658861795911, 
                45.978024288691934
              ], 
              [
                -82.85878793971365, 
                45.98126223703278
              ], 
              [
                -82.84451129961543, 
                45.9948030265304
              ], 
              [
                -82.83214797735916, 
                45.998040974796986
              ], 
              [
                -82.81551642705533, 
                45.996863563494465
              ], 
              [
                -82.80977630595005, 
                45.99274242494695
              ], 
              [
                -82.81110094841209, 
                45.984205872944116
              ], 
              [
                -82.81507489354078, 
                45.97066518125184
              ], 
              [
                -82.82567198041818, 
                45.948293464675814
              ], 
              [
                -82.83715217092731, 
                45.931220324622956
              ], 
              [
                -82.83759372366217, 
                45.9159134029555
              ], 
              [
                -82.81507486553292, 
                45.898840278808805
              ], 
              [
                -82.77872090624098, 
                45.891481196247746
              ], 
              [
                -82.77342234388128, 
                45.88529953357653
              ], 
              [
                -82.77180334208383, 
                45.87587988329221
              ], 
              [
                -82.76356114513922, 
                45.8526251144907
              ], 
              [
                -82.75988159292454, 
                45.84703219483057
              ], 
              [
                -82.73986483569645, 
                45.845854745099444
              ], 
              [
                -82.69026447851434, 
                45.86351658922959
              ], 
              [
                -82.66789280360103, 
                45.86822641277616
              ], 
              [
                -82.65994497692154, 
                45.86498841681466
              ], 
              [
                -82.65611824277835, 
                45.85733494853271
              ], 
              [
                -82.65317460593455, 
                45.847326577005404
              ], 
              [
                -82.64743449573724, 
                45.83731817736531
              ], 
              [
                -82.63713178033919, 
                45.83408022971996
              ], 
              [
                -82.62624030267398, 
                45.840556230652766
              ], 
              [
                -82.61637910017137, 
                45.84997587428242
              ], 
              [
                -82.60901997147438, 
                45.85439128546213
              ], 
              [
                -82.59812852182719, 
                45.852036418280605
              ], 
              [
                -82.58576522374614, 
                45.8461491263119
              ], 
              [
                -82.57487373804065, 
                45.83937872552424
              ], 
              [
                -82.56795621044783, 
                45.83408022971996
              ], 
              [
                -82.55500416263517, 
                45.81847887880467
              ], 
              [
                -82.54970562977377, 
                45.80788181289277
              ], 
              [
                -82.54764507398892, 
                45.79610723408086
              ], 
              [
                -82.53969722792216, 
                45.79198610714697
              ], 
              [
                -82.5229184774347, 
                45.80552686647741
              ], 
              [
                -82.50834745931485, 
                45.82701546005405
              ], 
              [
                -82.50658126155838, 
                45.84703219483057
              ], 
              [
                -82.51776710483432, 
                45.85821804449389
              ], 
              [
                -82.53204377693662, 
                45.860867345385984
              ], 
              [
                -82.56192171114265, 
                45.85439128546213
              ], 
              [
                -82.55956681377518, 
                45.85910114262302
              ], 
              [
                -82.55632881105164, 
                45.87028698477307
              ], 
              [
                -82.55441544910113, 
                45.87499682050098
              ], 
              [
                -82.57016392254947, 
                45.877057354771416
              ], 
              [
                -82.58414622173011, 
                45.88117845879503
              ], 
              [
                -82.5919468575574, 
                45.88883189919629
              ], 
              [
                -82.58915042467049, 
                45.90237270132623
              ], 
              [
                -82.58076104515378, 
                45.90884870836114
              ], 
              [
                -82.55397390888523, 
                45.91238107650357
              ], 
              [
                -82.54072750148156, 
                45.9159134029555
              ], 
              [
                -82.53042477476897, 
                45.92415563375093
              ], 
              [
                -82.51570655832913, 
                45.94446673849328
              ], 
              [
                -82.50658125383136, 
                45.950648352284496
              ], 
              [
                -82.48994969998687, 
                45.95270893957764
              ], 
              [
                -82.47743922003953, 
                45.94741037626222
              ], 
              [
                -82.47066884698712, 
                45.93710763553027
              ], 
              [
                -82.47184630698989, 
                45.92327252850081
              ], 
              [
                -82.45550908678672, 
                45.9368132561906
              ], 
              [
                -82.44594224884061, 
                45.952414547353065
              ], 
              [
                -82.43490359982341, 
                45.96536658037612
              ], 
              [
                -82.4141509523063, 
                45.97066518125184
              ], 
              [
                -82.39457573214342, 
                45.972136990548314
              ], 
              [
                -82.30965168935512, 
                45.99009321800577
              ], 
              [
                -82.29772991043029, 
                45.987443877663125
              ], 
              [
                -82.29434473639768, 
                45.97449188278235
              ], 
              [
                -82.2943447329701, 
                45.94741037626222
              ], 
              [
                -82.2846307376472, 
                45.93092602672013
              ], 
              [
                -82.26240624624802, 
                45.934752760776334
              ], 
              [
                -82.2372380995861, 
                45.945644206000075
              ], 
              [
                -82.21928186581252, 
                45.950648352284496
              ], 
              [
                -82.22134243073974, 
                45.92974853121518
              ], 
              [
                -82.20736013511814, 
                45.90502194536603
              ], 
              [
                -82.1871961976625, 
                45.88265028219079
              ], 
              [
                -82.17085897499696, 
                45.86822641277616
              ], 
              [
                -82.17630470949133, 
                45.84820964841116
              ], 
              [
                -82.16070342092672, 
                45.84467729921732
              ], 
              [
                -82.13980355109544, 
                45.855274374198316
              ], 
              [
                -82.1292064530326, 
                45.878529161266854
              ], 
              [
                -82.1249381706994, 
                45.896191003926496
              ], 
              [
                -82.11434106575847, 
                45.915324679457036
              ], 
              [
                -82.10109468746158, 
                45.93210344952868
              ], 
              [
                -82.08828986289745, 
                45.943878044489956
              ], 
              [
                -82.04796196022978, 
                45.96772150435106
              ], 
              [
                -82.00130525107222, 
                45.984794633692104
              ], 
              [
                -81.9536182648241, 
                45.988032643782745
              ], 
              [
                -81.91019956655484, 
                45.97066518125184
              ], 
              [
                -81.89459826701778, 
                45.95300333204551
              ], 
              [
                -81.89621724154438, 
                45.93946252582924
              ], 
              [
                -81.90490097655696, 
                45.925333034234804
              ], 
              [
                -81.91019956582377, 
                45.906199435996655
              ], 
              [
                -81.89827779283566, 
                45.896191003926496
              ], 
              [
                -81.84117117338249, 
                45.89324740515985
              ], 
              [
                -81.82130159406803, 
                45.88176720274281
              ], 
              [
                -81.8198297773753, 
                45.86175045002023
              ], 
              [
                -81.82983815035477, 
                45.84026185400998
              ], 
              [
                -81.84249581921351, 
                45.81995075211814
              ], 
              [
                -81.84867743527072, 
                45.80317193539256
              ], 
              [
                -81.84646972205701, 
                45.79169177007106
              ], 
              [
                -81.83440078455236, 
                45.76843698736289
              ], 
              [
                -81.82998532264556, 
                45.76843698736289
              ], 
              [
                -81.8204185055042, 
                45.759606097720905
              ], 
              [
                -81.80776082861783, 
                45.744593488172285
              ], 
              [
                -81.79186515739337, 
                45.73900055292622
              ], 
              [
                -81.78921588860969, 
                45.744593488172285
              ], 
              [
                -81.792159553054, 
                45.75872301290438
              ], 
              [
                -81.7934841654836, 
                45.77873972095597
              ], 
              [
                -81.78715534359166, 
                45.797284674725056
              ], 
              [
                -81.76478367826152, 
                45.82819292481855
              ], 
              [
                -81.7535978324518, 
                45.84850403154852
              ], 
              [
                -81.69516655742142, 
                45.90296140351325
              ], 
              [
                -81.67971245185564, 
                45.90884870836114
              ]
            ]
          ], 
          [
            [
              [
                -82.2546055668696, 
                46.039840694426545
              ], 
              [
                -82.24680492688576, 
                46.04896600102268
              ], 
              [
                -82.2387099251318, 
                46.0569138557899
              ], 
              [
                -82.22546354523608, 
                46.0598575086398
              ], 
              [
                -82.21045096411666, 
                46.05249838432739
              ], 
              [
                -82.20309184664055, 
                46.01540847586385
              ], 
              [
                -82.19131727273889, 
                45.998040974796986
              ], 
              [
                -82.20750732758498, 
                45.99862975850965
              ], 
              [
                -82.2323810690244, 
                46.00834372037001
              ], 
              [
                -82.25563586588379, 
                46.02129580326338
              ], 
              [
                -82.26638014778979, 
                46.03277598684993
              ], 
              [
                -82.2546055668696, 
                46.039840694426545
              ]
            ]
          ], 
          [
            [
              [
                -83.81517700820861, 
                46.142868180961436
              ], 
              [
                -83.83195576991709, 
                46.144928742416695
              ], 
              [
                -83.85226688367902, 
                46.156997650206605
              ], 
              [
                -83.87022310559122, 
                46.16229622423219
              ], 
              [
                -83.88567721541072, 
                46.14904982519097
              ], 
              [
                -83.89288913881963, 
                46.10430648234734
              ], 
              [
                -83.90098415970564, 
                46.09459248053598
              ], 
              [
                -83.90672422774577, 
                46.09135441200946
              ], 
              [
                -83.9257107128899, 
                46.076930567721455
              ], 
              [
                -83.9354247409309, 
                46.07369258537856
              ], 
              [
                -83.94852393885365, 
                46.07575312311136
              ], 
              [
                -83.95205630722718, 
                46.08134603928881
              ], 
              [
                -83.95308659841392, 
                46.09017699567115
              ], 
              [
                -83.95897388440902, 
                46.101657203337936
              ], 
              [
                -83.96486117577939, 
                46.1063670465297
              ], 
              [
                -83.98060965368785, 
                46.115786692961095
              ], 
              [
                -83.98693845490462, 
                46.12137955791169
              ], 
              [
                -83.99164828878541, 
                46.13079922522654
              ], 
              [
                -83.99326727943877, 
                46.13963012565233
              ], 
              [
                -83.99591658103236, 
                46.14904982519097
              ], 
              [
                -84.00401158623325, 
                46.15935255353759
              ], 
              [
                -84.0687716799432, 
                46.21086624817236
              ], 
              [
                -84.07760260031345, 
                46.22411262723955
              ], 
              [
                -84.09982710926892, 
                46.27238837768819
              ], 
              [
                -84.10291792556961, 
                46.275626369492514
              ], 
              [
                -84.10645028691943, 
                46.283574185132174
              ], 
              [
                -84.10924672898102, 
                46.29269943996187
              ], 
              [
                -84.10983550504915, 
                46.2994699072376
              ], 
              [
                -84.10630313399128, 
                46.313305018245266
              ], 
              [
                -84.10203487768524, 
                46.31713179733671
              ], 
              [
                -84.08245963968974, 
                46.313305018245266
              ], 
              [
                -84.04801906000965, 
                46.300353041496756
              ], 
              [
                -84.02417554843615, 
                46.29593754621712
              ], 
              [
                -83.98620252434543, 
                46.31036128850327
              ], 
              [
                -83.96736326680399, 
                46.307417737333694
              ], 
              [
                -83.94719928999983, 
                46.301236024703464
              ], 
              [
                -83.92541637936807, 
                46.2994699072376
              ], 
              [
                -83.89995388645487, 
                46.27680387738516
              ], 
              [
                -83.89068139694277, 
                46.27238837768819
              ], 
              [
                -83.84976476455138, 
                46.27121088488776
              ], 
              [
                -83.84299439151805, 
                46.269150339658836
              ], 
              [
                -83.84108102893903, 
                46.262968701219584
              ], 
              [
                -83.83651838844442, 
                46.255315240650305
              ], 
              [
                -83.82562691427366, 
                46.24177448794678
              ], 
              [
                -83.81414673313733, 
                46.23559287974933
              ], 
              [
                -83.80413832789218, 
                46.23706465200197
              ], 
              [
                -83.79545458545971, 
                46.24000829194812
              ], 
              [
                -83.78765393495368, 
                46.238242104973075
              ], 
              [
                -83.78235538087043, 
                46.223229534872445
              ], 
              [
                -83.79030321387319, 
                46.205273326156416
              ], 
              [
                -83.80207780075813, 
                46.18584533613213
              ], 
              [
                -83.81517700820861, 
                46.142868180961436
              ]
            ]
          ], 
          [
            [
              [
                -80.22128537348742, 
                45.310995145270525
              ], 
              [
                -80.18331240385672, 
                45.333955552922504
              ], 
              [
                -80.17168501611478, 
                45.327479532349756
              ], 
              [
                -80.15520062810045, 
                45.32129789211555
              ], 
              [
                -80.13842186922282, 
                45.318648607446505
              ], 
              [
                -80.12561703306262, 
                45.32335844046705
              ], 
              [
                -80.11605019367902, 
                45.33307244577515
              ], 
              [
                -80.10486436130368, 
                45.342197742952244
              ], 
              [
                -80.09117642064216, 
                45.34779064322996
              ], 
              [
                -80.07410329977093, 
                45.34749627599508
              ], 
              [
                -80.08087369011942, 
                45.34043156892609
              ], 
              [
                -80.07425049725829, 
                45.34043156892609
              ], 
              [
                -80.0695406601233, 
                45.33895972527006
              ], 
              [
                -80.05982665251625, 
                45.333955552922504
              ], 
              [
                -80.06733293956364, 
                45.32630208936326
              ], 
              [
                -80.07218993664566, 
                45.31599932206103
              ], 
              [
                -80.07557513055193, 
                45.310995145270525
              ], 
              [
                -80.08087368588917, 
                45.306579685540015
              ], 
              [
                -80.0741033048449, 
                45.29951493378876
              ], 
              [
                -80.09676934855379, 
                45.2909783863869
              ], 
              [
                -80.15608371296683, 
                45.25800958919941
              ], 
              [
                -80.14916616351915, 
                45.271550354691
              ], 
              [
                -80.16094072260893, 
                45.265957423837406
              ], 
              [
                -80.17124346646004, 
                45.248001210839625
              ], 
              [
                -80.17992720872651, 
                45.24446884238511
              ], 
              [
                -80.192143323174, 
                45.24652939785514
              ], 
              [
                -80.2020045229749, 
                45.25241668359528
              ], 
              [
                -80.2102467194525, 
                45.261247609310864
              ], 
              [
                -80.2174586410172, 
                45.271550354691
              ], 
              [
                -80.22731983675834, 
                45.29657130027621
              ], 
              [
                -80.22128537348742, 
                45.310995145270525
              ]
            ]
          ], 
          [
            [
              [
                -80.16005764606237, 
                44.84472239099124
              ], 
              [
                -80.17551180525976, 
                44.8258831757885
              ], 
              [
                -80.18301799858395, 
                44.807338043531146
              ], 
              [
                -80.16977160929972, 
                44.79261982968413
              ], 
              [
                -80.18669763080993, 
                44.793797462384155
              ], 
              [
                -80.20936365338461, 
                44.80969309337916
              ], 
              [
                -80.23114652464821, 
                44.83265334031972
              ], 
              [
                -80.24542317373033, 
                44.85473062676273
              ], 
              [
                -80.23791701378617, 
                44.87504201315838
              ], 
              [
                -80.21613404019621, 
                44.86503357403858
              ], 
              [
                -80.1657977961279, 
                44.87150963016754
              ], 
              [
                -80.14916609103697, 
                44.86150097413159
              ], 
              [
                -80.16005764606237, 
                44.84472239099124
              ]
            ]
          ], 
          [
            [
              [
                -82.6383092465411, 
                41.74742307827294
              ], 
              [
                -82.6622998855235, 
                41.73299915341374
              ], 
              [
                -82.67481039946314, 
                41.729466869091674
              ], 
              [
                -82.68349412019583, 
                41.73358792039737
              ], 
              [
                -82.68584900105051, 
                41.744479322032504
              ], 
              [
                -82.6843771957701, 
                41.79540434998816
              ], 
              [
                -82.67745961852675, 
                41.80806196280892
              ], 
              [
                -82.6443436511927, 
                41.838087097142214
              ], 
              [
                -82.64434371458364, 
                41.82454648697373
              ], 
              [
                -82.62874238543974, 
                41.759786311996216
              ], 
              [
                -82.62270791260786, 
                41.7497779134905
              ], 
              [
                -82.6383092465411, 
                41.74742307827294
              ]
            ]
          ], 
          [
            [
              [
                -84.54181481881533, 
                46.90085573745598
              ], 
              [
                -84.52886281755436, 
                46.91586834637141
              ], 
              [
                -84.5123784367459, 
                46.92263874077693
              ], 
              [
                -84.49398069114312, 
                46.9164571174393
              ], 
              [
                -84.47661322474706, 
                46.906448769477734
              ], 
              [
                -84.45895131721802, 
                46.9055655638058
              ], 
              [
                -84.44158382598056, 
                46.90703736979637
              ], 
              [
                -84.42509943298839, 
                46.90291626845135
              ], 
              [
                -84.43937614230988, 
                46.89673471480574
              ], 
              [
                -84.45438866692767, 
                46.89585153563472
              ], 
              [
                -84.47013715110185, 
                46.89644027028232
              ], 
              [
                -84.48662157796046, 
                46.8955572455102
              ], 
              [
                -84.53254233979621, 
                46.88231078036492
              ], 
              [
                -84.54932109503545, 
                46.88231078036492
              ], 
              [
                -84.54181481881533, 
                46.90085573745598
              ]
            ]
          ], 
          [
            [
              [
                -76.64049296402297, 
                44.17563274068033
              ], 
              [
                -76.65889065439863, 
                44.16326929749569
              ], 
              [
                -76.70319256471592, 
                44.12470783901293
              ], 
              [
                -76.71938257110065, 
                44.124119065027614
              ], 
              [
                -76.7364556524372, 
                44.12088097526727
              ], 
              [
                -76.77840253846414, 
                44.12294151952546
              ], 
              [
                -76.81460927615534, 
                44.13236106097952
              ], 
              [
                -76.81519805236664, 
                44.151200471329936
              ], 
              [
                -76.79429824549948, 
                44.16268077447383
              ], 
              [
                -76.71614455964638, 
                44.182403148675036
              ], 
              [
                -76.6600682220582, 
                44.20065378801831
              ], 
              [
                -76.63681338873232, 
                44.198887454170304
              ], 
              [
                -76.64049296402297, 
                44.17563274068033
              ]
            ]
          ], 
          [
            [
              [
                -76.31389595872766, 
                44.28896291582785
              ], 
              [
                -76.27916093239186, 
                44.30368099036314
              ], 
              [
                -76.24192385922696, 
                44.310745704747944
              ], 
              [
                -76.19541433411048, 
                44.312806269064176
              ], 
              [
                -76.20586427599117, 
                44.3019148305253
              ], 
              [
                -76.23868588924849, 
                44.27983755008169
              ], 
              [
                -76.27548137191356, 
                44.26953473176627
              ], 
              [
                -76.35319360350037, 
                44.26423640423772
              ], 
              [
                -76.31389595872766, 
                44.28896291582785
              ]
            ]
          ], 
          [
            [
              [
                -76.40853401320132, 
                44.13501044979068
              ], 
              [
                -76.42442971556493, 
                44.124119065027614
              ], 
              [
                -76.43326058334917, 
                44.12029220662942
              ], 
              [
                -76.44135565237552, 
                44.122058515010856
              ], 
              [
                -76.44886192169352, 
                44.12559084908017
              ], 
              [
                -76.45607382868265, 
                44.12706263827486
              ], 
              [
                -76.47108645662559, 
                44.12676840198771
              ], 
              [
                -76.48006444005128, 
                44.12529630891417
              ], 
              [
                -76.4896313318343, 
                44.12088097526727
              ], 
              [
                -76.48963133917931, 
                44.12706263827486
              ], 
              [
                -76.48300812498596, 
                44.130006232093066
              ], 
              [
                -76.47770963805296, 
                44.13471620794994
              ], 
              [
                -76.4734412358223, 
                44.140603218272716
              ], 
              [
                -76.4691729756136, 
                44.148256729261846
              ], 
              [
                -76.50228904829397, 
                44.15002315498465
              ], 
              [
                -76.49934534516382, 
                44.166507408602016
              ], 
              [
                -76.45960616563595, 
                44.206246516087354
              ], 
              [
                -76.43546828664958, 
                44.21419430183332
              ], 
              [
                -76.40132210908463, 
                44.21095643237522
              ], 
              [
                -76.36791179143937, 
                44.20094807606304
              ], 
              [
                -76.34627596068253, 
                44.18917336098892
              ], 
              [
                -76.35098578671418, 
                44.18917336098892
              ], 
              [
                -76.35378233770629, 
                44.18740738047327
              ], 
              [
                -76.35628437117286, 
                44.18475796621895
              ], 
              [
                -76.36526244511553, 
                44.17798752022516
              ], 
              [
                -76.37968637420568, 
                44.16179768655352
              ], 
              [
                -76.35996393548372, 
                44.1544384894384
              ], 
              [
                -76.40853401320132, 
                44.13501044979068
              ]
            ]
          ], 
          [
            [
              [
                -76.41618742890103, 
                44.22273084502561
              ], 
              [
                -76.37968629159991, 
                44.23362234984297
              ], 
              [
                -76.35996389010982, 
                44.23715470830196
              ], 
              [
                -76.27150753934055, 
                44.238037955077075
              ], 
              [
                -76.24427878493843, 
                44.24274761944329
              ], 
              [
                -76.22588108107529, 
                44.243925196329236
              ], 
              [
                -76.19070452699293, 
                44.24451383352061
              ], 
              [
                -76.18128485196576, 
                44.24098141283537
              ], 
              [
                -76.19541445375413, 
                44.23067894392326
              ], 
              [
                -76.22205429035655, 
                44.219787210799105
              ], 
              [
                -76.25281541248226, 
                44.21625499905649
              ], 
              [
                -76.40603189192957, 
                44.21537179829371
              ], 
              [
                -76.43502681589288, 
                44.22331975734369
              ], 
              [
                -76.41618742890103, 
                44.22273084502561
              ]
            ]
          ]
        ]
      }, 
      "type": "Feature", 
      "properties": {
        "source": "https://simplemaps.com", 
        "id": "CAON", 
        "name": "Ontario"
      }, 
      "id": 5
    }
  ]
}