{
  "type": "FeatureCollection",
  "features": [
    {
      "geometry": {
        "type": "MultiPolygon",
        "coordinates": [
          [
            [
              [
                -74.3461807932361,
                45.22056712452883
              ],
              [
                -74.35605017639962,
                45.22571523324647
              ],
              [
                -74.38811540728477,
                45.24953807938749
              ],
              [
                -74.42578751998126,
                45.2777017210929
              ],
              [
                -74.450101280062,
                45.29589182409224
              ],
              [
                -74.47800656084087,
                45.31687246990455
              ],
              [
                -74.46811051371857,
                45.34668974916834
              ],
              [
                -74.45581152329623,
                45.38402597239798
              ],
              [
                -74.44116125496211,
                45.4284935415226
              ],
              [
                -74.42322954240413,
                45.482831330983565
              ],
              [
                -74.40917355082856,
                45.525180163167505
              ],
              [
                -74.40180966199343,
                45.54755606673054
              ],
              [
                -74.39351559059669,
                45.57267080280376
              ],
              [
                -74.39648698585353,
                45.57484121345765
              ],
              [
                -74.45718095511221,
                45.595046698282374
              ],
              [
                -74.50438738070933,
                45.59747549935576
              ],
              [
                -74.54526342777936,
                45.60884429077951
              ],
              [
                -74.58557104550303,
                45.62605254299963
              ],
              [
                -74.6228555987569,
                45.64796336675303
              ],
              [
                -74.64365534905824,
                45.65607653614962
              ],
              [
                -74.66523026160138,
                45.65630908697824
              ],
              [
                -74.67181900992136,
                45.653673596056
              ],
              [
                -74.68429888352163,
                45.64574129633227
              ],
              [
                -74.69096513578722,
                45.642692370340534
              ],
              [
                -74.69667538494711,
                45.64168468844449
              ],
              [
                -74.71416785879069,
                45.64137463303136
              ],
              [
                -74.77506852763928,
                45.63251210936418
              ],
              [
                -74.93753922396182,
                45.63767973684583
              ],
              [
                -74.96640051958185,
                45.633158068400576
              ],
              [
                -74.99386655022565,
                45.62279695923444
              ],
              [
                -75.02425229115093,
                45.606673910308295
              ],
              [
                -75.05295854626583,
                45.59595104131421
              ],
              [
                -75.28359045719242,
                45.57664987957906
              ],
              [
                -75.3105397160233,
                45.56812326771267
              ],
              [
                -75.3603816305369,
                45.54373198231994
              ],
              [
                -75.59277055221115,
                45.479653219269984
              ],
              [
                -75.65641008686833,
                45.47546744446211
              ],
              [
                -75.68325598922392,
                45.46854279407772
              ],
              [
                -75.70715633624096,
                45.45552032769852
              ],
              [
                -75.72904130374526,
                45.43526316233802
              ],
              [
                -75.75242489465288,
                45.407538768051744
              ],
              [
                -75.76131324657771,
                45.40001985961622
              ],
              [
                -75.77555010276336,
                45.393818685986666
              ],
              [
                -75.84099830540211,
                45.38715242681788
              ],
              [
                -75.85549353034415,
                45.38859933784752
              ],
              [
                -75.86939448845744,
                45.39260425614436
              ],
              [
                -75.88195187010612,
                45.39950307851824
              ],
              [
                -75.9126993546317,
                45.427046630623124
              ],
              [
                -75.92512753898552,
                45.43350619010757
              ],
              [
                -75.92964922208994,
                45.441257647120416
              ],
              [
                -75.93944189686883,
                45.45169626663619
              ],
              [
                -75.95941484360004,
                45.46869782616043
              ],
              [
                -75.96949175205141,
                45.47438223988406
              ],
              [
                -75.99884396754857,
                45.4863711771503
              ],
              [
                -76.00967016744261,
                45.488024794437266
              ],
              [
                -76.02313188803534,
                45.505413937271754
              ],
              [
                -76.04884090822829,
                45.51546499378692
              ],
              [
                -76.12844845472141,
                45.529650179971384
              ],
              [
                -76.15490678592722,
                45.52946930522953
              ],
              [
                -76.22322302147616,
                45.51996082562997
              ],
              [
                -76.22849403076778,
                45.51781628398382
              ],
              [
                -76.23541867147058,
                45.51288118094968
              ],
              [
                -76.240017874736,
                45.5076618624129
              ],
              [
                -76.24660661070816,
                45.495440366716686
              ],
              [
                -76.24991390523998,
                45.49107371228722
              ],
              [
                -76.2604300676419,
                45.48430411800574
              ],
              [
                -76.28874874486186,
                45.474072171083705
              ],
              [
                -76.30097022607305,
                45.471746739736965
              ],
              [
                -76.3146644778452,
                45.47107494179526
              ],
              [
                -76.34347408529679,
                45.47355540306693
              ],
              [
                -76.35592810094144,
                45.47686268479044
              ],
              [
                -76.36781369500565,
                45.48306388799469
              ],
              [
                -76.39008622859576,
                45.498515121990216
              ],
              [
                -76.40181678175546,
                45.503010979300484
              ],
              [
                -76.40362545911621,
                45.51117585973849
              ],
              [
                -76.41160946380081,
                45.512261056290654
              ],
              [
                -76.43277096901083,
                45.522182944982816
              ],
              [
                -76.43961808753096,
                45.52378489551643
              ],
              [
                -76.46168391878193,
                45.52642037996408
              ],
              [
                -76.49958858222368,
                45.53815093290068
              ],
              [
                -76.5962235152154,
                45.555720928561705
              ],
              [
                -76.6228627181324,
                45.565022691905924
              ],
              [
                -76.63722876065903,
                45.57241240776745
              ],
              [
                -76.6474607006359,
                45.58083568139822
              ],
              [
                -76.6549796148391,
                45.59204945196092
              ],
              [
                -76.66634844016771,
                45.62129833526262
              ],
              [
                -76.67239457026606,
                45.63023833031969
              ],
              [
                -76.69017125990726,
                45.64793750284436
              ],
              [
                -76.6984395088028,
                45.661502607444206
              ],
              [
                -76.7025477778684,
                45.691810819755645
              ],
              [
                -76.7069402566888,
                45.70801134333698
              ],
              [
                -76.71528602470246,
                45.72196402991206
              ],
              [
                -76.72575049051385,
                45.73149830762941
              ],
              [
                -76.73869542403814,
                45.737570262617744
              ],
              [
                -76.75450843285608,
                45.741110139965386
              ],
              [
                -76.76536049724947,
                45.760101259938764
              ],
              [
                -76.77342199920226,
                45.779376522987135
              ],
              [
                -76.77843463022029,
                45.79950452935049
              ],
              [
                -76.78107011663504,
                45.8437136936621
              ],
              [
                -76.78595353622434,
                45.86169708391653
              ],
              [
                -76.79732234391858,
                45.87554635130035
              ],
              [
                -76.81773452702873,
                45.88588162264682
              ],
              [
                -76.85698280909722,
                45.89471835922344
              ],
              [
                -76.87755003017622,
                45.89590691902059
              ],
              [
                -76.90240637427628,
                45.89249623313342
              ],
              [
                -76.90889178128761,
                45.89017082585834
              ],
              [
                -76.92333533188994,
                45.8837629209792
              ],
              [
                -76.92953649285568,
                45.86841499688762
              ],
              [
                -76.927081867799,
                45.85492746262863
              ],
              [
                -76.92178503889983,
                45.839295350957144
              ],
              [
                -76.91741837824692,
                45.82402496180481
              ],
              [
                -76.91801267117482,
                45.811467619931136
              ],
              [
                -76.93581519571774,
                45.79436270598892
              ],
              [
                -76.96374631728068,
                45.78841993676824
              ],
              [
                -76.9934602542001,
                45.79022858535777
              ],
              [
                -77.0166112971306,
                45.79622305652955
              ],
              [
                -77.05637630096136,
                45.81053740427509
              ],
              [
                -77.09784664128927,
                45.82443837209879
              ],
              [
                -77.1385159866973,
                45.83978625823584
              ],
              [
                -77.17603307115105,
                45.85862230624333
              ],
              [
                -77.20073440620752,
                45.87378934112175
              ],
              [
                -77.22649512005239,
                45.89084258821368
              ],
              [
                -77.25096393303892,
                45.90944615082034
              ],
              [
                -77.27189287799176,
                45.92923820268396
              ],
              [
                -77.28253820099017,
                45.94732490879797
              ],
              [
                -77.28478613900995,
                45.96471405444157
              ],
              [
                -77.28499285781672,
                45.98218071805617
              ],
              [
                -77.2893595005368,
                46.000344949940846
              ],
              [
                -77.30703286088053,
                46.01982700705169
              ],
              [
                -77.33529985208428,
                46.03680268048652
              ],
              [
                -77.34682371335452,
                46.04762892760373
              ],
              [
                -77.35798580843928,
                46.05884268297758
              ],
              [
                -77.37289445490731,
                46.063803612517674
              ],
              [
                -77.39749245209049,
                46.07305372613541
              ],
              [
                -77.40818945453465,
                46.07811797584114
              ],
              [
                -77.46903844890335,
                46.11506661636719
              ],
              [
                -77.658406741739,
                46.18389963876295
              ],
              [
                -77.68390907214932,
                46.18731030652756
              ],
              [
                -77.68199703459376,
                46.18669016869297
              ],
              [
                -77.72240798779374,
                46.19371813019253
              ],
              [
                -77.92089718331943,
                46.23562775398034
              ],
              [
                -78.04554074961193,
                46.23821159937095
              ],
              [
                -78.1108080660339,
                46.262602837917335
              ],
              [
                -78.24351314155116,
                46.27234384123602
              ],
              [
                -78.29286412486475,
                46.265600046289286
              ],
              [
                -78.32069191597289,
                46.26596185014135
              ],
              [
                -78.33291339243527,
                46.275780370523805
              ],
              [
                -78.34505735415274,
                46.28900953853437
              ],
              [
                -78.37278176009794,
                46.293815448611845
              ],
              [
                -78.42228773492701,
                46.293453615488815
              ],
              [
                -78.69402829800738,
                46.336500174384256
              ],
              [
                -78.71978901147742,
                46.34709386666346
              ],
              [
                -78.73077020684686,
                46.364818786705214
              ],
              [
                -78.73733316708639,
                46.385747850729
              ],
              [
                -78.7540504362338,
                46.401405693711936
              ],
              [
                -78.89122553209694,
                46.47008368685839
              ],
              [
                -78.93168818879444,
                46.499745977677456
              ],
              [
                -78.9641409912245,
                46.533025607274475
              ],
              [
                -78.99160702361708,
                46.57338491767213
              ],
              [
                -79.00134803018902,
                46.595760812454756
              ],
              [
                -79.0051204208804,
                46.61839511112111
              ],
              [
                -79.01380205291277,
                46.63834219907398
              ],
              [
                -79.03398170551681,
                46.653767624472806
              ],
              [
                -79.073384951893,
                46.67642767176575
              ],
              [
                -79.0962001243708,
                46.70433300155012
              ],
              [
                -79.16358620662892,
                46.82391229673029
              ],
              [
                -79.20459140125593,
                46.85476301634567
              ],
              [
                -79.25053179057917,
                46.889593013022925
              ],
              [
                -79.29205376643087,
                46.928867026783365
              ],
              [
                -79.32577267642344,
                46.977546303282296
              ],
              [
                -79.3564684913918,
                47.01521844922713
              ],
              [
                -79.39633680528925,
                47.04989322814696
              ],
              [
                -79.43129593698602,
                47.08699695689598
              ],
              [
                -79.44716059573997,
                47.13174873466753
              ],
              [
                -79.44506771785558,
                47.16249624800145
              ],
              [
                -79.44002925946066,
                47.1935537730438
              ],
              [
                -79.43641190541985,
                47.22510222572008
              ],
              [
                -79.43884069271512,
                47.25716744259177
              ],
              [
                -79.44537777844785,
                47.274685786437686
              ],
              [
                -79.45597140644082,
                47.290395342491024
              ],
              [
                -79.46891642008542,
                47.304864876437165
              ],
              [
                -79.48258477135919,
                47.31850732523712
              ],
              [
                -79.50480564303102,
                47.340934907732425
              ],
              [
                -79.52800836272958,
                47.36568792332644
              ],
              [
                -79.55410501611217,
                47.39157792431739
              ],
              [
                -79.5712615938059,
                47.41757117347144
              ],
              [
                -79.5803307601209,
                47.451832552904094
              ],
              [
                -79.57278598329478,
                47.484026937359374
              ],
              [
                -79.55423420260425,
                47.513611810143395
              ],
              [
                -79.53048882297747,
                47.540250894563435
              ],
              [
                -79.51651036259577,
                47.56572740410392
              ],
              [
                -79.51291879837122,
                47.596836512644444
              ],
              [
                -79.5145725801092,
                47.6297029920334
              ],
              [
                -79.5165619907771,
                47.660036799692186
              ],
              [
                -79.51656199635096,
                47.68582335055232
              ],
              [
                -79.5162002743333,
                47.71181662188583
              ],
              [
                -79.51625208002815,
                47.7376809256912
              ],
              [
                -79.51738885295279,
                47.763389741218774
              ],
              [
                -79.52079956597159,
                47.819510479681256
              ],
              [
                -79.5207995560028,
                47.87247880283623
              ],
              [
                -79.52079947891683,
                47.98513327593116
              ],
              [
                -79.52079948334006,
                48.097787906861875
              ],
              [
                -79.52079946424209,
                48.21044249244572
              ],
              [
                -79.52079947570391,
                48.32309713782617
              ],
              [
                -79.52079957420148,
                48.435751948312934
              ],
              [
                -79.52079949092357,
                48.54840641160691
              ],
              [
                -79.52079960492723,
                48.661061250641616
              ],
              [
                -79.52079948386816,
                48.77371564381891
              ],
              [
                -79.52079950867312,
                48.88637031453773
              ],
              [
                -79.52079957423761,
                48.999025059198836
              ],
              [
                -79.52079957050343,
                49.11167967386637
              ],
              [
                -79.52079955295596,
                49.22433426391968
              ],
              [
                -79.52079957965844,
                49.33698893491599
              ],
              [
                -79.52079953892944,
                49.449643482667554
              ],
              [
                -79.5207994885967,
                49.56229801269427
              ],
              [
                -79.52079948620607,
                49.674952630699266
              ],
              [
                -79.52079959052966,
                49.78760744257305
              ],
              [
                -79.52079951794767,
                49.900261933446146
              ],
              [
                -79.5207995266612,
                50.01291657203512
              ],
              [
                -79.52079952742012,
                50.125571195401164
              ],
              [
                -79.52079953125755,
                50.23822582421034
              ],
              [
                -79.52079953266765,
                50.3508804495716
              ],
              [
                -79.52079952548738,
                50.46353505893074
              ],
              [
                -79.52079953477809,
                50.57618969808553
              ],
              [
                -79.52079953221785,
                50.68884431558126
              ],
              [
                -79.52079950984059,
                50.80149889881983
              ],
              [
                -79.52079950476609,
                50.91415351312409
              ],
              [
                -79.52082272100773,
                50.94289785573442
              ],
              [
                -79.42300371047378,
                50.85663483381932
              ],
              [
                -79.41441811744374,
                50.84345127264073
              ],
              [
                -79.4010310327195,
                50.816961944135606
              ],
              [
                -79.39199787057025,
                50.80512119492239
              ],
              [
                -79.35838782813587,
                50.780462963443625
              ],
              [
                -79.35411536886073,
                50.77098217244144
              ],
              [
                -79.35423743159664,
                50.756537172823975
              ],
              [
                -79.35285398604542,
                50.743353610897195
              ],
              [
                -79.34703526980913,
                50.7330182678362
              ],
              [
                -79.33429926985832,
                50.72691475813082
              ],
              [
                -79.33454343864523,
                50.76841871244229
              ],
              [
                -79.33958899005133,
                50.79181548667658
              ],
              [
                -79.35753334292492,
                50.80206942194755
              ],
              [
                -79.36921140588005,
                50.81138746106006
              ],
              [
                -79.4093318148539,
                50.87030667318036
              ],
              [
                -79.4434301483715,
                50.90379467499281
              ],
              [
                -79.46397865205938,
                50.919134845168735
              ],
              [
                -79.48135332534633,
                50.925604569934364
              ],
              [
                -79.49791418969917,
                50.934027407038194
              ],
              [
                -79.52082269776594,
                50.96548082277349
              ],
              [
                -79.5207995395202,
                50.96577832943226
              ],
              [
                -79.52079951097582,
                51.02680814595945
              ],
              [
                -79.52079952021455,
                51.13946278476723
              ],
              [
                -79.52079952617679,
                51.25211741696466
              ],
              [
                -79.52079952751245,
                51.364797880563714
              ],
              [
                -79.52082276216318,
                51.4667016360728
              ],
              [
                -79.51919510489626,
                51.46739327728322
              ],
              [
                -79.51911377852385,
                51.48350664963594
              ],
              [
                -79.52969318488454,
                51.50971104182503
              ],
              [
                -79.54531820318891,
                51.536729301542444
              ],
              [
                -79.56017004661119,
                51.555528054630955
              ],
              [
                -79.51642818824337,
                51.56028880272916
              ],
              [
                -79.46812905792622,
                51.580186301824575
              ],
              [
                -79.34601807697281,
                51.661810687736526
              ],
              [
                -79.32323161776331,
                51.666978328715004
              ],
              [
                -79.27896075489264,
                51.64203524633332
              ],
              [
                -79.25548256811459,
                51.63873935375687
              ],
              [
                -79.24453691982279,
                51.63092683646912
              ],
              [
                -79.25853430080049,
                51.60394927220539
              ],
              [
                -79.28111732473687,
                51.57208894702869
              ],
              [
                -79.28563390708709,
                51.551988004610344
              ],
              [
                -79.27562419034832,
                51.53160234399444
              ],
              [
                -79.26585852490963,
                51.52777740578634
              ],
              [
                -79.18415281550081,
                51.525702243869944
              ],
              [
                -79.16917885583392,
                51.528265718746006
              ],
              [
                -79.1579483312444,
                51.53314843784994
              ],
              [
                -79.14981035899088,
                51.53864168249593
              ],
              [
                -79.14122474917619,
                51.54254793618598
              ],
              [
                -79.12816322517449,
                51.54254793618598
              ],
              [
                -79.10960855472457,
                51.53070714317185
              ],
              [
                -79.09406491166112,
                51.51829662319252
              ],
              [
                -79.08275303071053,
                51.50665919912325
              ],
              [
                -79.02912350474477,
                51.47992585265333
              ],
              [
                -79.01154536596717,
                51.46739327728322
              ],
              [
                -79.00658121848895,
                51.45575598553968
              ],
              [
                -79.00719156530418,
                51.43187088478476
              ],
              [
                -79.00527908241247,
                51.41901273040558
              ],
              [
                -78.9983617505779,
                51.406805675858976
              ],
              [
                -78.97862709972293,
                51.38914625617014
              ],
              [
                -78.9705704851031,
                51.377427549416026
              ],
              [
                -78.9524633441995,
                51.31159088563297
              ],
              [
                -78.93980873732971,
                51.29267001349765
              ],
              [
                -78.93504799784832,
                51.28160230981764
              ],
              [
                -78.94090734208231,
                51.272284223188365
              ],
              [
                -78.96060135403525,
                51.257920619523226
              ],
              [
                -78.96336828211238,
                51.24738188435966
              ],
              [
                -78.95982825011205,
                51.23248931833943
              ],
              [
                -78.95319575387569,
                51.21922432850249
              ],
              [
                -78.91250565978997,
                51.18248118148673
              ],
              [
                -78.90094969426805,
                51.17706943782473
              ],
              [
                -78.8470353032586,
                51.16449619068892
              ],
              [
                -78.85871334130624,
                51.17637766465007
              ],
              [
                -78.87018793862174,
                51.19281644486561
              ],
              [
                -78.88292397865614,
                51.207261497173825
              ],
              [
                -78.91429603041946,
                51.2191836651497
              ],
              [
                -78.9197891999577,
                51.232977619639684
              ],
              [
                -78.91905677230196,
                51.25059642494305
              ],
              [
                -78.91222081894054,
                51.289170617663345
              ],
              [
                -78.909047000974,
                51.296087952825715
              ],
              [
                -78.90330968890038,
                51.30438872002466
              ],
              [
                -78.88487710966051,
                51.319688265270514
              ],
              [
                -78.86237542549094,
                51.34418361060442
              ],
              [
                -78.84805254793218,
                51.35089754496104
              ],
              [
                -78.82656812036177,
                51.35008365316603
              ],
              [
                -78.84007732370956,
                51.3629011870285
              ],
              [
                -78.87970942914203,
                51.37449777218819
              ],
              [
                -78.88801020808131,
                51.38764067168631
              ],
              [
                -78.88215080303542,
                51.40326562051494
              ],
              [
                -78.8677465636399,
                51.41368238393321
              ],
              [
                -78.84992425271905,
                51.422349299434515
              ],
              [
                -78.83336339041101,
                51.432684601945724
              ],
              [
                -78.80972244976017,
                51.46051665157942
              ],
              [
                -78.79381265834016,
                51.474473423898964
              ],
              [
                -78.75357014160649,
                51.48619216755175
              ],
              [
                -78.74429281366588,
                51.48729082617009
              ],
              [
                -78.69001221463787,
                51.48729082617009
              ],
              [
                -78.71312412684594,
                51.506537132529125
              ],
              [
                -78.7822973683514,
                51.50360755416101
              ],
              [
                -78.8128556034768,
                51.51459382629796
              ],
              [
                -78.82266192194979,
                51.5377058111787
              ],
              [
                -78.81973223623065,
                51.56797925133164
              ],
              [
                -78.80821696662238,
                51.59564857375504
              ],
              [
                -78.79238849952412,
                51.61078526280078
              ],
              [
                -78.80402580880198,
                51.61351139877195
              ],
              [
                -78.82933506310698,
                51.614243836526995
              ],
              [
                -78.84080971119263,
                51.61701082792103
              ],
              [
                -78.84825596965156,
                51.62409085430409
              ],
              [
                -78.86750238911513,
                51.64683662412262
              ],
              [
                -78.87840733448041,
                51.651719431687106
              ],
              [
                -78.90510008487351,
                51.65350986820873
              ],
              [
                -78.9292699669672,
                51.66046780891465
              ],
              [
                -78.94249431596032,
                51.67511635542441
              ],
              [
                -78.93639078162649,
                51.70014073849919
              ],
              [
                -78.96568760895352,
                51.71112698628569
              ],
              [
                -78.98058018455603,
                51.71857327127122
              ],
              [
                -78.99168856351758,
                51.72687401961834
              ],
              [
                -79.00910392488383,
                51.75352603328525
              ],
              [
                -79.019398592697,
                51.763169707104346
              ],
              [
                -79.03880776662922,
                51.768500101588245
              ],
              [
                -79.02904216751874,
                51.785712058955696
              ],
              [
                -79.01496336095362,
                51.796128674729424
              ],
              [
                -78.997466617911,
                51.80125562933435
              ],
              [
                -78.97736571765408,
                51.80255773201958
              ],
              [
                -78.96788491312061,
                51.80145908237216
              ],
              [
                -78.94798744727338,
                51.796576261257385
              ],
              [
                -78.93639077288569,
                51.79572177867378
              ],
              [
                -78.92381751992156,
                51.79820385628654
              ],
              [
                -78.90172281722099,
                51.80792883036098
              ],
              [
                -78.87637284259928,
                51.81488677191041
              ],
              [
                -78.85708570863036,
                51.82689031272042
              ],
              [
                -78.8405655300883,
                51.84227117753644
              ],
              [
                -78.83336338888017,
                51.8571637669385
              ],
              [
                -78.83967041629928,
                51.86827226881356
              ],
              [
                -78.86839759748221,
                51.89032625151567
              ],
              [
                -78.87498937381692,
                51.90867745396553
              ],
              [
                -78.89150953744283,
                51.932074233310914
              ],
              [
                -78.89256749440221,
                51.94676338463436
              ],
              [
                -78.87120522780036,
                51.953436625711106
              ],
              [
                -78.82725994095479,
                51.957871888718216
              ],
              [
                -78.74718175379947,
                51.97687406394592
              ],
              [
                -78.73082436196525,
                51.98741285131741
              ],
              [
                -78.71971591168618,
                52.013983402082005
              ],
              [
                -78.71011308468032,
                52.01500071746682
              ],
              [
                -78.70059159089449,
                52.01434966013745
              ],
              [
                -78.69619703883812,
                52.01825587667442
              ],
              [
                -78.69619707655997,
                52.029730548608825
              ],
              [
                -78.69741780069822,
                52.03949620717882
              ],
              [
                -78.70152743462634,
                52.048203779046894
              ],
              [
                -78.7098689200488,
                52.056463894099466
              ],
              [
                -78.66926018850664,
                52.05512110850532
              ],
              [
                -78.6497290026995,
                52.058661254512195
              ],
              [
                -78.63475500174302,
                52.06944406090462
              ],
              [
                -78.6409399302016,
                52.07212966099755
              ],
              [
                -78.64972898759483,
                52.079901463309255
              ],
              [
                -78.65526280806696,
                52.083726275799464
              ],
              [
                -78.63329019110016,
                52.09357334746889
              ],
              [
                -78.61164300186604,
                52.09845607014764
              ],
              [
                -78.59129797294982,
                52.10614653859314
              ],
              [
                -78.57331293230037,
                52.124701201212034
              ],
              [
                -78.56948805679549,
                52.13349025506065
              ],
              [
                -78.56314040548249,
                52.15562567888907
              ],
              [
                -78.55899000924276,
                52.16571681618984
              ],
              [
                -78.5524796563132,
                52.17405839369742
              ],
              [
                -78.53722082474322,
                52.18891021094206
              ],
              [
                -78.53172765777224,
                52.19977446401089
              ],
              [
                -78.55296793096555,
                52.23639562138057
              ],
              [
                -78.54674227413176,
                52.246649409924345
              ],
              [
                -78.5180558248543,
                52.25507238581834
              ],
              [
                -78.48997963835352,
                52.25669996578296
              ],
              [
                -78.4081925140463,
                52.24079010939971
              ],
              [
                -78.40819255433335,
                52.24823646530922
              ],
              [
                -78.42467197599139,
                52.25584539850458
              ],
              [
                -78.43639071551277,
                52.26483789413955
              ],
              [
                -78.44871986028838,
                52.272406324112715
              ],
              [
                -78.46715250660435,
                52.2755802007156
              ],
              [
                -78.51227783160745,
                52.27757401402782
              ],
              [
                -78.53506422214316,
                52.27574284825841
              ],
              [
                -78.55284581992105,
                52.26813383599004
              ],
              [
                -78.55894936736168,
                52.288804461048905
              ],
              [
                -78.54686437488256,
                52.30442940895058
              ],
              [
                -78.51183017975274,
                52.33018621993756
              ],
              [
                -78.49958252039828,
                52.355821087846856
              ],
              [
                -78.50812740334845,
                52.36749908331701
              ],
              [
                -78.52350823441719,
                52.37677638020984
              ],
              [
                -78.5317276480315,
                52.395331089059496
              ],
              [
                -78.52611244189643,
                52.399766356025346
              ],
              [
                -78.51569580611455,
                52.410467905504
              ],
              [
                -78.50987707383925,
                52.421372775546374
              ],
              [
                -78.51838133484551,
                52.42637770535615
              ],
              [
                -78.53514559944547,
                52.43065007012814
              ],
              [
                -78.54308022495708,
                52.4400495755722
              ],
              [
                -78.54035393603054,
                52.449408214075035
              ],
              [
                -78.51357987061171,
                52.4579531732504
              ],
              [
                -78.51203367510175,
                52.46735263414794
              ],
              [
                -78.51598061108861,
                52.47675204153457
              ],
              [
                -78.52147379587946,
                52.48094315672941
              ],
              [
                -78.56647697053118,
                52.487860342624586
              ],
              [
                -78.55894932897982,
                52.49738187174613
              ],
              [
                -78.55101480152895,
                52.50141026166157
              ],
              [
                -78.54539954543398,
                52.505479237999275
              ],
              [
                -78.54539953856333,
                52.51512278171307
              ],
              [
                -78.55166586147583,
                52.52484779273657
              ],
              [
                -78.56305909238918,
                52.53327064620506
              ],
              [
                -78.57579502065832,
                52.5393740412258
              ],
              [
                -78.58633376179814,
                52.54242580502729
              ],
              [
                -78.63267981671954,
                52.53168366054029
              ],
              [
                -78.65282140653075,
                52.53172433219869
              ],
              [
                -78.64903723038866,
                52.549261771891544
              ],
              [
                -78.66771397431694,
                52.555975617491896
              ],
              [
                -78.68346109687515,
                52.55255773291989
              ],
              [
                -78.69904539058714,
                52.54584383924946
              ],
              [
                -78.71727451675446,
                52.54242580502729
              ],
              [
                -78.7151587018032,
                52.54694252171173
              ],
              [
                -78.71182207181471,
                52.55821361360662
              ],
              [
                -78.70986889826948,
                52.56293358616957
              ],
              [
                -78.72484294851266,
                52.562445454461326
              ],
              [
                -78.75072181810269,
                52.568548909884626
              ],
              [
                -78.76512609616675,
                52.57037993392513
              ],
              [
                -78.76512609343133,
                52.57721586645821
              ],
              [
                -78.7444555751347,
                52.57750078688184
              ],
              [
                -78.7103165701929,
                52.5944278578903
              ],
              [
                -78.69001219939904,
                52.597723741522266
              ],
              [
                -78.69945230907929,
                52.60541418078883
              ],
              [
                -78.7090958419301,
                52.611070070222354
              ],
              [
                -78.7193904716957,
                52.614976373731345
              ],
              [
                -78.73094637987812,
                52.61753971875365
              ],
              [
                -78.73094635094111,
                52.62498596053234
              ],
              [
                -78.70986887695908,
                52.62498596053234
              ],
              [
                -78.71886137583587,
                52.63825091154659
              ],
              [
                -78.7241918554259,
                52.6522891209086
              ],
              [
                -78.74034584288404,
                52.6466739127521
              ],
              [
                -78.75601161827046,
                52.64647060035714
              ],
              [
                -78.77110763305812,
                52.650824419766266
              ],
              [
                -78.78555252893402,
                52.65912505222827
              ],
              [
                -78.76146392117049,
                52.683783148139874
              ],
              [
                -78.76244052548836,
                52.69603093744969
              ],
              [
                -78.78355880193728,
                52.70026289044183
              ],
              [
                -78.81973219900335,
                52.70066962009368
              ],
              [
                -78.81973215552414,
                52.70689513440486
              ],
              [
                -78.79686429675937,
                52.70844132623202
              ],
              [
                -78.77839115884143,
                52.71381269523521
              ],
              [
                -78.7720435082283,
                52.72418868095972
              ],
              [
                -78.78555244614924,
                52.74103409775693
              ],
              [
                -78.8037816557334,
                52.74567283898065
              ],
              [
                -78.83055588380883,
                52.749335175424825
              ],
              [
                -78.85016841981681,
                52.75739166221246
              ],
              [
                -78.84703525102086,
                52.77521387727443
              ],
              [
                -78.83079989109157,
                52.7825380834184
              ],
              [
                -78.75763904356867,
                52.78266008757978
              ],
              [
                -78.73501549595959,
                52.78917074869209
              ],
              [
                -78.72647060255358,
                52.79808192807732
              ],
              [
                -78.72687748377456,
                52.81114341892259
              ],
              [
                -78.73094650380702,
                52.830430545100064
              ],
              [
                -78.75015213720262,
                52.82086821349549
              ],
              [
                -78.76060952356883,
                52.81785719572414
              ],
              [
                -78.77159591159716,
                52.816758660026
              ],
              [
                -78.78038496154187,
                52.81964763584106
              ],
              [
                -78.77497307445692,
                52.82615788578554
              ],
              [
                -78.69001210302555,
                52.88507710109554
              ],
              [
                -78.70494535418925,
                52.885687424868124
              ],
              [
                -78.78307045639022,
                52.8715274342803
              ],
              [
                -78.79600995272055,
                52.87091715236574
              ],
              [
                -78.82835856060393,
                52.87421301071102
              ],
              [
                -78.84235593985875,
                52.87799716263123
              ],
              [
                -78.85529547210331,
                52.8838973566516
              ],
              [
                -78.86750239813507,
                52.89252348906915
              ],
              [
                -78.8809708045053,
                52.91197332963501
              ],
              [
                -78.88996327729542,
                52.92206441080188
              ],
              [
                -78.90168217243215,
                52.926621936850296
              ],
              [
                -78.87450114768299,
                52.93980547320283
              ],
              [
                -78.86693269433573,
                52.949570947724496
              ],
              [
                -78.8675023738965,
                52.96759669206322
              ],
              [
                -78.85240642812538,
                52.960516748169375
              ],
              [
                -78.82188879902826,
                52.96714915282202
              ],
              [
                -78.80606032779768,
                52.960150420585414
              ],
              [
                -78.79881752629834,
                52.964178801055915
              ],
              [
                -78.79303950207297,
                52.96885811593274
              ],
              [
                -78.78868562534682,
                52.974595363340796
              ],
              [
                -78.78555262888105,
                52.98187911948245
              ],
              [
                -78.81322177177879,
                52.981390632027036
              ],
              [
                -78.82583571026738,
                52.983872739493776
              ],
              [
                -78.83714751453203,
                52.991156195477565
              ],
              [
                -78.84414623068713,
                53.002020482753196
              ],
              [
                -78.84874435055973,
                53.01166425961497
              ],
              [
                -78.85704496736106,
                53.01715715946963
              ],
              [
                -78.87498945812811,
                53.0154484233879
              ],
              [
                -78.87267005836101,
                53.012193112839675
              ],
              [
                -78.87238517130842,
                53.01129784068148
              ],
              [
                -78.87148997067538,
                53.01068745870739
              ],
              [
                -78.86750240207786,
                53.00861236247317
              ],
              [
                -78.89305581279675,
                53.00165439584434
              ],
              [
                -78.92715417234001,
                53.00499106769237
              ],
              [
                -78.96068282846942,
                53.01512292148435
              ],
              [
                -78.98420153933608,
                53.02842831227481
              ],
              [
                -78.96646072620972,
                53.03131742625451
              ],
              [
                -78.94538317683036,
                53.038519453229355
              ],
              [
                -78.92662506468632,
                53.049546513754855
              ],
              [
                -78.9159237239804,
                53.06382899061075
              ],
              [
                -78.92943280204634,
                53.07221109490355
              ],
              [
                -78.94395904131622,
                53.072699169432205
              ],
              [
                -78.95986893390406,
                53.07025786381053
              ],
              [
                -78.97736574533573,
                53.070013829319336
              ],
              [
                -78.91592371299286,
                53.166205274544694
              ],
              [
                -78.9392796828017,
                53.180365191403986
              ],
              [
                -78.93736734082988,
                53.186712996079315
              ],
              [
                -78.9212133804353,
                53.1913923766274
              ],
              [
                -78.90168219155105,
                53.20099533828334
              ],
              [
                -78.90648351853783,
                53.208563528884845
              ],
              [
                -78.9124650114502,
                53.2143009094066
              ],
              [
                -78.91982992174171,
                53.21836992245496
              ],
              [
                -78.92894451995743,
                53.22089273273233
              ],
              [
                -78.91966716153185,
                53.22479895970326
              ],
              [
                -78.89342199709193,
                53.22984445697064
              ],
              [
                -78.88801027775301,
                53.23175699521064
              ],
              [
                -78.89118408047618,
                53.24262121123649
              ],
              [
                -78.89928133873532,
                53.24823633075543
              ],
              [
                -78.9105118220604,
                53.24970119761977
              ],
              [
                -78.92271888188998,
                53.24815501960991
              ],
              [
                -78.90330974874561,
                53.25958901174443
              ],
              [
                -78.89541577160229,
                53.26178612440353
              ],
              [
                -78.8954158549146,
                53.26862219426938
              ],
              [
                -78.90591384060014,
                53.269598659504375
              ],
              [
                -78.92027754796692,
                53.27281333748814
              ],
              [
                -78.93419356750725,
                53.27765546608953
              ],
              [
                -78.94322665735109,
                53.282944998808034
              ],
              [
                -78.9520157656703,
                53.29148999458254
              ],
              [
                -78.95372471473479,
                53.295111356368395
              ],
              [
                -78.9398087493505,
                53.30621983594431
              ],
              [
                -78.93736728928582,
                53.31700262689923
              ],
              [
                -78.94627846246327,
                53.32733797782392
              ],
              [
                -78.95811933320383,
                53.33661540248573
              ],
              [
                -78.96434478480357,
                53.34442768884464
              ],
              [
                -78.96202551453554,
                53.357123105318486
              ],
              [
                -78.94688888842875,
                53.37034753687064
              ],
              [
                -78.94322661839159,
                53.38190327011913
              ],
              [
                -78.94493575811335,
                53.392279494340215
              ],
              [
                -78.94981848833694,
                53.40228912894803
              ],
              [
                -78.95738694454965,
                53.409735572146424
              ],
              [
                -78.96743733052102,
                53.412665148058394
              ],
              [
                -78.972889744951,
                53.41852442860304
              ],
              [
                -78.98566638688332,
                53.4457460293582
              ],
              [
                -78.99168869121803,
                53.45359948592665
              ],
              [
                -79.00381419273751,
                53.45579651527542
              ],
              [
                -79.01878815057225,
                53.45404684002759
              ],
              [
                -79.03286705722365,
                53.44957113581134
              ],
              [
                -79.04255118205712,
                53.44367088062017
              ],
              [
                -79.05333414707104,
                53.4393171763445
              ],
              [
                -79.06322182509108,
                53.44196200646365
              ],
              [
                -79.06525621898835,
                53.44786189568013
              ],
              [
                -79.05247970628363,
                53.45359948592665
              ],
              [
                -79.0524796166254,
                53.46104563308079
              ],
              [
                -79.0762833624435,
                53.46942785012606
              ],
              [
                -79.08775792988658,
                53.48041411086028
              ],
              [
                -79.09703532990264,
                53.493597792331784
              ],
              [
                -79.11457275989981,
                53.50885657496653
              ],
              [
                -79.09459384852349,
                53.52228419891298
              ],
              [
                -79.07005777081925,
                53.53062575716305
              ],
              [
                -79.04206295826287,
                53.53497956414986
              ],
              [
                -79.03001873193857,
                53.53510170567123
              ],
              [
                -79.03823809857037,
                53.53282300542034
              ],
              [
                -79.04625401469569,
                53.52936429137222
              ],
              [
                -79.03880779630117,
                53.522528466423
              ],
              [
                -79.04625409457047,
                53.51630289448904
              ],
              [
                -79.02843176710218,
                53.499090882420695
              ],
              [
                -79.00413981458328,
                53.497666791833545
              ],
              [
                -78.97842372298089,
                53.50547937784062
              ],
              [
                -78.95689862550427,
                53.51630289448904
              ],
              [
                -78.96776291432482,
                53.52142989617093
              ],
              [
                -78.9921768417059,
                53.52757388845235
              ],
              [
                -79.00157629975786,
                53.53278229203858
              ],
              [
                -79.01390545415991,
                53.54791909274035
              ],
              [
                -79.02106693872757,
                53.55369712963586
              ],
              [
                -79.03258210952335,
                53.55662661380138
              ],
              [
                -79.01952055565785,
                53.57086810272758
              ],
              [
                -78.99986731145412,
                53.56683990225126
              ],
              [
                -78.9785864559011,
                53.55597575386816
              ],
              [
                -78.96060139144652,
                53.54979079718438
              ],
              [
                -78.93260666691062,
                53.555121306169504
              ],
              [
                -78.9230850267941,
                53.56671774119292
              ],
              [
                -78.93130444757789,
                53.578599282465525
              ],
              [
                -78.95689862433834,
                53.584580886453075
              ],
              [
                -78.95689855052662,
                53.590765666017916
              ],
              [
                -78.95470132700764,
                53.60008376700932
              ],
              [
                -78.9651994228784,
                53.6089542870213
              ],
              [
                -78.98176028255389,
                53.615423993555346
              ],
              [
                -78.99787345874584,
                53.618109373871704
              ],
              [
                -79.02521722285077,
                53.60443752108443
              ],
              [
                -79.03595942741698,
                53.60276925475617
              ],
              [
                -79.0553279940039,
                53.60187419336307
              ],
              [
                -79.06615144659844,
                53.598211903208444
              ],
              [
                -79.06236736267935,
                53.609564591908736
              ],
              [
                -79.05630447736661,
                53.62034737654393
              ],
              [
                -79.04841070691256,
                53.630235243916104
              ],
              [
                -79.03880783380941,
                53.63922774414446
              ],
              [
                -79.02310130095151,
                53.63206604562105
              ],
              [
                -79.01260340846952,
                53.63780359380901
              ],
              [
                -79.00755766788268,
                53.64765033508718
              ],
              [
                -79.00841217636162,
                53.652818002459114
              ],
              [
                -79.02281656506442,
                53.652940216715045
              ],
              [
                -79.03376214510074,
                53.65473049055385
              ],
              [
                -79.04141188689158,
                53.660508489953976
              ],
              [
                -79.04625406484129,
                53.67271560732296
              ],
              [
                -79.0362441769678,
                53.671576092780484
              ],
              [
                -79.02350826263753,
                53.67267486514286
              ],
              [
                -79.01333573019353,
                53.677313527013645
              ],
              [
                -79.01154530884129,
                53.68699768189168
              ],
              [
                -79.01927642941241,
                53.69391500139326
              ],
              [
                -79.03302980838376,
                53.69586831955649
              ],
              [
                -79.05931555759385,
                53.69444407579234
              ],
              [
                -79.08527574942794,
                53.69660050299724
              ],
              [
                -79.13048253842939,
                53.706000047287176
              ],
              [
                -79.15611741654027,
                53.708075418036536
              ],
              [
                -79.14549719834105,
                53.719427799400194
              ],
              [
                -79.12694241293279,
                53.72284561471839
              ],
              [
                -79.05736241965047,
                53.720038130486515
              ],
              [
                -79.04881755533329,
                53.72565345498376
              ],
              [
                -79.03880768615836,
                53.74164450415145
              ],
              [
                -79.0626115278611,
                53.74408611608873
              ],
              [
                -79.06338450231985,
                53.75714742350874
              ],
              [
                -79.04625410489122,
                53.79002523987171
              ],
              [
                -79.05508369723965,
                53.79157121390796
              ],
              [
                -79.06090239965609,
                53.79425678819253
              ],
              [
                -79.07359775753673,
                53.80365627246553
              ],
              [
                -79.01891021905408,
                53.824164025246894
              ],
              [
                -79.03514563868092,
                53.83002350762942
              ],
              [
                -79.04308025985374,
                53.83112221965998
              ],
              [
                -79.05247971275429,
                53.83100021048147
              ],
              [
                -79.0524796196401,
                53.83783600287404
              ],
              [
                -79.01349842940931,
                53.845892531481155
              ],
              [
                -78.97679597175858,
                53.83600486198144
              ],
              [
                -78.9402970919239,
                53.82196700172469
              ],
              [
                -78.90168202306744,
                53.81732807925362
              ],
              [
                -78.92861893787918,
                53.843451229417255
              ],
              [
                -78.97142499444402,
                53.855088703548
              ],
              [
                -79.0661515549245,
                53.857652177053495
              ],
              [
                -79.05890867497006,
                53.88019442949562
              ],
              [
                -79.06655838654298,
                53.89427316112154
              ],
              [
                -79.08446198391572,
                53.90216696684233
              ],
              [
                -79.10773687854245,
                53.90611414796292
              ],
              [
                -79.08014894187914,
                53.91632729377136
              ],
              [
                -79.05077069227005,
                53.916205231209155
              ],
              [
                -79.02090411896855,
                53.91266513404067
              ],
              [
                -78.99168861099278,
                53.91290925479442
              ],
              [
                -79.0222876582376,
                53.9359806829556
              ],
              [
                -79.09919176948388,
                53.949408127484595
              ],
              [
                -79.13508048650587,
                53.961371088654836
              ],
              [
                -79.07363852980681,
                53.94855386182123
              ],
              [
                -79.04234775388515,
                53.947210954949284
              ],
              [
                -79.02521720557041,
                53.961371088654836
              ],
              [
                -79.04283600714523,
                53.96124899775656
              ],
              [
                -79.07640548684874,
                53.967596877542185
              ],
              [
                -79.03880782980887,
                53.967596877542185
              ],
              [
                -79.04800376835632,
                53.97968179885349
              ],
              [
                -79.06403552127392,
                53.98346574735216
              ],
              [
                -79.10090093059404,
                53.981797726161766
              ],
              [
                -79.09170487527356,
                53.98680246553591
              ],
              [
                -79.0816138280529,
                53.98936609621252
              ],
              [
                -79.07070880070643,
                53.989976323770705
              ],
              [
                -79.05931562689781,
                53.989243987663194
              ],
              [
                -79.06273351705055,
                53.993109424963286
              ],
              [
                -79.06493086798773,
                53.996283386663826
              ],
              [
                -79.06798248435379,
                53.999212854327
              ],
              [
                -79.07359771405002,
                54.0023052940949
              ],
              [
                -79.04898017959951,
                54.01011776072097
              ],
              [
                -78.9643447841494,
                54.0023052940949
              ],
              [
                -78.97956295779831,
                54.01923249335542
              ],
              [
                -79.02350823518778,
                54.03392156753706
              ],
              [
                -79.03258210129003,
                54.046983047206936
              ],
              [
                -79.0436904586152,
                54.04319880399997
              ],
              [
                -79.10773682099669,
                54.06378821196408
              ],
              [
                -79.10358636426623,
                54.0652936439621
              ],
              [
                -79.10073811626498,
                54.06675857951774
              ],
              [
                -79.09406492687921,
                54.07123447129585
              ],
              [
                -79.13711503343369,
                54.08299387492071
              ],
              [
                -79.26935789404149,
                54.08356357037611
              ],
              [
                -79.29263258488913,
                54.09105047487302
              ],
              [
                -79.2664689746769,
                54.0993514520206
              ],
              [
                -79.16917880893754,
                54.09105047487302
              ],
              [
                -79.17503828302351,
                54.11151775032228
              ],
              [
                -79.1568090819527,
                54.11212804803228
              ],
              [
                -79.12938400138722,
                54.10748945420006
              ],
              [
                -79.1077368159323,
                54.11212804803228
              ],
              [
                -79.12409427892483,
                54.11969647050556
              ],
              [
                -79.12865148585863,
                54.12852609329672
              ],
              [
                -79.12267000995108,
                54.13251367544046
              ],
              [
                -79.10773674011222,
                54.12518945356638
              ],
              [
                -79.10464424326949,
                54.129014247918725
              ],
              [
                -79.10289461318482,
                54.131903312943834
              ],
              [
                -79.10179602789526,
                54.13495514483797
              ],
              [
                -79.10090093204876,
                54.13947188179515
              ],
              [
                -79.11034098730607,
                54.14313391375556
              ],
              [
                -79.12059482595204,
                54.145493835490704
              ],
              [
                -79.13141839318811,
                54.14642970731606
              ],
              [
                -79.14244549136396,
                54.14569740938614
              ],
              [
                -79.12954661262576,
                54.15436422230177
              ],
              [
                -79.11534588265353,
                54.158270653379574
              ],
              [
                -79.08348556602267,
                54.159287959610324
              ],
              [
                -79.07249917186081,
                54.16209547419727
              ],
              [
                -79.05736242295623,
                54.175604541907646
              ],
              [
                -79.04625401729272,
                54.180487343046686
              ],
              [
                -79.06891833042302,
                54.18748592524104
              ],
              [
                -79.10138913971687,
                54.18760815966437
              ],
              [
                -79.16234288426523,
                54.180487343046686
              ],
              [
                -79.21393790483756,
                54.163397450488844
              ],
              [
                -79.23827067870111,
                54.161688608420484
              ],
              [
                -79.2380264772473,
                54.180487343046686
              ],
              [
                -79.26105709569605,
                54.17454661807474
              ],
              [
                -79.27310128546735,
                54.173203718689074
              ],
              [
                -79.28587807346199,
                54.17365145632002
              ],
              [
                -79.29185954305571,
                54.188422002245886
              ],
              [
                -79.32054605263812,
                54.196722760983
              ],
              [
                -79.35594645861104,
                54.19855384057608
              ],
              [
                -79.38206944021385,
                54.19407782881575
              ],
              [
                -79.37181550380541,
                54.20624412298911
              ],
              [
                -79.35753325901769,
                54.21544005860217
              ],
              [
                -79.32681226055608,
                54.228216797092344
              ],
              [
                -79.32681226046982,
                54.23505273497281
              ],
              [
                -79.34044342836896,
                54.242498997677295
              ],
              [
                -79.33429930573743,
                54.248724711993795
              ],
              [
                -79.32225495367305,
                54.24437074520803
              ],
              [
                -79.30540935522274,
                54.24156328917929
              ],
              [
                -79.29088292242469,
                54.244085974852524
              ],
              [
                -79.28587814818317,
                54.25556075131285
              ],
              [
                -79.29320222412193,
                54.26146059606757
              ],
              [
                -79.40811110374344,
                54.27086004958059
              ],
              [
                -79.44351152652253,
                54.28351472140859
              ],
              [
                -79.43089758369482,
                54.293646542320595
              ],
              [
                -79.42487544180503,
                54.29596586674349
              ],
              [
                -79.41559817672261,
                54.29718669190455
              ],
              [
                -79.42418378290706,
                54.306952307940115
              ],
              [
                -79.43565841897214,
                54.31049238844418
              ],
              [
                -79.46397858535292,
                54.31016664251354
              ],
              [
                -79.45738683062952,
                54.33087797037095
              ],
              [
                -79.46336825116978,
                54.35333886992004
              ],
              [
                -79.47988856255387,
                54.36969648850332
              ],
              [
                -79.50499429007417,
                54.37225986371922
              ],
              [
                -79.50182045725921,
                54.3757998953496
              ],
              [
                -79.499663919707,
                54.379339993175705
              ],
              [
                -79.49673427554063,
                54.38267664670569
              ],
              [
                -79.49132245588257,
                54.38585042114734
              ],
              [
                -79.49323478538568,
                54.390448240753166
              ],
              [
                -79.49616456282727,
                54.40192298907716
              ],
              [
                -79.49815839995726,
                54.406358243901494
              ],
              [
                -79.48542223075694,
                54.40574763723826
              ],
              [
                -79.4732966844982,
                54.40733471140891
              ],
              [
                -79.45030686230943,
                54.41380457018905
              ],
              [
                -79.4503066832689,
                54.42002988236687
              ],
              [
                -79.49046784252431,
                54.42670309958216
              ],
              [
                -79.5049942103705,
                54.42682517089222
              ],
              [
                -79.49425200440146,
                54.4495302224977
              ],
              [
                -79.49063073824732,
                54.46259197887467
              ],
              [
                -79.49474042862211,
                54.46845133763246
              ],
              [
                -79.50450608154547,
                54.47300867221624
              ],
              [
                -79.51378325754007,
                54.48338439342755
              ],
              [
                -79.51964271835195,
                54.49469637330827
              ],
              [
                -79.51919502871128,
                54.5019390619388
              ],
              [
                -79.52855374627472,
                54.50165422114274
              ],
              [
                -79.53709880576916,
                54.50242754270516
              ],
              [
                -79.54523671947553,
                54.504828095204196
              ],
              [
                -79.55337472227056,
                54.50938535949293
              ],
              [
                -79.52916417919789,
                54.51707589449561
              ],
              [
                -79.53986573976343,
                54.53502032629091
              ],
              [
                -79.56924402269074,
                54.55206952271055
              ],
              [
                -79.6011857799064,
                54.55719651398442
              ],
              [
                -79.6011857670482,
                54.56464278340532
              ],
              [
                -79.55040444893439,
                54.56968825288076
              ],
              [
                -79.52940836426558,
                54.57721593607502
              ],
              [
                -79.52546137812544,
                54.59137602290475
              ],
              [
                -79.53872640797167,
                54.60435625078188
              ],
              [
                -79.5594782216081,
                54.6089540210574
              ],
              [
                -79.5821426413426,
                54.60639059228486
              ],
              [
                -79.60118563691707,
                54.59813054164454
              ],
              [
                -79.59666903105258,
                54.5938173832451
              ],
              [
                -79.59203046511517,
                54.59186441936241
              ],
              [
                -79.58690343611472,
                54.59137602290475
              ],
              [
                -79.58067785011583,
                54.59137602290475
              ],
              [
                -79.60635337757829,
                54.58075601600091
              ],
              [
                -79.61986238726894,
                54.577459957005054
              ],
              [
                -79.63532475733274,
                54.57770429557622
              ],
              [
                -79.62246656888095,
                54.59324774022707
              ],
              [
                -79.60480704939187,
                54.60773339675647
              ],
              [
                -79.59203040942953,
                54.621039139759624
              ],
              [
                -79.59373937650165,
                54.63292062407019
              ],
              [
                -79.69054113448891,
                54.63292062407019
              ],
              [
                -79.65367581778398,
                54.64252336370021
              ],
              [
                -79.64830487628582,
                54.6497257428557
              ],
              [
                -79.65143785757584,
                54.66099666439289
              ],
              [
                -79.65949459672933,
                54.66929759561947
              ],
              [
                -79.67064376439689,
                54.673895696736565
              ],
              [
                -79.68309493640946,
                54.673895696736565
              ],
              [
                -79.67446862692842,
                54.65892172746829
              ],
              [
                -79.6994523120006,
                54.65294022249496
              ],
              [
                -79.76561436008986,
                54.652777370277754
              ],
              [
                -79.76561447184088,
                54.659613476363404
              ],
              [
                -79.74181068501285,
                54.66229890863955
              ],
              [
                -79.67634028056973,
                54.69379300811048
              ],
              [
                -79.66405181606437,
                54.69660054564853
              ],
              [
                -79.65318758803802,
                54.697943365003475
              ],
              [
                -79.64354402294012,
                54.70075096520323
              ],
              [
                -79.6409806640808,
                54.716050622979985
              ],
              [
                -79.64598554048551,
                54.726019687971075
              ],
              [
                -79.64293379700183,
                54.738226741893435
              ],
              [
                -79.62848872619423,
                54.7421735551724
              ],
              [
                -79.63809161239672,
                54.73594800123454
              ],
              [
                -79.64191640553517,
                54.728460907499716
              ],
              [
                -79.63605711395716,
                54.71979404068112
              ],
              [
                -79.62848881000562,
                54.71482993199151
              ],
              [
                -79.61693272393606,
                54.7146670256062
              ],
              [
                -79.59536708131546,
                54.725653523689125
              ],
              [
                -79.57237707197955,
                54.73065825483223
              ],
              [
                -79.5471085842041,
                54.739976389080965
              ],
              [
                -79.51602130912877,
                54.74388258599357
              ],
              [
                -79.50519764240427,
                54.74799213750102
              ],
              [
                -79.4960016947199,
                54.75275290269408
              ],
              [
                -79.4844864615944,
                54.75641511295742
              ],
              [
                -79.41087805540201,
                54.76268137654765
              ],
              [
                -79.39199776858128,
                54.77317930410614
              ],
              [
                -79.38414458227479,
                54.775335885698375
              ],
              [
                -79.33739173308552,
                54.77692292216238
              ],
              [
                -79.32461497939293,
                54.779730447129865
              ],
              [
                -79.29263264788038,
                54.7974307793389
              ],
              [
                -78.96743730308222,
                54.851996159604916
              ],
              [
                -78.95116134718502,
                54.85797773550732
              ],
              [
                -78.89541590469743,
                54.89976647323101
              ],
              [
                -78.87486723494061,
                54.90766009829196
              ],
              [
                -78.77306065421529,
                54.92613349786692
              ],
              [
                -78.7266739284957,
                54.94432196364252
              ],
              [
                -78.67760177768815,
                54.95128014539637
              ],
              [
                -78.62926179861081,
                54.964951814823344
              ],
              [
                -78.60374911482593,
                54.96808496988032
              ],
              [
                -78.57827713400391,
                54.97569405668858
              ],
              [
                -78.5296524729174,
                55.003851629874376
              ],
              [
                -78.50438391797508,
                55.00287506696223
              ],
              [
                -78.44977779971695,
                55.02338288109222
              ],
              [
                -78.39224199154074,
                55.027533270824335
              ],
              [
                -78.37808183472113,
                55.033270574575106
              ],
              [
                -78.36461341144266,
                55.04063548467487
              ],
              [
                -78.31261145619676,
                55.058050846775586
              ],
              [
                -78.27017167856891,
                55.081651108343046
              ],
              [
                -78.26113847436179,
                55.08539459550287
              ],
              [
                -78.23741614536453,
                55.09223053655587
              ],
              [
                -78.15558834578158,
                55.140082099191496
              ],
              [
                -78.04572506688679,
                55.18097565740169
              ],
              [
                -78.05190996288701,
                55.18097565740169
              ],
              [
                -78.00780188500438,
                55.18866607995658
              ],
              [
                -77.87441972096659,
                55.24864328832257
              ],
              [
                -77.80052649107297,
                55.26410552848075
              ],
              [
                -77.78160560147792,
                55.27350495530796
              ],
              [
                -77.6749568309736,
                55.36692942286197
              ],
              [
                -77.65778560895282,
                55.37278880087903
              ],
              [
                -77.63597572041981,
                55.376817132264556
              ],
              [
                -77.23753820660309,
                55.59174224220261
              ],
              [
                -77.16462155121451,
                55.64325593037383
              ],
              [
                -77.13801022217295,
                55.65770091731047
              ],
              [
                -77.11290440286841,
                55.67536038376589
              ],
              [
                -77.09300696010581,
                55.70111724754837
              ],
              [
                -77.08869383152458,
                55.714219494675106
              ],
              [
                -77.0957739014871,
                55.71275463844021
              ],
              [
                -77.10912025646122,
                55.7055118019231
              ],
              [
                -77.13939369564174,
                55.6974551627167
              ],
              [
                -77.16999262926687,
                55.68296944862316
              ],
              [
                -77.18919834837106,
                55.68187080057141
              ],
              [
                -77.1638077457199,
                55.70917389457419
              ],
              [
                -77.04454502899675,
                55.7830264005488
              ],
              [
                -76.901193825012,
                55.90033602172184
              ],
              [
                -76.84190833491704,
                55.933661204429285
              ],
              [
                -76.82201089264397,
                55.95184970985653
              ],
              [
                -76.81704667853717,
                55.960191147297664
              ],
              [
                -76.81334387486943,
                55.977484435733224
              ],
              [
                -76.80870522115833,
                55.98602938547778
              ],
              [
                -76.79698645550204,
                55.99420807272793
              ],
              [
                -76.78184975170751,
                55.99815503427767
              ],
              [
                -76.75035557778264,
                56.002752966321154
              ],
              [
                -76.71153721306457,
                56.018622097640396
              ],
              [
                -76.6815486481479,
                56.04291415450055
              ],
              [
                -76.65868077244332,
                56.07298408582542
              ],
              [
                -76.6220597193114,
                56.13947177625035
              ],
              [
                -76.61876380450289,
                56.16608308030242
              ],
              [
                -76.6155493024121,
                56.17670322137722
              ],
              [
                -76.58885655519977,
                56.23786038907222
              ],
              [
                -76.57848061871881,
                56.255804786306356
              ],
              [
                -76.54515540595253,
                56.295030019458956
              ],
              [
                -76.53575601383146,
                56.31846755248151
              ],
              [
                -76.53156493723807,
                56.34361404310709
              ],
              [
                -76.53062905352942,
                56.36961500242684
              ],
              [
                -76.5262345411873,
                56.39024491503611
              ],
              [
                -76.51842196591224,
                56.41364161163564
              ],
              [
                -76.51512608853089,
                56.43817777570501
              ],
              [
                -76.52440339801811,
                56.462103504812134
              ],
              [
                -76.51695717204247,
                56.469549888608064
              ],
              [
                -76.52245037208829,
                56.48163490379424
              ],
              [
                -76.52603104456253,
                56.493963919816686
              ],
              [
                -76.52696694510534,
                56.50433993970549
              ],
              [
                -76.52440347275,
                56.51048415117733
              ],
              [
                -76.52814696531212,
                56.53180577050534
              ],
              [
                -76.52745520101965,
                56.594468483035364
              ],
              [
                -76.50719158208096,
                56.71149329989171
              ],
              [
                -76.51073158545965,
                56.72960034362961
              ],
              [
                -76.50430250455345,
                56.764105486061524
              ],
              [
                -76.5037328276144,
                56.783758782298975
              ],
              [
                -76.51073162297534,
                56.797837703564795
              ],
              [
                -76.50885983530463,
                56.81456127290993
              ],
              [
                -76.52098544299034,
                56.855536143391014
              ],
              [
                -76.52765863854358,
                56.89789456905628
              ],
              [
                -76.54165601658534,
                56.938666027408075
              ],
              [
                -76.5470271702292,
                56.979722430992865
              ],
              [
                -76.55614174456177,
                57.016058681108035
              ],
              [
                -76.55793206492511,
                57.031236025426516
              ],
              [
                -76.55260165678804,
                57.05320867383781
              ],
              [
                -76.53286702679611,
                57.08722570599657
              ],
              [
                -76.53107659630517,
                57.10276922757267
              ],
              [
                -76.53270418605958,
                57.115301758511876
              ],
              [
                -76.53978432501505,
                57.12474195268632
              ],
              [
                -76.54906169170691,
                57.132066205230025
              ],
              [
                -76.55793211142796,
                57.14109937528141
              ],
              [
                -76.56460531102954,
                57.15350988918718
              ],
              [
                -76.56663974263364,
                57.16400782776296
              ],
              [
                -76.56533769657169,
                57.19200267479607
              ],
              [
                -76.58934481743638,
                57.271307627208685
              ],
              [
                -76.65660559242043,
                57.40436431681744
              ],
              [
                -76.66519120391405,
                57.41648996707841
              ],
              [
                -76.67833406896631,
                57.4216982430028
              ],
              [
                -76.68626871937776,
                57.4271915248343
              ],
              [
                -76.70128330623943,
                57.453558623288615
              ],
              [
                -76.70934000501406,
                57.46263260085086
              ],
              [
                -76.701975096011,
                57.46263260085086
              ],
              [
                -76.69774332500917,
                57.46263260085086
              ],
              [
                -76.69611567014508,
                57.46344632840283
              ],
              [
                -76.69530189069656,
                57.46580638741041
              ],
              [
                -76.69570876717897,
                57.46942777152944
              ],
              [
                -76.71499585914225,
                57.47333399515318
              ],
              [
                -76.7349747674544,
                57.499864040589586
              ],
              [
                -76.76463778620558,
                57.55882390340153
              ],
              [
                -76.79662025188631,
                57.598618890575985
              ],
              [
                -76.80557202510694,
                57.61347070608264
              ],
              [
                -76.80870524941611,
                57.6755232406707
              ],
              [
                -76.86021898098288,
                57.71991623101758
              ],
              [
                -76.8957414080555,
                57.76292562162647
              ],
              [
                -76.90461179822523,
                57.77049390405794
              ],
              [
                -76.9136448750802,
                57.776434476344974
              ],
              [
                -76.92613693807297,
                57.78998457239675
              ],
              [
                -76.93732663440247,
                57.80512117171101
              ],
              [
                -76.94212804511214,
                57.81586332791185
              ],
              [
                -76.94981857135456,
                57.82782635807666
              ],
              [
                -76.98037668872273,
                57.846502898362
              ],
              [
                -76.98306231234311,
                57.85370515705068
              ],
              [
                -76.99722243446061,
                57.857367218121944
              ],
              [
                -77.00829020804593,
                57.866034304805055
              ],
              [
                -77.0540666312187,
                57.92987715715055
              ],
              [
                -77.06627347684424,
                57.943060484204246
              ],
              [
                -77.0711157537156,
                57.949774574149195
              ],
              [
                -77.07437096634284,
                57.95640706635019
              ],
              [
                -77.07933518248556,
                57.96149336406828
              ],
              [
                -77.0892227587269,
                57.963568387766685
              ],
              [
                -77.09935452689051,
                57.964097262639264
              ],
              [
                -77.1062719747327,
                57.96617264438851
              ],
              [
                -77.11241623636226,
                57.97016035436807
              ],
              [
                -77.1202694042417,
                57.976548669535866
              ],
              [
                -77.12726797819676,
                57.98493065224302
              ],
              [
                -77.13951583345364,
                58.00702557210303
              ],
              [
                -77.14826408808432,
                58.017523449134075
              ],
              [
                -77.2018123676531,
                58.05621988522978
              ],
              [
                -77.26427150348913,
                58.08641169285574
              ],
              [
                -77.28302983494706,
                58.09052167065929
              ],
              [
                -77.3226618626499,
                58.09454980001621
              ],
              [
                -77.33999591323722,
                58.10008374777653
              ],
              [
                -77.3567602842384,
                58.111436356762034
              ],
              [
                -77.3865453716942,
                58.138047585428794
              ],
              [
                -77.40147857584962,
                58.14789449936544
              ],
              [
                -77.39460194785572,
                58.14789449936544
              ],
              [
                -77.41893463716474,
                58.148179339394034
              ],
              [
                -77.49083408428278,
                58.168402368681846
              ],
              [
                -77.47264566970416,
                58.174912874575625
              ],
              [
                -77.4539688661144,
                58.177842496646115
              ],
              [
                -77.44505767168478,
                58.18463765615167
              ],
              [
                -77.45604405107035,
                58.20311103593666
              ],
              [
                -77.47061106131747,
                58.21198141142509
              ],
              [
                -77.53180915015957,
                58.23041427376418
              ],
              [
                -77.60069746204474,
                58.27134846910355
              ],
              [
                -77.62315842683024,
                58.27842858745576
              ],
              [
                -77.69627847311463,
                58.28510166273728
              ],
              [
                -77.71524014821541,
                58.29161220203527
              ],
              [
                -77.77074123667565,
                58.319159100921745
              ],
              [
                -77.95628821853224,
                58.360174876977275
              ],
              [
                -78.01203374561204,
                58.38483319828797
              ],
              [
                -78.03148354508782,
                58.38812899703833
              ],
              [
                -78.01585841798594,
                58.412176670296795
              ],
              [
                -78.01447509597611,
                58.424017689953516
              ],
              [
                -78.027984208744,
                58.42902256980332
              ],
              [
                -78.04491119037009,
                58.432928677360444
              ],
              [
                -78.06777900969264,
                58.45087298580612
              ],
              [
                -78.07876549625898,
                58.455878091406156
              ],
              [
                -78.11119543340517,
                58.45311105794048
              ],
              [
                -78.1276749057946,
                58.454779324434355
              ],
              [
                -78.13442940038028,
                58.466620056927766
              ],
              [
                -78.14370673503736,
                58.47569393787349
              ],
              [
                -78.20274824508992,
                58.504828288709554
              ],
              [
                -78.2673232905398,
                58.519150996506355
              ],
              [
                -78.2784724985067,
                58.52838781581804
              ],
              [
                -78.28282628301592,
                58.536566447871465
              ],
              [
                -78.31261137835943,
                58.57306538725462
              ],
              [
                -78.37189683824712,
                58.61399960163882
              ],
              [
                -78.40933194527824,
                58.629706275500915
              ],
              [
                -78.42992113280438,
                58.62083582487404
              ],
              [
                -78.41738844072744,
                58.60069402887411
              ],
              [
                -78.3833716021227,
                58.577215961060396
              ],
              [
                -78.32005780532155,
                58.54637287182996
              ],
              [
                -78.34455310381028,
                58.53839740906561
              ],
              [
                -78.37238522057456,
                58.54193756780201
              ],
              [
                -78.39879300928004,
                58.553412053266875
              ],
              [
                -78.41905681618768,
                58.56932207137479
              ],
              [
                -78.42808992807619,
                58.574326827401684
              ],
              [
                -78.43822191961372,
                58.576239479106526
              ],
              [
                -78.44644120396848,
                58.579697975598656
              ],
              [
                -78.45225985707698,
                58.599066420204096
              ],
              [
                -78.4587295212187,
                58.606756764122416
              ],
              [
                -78.46760002255719,
                58.61200586933279
              ],
              [
                -78.47740627811146,
                58.61399960163882
              ],
              [
                -78.52684483839724,
                58.60773344152214
              ],
              [
                -78.5488174016167,
                58.608872635550206
              ],
              [
                -78.56647712198686,
                58.62083582487404
              ],
              [
                -78.57095287070283,
                58.63865786403801
              ],
              [
                -78.56362881660812,
                58.65306239001891
              ],
              [
                -78.55943767800811,
                58.66498451002932
              ],
              [
                -78.57331286797483,
                58.67548236824997
              ],
              [
                -78.55663011566456,
                58.680650275850944
              ],
              [
                -78.53579678719423,
                58.681870985172004
              ],
              [
                -78.52000882524185,
                58.68524798523772
              ],
              [
                -78.51805574705065,
                58.69660058923104
              ],
              [
                -78.49819903653915,
                58.702744877792
              ],
              [
                -78.48704982365103,
                58.697373611798604
              ],
              [
                -78.47508711710053,
                58.69847250088964
              ],
              [
                -78.46857661937187,
                58.70600005640937
              ],
              [
                -78.47370356147822,
                58.72016019729513
              ],
              [
                -78.48355068583837,
                58.731390831891545
              ],
              [
                -78.49339759464145,
                58.73895905843724
              ],
              [
                -78.53453529081641,
                58.75910065967316
              ],
              [
                -78.54246988676269,
                58.7652042116107
              ],
              [
                -78.54515532639886,
                58.77366760392189
              ],
              [
                -78.54539955850208,
                58.788763760459936
              ],
              [
                -78.53831953092778,
                58.79547769725882
              ],
              [
                -78.5234269930843,
                58.79124598188682
              ],
              [
                -78.51016194960798,
                58.783392695706326
              ],
              [
                -78.50816819633151,
                58.77912032021756
              ],
              [
                -78.49640855095078,
                58.783066975697764
              ],
              [
                -78.49014226951968,
                58.79315811419836
              ],
              [
                -78.4885148144095,
                58.806463984417945
              ],
              [
                -78.49079348635331,
                58.82005451531318
              ],
              [
                -78.49616462693697,
                58.83185471112865
              ],
              [
                -78.50332609057546,
                58.840440329500744
              ],
              [
                -78.52147375125874,
                58.85736724015035
              ],
              [
                -78.53575601791292,
                58.880926864942964
              ],
              [
                -78.54539943886365,
                58.90204484522634
              ],
              [
                -78.54775965008186,
                58.917059748901444
              ],
              [
                -78.54572514228666,
                58.923895683029215
              ],
              [
                -78.540109784267,
                58.92991764689678
              ],
              [
                -78.53172768464957,
                58.94297925696902
              ],
              [
                -78.55996649469049,
                58.9446473813999
              ],
              [
                -78.56574455946938,
                58.95774969302231
              ],
              [
                -78.55109611429017,
                58.968613938751574
              ],
              [
                -78.51805571923654,
                58.963446254271325
              ],
              [
                -78.49986743439136,
                58.9501815439851
              ],
              [
                -78.48265546463202,
                58.93235920209864
              ],
              [
                -78.46434488159419,
                58.91819899535937
              ],
              [
                -78.44298262072446,
                58.915716960358594
              ],
              [
                -78.45140529162356,
                58.93976456218251
              ],
              [
                -78.434559735306,
                58.954453891753616
              ],
              [
                -78.4083145268857,
                58.961859365881516
              ],
              [
                -78.38833566735843,
                58.963446254271325
              ],
              [
                -78.35680087180324,
                58.95941798182664
              ],
              [
                -78.35265054967017,
                58.95136143601696
              ],
              [
                -78.36115466189786,
                58.93829974741596
              ],
              [
                -78.36725837234847,
                58.91905359871992
              ],
              [
                -78.3618057895237,
                58.914170635190814
              ],
              [
                -78.34968006292148,
                58.915960895584995
              ],
              [
                -78.31639565810022,
                58.92552320820082
              ],
              [
                -78.31175688021662,
                58.93256244968051
              ],
              [
                -78.31175704252136,
                58.94066000525055
              ],
              [
                -78.31261144698745,
                58.94672270914992
              ],
              [
                -78.30467691283465,
                58.95994704272934
              ],
              [
                -78.28563392479407,
                58.974351313395395
              ],
              [
                -78.24372302218447,
                58.99823627218331
              ],
              [
                -78.27904210969253,
                58.995184621369866
              ],
              [
                -78.2967829433059,
                58.99091208896657
              ],
              [
                -78.3126114577422,
                58.98395417002592
              ],
              [
                -78.31501213162821,
                58.98729069844545
              ],
              [
                -78.31541909895883,
                58.988389423108536
              ],
              [
                -78.32005779845439,
                58.99140053047658
              ],
              [
                -78.30504316436303,
                59.001532385689984
              ],
              [
                -78.29100489814711,
                59.00849014469379
              ],
              [
                -78.2793676069526,
                59.01715724557915
              ],
              [
                -78.27163644891488,
                59.032334600671234
              ],
              [
                -78.27452560182171,
                59.033270688008464
              ],
              [
                -78.27977447126548,
                59.038641569942904
              ],
              [
                -78.28441328018667,
                59.04608804799455
              ],
              [
                -78.28526766585551,
                59.052801768207054
              ],
              [
                -78.27977464128622,
                59.05841719465963
              ],
              [
                -78.26960209263571,
                59.06439860939522
              ],
              [
                -78.25951081133066,
                59.06883364364033
              ],
              [
                -78.25426181706176,
                59.06993231629525
              ],
              [
                -78.24396721618788,
                59.06297430155312
              ],
              [
                -78.22642970007374,
                59.05548721049174
              ],
              [
                -78.21003162063987,
                59.05345275044478
              ],
              [
                -78.2027482273791,
                59.06305580197822
              ],
              [
                -78.20494532650736,
                59.07367568849591
              ],
              [
                -78.22325604674627,
                59.108099756669404
              ],
              [
                -78.20177169470348,
                59.11265707936097
              ],
              [
                -78.17861899128877,
                59.09223060130324
              ],
              [
                -78.15558843270475,
                59.0938175711467
              ],
              [
                -78.13141845597588,
                59.10789627016752
              ],
              [
                -78.1261288243165,
                59.12327724285641
              ],
              [
                -78.13556879619601,
                59.13934965242729
              ],
              [
                -78.15558843756624,
                59.15521894467879
              ],
              [
                -78.1374405661718,
                59.161322342893264
              ],
              [
                -78.10472581821205,
                59.15538172045504
              ],
              [
                -78.0866592692805,
                59.161444348173816
              ],
              [
                -78.09264069004047,
                59.17369203574626
              ],
              [
                -78.09748283017252,
                59.198594403427215
              ],
              [
                -78.10655677445888,
                59.209906323146356
              ],
              [
                -78.07555082336722,
                59.2269146602042
              ],
              [
                -77.99840246002434,
                59.24449288810367
              ],
              [
                -77.96629809932969,
                59.26170498320634
              ],
              [
                -77.94981856068483,
                59.26788981487816
              ],
              [
                -77.90656496239714,
                59.26890704307235
              ],
              [
                -77.87828534017902,
                59.280585102778254
              ],
              [
                -77.8192033084851,
                59.293036275236
              ],
              [
                -77.836577921285,
                59.30259836335163
              ],
              [
                -77.87547758311791,
                59.307806590915355
              ],
              [
                -77.89488686982003,
                59.3129336910872
              ],
              [
                -77.86929279422961,
                59.32050204927761
              ],
              [
                -77.8109432770432,
                59.320135966394695
              ],
              [
                -77.7850235237645,
                59.32652409631845
              ],
              [
                -77.76732344407753,
                59.34039958186595
              ],
              [
                -77.77017170957825,
                59.350694120194404
              ],
              [
                -77.80614180344568,
                59.368150231879724
              ],
              [
                -77.77790290762611,
                59.38190353676769
              ],
              [
                -77.67516022727212,
                59.40228904896058
              ],
              [
                -77.68748932735289,
                59.40668357871358
              ],
              [
                -77.71182216747685,
                59.41059004679976
              ],
              [
                -77.72354075434734,
                59.41596091586858
              ],
              [
                -77.72679610170684,
                59.40818929662795
              ],
              [
                -77.7321672292914,
                59.40269618032223
              ],
              [
                -77.73924709012451,
                59.40123103550253
              ],
              [
                -77.75340745362169,
                59.408026568556544
              ],
              [
                -77.76496327654836,
                59.40753805866322
              ],
              [
                -77.77074136707655,
                59.40851475331229
              ],
              [
                -77.77082278621407,
                59.410834143239626
              ],
              [
                -77.77302006376928,
                59.422308768130556
              ],
              [
                -77.77448479552329,
                59.425848652511824
              ],
              [
                -77.79295819107462,
                59.432562641453515
              ],
              [
                -77.81484932605485,
                59.42682514230645
              ],
              [
                -77.85391194010553,
                59.40851475331229
              ],
              [
                -77.87022859370374,
                59.40436425439636
              ],
              [
                -77.89061435980375,
                59.401434599574685
              ],
              [
                -77.90802976003232,
                59.4047305470503
              ],
              [
                -77.91539476856495,
                59.419053600915795
              ],
              [
                -77.90794826265304,
                59.43512589505028
              ],
              [
                -77.88971924979451,
                59.44538001158118
              ],
              [
                -77.86729901536653,
                59.45018146225342
              ],
              [
                -77.84707590749736,
                59.45005921778504
              ],
              [
                -77.84707599067829,
                59.45697665018471
              ],
              [
                -77.8811743431571,
                59.48493081363444
              ],
              [
                -77.84154205502387,
                59.508612281375946
              ],
              [
                -77.73721276640573,
                59.539496260518675
              ],
              [
                -77.7303361318307,
                59.548651523096204
              ],
              [
                -77.73216723489247,
                59.56529384345765
              ],
              [
                -77.72667395755879,
                59.576727606767626
              ],
              [
                -77.71617602136558,
                59.621405492448346
              ],
              [
                -77.72594150080988,
                59.630479185726955
              ],
              [
                -77.75348877149727,
                59.63153722567623
              ],
              [
                -77.76768963020007,
                59.6387800810721
              ],
              [
                -77.78490141489223,
                59.65936909689593
              ],
              [
                -77.7933244203655,
                59.67182047908985
              ],
              [
                -77.79869552628786,
                59.68284751337795
              ],
              [
                -77.7834365841531,
                59.68223695173897
              ],
              [
                -77.76891024194863,
                59.683905280678594
              ],
              [
                -77.75568604918011,
                59.68866614760996
              ],
              [
                -77.7440485393993,
                59.69712949719568
              ],
              [
                -77.76089432505125,
                59.70477935038198
              ],
              [
                -77.77818773156285,
                59.71015059834295
              ],
              [
                -77.70620677633958,
                59.70331443964469
              ],
              [
                -77.69469164116266,
                59.69965255508974
              ],
              [
                -77.6810604123633,
                59.68244058112559
              ],
              [
                -77.66852770001327,
                59.676703056255484
              ],
              [
                -77.63048256098817,
                59.67719148670388
              ],
              [
                -77.60505122549858,
                59.68052804758858
              ],
              [
                -77.58983315854391,
                59.686265396567705
              ],
              [
                -77.57774817566268,
                59.6951764985372
              ],
              [
                -77.57030190059179,
                59.69342684365557
              ],
              [
                -77.56314032012598,
                59.68577693552486
              ],
              [
                -77.55223552292824,
                59.67662186958449
              ],
              [
                -77.48753810785215,
                59.647772380622904
              ],
              [
                -77.46214754704465,
                59.6245791098661
              ],
              [
                -77.46971601998088,
                59.59467203839554
              ],
              [
                -77.44298255250554,
                59.57758210007548
              ],
              [
                -77.39976970227579,
                59.56940344394003
              ],
              [
                -77.31273362910342,
                59.56675867063778
              ],
              [
                -77.31273357866853,
                59.57298418697026
              ],
              [
                -77.3860977188764,
                59.58299378941576
              ],
              [
                -77.42585194938393,
                59.59540427081103
              ],
              [
                -77.44981838702444,
                59.614569262561766
              ],
              [
                -77.44318589417517,
                59.626410074533894
              ],
              [
                -77.44456955593137,
                59.644883656150114
              ],
              [
                -77.45197505242538,
                59.66368234307827
              ],
              [
                -77.46288005387996,
                59.67662186958449
              ],
              [
                -77.48058021431243,
                59.68317292905081
              ],
              [
                -77.54548094251018,
                59.68968336041664
              ],
              [
                -77.54601000860539,
                59.694525613974385
              ],
              [
                -77.54466701908241,
                59.69611223207535
              ],
              [
                -77.53799385164473,
                59.69712949719568
              ],
              [
                -77.54548083163581,
                59.69712949719568
              ],
              [
                -77.53307054545384,
                59.70128015703859
              ],
              [
                -77.51813711587091,
                59.70286684917847
              ],
              [
                -77.50316309753238,
                59.70665094767897
              ],
              [
                -77.49083415692675,
                59.71759680594716
              ],
              [
                -77.50739507722321,
                59.718817575237544
              ],
              [
                -77.52025298839368,
                59.72687399410102
              ],
              [
                -77.53197173175809,
                59.73704651103506
              ],
              [
                -77.54548093601682,
                59.744940513479676
              ],
              [
                -77.53538986474463,
                59.75934491293573
              ],
              [
                -77.52188069817105,
                59.75775792823329
              ],
              [
                -77.50731350270577,
                59.7497010972909
              ],
              [
                -77.49396726400884,
                59.744940513479676
              ],
              [
                -77.46841381462255,
                59.74774804347691
              ],
              [
                -77.45962469355273,
                59.75535701240394
              ],
              [
                -77.45702075047294,
                59.766302957715524
              ],
              [
                -77.44981843685468,
                59.7790387324569
              ],
              [
                -77.43244381166664,
                59.78961822779885
              ],
              [
                -77.41104074296845,
                59.79340230666711
              ],
              [
                -77.32168531053138,
                59.79047266739986
              ],
              [
                -77.3004044605321,
                59.79205968445554
              ],
              [
                -77.29161526893105,
                59.79954648636007
              ],
              [
                -77.35130768309682,
                59.866766582760185
              ],
              [
                -77.36046296690266,
                59.8854840442435
              ],
              [
                -77.3717341505267,
                59.900335966003475
              ],
              [
                -77.39582269915321,
                59.908514687462954
              ],
              [
                -77.41832437718041,
                59.913641708929084
              ],
              [
                -77.42503815841425,
                59.91929751558789
              ],
              [
                -77.41051177720857,
                59.925645152149535
              ],
              [
                -77.36807217915664,
                59.925767470789026
              ],
              [
                -77.35301684454589,
                59.92987717544421
              ],
              [
                -77.35993397797436,
                59.93744528279165
              ],
              [
                -77.36782783362904,
                59.9422466814993
              ],
              [
                -77.37702396814728,
                59.94428142117912
              ],
              [
                -77.38719653559774,
                59.94354905587006
              ],
              [
                -77.36668871628936,
                59.95648849886801
              ],
              [
                -77.34683182095473,
                59.964951870786024
              ],
              [
                -77.32510330757327,
                59.96946847636539
              ],
              [
                -77.29898038607766,
                59.970892799767036
              ],
              [
                -77.3154190005391,
                59.97919332512805
              ],
              [
                -77.33315984006994,
                59.984482975977755
              ],
              [
                -77.31346587928748,
                59.99176657228153
              ],
              [
                -77.25841233026532,
                59.9982772099008
              ],
              [
                -77.23631744691292,
                59.99750388389852
              ],
              [
                -77.23631751190587,
                60.004950261871365
              ],
              [
                -77.25597083201717,
                60.00446198102366
              ],
              [
                -77.28010006403304,
                60.00726959804529
              ],
              [
                -77.30142167880916,
                60.01398346573922
              ],
              [
                -77.31273352863953,
                60.02545807587427
              ],
              [
                -77.28311113254959,
                60.02659739875157
              ],
              [
                -77.2447403642898,
                60.0336774763965
              ],
              [
                -77.20946204318896,
                60.045355536258654
              ],
              [
                -77.18919836923156,
                60.0602481115812
              ],
              [
                -77.21568762713713,
                60.05829498645278
              ],
              [
                -77.3046768872306,
                60.036444403315315
              ],
              [
                -77.33079993433519,
                60.03571198145815
              ],
              [
                -77.34927324148006,
                60.04218170865569
              ],
              [
                -77.34618079122798,
                60.0602481115812
              ],
              [
                -77.35716712015157,
                60.06427643284229
              ],
              [
                -77.36974036360395,
                60.066961980459766
              ],
              [
                -77.38272050607947,
                60.06793854274437
              ],
              [
                -77.39460201834261,
                60.066473701831576
              ],
              [
                -77.40160071638573,
                60.06236400089036
              ],
              [
                -77.41478430943138,
                60.049383856588726
              ],
              [
                -77.41856848934896,
                60.04657623947618
              ],
              [
                -77.4765518881854,
                60.05280182661589
              ],
              [
                -77.55601966218663,
                60.05280182661589
              ],
              [
                -77.56330318743355,
                60.05487701786752
              ],
              [
                -77.57799231614915,
                60.06427643284229
              ],
              [
                -77.58641516934597,
                60.066473701831576
              ],
              [
                -77.6341853523468,
                60.066473701831576
              ],
              [
                -77.6204320959711,
                60.07526276332073
              ],
              [
                -77.59080969807334,
                60.086493228380064
              ],
              [
                -77.57957922804484,
                60.094346416981416
              ],
              [
                -77.5871475900198,
                60.09870026202715
              ],
              [
                -77.59227454058029,
                60.10358307171081
              ],
              [
                -77.60069739531144,
                60.11481354442333
              ],
              [
                -77.55711829003661,
                60.13056060997233
              ],
              [
                -77.53359941229115,
                60.13426341303646
              ],
              [
                -77.51406816049946,
                60.12543365759912
              ],
              [
                -77.50690670214802,
                60.124212954120644
              ],
              [
                -77.4940486340555,
                60.12579987479657
              ],
              [
                -77.48102779589405,
                60.128851625774224
              ],
              [
                -77.473133915241,
                60.1322695942462
              ],
              [
                -77.46304277582983,
                60.13300202385091
              ],
              [
                -77.40827389164076,
                60.12909576951097
              ],
              [
                -77.40827388838439,
                60.135321351076975
              ],
              [
                -77.48249264515542,
                60.15363190729095
              ],
              [
                -77.50450598819766,
                60.162665104909706
              ],
              [
                -77.53530839680481,
                60.18370188837719
              ],
              [
                -77.55101477568974,
                60.197943423864636
              ],
              [
                -77.55968176422513,
                60.21104563216548
              ],
              [
                -77.51398678399205,
                60.20783112334694
              ],
              [
                -77.49058996848278,
                60.209580789866024
              ],
              [
                -77.46971594706129,
                60.217230532009204
              ],
              [
                -77.53148352416923,
                60.25511301780628
              ],
              [
                -77.552805139973,
                60.264024153253224
              ],
              [
                -77.56419837333924,
                60.267442127169595
              ],
              [
                -77.56086178271022,
                60.272447006607564
              ],
              [
                -77.5379939369639,
                60.28620025246791
              ],
              [
                -77.56029212028697,
                60.285101629034436
              ],
              [
                -77.59520422665253,
                60.26959869411253
              ],
              [
                -77.61367753127976,
                60.26569244090051
              ],
              [
                -77.62189693871001,
                60.272447006607564
              ],
              [
                -77.61587480184681,
                60.28839752508618
              ],
              [
                -77.59325110813005,
                60.32090892388161
              ],
              [
                -77.60802161007013,
                60.333685608686515
              ],
              [
                -77.61644446675827,
                60.339178780377026
              ],
              [
                -77.63329016424092,
                60.343695374920294
              ],
              [
                -77.6334122421203,
                60.34918854821629
              ],
              [
                -77.63141843581907,
                60.355698975968
              ],
              [
                -77.63418534582654,
                60.36127349801178
              ],
              [
                -77.65339108956341,
                60.3684756659132
              ],
              [
                -77.6962784434278,
                60.37584055313243
              ],
              [
                -77.7161759027086,
                60.3823916578172
              ],
              [
                -77.7431534400748,
                60.40424224162484
              ],
              [
                -77.7422582540753,
                60.425848682590924
              ],
              [
                -77.72337805108742,
                60.44627512134436
              ],
              [
                -77.6962784393412,
                60.46491118564709
              ],
              [
                -77.59170487105132,
                60.50263091224923
              ],
              [
                -77.56590734705382,
                60.51890695594762
              ],
              [
                -77.5628149189168,
                60.52460359770633
              ],
              [
                -77.56017006523693,
                60.536810633174376
              ],
              [
                -77.55601965827273,
                60.5431582663274
              ],
              [
                -77.54694575181384,
                60.54743071054891
              ],
              [
                -77.41510982330122,
                60.54682037096335
              ],
              [
                -77.43517003854065,
                60.558579803201
              ],
              [
                -77.46084550580765,
                60.56659576839333
              ],
              [
                -77.54181882362842,
                60.57566967695938
              ],
              [
                -77.57274327988956,
                60.57416411236068
              ],
              [
                -77.58397377393842,
                60.57111238806158
              ],
              [
                -77.60728919732362,
                60.56183503516167
              ],
              [
                -77.61742103433222,
                60.55988191151772
              ],
              [
                -77.66466223761448,
                60.55658600313744
              ],
              [
                -77.68602454412466,
                60.55829499051167
              ],
              [
                -77.77057857939063,
                60.59247467618266
              ],
              [
                -77.78872635931225,
                60.6048444590332
              ],
              [
                -77.82925371038002,
                60.643255927508996
              ],
              [
                -77.82970130139933,
                60.64923737253476
              ],
              [
                -77.81285558492525,
                60.65363188549399
              ],
              [
                -77.757720519031,
                60.68402742710937
              ],
              [
                -77.71841386955975,
                60.699164134767344
              ],
              [
                -77.70107989181768,
                60.708441486148224
              ],
              [
                -77.6712133146802,
                60.73252997440129
              ],
              [
                -77.62555904476743,
                60.754380595332
              ],
              [
                -77.60684162365827,
                60.759100683347405
              ],
              [
                -77.6295466552061,
                60.774969762152466
              ],
              [
                -77.6679581649917,
                60.77586501344728
              ],
              [
                -77.74404866227219,
                60.76654698246679
              ],
              [
                -77.71833248347211,
                60.781236066620906
              ],
              [
                -77.51065018445746,
                60.83482492422498
              ],
              [
                -77.510650168523,
                60.84100979889725
              ],
              [
                -77.56102451973122,
                60.83881253587183
              ],
              [
                -77.89488682223912,
                60.75230537161984
              ],
              [
                -77.88898675247478,
                60.763739284268624
              ],
              [
                -77.88048256179597,
                60.7739118654041
              ],
              [
                -77.86009681734255,
                60.792670000129085
              ],
              [
                -77.8816625898194,
                60.800279073427674
              ],
              [
                -77.96996009835432,
                60.792670000129085
              ],
              [
                -77.88068598421383,
                60.82737862429792
              ],
              [
                -77.91942295801137,
                60.83527249738569
              ],
              [
                -77.96288002680753,
                60.829331792711244
              ],
              [
                -78.04572504363644,
                60.80695218890839
              ],
              [
                -78.07982335062746,
                60.80695218890839
              ],
              [
                -78.1965225983786,
                60.792670000129085
              ],
              [
                -78.17076572980578,
                60.858832065900465
              ],
              [
                -78.1655167192329,
                60.8683535673904
              ],
              [
                -78.1404516438242,
                60.87360262832303
              ],
              [
                -78.12193765359272,
                60.8863386416291
              ],
              [
                -78.09414625909173,
                60.916815458657645
              ],
              [
                -78.02236895277555,
                60.95103588564155
              ],
              [
                -78.01097569164423,
                60.9611676790195
              ],
              [
                -78.00275632966988,
                60.97235750978277
              ],
              [
                -77.8879288329067,
                61.037095435591986
              ],
              [
                -77.87100178168242,
                61.05023838073519
              ],
              [
                -77.86168375083052,
                61.05438877591145
              ],
              [
                -77.84801183912329,
                61.055243219225254
              ],
              [
                -77.82258052823668,
                61.05394114167937
              ],
              [
                -77.80931555586342,
                61.0570742818376
              ],
              [
                -77.8081762568158,
                61.06513095462028
              ],
              [
                -77.81163490412582,
                61.07611726710564
              ],
              [
                -77.8123673243252,
                61.0880801547144
              ],
              [
                -77.79015054694563,
                61.145819438699014
              ],
              [
                -77.78872638685701,
                61.15574781662697
              ],
              [
                -77.78042558742304,
                61.16010163320971
              ],
              [
                -77.76520748380423,
                61.1793073560923
              ],
              [
                -77.75462805278465,
                61.183661191768884
              ],
              [
                -77.70311439380106,
                61.1911074980117
              ],
              [
                -77.69273844003905,
                61.20734287946886
              ],
              [
                -77.70824132175298,
                61.21861397483873
              ],
              [
                -77.75153560477465,
                61.23204172576396
              ],
              [
                -77.7438858649088,
                61.242295631942525
              ],
              [
                -77.7346085577612,
                61.24994541936759
              ],
              [
                -77.72679602710504,
                61.25897858181641
              ],
              [
                -77.72354081057374,
                61.273057347858135
              ],
              [
                -77.72679604829409,
                61.27924228183019
              ],
              [
                -77.74083409741849,
                61.29051339208761
              ],
              [
                -77.74404865785723,
                61.29722731516406
              ],
              [
                -77.74486242770274,
                61.34967681668952
              ],
              [
                -77.74840246210564,
                61.37482329463108
              ],
              [
                -77.75645907614972,
                61.399766293109906
              ],
              [
                -77.78526773316561,
                61.454698018434996
              ],
              [
                -77.77159587452162,
                61.46263260996023
              ],
              [
                -77.74909416947808,
                61.4589297082346
              ],
              [
                -77.73721275347658,
                61.45457599232201
              ],
              [
                -77.72402911051208,
                61.43842195453265
              ],
              [
                -77.69758057432227,
                61.43183019947009
              ],
              [
                -77.67715405022906,
                61.43927636706844
              ],
              [
                -77.68260663126983,
                61.4648298941348
              ],
              [
                -77.60773679110011,
                61.46466706968223
              ],
              [
                -77.57160395806355,
                61.4704043482535
              ],
              [
                -77.54548089561726,
                61.48533759455681
              ],
              [
                -77.63329022118317,
                61.50934486404505
              ],
              [
                -77.66612705392627,
                61.52765530405594
              ],
              [
                -77.65465247038156,
                61.55418528555577
              ],
              [
                -77.64126548819803,
                61.560248191872965
              ],
              [
                -77.62262930551022,
                61.56407291099392
              ],
              [
                -77.60366778505002,
                61.56378816885798
              ],
              [
                -77.568430099342,
                61.547552745817036
              ],
              [
                -77.47655193785349,
                61.539984509067686
              ],
              [
                -77.5008031552855,
                61.56329982757246
              ],
              [
                -77.54556231426905,
                61.575913817520764
              ],
              [
                -77.63418533297096,
                61.582139366292644
              ],
              [
                -77.62315834587362,
                61.59300366624168
              ],
              [
                -77.60728921420451,
                61.593980239200825
              ],
              [
                -77.5894262476178,
                61.592271241282496
              ],
              [
                -77.57274333222124,
                61.59520096560079
              ],
              [
                -77.57274326054122,
                61.60138576630215
              ],
              [
                -77.59923253978567,
                61.608465872255486
              ],
              [
                -77.68569898367808,
                61.60883204635745
              ],
              [
                -77.70836343346713,
                61.61627841649361
              ],
              [
                -77.74038648014579,
                61.64923731580709
              ],
              [
                -77.75462805413014,
                61.6566836546167
              ],
              [
                -77.76423097964611,
                61.665961077918055
              ],
              [
                -77.79271403344354,
                61.70136144401031
              ],
              [
                -77.79869547944644,
                61.70136144401031
              ],
              [
                -77.81456452973855,
                61.69183984259986
              ],
              [
                -77.9398493507345,
                61.693589503640574
              ],
              [
                -77.96642001880257,
                61.70184963495096
              ],
              [
                -77.98973546876515,
                61.71482980403094
              ],
              [
                -78.0047501365089,
                61.73236726479532
              ],
              [
                -78.00698811715239,
                61.74249913293193
              ],
              [
                -78.00682531986612,
                61.75377024230643
              ],
              [
                -78.00475017798506,
                61.766547005853106
              ],
              [
                -78.00918529901035,
                61.778265624251546
              ],
              [
                -78.01329503402249,
                61.782700891879706
              ],
              [
                -78.0180558129136,
                61.78571200694284
              ],
              [
                -78.02456624594966,
                61.79315831682258
              ],
              [
                -78.02830969617006,
                61.80060455401295
              ],
              [
                -78.03441323352733,
                61.818548919114775
              ],
              [
                -78.03892977947052,
                61.827948260165606
              ],
              [
                -78.04580644364052,
                61.83771393353254
              ],
              [
                -78.0655411837187,
                61.85582108133486
              ],
              [
                -78.07876537553676,
                61.87311425553494
              ],
              [
                -78.08482826141729,
                61.888047602633655
              ],
              [
                -78.08299724175322,
                61.903998168211636
              ],
              [
                -78.07306882139657,
                61.924139725600774
              ],
              [
                -78.08014895259427,
                61.93768959862066
              ],
              [
                -78.08556072690374,
                61.95811601901386
              ],
              [
                -78.09398350925782,
                61.976874066707026
              ],
              [
                -78.1276749954363,
                61.99327228257007
              ],
              [
                -78.13695229867102,
                62.013495210757775
              ],
              [
                -78.1406957086203,
                62.038560213474675
              ],
              [
                -78.14273027045229,
                62.10728587070914
              ],
              [
                -78.14781656497676,
                62.12860752641199
              ],
              [
                -78.15868081353304,
                62.14667392149645
              ],
              [
                -78.16502843492378,
                62.16693754755544
              ],
              [
                -78.15802977647115,
                62.18992750754952
              ],
              [
                -78.14684001273777,
                62.212713985214634
              ],
              [
                -78.14126541210099,
                62.23200102222793
              ],
              [
                -78.1559138536976,
                62.273749075167075
              ],
              [
                -78.15489663582882,
                62.29730868908008
              ],
              [
                -78.13141839469337,
                62.30772529029796
              ],
              [
                -78.1181534864811,
                62.30975987993809
              ],
              [
                -78.11066641384213,
                62.31578189574772
              ],
              [
                -78.10728919550533,
                62.32542552750934
              ],
              [
                -78.10655678782298,
                62.33844637892134
              ],
              [
                -78.10049388902146,
                62.34711327730264
              ],
              [
                -78.02403718676581,
                62.39179101582917
              ],
              [
                -78.01097576256045,
                62.396470506165045
              ],
              [
                -77.9768774555397,
                62.396470506165045
              ],
              [
                -77.9356176894426,
                62.40704993305891
              ],
              [
                -77.91661540135601,
                62.42072179507526
              ],
              [
                -77.90542563129,
                62.423814254577465
              ],
              [
                -77.8878474983014,
                62.42597081930465
              ],
              [
                -77.78465741166147,
                62.46796302968351
              ],
              [
                -77.76455645182989,
                62.47223542908554
              ],
              [
                -77.71422280795576,
                62.47296786929845
              ],
              [
                -77.68700114919952,
                62.47728104769345
              ],
              [
                -77.67516032143867,
                62.48932530768349
              ],
              [
                -77.6566055635387,
                62.51658758759158
              ],
              [
                -77.61412506765978,
                62.53168358193584
              ],
              [
                -77.53799389728107,
                62.547308600742575
              ],
              [
                -77.52391518800674,
                62.557440522803795
              ],
              [
                -77.50157636242076,
                62.58002358420277
              ],
              [
                -77.4908340958096,
                62.58832426254432
              ],
              [
                -77.47179117149122,
                62.59381748416406
              ],
              [
                -77.40485590582979,
                62.58832426254432
              ],
              [
                -77.40025799759027,
                62.58466224877112
              ],
              [
                -77.39256754943005,
                62.56708410034767
              ],
              [
                -77.38719639088265,
                62.5609805009664
              ],
              [
                -77.37751219575988,
                62.55756259511791
              ],
              [
                -77.37100178390854,
                62.55792881277365
              ],
              [
                -77.36506094122144,
                62.55988182445414
              ],
              [
                -77.3567601928933,
                62.5609805009664
              ],
              [
                -77.27668211280613,
                62.5536563400409
              ],
              [
                -77.25059975234014,
                62.55414461526767
              ],
              [
                -77.24364172306267,
                62.54938384572415
              ],
              [
                -77.16836499150378,
                62.547308600742575
              ],
              [
                -77.16100015574274,
                62.54596592166213
              ],
              [
                -77.15184487936577,
                62.5423038082911
              ],
              [
                -77.14403233913481,
                62.536973352131824
              ],
              [
                -77.14073643148072,
                62.53058499490454
              ],
              [
                -77.13711499055435,
                62.526800786460726
              ],
              [
                -77.12877360503776,
                62.528306431340795
              ],
              [
                -77.1134334018117,
                62.53367748094493
              ],
              [
                -77.0784806549908,
                62.53526446396315
              ],
              [
                -77.0662735708094,
                62.53367748094493
              ],
              [
                -77.05785066239389,
                62.529120115700586
              ],
              [
                -77.05060781513463,
                62.52277244766074
              ],
              [
                -77.04328370085084,
                62.51923254465635
              ],
              [
                -77.01878820277936,
                62.533799530127375
              ],
              [
                -76.99510660533983,
                62.54071690341351
              ],
              [
                -76.96983804110339,
                62.54344312842215
              ],
              [
                -76.94896399358767,
                62.54108307186457
              ],
              [
                -76.93382731415554,
                62.534409945012136
              ],
              [
                -76.92332918516782,
                62.52753321038924
              ],
              [
                -76.9120174431479,
                62.52216225655195
              ],
              [
                -76.75772045170783,
                62.510809564904726
              ],
              [
                -76.73582926096843,
                62.50633376509078
              ],
              [
                -76.71930902909163,
                62.496161174020656
              ],
              [
                -76.7047419662236,
                62.48936592065734
              ],
              [
                -76.6646622525234,
                62.486883873663636
              ],
              [
                -76.64732828928817,
                62.47837967011008
              ],
              [
                -76.65477455071813,
                62.47223542908554
              ],
              [
                -76.62686117285747,
                62.46165604542036
              ],
              [
                -76.59569250640503,
                62.4580752546814
              ],
              [
                -76.53404698992168,
                62.45917387656976
              ],
              [
                -76.46446698697554,
                62.43537026393789
              ],
              [
                -76.40147859460481,
                62.431219727872836
              ],
              [
                -76.30467684218796,
                62.40729395309463
              ],
              [
                -76.21934978045624,
                62.399278116564766
              ],
              [
                -76.19058179361275,
                62.387803398492586
              ],
              [
                -76.1498916708692,
                62.387070951763576
              ],
              [
                -76.13341221759201,
                62.38287992178149
              ],
              [
                -76.12535553718304,
                62.37470115881259
              ],
              [
                -76.11595622820317,
                62.35443762531448
              ],
              [
                -76.11290441841587,
                62.34931060399337
              ],
              [
                -76.0985408343964,
                62.34564852531999
              ],
              [
                -76.08438066254908,
                62.34825267040496
              ],
              [
                -76.06993572568784,
                62.3529727885917
              ],
              [
                -76.05483963323317,
                62.35553618050411
              ],
              [
                -76.04133055184091,
                62.35337964888064
              ],
              [
                -76.02318280752009,
                62.34398029127656
              ],
              [
                -76.01390542575041,
                62.34186435506159
              ],
              [
                -75.99762933708143,
                62.34434638939015
              ],
              [
                -75.96678623574849,
                62.354356152300234
              ],
              [
                -75.94904536225376,
                62.35553618050411
              ],
              [
                -75.93858797327078,
                62.35211816920642
              ],
              [
                -75.91429598346916,
                62.33502832807343
              ],
              [
                -75.85558026988828,
                62.32440835330208
              ],
              [
                -75.82974205238766,
                62.31334064336113
              ],
              [
                -75.658599390447,
                62.29649482903094
              ],
              [
                -75.59215243613865,
                62.27301661995008
              ],
              [
                -75.5921524766521,
                62.26679108786047
              ],
              [
                -75.71642005984803,
                62.23802319076327
              ],
              [
                -75.75348870461681,
                62.214951848277245
              ],
              [
                -75.77090413536533,
                62.20673253468514
              ],
              [
                -75.81236736659315,
                62.2021345728992
              ],
              [
                -75.82827720896815,
                62.19444415901051
              ],
              [
                -75.84154216387172,
                62.18585852296564
              ],
              [
                -75.89378827574167,
                62.1637638196925
              ],
              [
                -75.83169517669201,
                62.1637638196925
              ],
              [
                -75.81436112152106,
                62.168443087066194
              ],
              [
                -75.77647866355849,
                62.186957122680205
              ],
              [
                -75.73542231011075,
                62.19537992354079
              ],
              [
                -75.6796768832797,
                62.21576568704945
              ],
              [
                -75.6678360365762,
                62.222113307513084
              ],
              [
                -75.5750625882628,
                62.24567286474892
              ],
              [
                -75.49347901173056,
                62.29588456257519
              ],
              [
                -75.47028559151494,
                62.30194730704607
              ],
              [
                -75.32774817400484,
                62.31745025933844
              ],
              [
                -75.17442785956092,
                62.29405344706306
              ],
              [
                -75.15050205817991,
                62.2849795271254
              ],
              [
                -75.14216055269839,
                62.272284168954464
              ],
              [
                -75.1446020736087,
                62.254950337805035
              ],
              [
                -75.15330968374715,
                62.23200102222793
              ],
              [
                -75.13304603585617,
                62.23484936152647
              ],
              [
                -75.10391190661495,
                62.26129791044646
              ],
              [
                -75.08503170862761,
                62.26679108786047
              ],
              [
                -75.09243730762793,
                62.26679108786047
              ],
              [
                -75.05174718818623,
                62.273749075167075
              ],
              [
                -75.00609291086509,
                62.26898835854861
              ],
              [
                -74.89037028937858,
                62.23423905731135
              ],
              [
                -74.84089105998551,
                62.20392484506079
              ],
              [
                -74.78966222735063,
                62.18207427030217
              ],
              [
                -74.78335533484045,
                62.17804604934672
              ],
              [
                -74.77965245923795,
                62.17340727544938
              ],
              [
                -74.7703344151328,
                62.157538120813065
              ],
              [
                -74.75853428988331,
                62.152085653212524
              ],
              [
                -74.67296304338136,
                62.12376539859577
              ],
              [
                -74.59825599208108,
                62.11066315716902
              ],
              [
                -74.55809488834538,
                62.10911697279002
              ],
              [
                -74.55809490989657,
                62.11656329095498
              ],
              [
                -74.58478758264414,
                62.12181226722511
              ],
              [
                -74.6373591202677,
                62.14488345163194
              ],
              [
                -74.68419349573541,
                62.155829178094265
              ],
              [
                -74.7410782753836,
                62.185126072832226
              ],
              [
                -74.75601156618883,
                62.197821414205514
              ],
              [
                -74.75503501496952,
                62.21356850105849
              ],
              [
                -74.7422990022129,
                62.23151282290097
              ],
              [
                -74.72354081031747,
                62.24640532930573
              ],
              [
                -74.70490479931448,
                62.252508919735284
              ],
              [
                -74.41685955113203,
                62.252508919735284
              ],
              [
                -74.39256748889999,
                62.259141311756984
              ],
              [
                -74.37824459085611,
                62.26487864239508
              ],
              [
                -74.37189688732278,
                62.26988346110222
              ],
              [
                -74.36497962509839,
                62.27826569754315
              ],
              [
                -74.3489477718335,
                62.282578913112324
              ],
              [
                -74.31786043726805,
                62.286607104826835
              ],
              [
                -74.29564365140098,
                62.29840724988858
              ],
              [
                -74.27839113577173,
                62.32347247344559
              ],
              [
                -74.24400798435859,
                62.33067460331876
              ],
              [
                -74.2305802520486,
                62.33515051896402
              ],
              [
                -74.21678620379295,
                62.33702212421751
              ],
              [
                -74.19151772525348,
                62.325995208720215
              ],
              [
                -74.17357333905035,
                62.32408270571964
              ],
              [
                -74.15469312573899,
                62.32518133151287
              ],
              [
                -74.1390681070285,
                62.328233064149806
              ],
              [
                -74.08698488502824,
                62.35224037658683
              ],
              [
                -74.01821851401003,
                62.36078516875617
              ],
              [
                -73.9979141577939,
                62.36737697359536
              ],
              [
                -73.98204502990417,
                62.37665433538051
              ],
              [
                -73.95702062138822,
                62.40538155682618
              ],
              [
                -73.9422501639749,
                62.418402458432496
              ],
              [
                -73.90709393682246,
                62.42967364843667
              ],
              [
                -73.88975984322988,
                62.44293847377681
              ],
              [
                -73.87657625799534,
                62.45685450067337
              ],
              [
                -73.87218175671266,
                62.464789111980586
              ],
              [
                -73.74868731142554,
                62.47223542908554
              ],
              [
                -73.69603431686437,
                62.4810244916873
              ],
              [
                -73.6707250881264,
                62.48212314679652
              ],
              [
                -73.64631100941526,
                62.47223542908554
              ],
              [
                -73.633045971991,
                62.459906240789344
              ],
              [
                -73.59479732632269,
                62.41417063498903
              ],
              [
                -73.57144121822353,
                62.39484285221456
              ],
              [
                -73.55235749298866,
                62.390733060862885
              ],
              [
                -73.53132074985758,
                62.39240141060923
              ],
              [
                -73.50230872914493,
                62.390326247388664
              ],
              [
                -73.48985759175011,
                62.38585038364315
              ],
              [
                -73.48155677911933,
                62.37995027445528
              ],
              [
                -73.47508701555132,
                62.37409084950303
              ],
              [
                -73.46812904028673,
                62.36981843285724
              ],
              [
                -73.45018469629362,
                62.36619700193442
              ],
              [
                -73.43683828526176,
                62.3690859233417
              ],
              [
                -73.42369542078227,
                62.37396878799459
              ],
              [
                -73.40636143606835,
                62.37665433538051
              ],
              [
                -73.37816321150908,
                62.37046946322467
              ],
              [
                -73.35741125438683,
                62.35626861157938
              ],
              [
                -73.33885652461706,
                62.34015527199566
              ],
              [
                -73.31729076364891,
                62.328233064149806
              ],
              [
                -73.24767011037909,
                62.321600734459025
              ],
              [
                -73.20954341251783,
                62.3128115752373
              ],
              [
                -73.20409093104264,
                62.29747139496489
              ],
              [
                -73.21202549657815,
                62.2763125348225
              ],
              [
                -73.19603433079925,
                62.260565526965195
              ],
              [
                -73.08389235172271,
                62.214951848277245
              ],
              [
                -73.07371990667902,
                62.205796686860545
              ],
              [
                -73.06883699138179,
                62.195786779825205
              ],
              [
                -73.06216380604728,
                62.187567367311026
              ],
              [
                -73.04674235016714,
                62.184190216758516
              ],
              [
                -73.00999914990703,
                62.18126047973064
              ],
              [
                -72.96898349538023,
                62.17291896693826
              ],
              [
                -72.92983964497577,
                62.15997955481903
              ],
              [
                -72.89899649281969,
                62.14325584926745
              ],
              [
                -72.90941318771165,
                62.133612334240915
              ],
              [
                -72.92162022672913,
                62.12950264433697
              ],
              [
                -72.93455968170147,
                62.12714261968551
              ],
              [
                -72.94737712011907,
                62.12274816673076
              ],
              [
                -72.82461507551652,
                62.11705155099107
              ],
              [
                -72.78286702257525,
                62.10911697279002
              ],
              [
                -72.78286704361331,
                62.11656329095498
              ],
              [
                -72.82384193179969,
                62.13580964503435
              ],
              [
                -72.8065079061754,
                62.142564145368475
              ],
              [
                -72.75405843724343,
                62.15009191839876
              ],
              [
                -72.7344864962329,
                62.15009191839876
              ],
              [
                -72.71739664641802,
                62.14463943496533
              ],
              [
                -72.68789625714462,
                62.12665432116867
              ],
              [
                -72.62913978008088,
                62.11688874189164
              ],
              [
                -72.62144930633067,
                62.10187403307399
              ],
              [
                -72.6370336917306,
                62.08201736690009
              ],
              [
                -72.66616777295883,
                62.061346746942924
              ],
              [
                -72.6263321641453,
                62.06293366537588
              ],
              [
                -72.60838785367002,
                62.05931228189879
              ],
              [
                -72.59797120799614,
                62.04767494160455
              ],
              [
                -72.61229407651828,
                62.043565173113734
              ],
              [
                -72.61587475960928,
                62.03656641120019
              ],
              [
                -72.61050374372704,
                62.02806228896628
              ],
              [
                -72.59797114258554,
                62.019720748527355
              ],
              [
                -72.60334223886315,
                62.00678129869644
              ],
              [
                -72.60415601306687,
                61.98847071294608
              ],
              [
                -72.60777744820838,
                61.97215400443434
              ],
              [
                -72.62120516534411,
                61.96507390192322
              ],
              [
                -72.67300371079465,
                61.95831940410749
              ],
              [
                -72.68512935237156,
                61.95128000297737
              ],
              [
                -72.68871003501711,
                61.94542056338168
              ],
              [
                -72.68667557661244,
                61.92731353230729
              ],
              [
                -72.68736730626405,
                61.91075265602826
              ],
              [
                -72.69131428294423,
                61.902329856185396
              ],
              [
                -72.79596925014579,
                61.83539466096617
              ],
              [
                -72.75499431512037,
                61.83539466096617
              ],
              [
                -72.73102781076113,
                61.84674715341439
              ],
              [
                -72.69286044734291,
                61.8755963740317
              ],
              [
                -72.66616776893447,
                61.883164775325554
              ],
              [
                -72.6632380655714,
                61.85008369886162
              ],
              [
                -72.63158115276646,
                61.820990258325786
              ],
              [
                -72.60187741946959,
                61.81256746604767
              ],
              [
                -72.60480704147744,
                61.84162010916434
              ],
              [
                -72.61945557174064,
                61.866888793127494
              ],
              [
                -72.63170321571582,
                61.89561589955247
              ],
              [
                -72.63048259762438,
                61.92291907705449
              ],
              [
                -72.60521402349379,
                61.94367100435817
              ],
              [
                -72.59569254950753,
                61.9431827363363
              ],
              [
                -72.56956941060328,
                61.932928702053786
              ],
              [
                -72.4880265028674,
                61.924139725600774
              ],
              [
                -72.35708573185698,
                61.889390354185586
              ],
              [
                -72.23232983378627,
                61.881292968297075
              ],
              [
                -72.20319575969798,
                61.86579009573899
              ],
              [
                -72.19684811230711,
                61.855536201837566
              ],
              [
                -72.19359293839393,
                61.84638097676522
              ],
              [
                -72.18927977947061,
                61.83746983263442
              ],
              [
                -72.1795954722883,
                61.827948260165606
              ],
              [
                -72.14354410769309,
                61.80975987903581
              ],
              [
                -72.13182532145947,
                61.80060455401295
              ],
              [
                -72.15054275510903,
                61.80040108380503
              ],
              [
                -72.2062882482689,
                61.79315831682258
              ],
              [
                -72.19277912964034,
                61.78819411832019
              ],
              [
                -72.1870011374233,
                61.786973418242816
              ],
              [
                -72.18700111050504,
                61.78013744334406
              ],
              [
                -72.21157796754157,
                61.77887609825599
              ],
              [
                -72.2246801548482,
                61.76622143908855
              ],
              [
                -72.22370361527946,
                61.750189569686064
              ],
              [
                -72.20628816699217,
                61.73859277335503
              ],
              [
                -72.19469147835848,
                61.73741274676555
              ],
              [
                -72.18236243368051,
                61.739121811549865
              ],
              [
                -72.17088786444413,
                61.74323156760045
              ],
              [
                -72.15111242651483,
                61.75669992644929
              ],
              [
                -72.14110270917134,
                61.75739172704143
              ],
              [
                -72.07628333597042,
                61.744859122603934
              ],
              [
                -72.05748447793388,
                61.73712796019483
              ],
              [
                -72.0423884833794,
                61.72553132742466
              ],
              [
                -72.0380752714719,
                61.71649803836458
              ],
              [
                -72.03718010517625,
                61.70738347895715
              ],
              [
                -72.03453533445212,
                61.70038490149046
              ],
              [
                -72.01585850201482,
                61.69566474425513
              ],
              [
                -72.00584877404307,
                61.690781985034214
              ],
              [
                -71.99811766652223,
                61.68406813569377
              ],
              [
                -71.99522869627161,
                61.677110165551994
              ],
              [
                -72.0047093876895,
                61.65989810637586
              ],
              [
                -72.02464762306424,
                61.641587678804385
              ],
              [
                -72.06289628867741,
                61.61566803695912
              ],
              [
                -72.08511312815838,
                61.60626868308858
              ],
              [
                -72.10659745450442,
                61.60325754622328
              ],
              [
                -72.12840734351109,
                61.60468169033276
              ],
              [
                -72.20152744998292,
                61.61741767748104
              ],
              [
                -72.24347899411833,
                61.61762119505523
              ],
              [
                -72.27733308227717,
                61.60309471674364
              ],
              [
                -72.30308991795363,
                61.567857086255245
              ],
              [
                -72.24201417717853,
                61.5974796298844
              ],
              [
                -72.22085524278062,
                61.60138576630215
              ],
              [
                -72.1189672463471,
                61.589178769999556
              ],
              [
                -72.08340409958376,
                61.588934634994786
              ],
              [
                -72.06956941946262,
                61.59117252850953
              ],
              [
                -72.03624423985788,
                61.60138576630215
              ],
              [
                -72.02301993146976,
                61.60309471674364
              ],
              [
                -71.99152581487654,
                61.60138576630215
              ],
              [
                -71.97948156513453,
                61.60382720201497
              ],
              [
                -71.97203532435475,
                61.61045975736959
              ],
              [
                -71.96833242910881,
                61.62030662736746
              ],
              [
                -71.96727454343372,
                61.63239166961477
              ],
              [
                -71.9637344590246,
                61.64195377928164
              ],
              [
                -71.95567791029424,
                61.64679603158763
              ],
              [
                -71.9464411913081,
                61.65049873851713
              ],
              [
                -71.94001216949434,
                61.6566836546167
              ],
              [
                -71.93541424945406,
                61.670965968378795
              ],
              [
                -71.93797770614005,
                61.67772049901241
              ],
              [
                -71.94473223353208,
                61.68248119766467
              ],
              [
                -71.95303301903425,
                61.690781985034214
              ],
              [
                -71.9698380412275,
                61.701239355033096
              ],
              [
                -71.9727676693624,
                61.708197279760164
              ],
              [
                -71.95677645738317,
                61.7112490363665
              ],
              [
                -71.86363686648873,
                61.697617932198945
              ],
              [
                -71.80907143254663,
                61.683295009634946
              ],
              [
                -71.76065024595243,
                61.677069476755804
              ],
              [
                -71.75133219058205,
                61.6740176870053
              ],
              [
                -71.73232986465014,
                61.66539131835305
              ],
              [
                -71.6744279083072,
                61.65631751300589
              ],
              [
                -71.65200758962342,
                61.649847685475166
              ],
              [
                -71.58096264795412,
                61.61383691537638
              ],
              [
                -71.56944736505321,
                61.60138576630215
              ],
              [
                -71.59056552904433,
                61.60138576630215
              ],
              [
                -71.57526611611975,
                61.596991329500234
              ],
              [
                -71.55821689973128,
                61.587347685529075
              ],
              [
                -71.54865477729686,
                61.574652447099616
              ],
              [
                -71.55577554198462,
                61.56102125737906
              ],
              [
                -71.56712806194595,
                61.55853913420451
              ],
              [
                -71.60732982748331,
                61.567857086255245
              ],
              [
                -71.6238907481906,
                61.56549712871703
              ],
              [
                -71.62783767890518,
                61.559637740476184
              ],
              [
                -71.62913975602764,
                61.552679723665214
              ],
              [
                -71.63776609949291,
                61.54682040779936
              ],
              [
                -71.69151772608105,
                61.53925204719598
              ],
              [
                -71.80353762180555,
                61.54230386025536
              ],
              [
                -71.85741121967405,
                61.53375879580589
              ],
              [
                -71.84850013628089,
                61.523138749358395
              ],
              [
                -71.83145092240127,
                61.5218365797269
              ],
              [
                -71.79259192014194,
                61.526922910660254
              ],
              [
                -71.78693598292428,
                61.52289457083835
              ],
              [
                -71.78099524432503,
                61.51390208261453
              ],
              [
                -71.78180906160318,
                61.50438061895423
              ],
              [
                -71.79600985461462,
                61.49896875947317
              ],
              [
                -71.79600990985031,
                61.49152254915712
              ],
              [
                -71.77310140101028,
                61.48273351590407
              ],
              [
                -71.76130122386739,
                61.479722380702256
              ],
              [
                -71.74819896972919,
                61.47911197003528
              ],
              [
                -71.76878815820223,
                61.46092348899703
              ],
              [
                -71.81090250914852,
                61.44794347853824
              ],
              [
                -71.89159099732787,
                61.43695716541739
              ],
              [
                -71.8915909380582,
                61.43073149498714
              ],
              [
                -71.85529534944207,
                61.42377346571354
              ],
              [
                -71.79572506861352,
                61.423325920582684
              ],
              [
                -71.73452709809273,
                61.410223628711634
              ],
              [
                -71.61851967310187,
                61.41803621731182
              ],
              [
                -71.58311922019809,
                61.410223628711634
              ],
              [
                -71.62779703509936,
                61.3959415175031
              ],
              [
                -71.64647376672885,
                61.393744214765704
              ],
              [
                -71.65562907158842,
                61.38837316491553
              ],
              [
                -71.66197671864249,
                61.38165928511902
              ],
              [
                -71.6718643641497,
                61.37547431830708
              ],
              [
                -71.70726477475586,
                61.368353578360235
              ],
              [
                -71.82266189010163,
                61.37547431830708
              ],
              [
                -71.80370032794377,
                61.37010326120473
              ],
              [
                -71.79600991721587,
                61.36924879673483
              ],
              [
                -71.79600990925518,
                61.361802496366515
              ],
              [
                -71.81501216566544,
                61.35594308909417
              ],
              [
                -71.82266190844636,
                61.35496653249577
              ],
              [
                -71.80557204139332,
                61.347845730551725
              ],
              [
                -71.78416910174168,
                61.34617751422531
              ],
              [
                -71.7413630762236,
                61.34813058844801
              ],
              [
                -71.72126215366184,
                61.34532295490224
              ],
              [
                -71.68569902042135,
                61.33466217330818
              ],
              [
                -71.66563882431723,
                61.33445875939396
              ],
              [
                -71.67564854301858,
                61.31915921264846
              ],
              [
                -71.69147701796201,
                61.308091540378236
              ],
              [
                -71.727121537602,
                61.29352446467593
              ],
              [
                -71.72712153840304,
                61.2872988798211
              ],
              [
                -71.69644118846352,
                61.27741116913154
              ],
              [
                -71.59679116383639,
                61.259385511046936
              ],
              [
                -71.6181534417012,
                61.23432036808116
              ],
              [
                -71.62564044516184,
                61.221909921216266
              ],
              [
                -71.63093013742092,
                61.20416900542043
              ],
              [
                -71.61758379855478,
                61.20762768616829
              ],
              [
                -71.594593859451,
                61.22223539090652
              ],
              [
                -71.58311928245092,
                61.22459546289517
              ],
              [
                -71.57290606950077,
                61.22052645628378
              ],
              [
                -71.56639564897273,
                61.21275464121642
              ],
              [
                -71.56143143942539,
                61.20416900542043
              ],
              [
                -71.55577552190724,
                61.19733307774403
              ],
              [
                -71.57433021541334,
                61.173081785107286
              ],
              [
                -71.58043369752816,
                61.160956085338505
              ],
              [
                -71.57286538319038,
                61.15574781662697
              ],
              [
                -71.55406652534664,
                61.156805715659736
              ],
              [
                -71.53669188860667,
                61.159776148759825
              ],
              [
                -71.52110755736297,
                61.16429271916528
              ],
              [
                -71.50796462499136,
                61.1699892918568
              ],
              [
                -71.52253171990279,
                61.18244051845707
              ],
              [
                -71.53376215704745,
                61.19627510760327
              ],
              [
                -71.53538980513291,
                61.21076084803465
              ],
              [
                -71.52106687344013,
                61.22459546289517
              ],
              [
                -71.49767002790136,
                61.230902377766604
              ],
              [
                -71.47581945788158,
                61.226385798754336
              ],
              [
                -71.45970619393555,
                61.21336499030817
              ],
              [
                -71.45335850136615,
                61.19419989862581
              ],
              [
                -71.44399979622663,
                61.184678441796386
              ],
              [
                -71.39500890148234,
                61.14952217915858
              ],
              [
                -71.38902749277759,
                61.14183180155433
              ],
              [
                -71.37157139181538,
                61.12901435217588
              ],
              [
                -71.35997471301906,
                61.12645087646181
              ],
              [
                -71.37144933148782,
                61.14952217915858
              ],
              [
                -71.2749731301105,
                61.15574781662697
              ],
              [
                -71.23151609474812,
                61.16746656032806
              ],
              [
                -71.21328689467799,
                61.1672223714969
              ],
              [
                -71.22061111552271,
                61.14952217915858
              ],
              [
                -71.21108962445507,
                61.1382510099192
              ],
              [
                -71.1973771022761,
                61.12584059136323
              ],
              [
                -71.18504797771976,
                61.12274810924873
              ],
              [
                -71.17967690792617,
                61.13959384730303
              ],
              [
                -71.16763263317655,
                61.141058685876665
              ],
              [
                -71.11143959326742,
                61.12523022633706
              ],
              [
                -71.09365798935103,
                61.12559639540421
              ],
              [
                -71.0718888109239,
                61.13279858439469
              ],
              [
                -71.03880774354505,
                61.13178131343753
              ],
              [
                -70.95547444133521,
                61.116197048182656
              ],
              [
                -70.93537348670168,
                61.10663481075452
              ],
              [
                -70.92739824814146,
                61.092718827389035
              ],
              [
                -70.9394425036596,
                61.073797906864236
              ],
              [
                -70.84691322558248,
                61.07542553841816
              ],
              [
                -70.82274329454269,
                61.06757233524892
              ],
              [
                -70.81383214249603,
                61.06134672002015
              ],
              [
                -70.8028458119,
                61.05711494668574
              ],
              [
                -70.78990635707217,
                61.05475491801252
              ],
              [
                -70.77497310666806,
                61.05394114167937
              ],
              [
                -70.76207433141609,
                61.05670805079959
              ],
              [
                -70.76178949579986,
                61.06305570006747
              ],
              [
                -70.76968338736724,
                61.06976958249009
              ],
              [
                -70.7818090406782,
                61.073797906864236
              ],
              [
                -70.76178952478257,
                61.08580151034994
              ],
              [
                -70.72573805830757,
                61.0790469030475
              ],
              [
                -70.65827388767515,
                61.05394114167937
              ],
              [
                -70.65827391613111,
                61.04649489427391
              ],
              [
                -70.66624912652874,
                61.0443789343083
              ],
              [
                -70.68561766668677,
                61.0328230200831
              ],
              [
                -70.6677139929303,
                61.026841534511675
              ],
              [
                -70.60366779765819,
                61.0328230200831
              ],
              [
                -70.5544327519973,
                61.01386140378589
              ],
              [
                -70.53538976705762,
                61.01231515496523
              ],
              [
                -70.53538975785656,
                61.01984281148693
              ],
              [
                -70.54662022801966,
                61.023016642662206
              ],
              [
                -70.556223126028,
                61.028387784007926
              ],
              [
                -70.56379147094474,
                61.03611888338335
              ],
              [
                -70.56891844810065,
                61.04649489427391
              ],
              [
                -70.5606990226227,
                61.04572174644794
              ],
              [
                -70.54360915801776,
                61.047064489279855
              ],
              [
                -70.53538980208916,
                61.04649489427391
              ],
              [
                -70.53742430432241,
                61.0490176762199
              ],
              [
                -70.53917397198495,
                61.05174390393885
              ],
              [
                -70.54161535968232,
                61.05394114167937
              ],
              [
                -70.54161538890533,
                61.06012608045487
              ],
              [
                -70.52668211829908,
                61.06541579110706
              ],
              [
                -70.50767980726033,
                61.064764701738525
              ],
              [
                -70.48843341318893,
                61.06028882624937
              ],
              [
                -70.4727270126865,
                61.05394114167937
              ],
              [
                -70.47105874537644,
                61.050360451793104
              ],
              [
                -70.4699600750249,
                61.037543014047465
              ],
              [
                -70.46646076561028,
                61.0328230200831
              ],
              [
                -70.457508919081,
                61.029608467585426
              ],
              [
                -70.42552652119089,
                61.02659743496084
              ],
              [
                -70.4319555435883,
                61.04022859852948
              ],
              [
                -70.44058185610957,
                61.049994238950134
              ],
              [
                -70.44318599345962,
                61.05829497648132
              ],
              [
                -70.4317520835342,
                61.06757233524892
              ],
              [
                -70.42446857539393,
                61.06366611436479
              ],
              [
                -70.41893470266811,
                61.06199779291223
              ],
              [
                -70.4044083568569,
                61.06012608045487
              ],
              [
                -70.4136449872414,
                61.072943428819926
              ],
              [
                -70.41836502853828,
                61.077215873131735
              ],
              [
                -70.42552647125646,
                61.08124417173942
              ],
              [
                -70.42552650262978,
                61.0880801547144
              ],
              [
                -70.40196689931963,
                61.08592353089192
              ],
              [
                -70.363636852168,
                61.06879304211522
              ],
              [
                -70.34292558653225,
                61.06757233524892
              ],
              [
                -70.34732011212381,
                61.08307525631368
              ],
              [
                -70.33971108750565,
                61.09479404207822
              ],
              [
                -70.32510329500802,
                61.10040921180533
              ],
              [
                -70.30882725773698,
                61.09772367026696
              ],
              [
                -70.29906163756858,
                61.09422432835179
              ],
              [
                -70.26724199761489,
                61.0880801547144
              ],
              [
                -70.25352940825758,
                61.076890340933055
              ],
              [
                -70.2467341707411,
                61.073797906864236
              ],
              [
                -70.2291560432672,
                61.07330962122491
              ],
              [
                -70.21519933086921,
                61.078477255818896
              ],
              [
                -70.20250405774777,
                61.084947038969375
              ],
              [
                -70.18879147660746,
                61.0880801547144
              ],
              [
                -70.15534421866896,
                61.0876325741058
              ],
              [
                -70.14403237862405,
                61.083563577286284
              ],
              [
                -70.15119380575233,
                61.073797906864236
              ],
              [
                -70.13914955572405,
                61.07017651772754
              ],
              [
                -70.1243790610007,
                61.07029860680396
              ],
              [
                -70.11270098015312,
                61.06879304211522
              ],
              [
                -70.11021890375304,
                61.06012608045487
              ],
              [
                -70.11632239219594,
                61.056016338870535
              ],
              [
                -70.14248614125862,
                61.04523347963389
              ],
              [
                -70.15119380402376,
                61.040269258309884
              ],
              [
                -70.16006425403488,
                61.021673890632734
              ],
              [
                -70.14899654816493,
                61.01117584676967
              ],
              [
                -70.12694250594751,
                61.010239967078796
              ],
              [
                -70.10338292197996,
                61.01984281148693
              ],
              [
                -70.09593664212579,
                61.01231515496523
              ],
              [
                -70.1096085027914,
                61.00507229582922
              ],
              [
                -70.1117243870944,
                60.99607978179501
              ],
              [
                -70.10338296448192,
                60.978216897173084
              ],
              [
                -70.09927325508214,
                60.97235750978277
              ],
              [
                -70.09483800218665,
                60.970811238708386
              ],
              [
                -70.09121661258888,
                60.96881746710654
              ],
              [
                -70.08971104601581,
                60.9611676790195
              ],
              [
                -70.09068762804664,
                60.955633854592485
              ],
              [
                -70.09284419400356,
                60.94953032476177
              ],
              [
                -70.09496008466353,
                60.945135801119356
              ],
              [
                -70.09593663899165,
                60.94468819731285
              ],
              [
                -70.1029353657535,
                60.93309156079129
              ],
              [
                -70.10484775858697,
                60.92609280050556
              ],
              [
                -70.09968014899567,
                60.92295971333574
              ],
              [
                -70.09666907350102,
                60.920518293785385
              ],
              [
                -70.09260008053577,
                60.91474032643719
              ],
              [
                -70.08950759300531,
                60.907904330011256
              ],
              [
                -70.08971105207962,
                60.90253324794347
              ],
              [
                -70.10090085711305,
                60.895615970906725
              ],
              [
                -70.15119379012832,
                60.88947171173162
              ],
              [
                -70.15119383178019,
                60.88202548427328
              ],
              [
                -70.07599848070168,
                60.88153714549424
              ],
              [
                -70.05500240911185,
                60.87579987364558
              ],
              [
                -70.06484941699995,
                60.85809968292113
              ],
              [
                -70.05870520739316,
                60.850327867582244
              ],
              [
                -70.04222571726427,
                60.848252674353766
              ],
              [
                -69.99486242340502,
                60.849066457297965
              ],
              [
                -69.98668370156113,
                60.84788642822227
              ],
              [
                -69.97923745751291,
                60.84349196385938
              ],
              [
                -69.96349033703085,
                60.830186224996105
              ],
              [
                -69.95596267802361,
                60.82737862429792
              ],
              [
                -69.93236242139724,
                60.81452055629137
              ],
              [
                -69.9158829525983,
                60.81000398873862
              ],
              [
                -69.9010310806308,
                60.81683995054933
              ],
              [
                -69.88825438150185,
                60.82660556644625
              ],
              [
                -69.85838782377857,
                60.842230534186214
              ],
              [
                -69.84951737664801,
                60.85468170005275
              ],
              [
                -69.86986243561422,
                60.85106029139669
              ],
              [
                -69.90782631220854,
                60.83775464063657
              ],
              [
                -69.92833410539095,
                60.83482492422498
              ],
              [
                -69.93871011221148,
                60.84019606395146
              ],
              [
                -69.9214981931342,
                60.85162997541901
              ],
              [
                -69.89745032840358,
                60.86216869205004
              ],
              [
                -69.88707432192525,
                60.864935575310206
              ],
              [
                -69.86066648768646,
                60.88397860924243
              ],
              [
                -69.82054600507898,
                60.90428291098695
              ],
              [
                -69.77696692907813,
                60.91950104856917
              ],
              [
                -69.74030514895982,
                60.92295971333574
              ],
              [
                -69.73936926750703,
                60.886094464294956
              ],
              [
                -69.70262609523198,
                60.87433501198356
              ],
              [
                -69.66234292730569,
                60.885240012165276
              ],
              [
                -69.65094964821719,
                60.916815458657645
              ],
              [
                -69.66124425996409,
                60.92780181008124
              ],
              [
                -69.67870033911909,
                60.94245028297697
              ],
              [
                -69.69172114834298,
                60.95880766966059
              ],
              [
                -69.68846593301902,
                60.97479886979302
              ],
              [
                -69.68468176424938,
                60.98228586546467
              ],
              [
                -69.68154865842138,
                61.00336338720018
              ],
              [
                -69.67882238419052,
                61.01231515496523
              ],
              [
                -69.67198644219773,
                61.022162155044825
              ],
              [
                -69.65868077852949,
                61.031968470537485
              ],
              [
                -69.6509496640949,
                61.040269258309884
              ],
              [
                -69.6512752070349,
                61.04734937032905
              ],
              [
                -69.65412347726179,
                61.056463897325706
              ],
              [
                -69.65103106396022,
                61.06427644876436
              ],
              [
                -69.63385983151682,
                61.06757233524892
              ],
              [
                -69.62450112660679,
                61.07078688155312
              ],
              [
                -69.60118565311491,
                61.08490628306838
              ],
              [
                -69.58543861255067,
                61.0880801547144
              ],
              [
                -69.55768796217914,
                61.08600496065107
              ],
              [
                -69.53661047738427,
                61.07969797863355
              ],
              [
                -69.52037515652727,
                61.06903721787655
              ],
              [
                -69.50694739074567,
                61.05394114167937
              ],
              [
                -69.47325596377117,
                61.00006741245449
              ],
              [
                -69.46255447256456,
                60.991888711555276
              ],
              [
                -69.44839436148675,
                60.98358799744631
              ],
              [
                -69.43342036673438,
                60.963975312701926
              ],
              [
                -69.42341062006317,
                60.9411075025152
              ],
              [
                -69.42438718092832,
                60.92295971333574
              ],
              [
                -69.4100235557569,
                60.92328520622452
              ],
              [
                -69.36974033832126,
                60.916815458657645
              ],
              [
                -69.37462316880203,
                60.90436431425024
              ],
              [
                -69.38760331743698,
                60.88178131466512
              ],
              [
                -69.39020747555396,
                60.8683535673904
              ],
              [
                -69.38703364004694,
                60.854925821163334
              ],
              [
                -69.3729141981487,
                60.83161042819806
              ],
              [
                -69.36974035620945,
                60.8239606673437
              ],
              [
                -69.38133703181944,
                60.79987212026541
              ],
              [
                -69.40929112856115,
                60.78412504239617
              ],
              [
                -69.4431860212664,
                60.77537672382755
              ],
              [
                -69.50584876044744,
                60.769964908679
              ],
              [
                -69.57237710274391,
                60.75153232499709
              ],
              [
                -69.60244707874271,
                60.73863354555626
              ],
              [
                -69.64395096984428,
                60.70860422480259
              ],
              [
                -69.65436763701949,
                60.703924864558914
              ],
              [
                -69.67039956779243,
                60.70201247403524
              ],
              [
                -69.70518959854819,
                60.69074130271382
              ],
              [
                -69.71979734078734,
                60.68402742710937
              ],
              [
                -69.70763098001413,
                60.67601144657646
              ],
              [
                -69.69249426712386,
                60.66120025770127
              ],
              [
                -69.68321692671691,
                60.64305247707226
              ],
              [
                -69.68846595440601,
                60.62506745659153
              ],
              [
                -69.69762121619006,
                60.608099666810105
              ],
              [
                -69.68553625273152,
                60.60346099112749
              ],
              [
                -69.66714432503258,
                60.59943266907613
              ],
              [
                -69.65770424359675,
                60.58409253387014
              ],
              [
                -69.66673742778387,
                60.567206112686115
              ],
              [
                -69.68797765779573,
                60.556463918711394
              ],
              [
                -69.80809486643035,
                60.53558992660808
              ],
              [
                -69.82900956812995,
                60.52574290469833
              ],
              [
                -69.8191625668409,
                60.518540761252204
              ],
              [
                -69.79491125541807,
                60.49225494013966
              ],
              [
                -69.76012122404082,
                60.473211982560926
              ],
              [
                -69.74974523919437,
                60.46222564279108
              ],
              [
                -69.75698807771634,
                60.44721099407139
              ],
              [
                -69.77049721196961,
                60.434149498961844
              ],
              [
                -69.77586828203096,
                60.424505910537725
              ],
              [
                -69.7692764919787,
                60.418524474963604
              ],
              [
                -69.74681556425598,
                60.41648998389311
              ],
              [
                -69.73534094174377,
                60.41132232059828
              ],
              [
                -69.7291560445344,
                60.385606172772185
              ],
              [
                -69.71979733848171,
                60.37555574375382
              ],
              [
                -69.72667396929877,
                60.3626569864969
              ],
              [
                -69.73932858428526,
                60.346625073446106
              ],
              [
                -69.75328528083867,
                60.33295318423552
              ],
              [
                -69.76988684582275,
                60.32404205572489
              ],
              [
                -69.76549231544914,
                60.31708404966663
              ],
              [
                -69.75328528566956,
                60.30662669450271
              ],
              [
                -69.74453691254361,
                60.30390045731302
              ],
              [
                -69.721547004498,
                60.3024356147502
              ],
              [
                -69.71231034881518,
                60.299790753708955
              ],
              [
                -69.6719864570211,
                60.26325104403203
              ],
              [
                -69.6651505165579,
                60.25511301780628
              ],
              [
                -69.65697181504954,
                60.24152253713241
              ],
              [
                -69.61693275034166,
                60.23517487855893
              ],
              [
                -69.60244706606957,
                60.22467682057136
              ],
              [
                -69.61278235989053,
                60.21417878388058
              ],
              [
                -69.64073645265849,
                60.195257873437995
              ],
              [
                -69.65094967292636,
                60.18370188837719
              ],
              [
                -69.59943600092716,
                60.18370188837719
              ],
              [
                -69.59557044858694,
                60.17890046796639
              ],
              [
                -69.59959876154123,
                60.16803619930593
              ],
              [
                -69.60993404670502,
                60.14960357952619
              ],
              [
                -69.60973059534027,
                60.13056060997233
              ],
              [
                -69.60716711962993,
                60.11371490892451
              ],
              [
                -69.61099198885522,
                60.10106028575004
              ],
              [
                -69.63044185834768,
                60.094346416981416
              ],
              [
                -69.62804114603442,
                60.076727607568166
              ],
              [
                -69.64647376284606,
                60.068589586282606
              ],
              [
                -69.69530188820906,
                60.066473701831576
              ],
              [
                -69.70612545371397,
                60.063299870052354
              ],
              [
                -69.71426347505744,
                60.049668685572314
              ],
              [
                -69.72288977831423,
                60.04657623947618
              ],
              [
                -69.73558509101342,
                60.04901764653492
              ],
              [
                -69.77440345121042,
                60.066473701831576
              ],
              [
                -69.80504309762559,
                60.07343170743402
              ],
              [
                -69.8262833330638,
                60.0716006546083
              ],
              [
                -69.83873450320269,
                60.05780670679467
              ],
              [
                -69.84268144375045,
                60.028876043622674
              ],
              [
                -69.8255102206448,
                60.02240631797606
              ],
              [
                -69.79271399561107,
                60.014512436411195
              ],
              [
                -69.7730606759422,
                60.004339910912556
              ],
              [
                -69.79491125478829,
                59.991319067073555
              ],
              [
                -69.82164471831673,
                59.98920327881334
              ],
              [
                -69.90103105391482,
                60.004950261871365
              ],
              [
                -70.29515540358146,
                60.02545807587427
              ],
              [
                -70.33617102752831,
                60.032294011291675
              ],
              [
                -70.33617102858182,
                60.02545807587427
              ],
              [
                -70.3283585286455,
                60.023016669970104
              ],
              [
                -70.30943762898991,
                60.011786199985
              ],
              [
                -70.32945716094684,
                60.00604889492028
              ],
              [
                -70.57192948012478,
                59.99498117070551
              ],
              [
                -70.59679108550807,
                59.99750388389852
              ],
              [
                -70.6151423819491,
                60.003973699924
              ],
              [
                -70.65074622302062,
                60.021795966030986
              ],
              [
                -70.99620520779715,
                60.076239326185224
              ],
              [
                -71.03506425823232,
                60.066473701831576
              ],
              [
                -70.92125403679748,
                60.0555280631875
              ],
              [
                -70.88149980478482,
                60.03502025016989
              ],
              [
                -70.86278235607719,
                60.02948639511529
              ],
              [
                -70.80797278672738,
                60.02330150008568
              ],
              [
                -70.7730199858253,
                60.01398346573922
              ],
              [
                -70.72158769407012,
                60.00922272310497
              ],
              [
                -70.5777075708886,
                59.977240429231465
              ],
              [
                -70.48013271910264,
                59.970892799767036
              ],
              [
                -70.40729741577195,
                59.988999870832174
              ],
              [
                -70.38459224472741,
                59.991319067073555
              ],
              [
                -70.36921148334045,
                59.9889591892707
              ],
              [
                -70.33828696635332,
                59.97972247823396
              ],
              [
                -70.32249915898188,
                59.97764721199834
              ],
              [
                -70.2266332773877,
                59.986517660643884
              ],
              [
                -70.21324611411167,
                59.984482975977755
              ],
              [
                -70.16486568481236,
                59.9640567016848
              ],
              [
                -70.10680085465235,
                59.95335512493258
              ],
              [
                -70.04503335438265,
                59.95099521782268
              ],
              [
                -69.94200598482563,
                59.9640567016848
              ],
              [
                -69.85806225115789,
                59.960923489954624
              ],
              [
                -69.7697648436225,
                59.97105550550839
              ],
              [
                -69.73509683065373,
                59.97028232685225
              ],
              [
                -69.7197972365821,
                59.96027238620752
              ],
              [
                -69.72130292256695,
                59.93711994793979
              ],
              [
                -69.72777263691589,
                59.9219425212646
              ],
              [
                -69.7422581757072,
                59.914780853334356
              ],
              [
                -69.7675674638087,
                59.91559472082972
              ],
              [
                -69.72374436358649,
                59.8977726702428
              ],
              [
                -69.58983323393697,
                59.87608485069169
              ],
              [
                -69.56151272014627,
                59.864691313140355
              ],
              [
                -69.56566330015038,
                59.859930860826715
              ],
              [
                -69.59260006447008,
                59.84454987271687
              ],
              [
                -69.60065668792879,
                59.83360420796959
              ],
              [
                -69.60114489769383,
                59.824774346322776
              ],
              [
                -69.59825606441457,
                59.81700278604149
              ],
              [
                -69.59630296806827,
                59.809434470783195
              ],
              [
                -69.60789962800636,
                59.79429772272262
              ],
              [
                -69.6121720734086,
                59.78388103293854
              ],
              [
                -69.6061905121356,
                59.7790387324569
              ],
              [
                -69.59142000221556,
                59.77806216750828
              ],
              [
                -69.57567303269535,
                59.77525470295984
              ],
              [
                -69.56053635459169,
                59.77081954447015
              ],
              [
                -69.54784090849842,
                59.76475651457001
              ],
              [
                -69.56476812719275,
                59.75824630494892
              ],
              [
                -69.58592678796386,
                59.73606990261875
              ],
              [
                -69.62238531126675,
                59.72740320146036
              ],
              [
                -69.64598548949525,
                59.709295978982354
              ],
              [
                -69.65770417841536,
                59.70331443964469
              ],
              [
                -69.64793858982667,
                59.69928617527968
              ],
              [
                -69.63825438490643,
                59.69749587154704
              ],
              [
                -69.61681059307962,
                59.69712949719568
              ],
              [
                -69.6047258182627,
                59.695542867945925
              ],
              [
                -69.60000567383962,
                59.69183992758246
              ],
              [
                -69.5966691499706,
                59.68707928370723
              ],
              [
                -69.58877526939315,
                59.68284751337795
              ],
              [
                -69.53258224515437,
                59.679633008899245
              ],
              [
                -69.52057861758601,
                59.67662186958449
              ],
              [
                -69.51622467913614,
                59.649277970221355
              ],
              [
                -69.53726155839288,
                59.62274816827855
              ],
              [
                -69.56798247053626,
                59.60260638859873
              ],
              [
                -69.59260012686526,
                59.59467203839554
              ],
              [
                -69.6255590968498,
                59.59003334334444
              ],
              [
                -69.65990143692721,
                59.57782614847247
              ],
              [
                -69.69147691757101,
                59.56114314363815
              ],
              [
                -69.74852464619381,
                59.516099509165976
              ],
              [
                -69.75328528512296,
                59.50812408965578
              ],
              [
                -69.75572677074003,
                59.49664960172718
              ],
              [
                -69.75918535853376,
                59.49262117255168
              ],
              [
                -69.75820880698393,
                59.49046461411007
              ],
              [
                -69.74714100119773,
                59.48480854012983
              ],
              [
                -69.73704995774216,
                59.48273350242396
              ],
              [
                -69.69871977725239,
                59.48480854012983
              ],
              [
                -69.7047420386831,
                59.47215411220436
              ],
              [
                -69.6978654404324,
                59.4663761613682
              ],
              [
                -69.68455977607097,
                59.46287681184497
              ],
              [
                -69.67145749913676,
                59.45697665018471
              ],
              [
                -69.66445873147913,
                59.45014060513367
              ],
              [
                -69.65648354572609,
                59.44013095425268
              ],
              [
                -69.64899662052287,
                59.42829021600299
              ],
              [
                -69.6434219460686,
                59.41596091586858
              ],
              [
                -69.65436757424567,
                59.41290914276446
              ],
              [
                -69.66258698168039,
                59.40753805866322
              ],
              [
                -69.66828373973857,
                59.39948163776377
              ],
              [
                -69.67145741692367,
                59.38861714869686
              ],
              [
                -69.64037017695445,
                59.38861714869686
              ],
              [
                -69.63206953981998,
                59.38511802121694
              ],
              [
                -69.63414466844519,
                59.37726472746688
              ],
              [
                -69.64342207827421,
                59.364732278411765
              ],
              [
                -69.7495010217509,
                59.34275937735466
              ],
              [
                -69.75743570984575,
                59.331244260091125
              ],
              [
                -69.75511644603678,
                59.31769456625503
              ],
              [
                -69.74030516671122,
                59.306708113063564
              ],
              [
                -69.72468018027507,
                59.30503983997175
              ],
              [
                -69.62706460667117,
                59.306708113063564
              ],
              [
                -69.61925213219216,
                59.30870196744326
              ],
              [
                -69.61457268921725,
                59.313218444506255
              ],
              [
                -69.6109107168176,
                59.31769456625503
              ],
              [
                -69.60619053297911,
                59.319769557854485
              ],
              [
                -69.59683182460275,
                59.32200753795765
              ],
              [
                -69.57648688777242,
                59.33177334066969
              ],
              [
                -69.56525621667576,
                59.33405167480723
              ],
              [
                -69.52651924868711,
                59.333563410724466
              ],
              [
                -69.4454645721024,
                59.36131407774529
              ],
              [
                -69.42259677115366,
                59.361517586512086
              ],
              [
                -69.39769454318126,
                59.356879093878646
              ],
              [
                -69.37425695726668,
                59.347520237036846
              ],
              [
                -69.35606839196842,
                59.33405167480723
              ],
              [
                -69.36949619890068,
                59.32037991269279
              ],
              [
                -69.35871337768822,
                59.314073034619064
              ],
              [
                -69.33731044611696,
                59.31513107433387
              ],
              [
                -69.29767819206953,
                59.334295970755385
              ],
              [
                -69.27403720991684,
                59.3350690329308
              ],
              [
                -69.25479077525597,
                59.32481510317627
              ],
              [
                -69.24681565194963,
                59.302964729205684
              ],
              [
                -69.25279698020617,
                59.29962796008585
              ],
              [
                -69.26301019422354,
                59.288560249005656
              ],
              [
                -69.26598064427093,
                59.276800919810306
              ],
              [
                -69.25023360770504,
                59.271307807742346
              ],
              [
                -69.2443740596943,
                59.26654679711474
              ],
              [
                -69.23863691966608,
                59.25608969631976
              ],
              [
                -69.232533425261,
                59.241278531925985
              ],
              [
                -69.24339758019072,
                59.22821684875448
              ],
              [
                -69.26817786651063,
                59.219305734901646
              ],
              [
                -69.2948298549716,
                59.216050481011656
              ],
              [
                -69.31167548948973,
                59.22040421567652
              ],
              [
                -69.34113531340725,
                59.241278531925985
              ],
              [
                -69.34923254191227,
                59.24461496190287
              ],
              [
                -69.36522367950522,
                59.24445208805956
              ],
              [
                -69.36994390633362,
                59.23969161620586
              ],
              [
                -69.36937424522594,
                59.23228601706476
              ],
              [
                -69.37075756491456,
                59.21198143271859
              ],
              [
                -69.36693283585865,
                59.20677331848008
              ],
              [
                -69.36632229533402,
                59.20343643628374
              ],
              [
                -69.37718665524227,
                59.19684479748096
              ],
              [
                -69.38902743051354,
                59.19419987105373
              ],
              [
                -69.4012344358558,
                59.19611226625173
              ],
              [
                -69.4115291553055,
                59.20001870625311
              ],
              [
                -69.41812096992517,
                59.20368084256924
              ],
              [
                -69.42247466258603,
                59.21051655049449
              ],
              [
                -69.4225967701382,
                59.21824772874278
              ],
              [
                -69.42564851201452,
                59.22540916176001
              ],
              [
                -69.43862880493396,
                59.230414277125
              ],
              [
                -69.44953370331591,
                59.22850176522098
              ],
              [
                -69.52806556141314,
                59.18598053973903
              ],
              [
                -69.54255115771463,
                59.169541612686174
              ],
              [
                -69.53425053735529,
                59.15521894467879
              ],
              [
                -69.53872633941009,
                59.15106838577542
              ],
              [
                -69.54149329474085,
                59.147284249699325
              ],
              [
                -69.54051665765958,
                59.142401320273954
              ],
              [
                -69.53425047122356,
                59.13475172016416
              ],
              [
                -69.54165604570295,
                59.12799712413011
              ],
              [
                -69.53213458871748,
                59.11725498059698
              ],
              [
                -69.51569581908142,
                59.10846596785378
              ],
              [
                -69.50011144305032,
                59.106756881338356
              ],
              [
                -69.49327547471997,
                59.11737694969734
              ],
              [
                -69.49132238380491,
                59.1214460136196
              ],
              [
                -69.48668366518572,
                59.12470114924318
              ],
              [
                -69.48119050966292,
                59.12779361040359
              ],
              [
                -69.47647053708799,
                59.13141515271152
              ],
              [
                -69.46568769288722,
                59.1372745801863
              ],
              [
                -69.45685794492411,
                59.13312419647729
              ],
              [
                -69.44546461094765,
                59.12055079043649
              ],
              [
                -69.43952396284112,
                59.116766779076535
              ],
              [
                -69.43736728931158,
                59.11347072697192
              ],
              [
                -69.43394927155329,
                59.11054096418682
              ],
              [
                -69.4243872252507,
                59.108099756669404
              ],
              [
                -69.42194568716305,
                59.110174747895286
              ],
              [
                -69.40428619868459,
                59.11859762457195
              ],
              [
                -69.39732821697336,
                59.12055079043649
              ],
              [
                -69.37926188535766,
                59.11973710409466
              ],
              [
                -69.36416584638702,
                59.116197049602214
              ],
              [
                -69.35195876953333,
                59.10822171826385
              ],
              [
                -69.3424373818148,
                59.0938175711467
              ],
              [
                -69.3907363623015,
                59.071356364593456
              ],
              [
                -69.41437737418356,
                59.05487696735948
              ],
              [
                -69.43024662225413,
                59.025458189084276
              ],
              [
                -69.44359294311914,
                59.029364387463005
              ],
              [
                -69.45763102527204,
                59.03900793644908
              ],
              [
                -69.46593175639885,
                59.046006556839124
              ],
              [
                -69.47533112326747,
                59.05780661354975
              ],
              [
                -69.48037685195108,
                59.06639246762644
              ],
              [
                -69.48761953113573,
                59.07160055372898
              ],
              [
                -69.50352937828737,
                59.0733095628551
              ],
              [
                -69.46593186617554,
                58.93512619402176
              ],
              [
                -69.45164945092024,
                58.90204484522634
              ],
              [
                -69.45164946396505,
                58.89520892857478
              ],
              [
                -69.4669489201976,
                58.878851469431815
              ],
              [
                -69.47874923065132,
                58.87291099528111
              ],
              [
                -69.49014232326465,
                58.87779359528904
              ],
              [
                -69.49852455980792,
                58.884466890237306
              ],
              [
                -69.51130113970098,
                58.89032608872599
              ],
              [
                -69.52293862611774,
                58.8898786793889
              ],
              [
                -69.52798412023267,
                58.87779359528904
              ],
              [
                -69.53062898340673,
                58.859686508892295
              ],
              [
                -69.53799390610611,
                58.83588282081389
              ],
              [
                -69.54967192521192,
                58.815252873902395
              ],
              [
                -69.56525634627019,
                58.806463984417945
              ],
              [
                -69.64207933374585,
                58.79120530540725
              ],
              [
                -69.66515062338874,
                58.79218186935374
              ],
              [
                -69.68390864227506,
                58.80540596747324
              ],
              [
                -69.71979735133827,
                58.86725498321686
              ],
              [
                -69.6911515798708,
                58.884833205559275
              ],
              [
                -69.67845628651781,
                58.89508714057712
              ],
              [
                -69.67145740578259,
                58.908270450161645
              ],
              [
                -69.67186447045982,
                58.92743574382549
              ],
              [
                -69.67967680499599,
                58.934678325475495
              ],
              [
                -69.68838459628415,
                58.9306501744285
              ],
              [
                -69.69188397994597,
                58.915716960358594
              ],
              [
                -69.70107986466196,
                58.91807686303555
              ],
              [
                -69.70864814898218,
                58.92222713792058
              ],
              [
                -69.71483308620365,
                58.928208647034424
              ],
              [
                -69.71979741660874,
                58.93614343060357
              ],
              [
                -69.70470125454176,
                58.96308007282675
              ],
              [
                -69.72935954074329,
                58.98297766303445
              ],
              [
                -69.76121990834173,
                58.98810464020014
              ],
              [
                -69.76756746508264,
                58.97089257219259
              ],
              [
                -69.79637618699016,
                58.98130943760031
              ],
              [
                -69.83942632137394,
                59.04564049911787
              ],
              [
                -69.86314857261576,
                59.05967846168488
              ],
              [
                -69.87726795229149,
                59.05182513718791
              ],
              [
                -69.87572172962459,
                59.035874619200946
              ],
              [
                -69.86314856268127,
                59.005072326312735
              ],
              [
                -69.86607826729139,
                58.98737215758904
              ],
              [
                -69.87393151896507,
                58.97593833414208
              ],
              [
                -69.88512118411235,
                58.968613938751574
              ],
              [
                -69.89793854033465,
                58.963446254271325
              ],
              [
                -69.85903886060954,
                58.96112701164412
              ],
              [
                -69.82266199477071,
                58.94599042886802
              ],
              [
                -69.8034562778362,
                58.91905359871992
              ],
              [
                -69.81602934491738,
                58.88153705099733
              ],
              [
                -69.80894937842737,
                58.87091710630105
              ],
              [
                -69.80142168258723,
                58.85407136157955
              ],
              [
                -69.79759674368356,
                58.83710348136517
              ],
              [
                -69.8017471806432,
                58.82627998487434
              ],
              [
                -69.81712808916444,
                58.82554763993699
              ],
              [
                -69.83531654610347,
                58.834214600714134
              ],
              [
                -69.85700433923742,
                58.85358304117862
              ],
              [
                -69.86681075730448,
                58.86371503730881
              ],
              [
                -69.87901769654202,
                58.87059152275883
              ],
              [
                -69.89391031976866,
                58.87413163042749
              ],
              [
                -69.91161050971917,
                58.87409093157671
              ],
              [
                -69.89688060250285,
                58.84662497301889
              ],
              [
                -69.89049221259337,
                58.839951727766
              ],
              [
                -69.89049236450488,
                58.83311602682837
              ],
              [
                -69.95929928317021,
                58.81456126526452
              ],
              [
                -69.9798478114934,
                58.81260817958851
              ],
              [
                -70.02033435967876,
                58.815252873902395
              ],
              [
                -70.0344946205133,
                58.81260817958851
              ],
              [
                -70.04401609998766,
                58.8079694990136
              ],
              [
                -70.06330315916159,
                58.7948672087004
              ],
              [
                -70.0723771859931,
                58.79218186935374
              ],
              [
                -70.1394749649602,
                58.78392146344905
              ],
              [
                -70.21190349995533,
                58.78953692836061
              ],
              [
                -70.23192295200118,
                58.78449123310029
              ],
              [
                -70.25422125836812,
                58.77167405040131
              ],
              [
                -70.19908598713776,
                58.77818418827029
              ],
              [
                -70.17149814226585,
                58.775742853712586
              ],
              [
                -70.14777578361793,
                58.761094372793636
              ],
              [
                -70.13634184455228,
                58.75641497963626
              ],
              [
                -70.05870519102918,
                58.75739164419499
              ],
              [
                -70.05492099103519,
                58.75458399458117
              ],
              [
                -70.04723054095132,
                58.74152243934692
              ],
              [
                -70.04133053711429,
                58.73753490439485
              ],
              [
                -70.02212480439378,
                58.739447333612326
              ],
              [
                -69.9946996519429,
                58.74750393870266
              ],
              [
                -69.97008225822319,
                58.75824631219118
              ],
              [
                -69.95457918520611,
                58.772162105794074
              ],
              [
                -69.94347083317447,
                58.775620836826526
              ],
              [
                -69.92121343257631,
                58.77912032021756
              ],
              [
                -69.9175511425057,
                58.77448136655439
              ],
              [
                -69.92149822685064,
                58.76386147412204
              ],
              [
                -69.93203691354168,
                58.74437083584324
              ],
              [
                -69.93224043790043,
                58.72748455706788
              ],
              [
                -69.92813074031554,
                58.702989119462195
              ],
              [
                -69.91828365662218,
                58.686387434852286
              ],
              [
                -69.90103105555126,
                58.69318268641862
              ],
              [
                -69.88190667180776,
                58.708237971256914
              ],
              [
                -69.86143955375654,
                58.715033225965755
              ],
              [
                -69.8410537457576,
                58.715155194024355
              ],
              [
                -69.80011959756987,
                58.70490143801141
              ],
              [
                -69.79743399316804,
                58.70075095684329
              ],
              [
                -69.80174729260223,
                58.68976486058616
              ],
              [
                -69.80931556047226,
                58.68231842929908
              ],
              [
                -69.82176669004637,
                58.67572656605365
              ],
              [
                -69.83531652571274,
                58.671006561938555
              ],
              [
                -69.84609942393756,
                58.66925692007514
              ],
              [
                -69.8535863961749,
                58.66559480051766
              ],
              [
                -69.87291413726112,
                58.64911521653761
              ],
              [
                -69.87682046809982,
                58.64472081075117
              ],
              [
                -69.87340243741471,
                58.63694890442603
              ],
              [
                -69.86534591281175,
                58.62787519324682
              ],
              [
                -69.84951729220322,
                58.61399960163882
              ],
              [
                -69.8339738555653,
                58.60407150231916
              ],
              [
                -69.81354723079644,
                58.59650284179082
              ],
              [
                -69.7957250316865,
                58.59845607143335
              ],
              [
                -69.78807530256225,
                58.61741767489972
              ],
              [
                -69.77953036598997,
                58.629624684113196
              ],
              [
                -69.74201403312857,
                58.65277726417842
              ],
              [
                -69.72948150203169,
                58.67051818189992
              ],
              [
                -69.7092993754796,
                58.68976486058616
              ],
              [
                -69.70665433624023,
                58.69135148966632
              ],
              [
                -69.70287027269185,
                58.69957107272541
              ],
              [
                -69.6987198680214,
                58.702744877792
              ],
              [
                -69.69102938344318,
                58.70319238346893
              ],
              [
                -69.67638097460743,
                58.69757719349178
              ],
              [
                -69.67145744522777,
                58.69660058923104
              ],
              [
                -69.65050199208893,
                58.70115780434908
              ],
              [
                -69.64037030767795,
                58.71332438247145
              ],
              [
                -69.63634183228129,
                58.722764243437695
              ],
              [
                -69.6363418772288,
                58.739081045758475
              ],
              [
                -69.63044186509015,
                58.73753490439485
              ],
              [
                -69.60822504642398,
                58.760362018527104
              ],
              [
                -69.5660294599013,
                58.77476639600537
              ],
              [
                -69.48705003712439,
                58.79218186935374
              ],
              [
                -69.41812088922043,
                58.82965728026175
              ],
              [
                -69.4120986592125,
                58.84369521919537
              ],
              [
                -69.3971248528203,
                58.858221823367
              ],
              [
                -69.37816328090055,
                58.86949300908548
              ],
              [
                -69.35977131649248,
                58.87409093157671
              ],
              [
                -69.34870355952786,
                58.8752301779672
              ],
              [
                -69.32994537317634,
                58.88035705629497
              ],
              [
                -69.30577554825894,
                58.883368275236066
              ],
              [
                -69.28038481615998,
                58.89520892857478
              ],
              [
                -69.25633706106746,
                58.89915602029227
              ],
              [
                -69.18846587126454,
                58.89520892857478
              ],
              [
                -69.12482671157998,
                58.90192305168859
              ],
              [
                -68.9793187225465,
                58.90204484522634
              ],
              [
                -68.98444576046845,
                58.89642974473141
              ],
              [
                -68.9898576524091,
                58.8860539374607
              ],
              [
                -68.99299060887326,
                58.88153705099733
              ],
              [
                -68.8947647322865,
                58.87787499500505
              ],
              [
                -68.78693599465134,
                58.92247140942059
              ],
              [
                -68.77342682422463,
                58.921698210061486
              ],
              [
                -68.76659100880042,
                58.91767008169211
              ],
              [
                -68.76154529544183,
                58.91254290740841
              ],
              [
                -68.75340727683954,
                58.908270450161645
              ],
              [
                -68.72874914758351,
                58.90318430345412
              ],
              [
                -68.64216066314079,
                58.89756916038179
              ],
              [
                -68.61603765360547,
                58.89122156265047
              ],
              [
                -68.54051678419249,
                58.86102944824048
              ],
              [
                -68.50829011372667,
                58.836615215958346
              ],
              [
                -68.49986736355966,
                58.83311602682837
              ],
              [
                -68.41026764717557,
                58.82391989399361
              ],
              [
                -68.40233318718514,
                58.81793862371917
              ],
              [
                -68.39793864447178,
                58.809312303128856
              ],
              [
                -68.39028877243199,
                58.799627848277275
              ],
              [
                -68.37120527598681,
                58.790391452706615
              ],
              [
                -68.36156165480239,
                58.7835147188673
              ],
              [
                -68.35619065665647,
                58.77167405040131
              ],
              [
                -68.35928290581917,
                58.76121637795827
              ],
              [
                -68.37832599953862,
                58.74481846446884
              ],
              [
                -68.38288334576058,
                58.73411705439431
              ],
              [
                -68.38345288568196,
                58.7116152329977
              ],
              [
                -68.38093014909362,
                58.70099519530301
              ],
              [
                -68.37319898298749,
                58.69660058923104
              ],
              [
                -68.33714768414411,
                58.681870985172004
              ],
              [
                -68.32884673332121,
                58.67548236824997
              ],
              [
                -68.32896890726262,
                58.6579044091136
              ],
              [
                -68.35020918554444,
                58.621527525264
              ],
              [
                -68.34870350703575,
                58.600327750407565
              ],
              [
                -68.33324141667768,
                58.589789252584936
              ],
              [
                -68.29141200496579,
                58.598130748087
              ],
              [
                -68.27424070266099,
                58.586737393860446
              ],
              [
                -68.27440338955061,
                58.56724671522466
              ],
              [
                -68.28587806870911,
                58.54926180154789
              ],
              [
                -68.29149325164894,
                58.53449121176489
              ],
              [
                -68.27424070267433,
                58.52464429491402
              ],
              [
                -68.25210519123037,
                58.527533138925854
              ],
              [
                -68.21178134808984,
                58.54828517344723
              ],
              [
                -68.19102947764961,
                58.54637287182996
              ],
              [
                -68.21324617745363,
                58.50755435591436
              ],
              [
                -68.22057052701366,
                58.484320516477716
              ],
              [
                -68.21523995888447,
                58.466620056927766
              ],
              [
                -68.20938069094184,
                58.45795323689244
              ],
              [
                -68.20498619922553,
                58.44538005804625
              ],
              [
                -68.20579985749107,
                58.43402728800191
              ],
              [
                -68.22252352467086,
                58.42548242095323
              ],
              [
                -68.22468017601969,
                58.4167341716987
              ],
              [
                -68.22581944607673,
                58.39496488055907
              ],
              [
                -68.24327546777579,
                58.353257469926916
              ],
              [
                -68.31517497769578,
                58.25092201244225
              ],
              [
                -68.33849044547095,
                58.186021357499484
              ],
              [
                -68.34528553141348,
                58.17584857152376
              ],
              [
                -68.35024985780143,
                58.170518382856606
              ],
              [
                -68.34845952851313,
                58.159043831552765
              ],
              [
                -68.34422761252999,
                58.148179339394034
              ],
              [
                -68.34186773712725,
                58.14447678368754
              ],
              [
                -68.34532634781814,
                58.131903462658514
              ],
              [
                -68.35407458154997,
                58.12372452759012
              ],
              [
                -68.37661704057788,
                58.11314532911781
              ],
              [
                -68.47716223315699,
                58.04364654255593
              ],
              [
                -68.52000887690635,
                58.03119531360088
              ],
              [
                -68.71910569607236,
                58.01373948307344
              ],
              [
                -68.84870360609656,
                57.97638585102141
              ],
              [
                -68.97012280782648,
                57.96039452857678
              ],
              [
                -68.98062093203892,
                57.9528669837367
              ],
              [
                -68.98973540524858,
                57.94367084417658
              ],
              [
                -68.99982664123499,
                57.93561434789405
              ],
              [
                -69.04405682745838,
                57.91941975638645
              ],
              [
                -69.0475968186786,
                57.91510652756309
              ],
              [
                -69.14110274507786,
                57.89866783382058
              ],
              [
                -69.22374428551036,
                57.86204664190887
              ],
              [
                -69.36974037773349,
                57.77049390405794
              ],
              [
                -69.14439859198586,
                57.869737086164605
              ],
              [
                -69.12645426122062,
                57.884100701575115
              ],
              [
                -69.10936446804219,
                57.893378127265635
              ],
              [
                -69.0407609123453,
                57.908270641499705
              ],
              [
                -68.9496964644886,
                57.94102618381153
              ],
              [
                -68.75601161909249,
                57.97296799595183
              ],
              [
                -68.6866348288816,
                57.99371968732838
              ],
              [
                -68.6072484679198,
                57.997544608958464
              ],
              [
                -68.46861728720408,
                58.02037176380706
              ],
              [
                -68.41759199149648,
                58.03864177496899
              ],
              [
                -68.40713459102997,
                58.04645420464189
              ],
              [
                -68.40094965491906,
                58.0556094111336
              ],
              [
                -68.39614829216902,
                58.06464272776214
              ],
              [
                -68.39028888074628,
                58.07212964784891
              ],
              [
                -68.37791906122459,
                58.07831449772097
              ],
              [
                -68.34919195986195,
                58.08417405493633
              ],
              [
                -68.33849032466276,
                58.08982975636014
              ],
              [
                -68.3192438532949,
                58.10883195128281
              ],
              [
                -68.30988524335847,
                58.12091709677722
              ],
              [
                -68.30703699625802,
                58.13385664661468
              ],
              [
                -68.30695554663845,
                58.17633700302879
              ],
              [
                -68.30215401171573,
                58.20111711086519
              ],
              [
                -68.2925919972723,
                58.221787943016714
              ],
              [
                -68.27733322608475,
                58.23041427376418
              ],
              [
                -68.25157623951085,
                58.236517545746665
              ],
              [
                -68.2409561493787,
                58.25120671712681
              ],
              [
                -68.23892160975245,
                58.26923237729038
              ],
              [
                -68.23884031930106,
                58.28510166273728
              ],
              [
                -68.23249260447254,
                58.30768457651104
              ],
              [
                -68.21983799701698,
                58.32831448296614
              ],
              [
                -68.18732665866172,
                58.3638777219997
              ],
              [
                -68.18724515426776,
                58.37030656026378
              ],
              [
                -68.19001211678332,
                58.38080466287849
              ],
              [
                -68.19139558904025,
                58.39057030280224
              ],
              [
                -68.18732660808743,
                58.39496488055907
              ],
              [
                -68.18224039888898,
                58.3983829361559
              ],
              [
                -68.1769912713445,
                58.406439409508
              ],
              [
                -68.17267818259015,
                58.41559478368589
              ],
              [
                -68.17056222954362,
                58.42218647120597
              ],
              [
                -68.17666578747223,
                58.481919613351195
              ],
              [
                -68.17393958568489,
                58.49107494291884
              ],
              [
                -68.16344151737158,
                58.49677152207862
              ],
              [
                -68.13687093537168,
                58.5233829400131
              ],
              [
                -68.12340248366519,
                58.532049889126625
              ],
              [
                -68.11204992938505,
                58.52496978658692
              ],
              [
                -68.09015867391152,
                58.52000562657107
              ],
              [
                -68.06749421207473,
                58.51776755187425
              ],
              [
                -68.0476782788447,
                58.51841883148249
              ],
              [
                -68.02733313152008,
                58.52171457618576
              ],
              [
                -68.02342690039873,
                58.5255801665512
              ],
              [
                -68.02651939916419,
                58.53424724017811
              ],
              [
                -68.02721110778973,
                58.55194739856295
              ],
              [
                -68.00621494086444,
                58.57953517136531
              ],
              [
                -67.97443590123117,
                58.56981012697363
              ],
              [
                -67.95352133481565,
                58.54437904834383
              ],
              [
                -67.96515867161243,
                58.52464429491402
              ],
              [
                -67.96515874773573,
                58.51841883148249
              ],
              [
                -67.95103921071427,
                58.51316969414176
              ],
              [
                -67.93594320705205,
                58.51105384897073
              ],
              [
                -67.90990144821184,
                58.51097232098087
              ],
              [
                -67.88975995669765,
                58.49872477649563
              ],
              [
                -67.89476481586341,
                58.484076300076666
              ],
              [
                -67.90904707626083,
                58.468369975581275
              ],
              [
                -67.91734783515074,
                58.452948388316344
              ],
              [
                -67.9241429855303,
                58.411688467328965
              ],
              [
                -67.92365466427547,
                58.40497453528731
              ],
              [
                -67.92186447637638,
                58.40025476840158
              ],
              [
                -67.91869052007608,
                58.39630762110375
              ],
              [
                -67.91364496054399,
                58.391546900858486
              ],
              [
                -67.90811108948095,
                58.383490233262634
              ],
              [
                -67.9079482757572,
                58.37665421000244
              ],
              [
                -67.90965740817575,
                58.371283354371684
              ],
              [
                -67.9099015322739,
                58.36762121966229
              ],
              [
                -67.90318763207678,
                58.360174876977275
              ],
              [
                -67.86522379684597,
                58.33051184244015
              ],
              [
                -67.86168366919821,
                58.326401997844265
              ],
              [
                -67.86270092507486,
                58.30927146947173
              ],
              [
                -67.86839762580362,
                58.28965897904537
              ],
              [
                -67.88243562812526,
                58.271307606367145
              ],
              [
                -67.90025791540147,
                58.25584540186367
              ],
              [
                -67.9831436422976,
                58.20819726537405
              ],
              [
                -68.0026749129909,
                58.20311103593666
              ],
              [
                -68.08242761852709,
                58.155341017561234
              ],
              [
                -68.1235244520759,
                58.09837459446888
              ],
              [
                -68.1295467689801,
                58.08299402804102
              ],
              [
                -68.12059482464214,
                58.07188543308496
              ],
              [
                -68.10033113057077,
                58.08323793624598
              ],
              [
                -68.06818605135426,
                58.11314532911781
              ],
              [
                -68.05182848346863,
                58.12164932429351
              ],
              [
                -68.01569582079493,
                58.13239175635334
              ],
              [
                -67.99925706226378,
                58.14105881894406
              ],
              [
                -67.990712071058,
                58.150376740558244
              ],
              [
                -67.97256434473331,
                58.18943933735807
              ],
              [
                -67.9532770860009,
                58.21198141142509
              ],
              [
                -67.925770679019,
                58.22614173716792
              ],
              [
                -67.89411373457553,
                58.23387278668853
              ],
              [
                -67.86270093068087,
                58.2372499934299
              ],
              [
                -67.86461331299179,
                58.25901911398284
              ],
              [
                -67.84455322845783,
                58.277655405010414
              ],
              [
                -67.80064865975326,
                58.29869227449027
              ],
              [
                -67.81786039089879,
                58.319159100921745
              ],
              [
                -67.82355700639948,
                58.33563859542344
              ],
              [
                -67.8207900731255,
                58.39923721848358
              ],
              [
                -67.81773843298839,
                58.409125102572844
              ],
              [
                -67.8122452508173,
                58.417100335792746
              ],
              [
                -67.78697667824578,
                58.44269438075641
              ],
              [
                -67.78587805787244,
                58.448553776176894
              ],
              [
                -67.78831954539294,
                58.4645451189439
              ],
              [
                -67.78697664884851,
                58.47003808325963
              ],
              [
                -67.7735082602513,
                58.47577544709234
              ],
              [
                -67.75601150895945,
                58.47443266130016
              ],
              [
                -67.73851482183541,
                58.46918373189818
              ],
              [
                -67.71886145979906,
                58.45990632152959
              ],
              [
                -67.71483305259227,
                58.456610282393214
              ],
              [
                -67.71255450020557,
                58.452337972900665
              ],
              [
                -67.71190354366925,
                58.44611252364074
              ],
              [
                -67.7084041062752,
                58.44342683354116
              ],
              [
                -67.68455963008493,
                58.439642531752014
              ],
              [
                -67.67544510606722,
                58.42344796790268
              ],
              [
                -67.69310470866426,
                58.40464929809911
              ],
              [
                -67.70824124870668,
                58.38340877297684
              ],
              [
                -67.69139564006713,
                58.360174876977275
              ],
              [
                -67.72956301408321,
                58.333319498882474
              ],
              [
                -67.73208577220385,
                58.32147863365126
              ],
              [
                -67.71808843764029,
                58.29869227449027
              ],
              [
                -67.72272703789912,
                58.295355569950225
              ],
              [
                -67.73232990215037,
                58.28510166273728
              ],
              [
                -67.71328681483442,
                58.28864150948487
              ],
              [
                -67.69383708921023,
                58.28660723911525
              ],
              [
                -67.67552657927956,
                58.279486530431505
              ],
              [
                -67.66002350556738,
                58.26793030604632
              ],
              [
                -67.64903725026024,
                58.25177645233123
              ],
              [
                -67.64802001751144,
                58.236151485319006
              ],
              [
                -67.65465237362325,
                58.22105524411466
              ],
              [
                -67.69408115902766,
                58.17210516929594
              ],
              [
                -67.70173087625147,
                58.141465484122676
              ],
              [
                -67.69277913697844,
                58.109808719733216
              ],
              [
                -67.67027748759104,
                58.07212964784891
              ],
              [
                -67.69050054402544,
                58.027655486623004
              ],
              [
                -67.700998568915,
                58.01447185647388
              ],
              [
                -67.71524005292304,
                58.0010847274172
              ],
              [
                -67.73033609067959,
                57.98362868675234
              ],
              [
                -67.74014238566494,
                57.96373119299993
              ],
              [
                -67.73859607875619,
                57.943060484204246
              ],
              [
                -67.7337946988125,
                57.938055686460416
              ],
              [
                -67.7243546165892,
                57.931382546772035
              ],
              [
                -67.71349030964112,
                57.927069313896595
              ],
              [
                -67.70441656483713,
                57.92877854246913
              ],
              [
                -67.70132407751083,
                57.93781168034569
              ],
              [
                -67.70441643595426,
                57.949408214216064
              ],
              [
                -67.71190351209268,
                57.96662028568584
              ],
              [
                -67.70665433331307,
                57.99078995428912
              ],
              [
                -67.693430091094,
                58.005926741690786
              ],
              [
                -67.65664624742415,
                58.03119531360088
              ],
              [
                -67.64183515815284,
                58.04913982750321
              ],
              [
                -67.63906814576423,
                58.065049517810884
              ],
              [
                -67.6459041627278,
                58.080511886908816
              ],
              [
                -67.66002358341112,
                58.09666578381194
              ],
              [
                -67.66242433018606,
                58.11595294405221
              ],
              [
                -67.64631104154304,
                58.13873938955161
              ],
              [
                -67.60879464727108,
                58.17584857152376
              ],
              [
                -67.59585532811231,
                58.200751133900475
              ],
              [
                -67.57323161221196,
                58.22638586968407
              ],
              [
                -67.56786056915905,
                58.23041427376418
              ],
              [
                -67.56037348916875,
                58.231919643074235
              ],
              [
                -67.54405685766159,
                58.23065841300245
              ],
              [
                -67.53685471911514,
                58.23383225806025
              ],
              [
                -67.50283772736347,
                58.26349523841638
              ],
              [
                -67.48448637414153,
                58.275864840860415
              ],
              [
                -67.46483315707077,
                58.28510166273728
              ],
              [
                -67.43659419807845,
                58.28636301170613
              ],
              [
                -67.39777579111295,
                58.2837994580157
              ],
              [
                -67.36351471842372,
                58.286118784682465
              ],
              [
                -67.332142740962,
                58.32396073445259
              ],
              [
                -67.29474855959249,
                58.3347843410639
              ],
              [
                -67.2320856585801,
                58.33966692427707
              ],
              [
                -67.21800691607118,
                58.34361391901221
              ],
              [
                -67.20482334268918,
                58.351019551717236
              ],
              [
                -67.18089760190333,
                58.3706729384577
              ],
              [
                -67.16022702176956,
                58.38023510079715
              ],
              [
                -67.14191642446977,
                58.37535220654031
              ],
              [
                -67.12584389643854,
                58.36554599453258
              ],
              [
                -67.11196855704091,
                58.360174876977275
              ],
              [
                -67.09927328983015,
                58.36045978293592
              ],
              [
                -67.08690340356996,
                58.36277896298364
              ],
              [
                -67.07599853748876,
                58.36908606310402
              ],
              [
                -67.06761637447663,
                58.38129309243756
              ],
              [
                -67.06419843241783,
                58.392930506516805
              ],
              [
                -67.06647697769479,
                58.399766278685824
              ],
              [
                -67.0725805206386,
                58.40766020277908
              ],
              [
                -67.08063710073405,
                58.42218647120597
              ],
              [
                -67.04063870704348,
                58.42255264828524
              ],
              [
                -67.02342679458418,
                58.42670304078207
              ],
              [
                -67.00617432738349,
                58.43650957962562
              ],
              [
                -66.97077388046358,
                58.47699614213109
              ],
              [
                -66.96519943546632,
                58.48737228003712
              ],
              [
                -66.94664463140428,
                58.49835841760045
              ],
              [
                -66.90998297011083,
                58.50043381334603
              ],
              [
                -66.8836564352966,
                58.48655842717809
              ],
              [
                -66.89631104895317,
                58.44953041793278
              ],
              [
                -66.87242593712048,
                58.444159289819275
              ],
              [
                -66.86046295203124,
                58.43976460454794
              ],
              [
                -66.85533600724722,
                58.43280660999633
              ],
              [
                -66.85220284156979,
                58.4250347545678
              ],
              [
                -66.84593659010064,
                58.433050744821614
              ],
              [
                -66.84093182338863,
                58.44501382655917
              ],
              [
                -66.8416642389148,
                58.44953041793278
              ],
              [
                -66.81102446514653,
                58.46491107232152
              ],
              [
                -66.80199124908272,
                58.47772843392235
              ],
              [
                -66.80687423193982,
                58.49799238436665
              ],
              [
                -66.71068282482618,
                58.49799238436665
              ],
              [
                -66.6611222036031,
                58.49107494291884
              ],
              [
                -66.63540608809139,
                58.490912233022264
              ],
              [
                -66.61510177071325,
                58.49799238436665
              ],
              [
                -66.6599014657775,
                58.525458025394826
              ],
              [
                -66.66926020137595,
                58.53998441144669
              ],
              [
                -66.63939373447431,
                58.54637287182996
              ],
              [
                -66.62401278375899,
                58.55133691331494
              ],
              [
                -66.62315831345347,
                58.56346260156966
              ],
              [
                -66.62775634860915,
                58.57872147776107
              ],
              [
                -66.62877350157896,
                58.592881470743755
              ],
              [
                -66.61807207741336,
                58.60582104479168
              ],
              [
                -66.60114496657631,
                58.61851631116156
              ],
              [
                -66.5885309880289,
                58.63129292787506
              ],
              [
                -66.59121662587259,
                58.64472081075117
              ],
              [
                -66.59654694476815,
                58.65509664998692
              ],
              [
                -66.59870359005379,
                58.668687258460956
              ],
              [
                -66.59536696837007,
                58.67719143595432
              ],
              [
                -66.58438072502334,
                58.6723494525625
              ],
              [
                -66.571441305413,
                58.66941982027881
              ],
              [
                -66.5632218893825,
                58.68219648763663
              ],
              [
                -66.55361886011157,
                58.710191010693464
              ],
              [
                -66.5269670118781,
                58.71955001258876
              ],
              [
                -66.49620518124102,
                58.7185732668104
              ],
              [
                -66.46865809164316,
                58.72199141668065
              ],
              [
                -66.45128333251472,
                58.74437083584324
              ],
              [
                -66.47581947374123,
                58.7500674643109
              ],
              [
                -66.4847305050568,
                58.75531632087737
              ],
              [
                -66.49095612496491,
                58.76483786140649
              ],
              [
                -66.4746800610999,
                58.771592382619424
              ],
              [
                -66.46336838025792,
                58.78660730675819
              ],
              [
                -66.46104894163201,
                58.80280179986616
              ],
              [
                -66.47175047921544,
                58.81260817958851
              ],
              [
                -66.46117094927115,
                58.8242046913059
              ],
              [
                -66.44391847947242,
                58.83283121268337
              ],
              [
                -66.42418364466747,
                58.83808001692426
              ],
              [
                -66.40623928779831,
                58.839951727766
              ],
              [
                -66.40298427263788,
                58.84202723813536
              ],
              [
                -66.3980199285312,
                58.84662497301889
              ],
              [
                -66.39122481856637,
                58.85130455911749
              ],
              [
                -66.38239496531985,
                58.85358304117862
              ],
              [
                -66.37441966753052,
                58.85276917736232
              ],
              [
                -66.36192784705958,
                58.8483747142828
              ],
              [
                -66.3470352137768,
                58.84581114679741
              ],
              [
                -66.34748297045338,
                58.8419865479616
              ],
              [
                -66.34972076783212,
                58.837225547964024
              ],
              [
                -66.34756430209674,
                58.83311602682837
              ],
              [
                -66.29466720852781,
                58.80341232050728
              ],
              [
                -66.25251210005352,
                58.79511127365954
              ],
              [
                -66.23664311881885,
                58.784003137893045
              ],
              [
                -66.2104385909064,
                58.75739164419499
              ],
              [
                -66.19395908968595,
                58.74909084702397
              ],
              [
                -66.14574128543484,
                58.7335064881879
              ],
              [
                -66.12877356471618,
                58.73069895623984
              ],
              [
                -66.11583413578141,
                58.72630446487389
              ],
              [
                -66.11034092327299,
                58.715033225965755
              ],
              [
                -66.1071671000463,
                58.69965237646339
              ],
              [
                -66.10118568293643,
                58.6829287894387
              ],
              [
                -66.09251873266098,
                58.67121010827707
              ],
              [
                -66.07884678184017,
                58.65851467117148
              ],
              [
                -66.06273358632562,
                58.65025472031213
              ],
              [
                -66.04653889506982,
                58.65184158701246
              ],
              [
                -66.02700762626182,
                58.657660239951454
              ],
              [
                -66.00747638594132,
                58.656846453951296
              ],
              [
                -65.99714099705747,
                58.649155854899114
              ],
              [
                -66.00499427777011,
                58.634507566846736
              ],
              [
                -65.99030511741687,
                58.629380560341836
              ],
              [
                -65.95750897748492,
                58.626288251439014
              ],
              [
                -65.94416265211994,
                58.62083582487404
              ],
              [
                -65.93716383476205,
                58.609442398269366
              ],
              [
                -65.94025622305332,
                58.596299395350314
              ],
              [
                -65.94933014965731,
                58.58258688599629
              ],
              [
                -65.96031657484963,
                58.56932207137479
              ],
              [
                -65.96666416012663,
                58.56525294418534
              ],
              [
                -65.97227933203902,
                58.56513077131766
              ],
              [
                -65.97614493845717,
                58.563666004229084
              ],
              [
                -65.97765054402419,
                58.555731551811135
              ],
              [
                -65.97948161266123,
                58.54991289041625
              ],
              [
                -65.9839981280996,
                58.54197817760518
              ],
              [
                -65.98965410083744,
                58.53510162973071
              ],
              [
                -66.00674388955909,
                58.52594626576104
              ],
              [
                -66.01447507565435,
                58.51227450032197
              ],
              [
                -66.01821849560716,
                58.49823629816346
              ],
              [
                -66.01862545856842,
                58.49107494291884
              ],
              [
                -66.01488202347895,
                58.47980387502718
              ],
              [
                -66.00226799975448,
                58.45722071479972
              ],
              [
                -65.99282784037618,
                58.4308941257369
              ],
              [
                -65.99876870186269,
                58.408555435695156
              ],
              [
                -66.02074140548626,
                58.39524985086305
              ],
              [
                -66.07225501101091,
                58.37938059935662
              ],
              [
                -66.09496009299481,
                58.360174876977275
              ],
              [
                -66.07518462064355,
                58.33661517000374
              ],
              [
                -66.0650936152162,
                58.32982015585537
              ],
              [
                -66.05337486364036,
                58.33283122124392
              ],
              [
                -66.04621341376993,
                58.34454998641627
              ],
              [
                -66.0421442656327,
                58.360418896627024
              ],
              [
                -66.03514563045329,
                58.376288142114575
              ],
              [
                -66.01862546945719,
                58.38812899703833
              ],
              [
                -65.99852452225855,
                58.392645540506344
              ],
              [
                -65.9825333408534,
                58.393622151726966
              ],
              [
                -65.96922771098293,
                58.39704017750682
              ],
              [
                -65.95718341585145,
                58.408555435695156
              ],
              [
                -65.9562068491791,
                58.415350676582975
              ],
              [
                -65.95738677858463,
                58.424668571575815
              ],
              [
                -65.9575902384639,
                58.432928677360444
              ],
              [
                -65.95376547268636,
                58.43650957962562
              ],
              [
                -65.92756093035595,
                58.44297911486807
              ],
              [
                -65.92300369662395,
                58.44269438075641
              ],
              [
                -65.92544508554968,
                58.45954005538477
              ],
              [
                -65.94635976096092,
                58.46556212729413
              ],
              [
                -65.97109934918345,
                58.46885803401933
              ],
              [
                -65.98509687572471,
                58.47748455276442
              ],
              [
                -65.97956294738545,
                58.49009836136257
              ],
              [
                -65.9626358646516,
                58.50385161946479
              ],
              [
                -65.92056234382221,
                58.52948646108864
              ],
              [
                -65.9117325495154,
                58.5325381505362
              ],
              [
                -65.90518137286723,
                58.5379091289451
              ],
              [
                -65.90257723308274,
                58.549139641470504
              ],
              [
                -65.90217031633763,
                58.55857971936702
              ],
              [
                -65.90038010293392,
                58.56639247082703
              ],
              [
                -65.89622968659558,
                58.573309745788826
              ],
              [
                -65.88890538243474,
                58.579901399894815
              ],
              [
                -65.87352460324348,
                58.58380778392203
              ],
              [
                -65.84357665569675,
                58.574449007629724
              ],
              [
                -65.82750401545393,
                58.579901399894815
              ],
              [
                -65.85716704473793,
                58.591904888502306
              ],
              [
                -65.8616430165888,
                58.596625039783355
              ],
              [
                -65.86424717292805,
                58.597845725106374
              ],
              [
                -65.87450112643805,
                58.62315504886731
              ],
              [
                -65.87523345417544,
                58.62828184568462
              ],
              [
                -65.89639246235208,
                58.63898359905436
              ],
              [
                -65.91856857913186,
                58.64240158318632
              ],
              [
                -65.93781481660241,
                58.64891169978642
              ],
              [
                -65.94416257432654,
                58.66925692007514
              ],
              [
                -65.94416249096243,
                58.67548236824997
              ],
              [
                -65.96165926079054,
                58.68805565134221
              ],
              [
                -66.01471919308997,
                58.69025297733768
              ],
              [
                -66.03970289035307,
                58.69660058923104
              ],
              [
                -66.03563385250324,
                58.70978413895462
              ],
              [
                -66.03563390007267,
                58.73029202944102
              ],
              [
                -66.03856358174298,
                58.74909084702397
              ],
              [
                -66.04312088294456,
                58.75739164419499
              ],
              [
                -66.09459393170884,
                58.772528473744195
              ],
              [
                -66.10863204780107,
                58.77912032021756
              ],
              [
                -66.09227450382797,
                58.78900781555674
              ],
              [
                -66.03970288825117,
                58.8473981120015
              ],
              [
                -66.02651939819073,
                58.85846599089122
              ],
              [
                -66.01919518021585,
                58.861192229581555
              ],
              [
                -66.01195224618799,
                58.857000991685126
              ],
              [
                -65.97085525470555,
                58.82627998487434
              ],
              [
                -65.94493576874686,
                58.84149826673359
              ],
              [
                -65.8595272029845,
                58.83283121268337
              ],
              [
                -65.82750393766288,
                58.839951727766
              ],
              [
                -65.80964104380921,
                58.84760157028798
              ],
              [
                -65.79954991350141,
                58.85358304117862
              ],
              [
                -65.79564373932706,
                58.86347086127114
              ],
              [
                -65.80211343538453,
                58.86729568021881
              ],
              [
                -65.88536531152458,
                58.871893535568546
              ],
              [
                -65.93667550842275,
                58.88153705099733
              ],
              [
                -65.96499595140239,
                58.89105874881291
              ],
              [
                -65.98306232285832,
                58.904852636991464
              ],
              [
                -65.9822484086989,
                58.9171815547138
              ],
              [
                -65.94371488688819,
                58.92462785546733
              ],
              [
                -65.92369551691816,
                58.9340275341454
              ],
              [
                -65.87083909391097,
                58.94074143904321
              ],
              [
                -65.86164304696341,
                58.94297925696902
              ],
              [
                -65.85391190791857,
                58.96112701164412
              ],
              [
                -65.86880450539392,
                58.97764722665539
              ],
              [
                -65.88613844871018,
                58.99323146717979
              ],
              [
                -65.88548751509389,
                59.00816491414242
              ],
              [
                -65.86925198621118,
                59.00849014469379
              ],
              [
                -65.75625564498567,
                58.975775428343105
              ],
              [
                -65.70482344744548,
                58.94830976303237
              ],
              [
                -65.6865942864591,
                58.932440631385234
              ],
              [
                -65.67735763101683,
                58.92857506903645
              ],
              [
                -65.67096926003028,
                58.93659097779772
              ],
              [
                -65.66881255218297,
                58.949326763289086
              ],
              [
                -65.6725968885335,
                58.960069209151534
              ],
              [
                -65.68065350750645,
                58.967637531800335
              ],
              [
                -65.68879141206367,
                58.973862927517175
              ],
              [
                -65.69815022694587,
                58.979112100282784
              ],
              [
                -65.79332434393288,
                59.005072326312735
              ],
              [
                -65.78429120980232,
                59.01561117653948
              ],
              [
                -65.77057858953147,
                59.0191511246725
              ],
              [
                -65.73810794980264,
                59.018133975769615
              ],
              [
                -65.74746653884048,
                59.02313863676652
              ],
              [
                -65.77904205873925,
                59.032334600671234
              ],
              [
                -65.75413976071448,
                59.03290433558015
              ],
              [
                -65.7290747621507,
                59.037583870972995
              ],
              [
                -65.68346103247865,
                59.052801768207054
              ],
              [
                -65.68346105413944,
                59.046006556839124
              ],
              [
                -65.65485592005605,
                59.046494852507934
              ],
              [
                -65.60558014878414,
                59.01373922902446
              ],
              [
                -65.50706951414985,
                58.98810464020014
              ],
              [
                -65.49168864986265,
                58.99140053047658
              ],
              [
                -65.50194250795086,
                59.005072326312735
              ],
              [
                -65.5154922583645,
                59.013169567198425
              ],
              [
                -65.5314836100686,
                59.017035358442556
              ],
              [
                -65.54942793659367,
                59.018133975769615
              ],
              [
                -65.56065841542349,
                59.02171472260213
              ],
              [
                -65.59410558515694,
                59.046006556839124
              ],
              [
                -65.58128814905744,
                59.05206929434334
              ],
              [
                -65.54234773969246,
                59.06427635767338
              ],
              [
                -65.52920488507785,
                59.066514395074044
              ],
              [
                -65.51158604764399,
                59.06561917608247
              ],
              [
                -65.50031484152431,
                59.06293355135728
              ],
              [
                -65.47740634458695,
                59.052801768207054
              ],
              [
                -65.44367432291357,
                59.04511146091674
              ],
              [
                -65.3494360612897,
                59.03978109006956
              ],
              [
                -65.31973221321066,
                59.046006556839124
              ],
              [
                -65.3197321916698,
                59.052801768207054
              ],
              [
                -65.34972084460759,
                59.064561285841876
              ],
              [
                -65.42560780118853,
                59.063584577818254
              ],
              [
                -65.4667862377007,
                59.083237982920224
              ],
              [
                -65.51301022736551,
                59.092393308138
              ],
              [
                -65.52920495553565,
                59.0938175711467
              ],
              [
                -65.53278569552029,
                59.097479698223765
              ],
              [
                -65.53652917835495,
                59.10443769439295
              ],
              [
                -65.54161541376385,
                59.1088321799395
              ],
              [
                -65.5494278055005,
                59.10468161167918
              ],
              [
                -65.55435145054807,
                59.097479698223765
              ],
              [
                -65.55638586089079,
                59.091986378351905
              ],
              [
                -65.55931546410736,
                59.08677790571522
              ],
              [
                -65.56676178053355,
                59.08075581588214
              ],
              [
                -65.58169513608512,
                59.07505934507743
              ],
              [
                -65.60317945616774,
                59.070990244649764
              ],
              [
                -65.62539626205465,
                59.06993231629525
              ],
              [
                -65.64248608693788,
                59.0733095628551
              ],
              [
                -65.6510309896662,
                59.083197227183696
              ],
              [
                -65.66567940925641,
                59.113958917674566
              ],
              [
                -65.7108047918738,
                59.15106838577542
              ],
              [
                -65.71764082943616,
                59.15831138873502
              ],
              [
                -65.71580971510323,
                59.17564527376412
              ],
              [
                -65.70995026779333,
                59.185654921215246
              ],
              [
                -65.6993708775559,
                59.19171780748326
              ],
              [
                -65.68346106912291,
                59.19684479748096
              ],
              [
                -65.70075429797205,
                59.20640686470714
              ],
              [
                -65.71743729265563,
                59.21002836841483
              ],
              [
                -65.73253329329904,
                59.21552148861941
              ],
              [
                -65.74494390388409,
                59.230414277125
              ],
              [
                -65.73639884656873,
                59.24107486264569
              ],
              [
                -65.7449438524255,
                59.25206132786446
              ],
              [
                -65.74278731233355,
                59.26215253095003
              ],
              [
                -65.74266522845878,
                59.26788981487816
              ],
              [
                -65.739328634045,
                59.27061604138751
              ],
              [
                -65.7275285256505,
                59.271307807742346
              ],
              [
                -65.68024659475556,
                59.26398354090948
              ],
              [
                -65.65025793760825,
                59.24485910980362
              ],
              [
                -65.5941056549877,
                59.18939859858302
              ],
              [
                -65.59333241000856,
                59.207464786261085
              ],
              [
                -65.61213123731791,
                59.24937559228607
              ],
              [
                -65.60293535420892,
                59.25710684326081
              ],
              [
                -65.5989477263543,
                59.256170976418076
              ],
              [
                -65.58967032375055,
                59.25153220667648
              ],
              [
                -65.58250895794762,
                59.24681230752457
              ],
              [
                -65.58043371440617,
                59.24461496190287
              ],
              [
                -65.56786050010588,
                59.245957780346394
              ],
              [
                -65.56387288764547,
                59.24884680712243
              ],
              [
                -65.56224531095401,
                59.253851736556975
              ],
              [
                -65.5562232104949,
                59.26170498320634
              ],
              [
                -65.54332432580125,
                59.264634470581775
              ],
              [
                -65.51012115769021,
                59.2538922127745
              ],
              [
                -65.4916886273835,
                59.258286886113886
              ],
              [
                -65.49168856287815,
                59.265082027201196
              ],
              [
                -65.50987711757253,
                59.27252844537807
              ],
              [
                -65.5392146463044,
                59.29462311122024
              ],
              [
                -65.55622319827924,
                59.299261929043666
              ],
              [
                -65.56607014198224,
                59.30744053956845
              ],
              [
                -65.57371981955188,
                59.32652409631845
              ],
              [
                -65.57868413788282,
                59.34833419745634
              ],
              [
                -65.58043379294107,
                59.364732278411765
              ],
              [
                -65.55899009869657,
                59.37665446329448
              ],
              [
                -65.51060955134456,
                59.35846596454159
              ],
              [
                -65.37181552389288,
                59.28009668927457
              ],
              [
                -65.35757393960941,
                59.282171804860035
              ],
              [
                -65.4054256284518,
                59.34019610231059
              ],
              [
                -65.42540445023286,
                59.343003687754916
              ],
              [
                -65.4402970506287,
                59.35175209646304
              ],
              [
                -65.4471736952842,
                59.36676677272826
              ],
              [
                -65.44322662711578,
                59.38861714869686
              ],
              [
                -65.4329321515484,
                59.40294026363037
              ],
              [
                -65.41926031640789,
                59.40631760794361
              ],
              [
                -65.38182527556671,
                59.40228904896058
              ],
              [
                -65.40672768815217,
                59.417425881013
              ],
              [
                -65.49791419313024,
                59.43638743884831
              ],
              [
                -65.49791418218672,
                59.44383370995643
              ],
              [
                -65.47057043219081,
                59.44383370995643
              ],
              [
                -65.47057038438822,
                59.45005921778504
              ],
              [
                -65.49290931293477,
                59.459173901431335
              ],
              [
                -65.52037519825018,
                59.46552166512159
              ],
              [
                -65.54531813877973,
                59.474351264459045
              ],
              [
                -65.55992585579256,
                59.49103415692524
              ],
              [
                -65.52635652198639,
                59.489691386457636
              ],
              [
                -65.45750889287585,
                59.4723574479265
              ],
              [
                -65.4227594881832,
                59.47056699180286
              ],
              [
                -65.38052331013802,
                59.48297771913441
              ],
              [
                -65.36412505514977,
                59.48480854012983
              ],
              [
                -65.24596110183052,
                59.472764447126195
              ],
              [
                -65.2030331047155,
                59.463120995406
              ],
              [
                -65.19774336417295,
                59.46287681184497
              ],
              [
                -65.19115153380372,
                59.46348710806811
              ],
              [
                -65.18553635968925,
                59.463120995406
              ],
              [
                -65.1832169099328,
                59.46002836061496
              ],
              [
                -65.1819556234891,
                59.452582246627586
              ],
              [
                -65.1783748253292,
                59.44489170404137
              ],
              [
                -65.17292233559742,
                59.43891023219803
              ],
              [
                -65.0619196861692,
                59.388006837359924
              ],
              [
                -65.0528458928207,
                59.381171066261174
              ],
              [
                -65.041818809453,
                59.38275787250355
              ],
              [
                -65.00308174521561,
                59.37567765386126
              ],
              [
                -64.9839575467563,
                59.381171066261174
              ],
              [
                -65.03311110770343,
                59.390936550945
              ],
              [
                -65.08234613682122,
                59.410630566127125
              ],
              [
                -65.12686103510585,
                59.436102446657216
              ],
              [
                -65.18126370210962,
                59.47577529565887
              ],
              [
                -65.20201568466241,
                59.48224507022681
              ],
              [
                -65.2514541760523,
                59.49103415692524
              ],
              [
                -65.3133846454647,
                59.50938560917581
              ],
              [
                -65.39268948384937,
                59.51207087052853
              ],
              [
                -65.41185471476828,
                59.51788986924138
              ],
              [
                -65.42894455586796,
                59.532050020414324
              ],
              [
                -65.48908435398799,
                59.626165944577906
              ],
              [
                -65.51939850042409,
                59.70258198983671
              ],
              [
                -65.52969309874766,
                59.7186138946665
              ],
              [
                -65.54625396348446,
                59.73126850431244
              ],
              [
                -65.52183998856627,
                59.75031161626156
              ],
              [
                -65.48473061595574,
                59.76048414614896
              ],
              [
                -65.46637940423861,
                59.77142982519453
              ],
              [
                -65.4979142327445,
                59.79267005508165
              ],
              [
                -65.49168852544496,
                59.79954648636007
              ],
              [
                -65.48961335903603,
                59.79844789972288
              ],
              [
                -65.48424223645414,
                59.79954648636007
              ],
              [
                -65.45946200029508,
                59.79254784969833
              ],
              [
                -65.45376542702758,
                59.78961822779885
              ],
              [
                -65.44591223227624,
                59.78697336308521
              ],
              [
                -65.44025624972593,
                59.79340230666711
              ],
              [
                -65.43268805284238,
                59.809434470783195
              ],
              [
                -65.41771397618977,
                59.81525296484817
              ],
              [
                -65.40054267584597,
                59.810776927261514
              ],
              [
                -65.38316815404032,
                59.80329019702661
              ],
              [
                -65.36754301759768,
                59.79954648636007
              ],
              [
                -65.37393148620585,
                59.809271620555556
              ],
              [
                -65.37938400701907,
                59.820502164545644
              ],
              [
                -65.3789770510216,
                59.829779419231606
              ],
              [
                -65.36782784829201,
                59.83368548296613
              ],
              [
                -65.35358635684187,
                59.83592351290935
              ],
              [
                -65.33608960455626,
                59.8456891244518
              ],
              [
                -65.32347580228334,
                59.84796798275968
              ],
              [
                -65.31110592129255,
                59.84617747160188
              ],
              [
                -65.21422283393194,
                59.820786929026596
              ],
              [
                -65.1961970574089,
                59.81317778312294
              ],
              [
                -65.16584229253797,
                59.79267005508165
              ],
              [
                -65.11400302473743,
                59.78278223809119
              ],
              [
                -65.08409577548667,
                59.77171449271706
              ],
              [
                -65.05150297934061,
                59.76646543184008
              ],
              [
                -64.98395744722188,
                59.76475651457001
              ],
              [
                -64.98395751636968,
                59.77220291666797
              ],
              [
                -65.05313061920111,
                59.7790387324569
              ],
              [
                -65.06411692995587,
                59.782212532311846
              ],
              [
                -65.09325104930743,
                59.79633200548948
              ],
              [
                -65.14146897533419,
                59.80609788004651
              ],
              [
                -65.19505776188268,
                59.83458082185444
              ],
              [
                -65.22419182469226,
                59.84113184393265
              ],
              [
                -65.2241919481507,
                59.84796798275968
              ],
              [
                -65.2184952827755,
                59.84886308282332
              ],
              [
                -65.20303304247786,
                59.85419348471903
              ],
              [
                -65.20864818655814,
                59.863714822455584
              ],
              [
                -65.22638914023628,
                59.87555575251608
              ],
              [
                -65.23094634222862,
                59.88206602485877
              ],
              [
                -65.22972563722624,
                59.89240130763197
              ],
              [
                -65.22337809163457,
                59.89557531502682
              ],
              [
                -65.215565561088,
                59.89374421139344
              ],
              [
                -65.20982829093754,
                59.88890214504001
              ],
              [
                -65.19456947229088,
                59.88751863385426
              ],
              [
                -65.16690026499882,
                59.87677654951267
              ],
              [
                -65.14045166430328,
                59.87132402072341
              ],
              [
                -65.12857007129816,
                59.8854840442435
              ],
              [
                -65.13780680868877,
                59.90021399693992
              ],
              [
                -65.16006430929318,
                59.9079451390278
              ],
              [
                -65.20982820895695,
                59.91559472082972
              ],
              [
                -65.20982824528458,
                59.92304106884474
              ],
              [
                -65.1792700298555,
                59.9219425212646
              ],
              [
                -65.16954504228998,
                59.92304106884474
              ],
              [
                -65.15038003309628,
                59.92902256229104
              ],
              [
                -65.14533453462637,
                59.92987717544421
              ],
              [
                -65.14110270450954,
                59.93162675434926
              ],
              [
                -65.14146882006247,
                59.935736299202155
              ],
              [
                -65.14289297304282,
                59.9403749695572
              ],
              [
                -65.14159104898927,
                59.94354905587006
              ],
              [
                -65.1394749741423,
                59.94733292897805
              ],
              [
                -65.14167237456502,
                59.95160560841044
              ],
              [
                -65.14216068728196,
                59.95506431893423
              ],
              [
                -65.13512128261604,
                59.9566105158645
              ],
              [
                -65.12071686796772,
                59.95481995968441
              ],
              [
                -65.10684162180465,
                59.95099521782268
              ],
              [
                -65.0992732643923,
                59.94696690203732
              ],
              [
                -65.08018967753073,
                59.92987717544421
              ],
              [
                -65.07091221520304,
                59.943304716284956
              ],
              [
                -65.08503166145022,
                59.95624413718528
              ],
              [
                -65.12857012154011,
                59.97764721199834
              ],
              [
                -65.1133926515622,
                59.98285544594832
              ],
              [
                -65.09854073532138,
                59.98175676704023
              ],
              [
                -65.0833227629523,
                59.978583144809946
              ],
              [
                -65.06651771253483,
                59.97764721199834
              ],
              [
                -65.07494054479763,
                59.98973214092012
              ],
              [
                -65.08893804834938,
                59.99595790064652
              ],
              [
                -65.10456295498234,
                60.000718491971476
              ],
              [
                -65.1176651680038,
                60.00836823100637
              ],
              [
                -65.12393144419728,
                60.018744208320264
              ],
              [
                -65.12262936054061,
                60.033270574254935
              ],
              [
                -65.12857011528126,
                60.03974030083444
              ],
              [
                -65.12857011629352,
                60.04657623947618
              ],
              [
                -65.06847083217117,
                60.04649485927803
              ],
              [
                -65.04605058386838,
                60.05475494816314
              ],
              [
                -65.02497311213966,
                60.08075592884978
              ],
              [
                -65.05333411280576,
                60.087836003063074
              ],
              [
                -65.06529700456906,
                60.094590562922875
              ],
              [
                -65.06309973892151,
                60.104315496872935
              ],
              [
                -65.05264238285841,
                60.10980866239184
              ],
              [
                -65.03526770965546,
                60.1162783913058
              ],
              [
                -65.01903235878041,
                60.12018464150917
              ],
              [
                -65.01187089875465,
                60.1182315132242
              ],
              [
                -65.0084122376493,
                60.11115143180897
              ],
              [
                -65.00104733265407,
                60.1162783913058
              ],
              [
                -64.99388587262074,
                60.124986072629206
              ],
              [
                -64.99136308469839,
                60.12909576951097
              ],
              [
                -64.99425208373005,
                60.1308454478061
              ],
              [
                -64.99665280208569,
                60.13780345800386
              ],
              [
                -64.99722246097147,
                60.1463483755752
              ],
              [
                -64.9947810517812,
                60.15269602740329
              ],
              [
                -64.98314368469553,
                60.156236071127836
              ],
              [
                -64.97305254043106,
                60.15302155594241
              ],
              [
                -64.96613521878574,
                60.154730534030996
              ],
              [
                -64.96349035845152,
                60.173163144005365
              ],
              [
                -64.95152747131006,
                60.19342682226135
              ],
              [
                -64.92418372330185,
                60.196519273489535
              ],
              [
                -64.89415442822195,
                60.19574616460423
              ],
              [
                -64.8740942082292,
                60.204209708238636
              ],
              [
                -64.88036048509599,
                60.21893952664197
              ],
              [
                -64.9572647812119,
                60.25885651719755
              ],
              [
                -64.90615800954616,
                60.27269115212221
              ],
              [
                -64.88434810889527,
                60.28192779859231
              ],
              [
                -64.8641251327089,
                60.29637279500525
              ],
              [
                -64.84691321789606,
                60.313421946688635
              ],
              [
                -64.8370255172965,
                60.32916900762434
              ],
              [
                -64.83971107110196,
                60.343207104637195
              ],
              [
                -64.86046301273105,
                60.355047907245826
              ],
              [
                -64.86046301567775,
                60.36127349801178
              ],
              [
                -64.8487849507219,
                60.36570871099777
              ],
              [
                -64.83893794305011,
                60.36522042567439
              ],
              [
                -64.82957923775284,
                60.3627383589233
              ],
              [
                -64.8194473906805,
                60.36127349801178
              ],
              [
                -64.77847245568321,
                60.36127349801178
              ],
              [
                -64.7581680900907,
                60.35753000219087
              ],
              [
                -64.7227677109855,
                60.3441836674602
              ],
              [
                -64.71027584217127,
                60.341376039414
              ],
              [
                -64.68687903991699,
                60.33502839335408
              ],
              [
                -64.67609615976988,
                60.33392975787166
              ],
              [
                -64.68333899805248,
                60.34357331232911
              ],
              [
                -64.68736732265553,
                60.34564851417191
              ],
              [
                -64.69660397587366,
                60.347601639523965
              ],
              [
                -64.69660396274938,
                60.355047907245826
              ],
              [
                -64.67638098087099,
                60.35004302281613
              ],
              [
                -64.6275121750439,
                60.3467471386946
              ],
              [
                -64.61025957339557,
                60.337632561138356
              ],
              [
                -64.59801184550618,
                60.329413148948795
              ],
              [
                -64.54576575369423,
                60.30662669450271
              ],
              [
                -64.53140646809031,
                60.3039012793274
              ],
              [
                -64.53329057876354,
                60.3025727459385
              ],
              [
                -64.55804358155706,
                60.303347879774066
              ],
              [
                -64.58145301586899,
                60.301384191036526
              ],
              [
                -64.60465573202343,
                60.29792186832839
              ],
              [
                -64.62899532638367,
                60.29409780496171
              ],
              [
                -64.6389634448655,
                60.293490770440364
              ],
              [
                -64.65317989964693,
                60.292625030030884
              ],
              [
                -64.67798458211878,
                60.29352936116262
              ],
              [
                -64.70291846394187,
                60.29461457031057
              ],
              [
                -64.72767147217633,
                60.293787742554585
              ],
              [
                -64.76420671229836,
                60.28960195672191
              ],
              [
                -64.80831254755383,
                60.28076528687109
              ],
              [
                -64.8446669206764,
                60.264125478929415
              ],
              [
                -64.85802527918543,
                60.23632355995203
              ],
              [
                -64.84278072975422,
                60.21885692297877
              ],
              [
                -64.80955278055204,
                60.19772125685736
              ],
              [
                -64.77330176642994,
                60.18020295096433
              ],
              [
                -64.74888464547908,
                60.1736141970681
              ],
              [
                -64.70787940608173,
                60.179815383201436
              ],
              [
                -64.6696130064807,
                60.18340689337458
              ],
              [
                -64.63599748221127,
                60.17426015666976
              ],
              [
                -64.60884151651524,
                60.14203989968378
              ],
              [
                -64.60256283013743,
                60.12924998359608
              ],
              [
                -64.59917802429831,
                60.11782949215747
              ],
              [
                -64.6027953755347,
                60.10963878028881
              ],
              [
                -64.6173681306916,
                60.10646068029879
              ],
              [
                -64.64398149097927,
                60.106357323059015
              ],
              [
                -64.67064653509166,
                60.10620230273163
              ],
              [
                -64.69725989672648,
                60.10604727231278
              ],
              [
                -64.7238732593641,
                60.10589224206319
              ],
              [
                -64.74102982972072,
                60.10142222300055
              ],
              [
                -64.73239986685589,
                60.09160370275949
              ],
              [
                -64.71467485295908,
                60.08160431718528
              ],
              [
                -64.70467546327805,
                60.07617829241259
              ],
              [
                -64.70514055161243,
                60.064215199047744
              ],
              [
                -64.71643185060645,
                60.05855662597537
              ],
              [
                -64.7323740310065,
                60.056101997917004
              ],
              [
                -64.74676591644125,
                60.05385407062254
              ],
              [
                -64.76389665409896,
                60.04868642799653
              ],
              [
                -64.78154415749998,
                60.043570464590736
              ],
              [
                -64.79939836311821,
                60.039927273157176
              ],
              [
                -64.81717505694914,
                60.03928131946239
              ],
              [
                -64.83539099934647,
                60.04439728776888
              ],
              [
                -64.85642330641024,
                60.05331146979478
              ],
              [
                -64.87735225987893,
                60.0597451827086
              ],
              [
                -64.89523230676724,
                60.05731639274243
              ],
              [
                -64.90422400671703,
                60.047756255011834
              ],
              [
                -64.89967648102532,
                60.039539701101646
              ],
              [
                -64.88846269391888,
                60.03155569082478
              ],
              [
                -64.8774556135717,
                60.02258982964544
              ],
              [
                -64.87071183853934,
                60.0122287043353
              ],
              [
                -64.86600928388381,
                60.00078237577737
              ],
              [
                -64.86161674851643,
                59.98938765855624
              ],
              [
                -64.8557515398059,
                59.97923334779913
              ],
              [
                -64.84533880411824,
                59.9682780520557
              ],
              [
                -64.83536509538824,
                59.96393697447252
              ],
              [
                -64.8230661440379,
                59.96497056803843
              ],
              [
                -64.80572868847197,
                59.96998315999205
              ],
              [
                -64.790199895138,
                59.971740118187064
              ],
              [
                -64.77689318347072,
                59.96817439474535
              ],
              [
                -64.76433597468144,
                59.961870137768834
              ],
              [
                -64.7510551535742,
                59.955617326777706
              ],
              [
                -64.72296897946285,
                59.95132812800313
              ],
              [
                -64.69007682038529,
                59.94905418650051
              ],
              [
                -64.66351521281423,
                59.940372673797995
              ],
              [
                -64.65439437746723,
                59.91667911955371
              ],
              [
                -64.67069814952009,
                59.883373425690955
              ],
              [
                -64.70139407772592,
                59.8840195903294
              ],
              [
                -64.73702496251727,
                59.89184854376897
              ],
              [
                -64.76769489139221,
                59.88006626227174
              ],
              [
                -64.76759147492498,
                59.8688523720304
              ],
              [
                -64.7553441787974,
                59.85970567498403
              ],
              [
                -64.74423372718282,
                59.85148909144487
              ],
              [
                -64.7477220246284,
                59.84316941061651
              ],
              [
                -64.76425834219368,
                59.83665795088357
              ],
              [
                -64.7815959097186,
                59.83301496561792
              ],
              [
                -64.79859731598502,
                59.82844137345866
              ],
              [
                -64.81410027473856,
                59.818984631685765
              ],
              [
                -64.80435923327036,
                59.81180155403951
              ],
              [
                -64.80146539410704,
                59.80539374247301
              ],
              [
                -64.8018012824965,
                59.79877914581075
              ],
              [
                -64.80187881806168,
                59.79144112577106
              ],
              [
                -64.8034808260752,
                59.78994257352337
              ],
              [
                -64.80683974958204,
                59.78601509074452
              ],
              [
                -64.8102762224845,
                59.781260843664306
              ],
              [
                -64.81187824045277,
                59.77728183757242
              ],
              [
                -64.81137288423722,
                59.77555870581754
              ],
              [
                -64.81030207819863,
                59.77190743799705
              ],
              [
                -64.80642626324811,
                59.76570612893303
              ],
              [
                -64.80200811276944,
                59.75940190713812
              ],
              [
                -64.79880402857887,
                59.75366558626186
              ],
              [
                -64.7953676300199,
                59.74451899566388
              ],
              [
                -64.79187946736143,
                59.735320584472476
              ],
              [
                -64.78862382460787,
                59.72640635455672
              ],
              [
                -64.78572992654905,
                59.7181380953507
              ],
              [
                -64.7813373536206,
                59.709947257416715
              ],
              [
                -64.77655739089727,
                59.70428886230141
              ],
              [
                -64.77445568156966,
                59.699216435528164
              ],
              [
                -64.82505106393639,
                59.68053852356794
              ],
              [
                -64.86550962909503,
                59.6707726205764
              ],
              [
                -64.88504130453703,
                59.663796910826186
              ],
              [
                -64.9017827894083,
                59.64147493050169
              ],
              [
                -64.90317789458946,
                59.60380655811065
              ],
              [
                -64.89341215946135,
                59.5647433103876
              ],
              [
                -64.8543485647769,
                59.545211363792184
              ],
              [
                -64.82791025483652,
                59.5373779287328
              ],
              [
                -64.82655427763528,
                59.533601507116394
              ],
              [
                -64.80216314906593,
                59.52008836335039
              ],
              [
                -64.79472164795908,
                59.51905467785176
              ],
              [
                -64.78653092806339,
                59.51910634560227
              ],
              [
                -64.77857285169766,
                59.51820216260874
              ],
              [
                -64.77188060836794,
                59.5142486759877
              ],
              [
                -64.77017534709402,
                59.509287839388485
              ],
              [
                -64.77229415229047,
                59.5048954602481
              ],
              [
                -64.77495536317616,
                59.50094200689454
              ],
              [
                -64.7749296033741,
                59.49729894742973
              ],
              [
                -64.76567958601316,
                59.485155090970295
              ],
              [
                -64.75586087184705,
                59.47463861950054
              ],
              [
                -64.7446730494613,
                59.46515620115016
              ],
              [
                -64.73131475566008,
                59.45631963858871
              ],
              [
                -64.70201409607573,
                59.447276059168935
              ],
              [
                -64.6719642405952,
                59.45032495254842
              ],
              [
                -64.64178529687099,
                59.45921345356346
              ],
              [
                -64.61194209818471,
                59.46773996602174
              ],
              [
                -64.57920503384129,
                59.477300031303805
              ],
              [
                -64.54724327539554,
                59.49042603436703
              ],
              [
                -64.51577217708675,
                59.50468848249053
              ],
              [
                -64.48450795120586,
                59.517865997629265
              ],
              [
                -64.45345048538806,
                59.52587596014891
              ],
              [
                -64.41409886569369,
                59.529079872047134
              ],
              [
                -64.37619420821468,
                59.52349882529103
              ],
              [
                -64.34937419632162,
                59.50510211131915
              ],
              [
                -64.34614431040757,
                59.49192443983625
              ],
              [
                -64.35573027951295,
                59.48422463651522
              ],
              [
                -64.37247354230702,
                59.47921218472986
              ],
              [
                -64.3907670331317,
                59.474096274109954
              ],
              [
                -64.41252271088283,
                59.466603025402804
              ],
              [
                -64.43427862905101,
                59.45908433713855
              ],
              [
                -64.45587929693235,
                59.451203547671376
              ],
              [
                -64.47716988217647,
                59.442573409398115
              ],
              [
                -64.49182022887935,
                59.43642404339009
              ],
              [
                -64.5034215813444,
                59.42952522927344
              ],
              [
                -64.5063671207414,
                59.42107610319605
              ],
              [
                -64.49510175156551,
                59.41006917837844
              ],
              [
                -64.48590326704613,
                59.39952705518516
              ],
              [
                -64.492776300677,
                59.39229246583311
              ],
              [
                -64.5073231736005,
                59.38738313315906
              ],
              [
                -64.52109485775706,
                59.38417905385577
              ],
              [
                -64.53719218379906,
                59.37270708232997
              ],
              [
                -64.52331703325237,
                59.358496016600796
              ],
              [
                -64.5053077537854,
                59.341726941759205
              ],
              [
                -64.50923512803398,
                59.32273579505305
              ],
              [
                -64.51853696678596,
                59.31560458222244
              ],
              [
                -64.52874312446028,
                59.30728478026123
              ],
              [
                -64.53646874311882,
                59.29736289229711
              ],
              [
                -64.53827736113658,
                59.28563224579312
              ],
              [
                -64.53246375915711,
                59.2757878813362
              ],
              [
                -64.52225772133237,
                59.26832073225651
              ],
              [
                -64.51241323583778,
                59.26069825056755
              ],
              [
                -64.50745226328918,
                59.25007868363704
              ],
              [
                -64.51210322201804,
                59.23643624017471
              ],
              [
                -64.52308451689191,
                59.22429236791019
              ],
              [
                -64.53287717462675,
                59.21134737743985
              ],
              [
                -64.53398816448563,
                59.19530175484878
              ],
              [
                -64.52789031966336,
                59.18566405679533
              ],
              [
                -64.5183819868353,
                59.178532928986414
              ],
              [
                -64.50771075105608,
                59.17243502144047
              ],
              [
                -64.49812480574153,
                59.16574297791817
              ],
              [
                -64.48921059387139,
                59.146777683158845
              ],
              [
                -64.49127758071178,
                59.125926124055304
              ],
              [
                -64.48952072233887,
                59.1057208733671
              ],
              [
                -64.46910851471534,
                59.08838340271316
              ],
              [
                -64.44451053932296,
                59.08187218275213
              ],
              [
                -64.41779365465463,
                59.07988235593079
              ],
              [
                -64.39066371508208,
                59.07833237652079
              ],
              [
                -64.364928745868,
                59.07334542552283
              ],
              [
                -64.34808226589622,
                59.06621414076365
              ],
              [
                -64.33294109724127,
                59.05691242479595
              ],
              [
                -64.31878163108733,
                59.04611184342034
              ],
              [
                -64.30488067886265,
                59.034432982889726
              ],
              [
                -64.2920649033663,
                59.00725114391474
              ],
              [
                -64.31831665803429,
                58.992213517046046
              ],
              [
                -64.35888255869817,
                58.98539206128755
              ],
              [
                -64.38895827573188,
                58.983221707728156
              ],
              [
                -64.41399559011136,
                58.98198161291675
              ],
              [
                -64.43789597443288,
                58.98291184597555
              ],
              [
                -64.46112445950607,
                58.9874334148942
              ],
              [
                -64.48424964253705,
                58.99670929849494
              ],
              [
                -64.50220722918851,
                59.00156692764966
              ],
              [
                -64.52106914522206,
                59.001825340865345
              ],
              [
                -64.53949171836193,
                59.002393655990005
              ],
              [
                -64.55623497839998,
                59.008439958770936
              ],
              [
                -64.57672455626295,
                59.01794821077729
              ],
              [
                -64.59682671895706,
                59.02115220039809
              ],
              [
                -64.6175231151296,
                59.02208235123557
              ],
              [
                -64.63989896492004,
                59.02497615466285
              ],
              [
                -64.65563456464788,
                59.030144009748476
              ],
              [
                -64.66540133007926,
                59.036603428204245
              ],
              [
                -64.67359203631162,
                59.04445823334082
              ],
              [
                -64.68465086901296,
                59.05396682305249
              ],
              [
                -64.71586346023754,
                59.06569741787756
              ],
              [
                -64.75420740469231,
                59.065077352778104
              ],
              [
                -64.792654553377,
                59.05458684195955
              ],
              [
                -64.82412556369769,
                59.03675857762847
              ],
              [
                -64.8321353315074,
                59.02859356926285
              ],
              [
                -64.84541630886464,
                59.01422774510002
              ],
              [
                -64.8578702094421,
                59.000352424103674
              ],
              [
                -64.8635288923047,
                58.99368635366558
              ],
              [
                -64.86192691094575,
                58.986115736690714
              ],
              [
                -64.85417531349042,
                58.97955260778889
              ],
              [
                -64.84471858791933,
                58.97340321417984
              ],
              [
                -64.83802655233376,
                58.967150470985814
              ],
              [
                -64.84030023334056,
                58.956324120585634
              ],
              [
                -64.85518311311662,
                58.94805600267283
              ],
              [
                -64.87252056457461,
                58.94136392041519
              ],
              [
                -64.88215823345506,
                58.93505942080822
              ],
              [
                -64.87598292283316,
                58.925292611205876
              ],
              [
                -64.85663007016689,
                58.918161215749926
              ],
              [
                -64.83521008342471,
                58.91351016248699
              ],
              [
                -64.82267862143479,
                58.91133987224252
              ],
              [
                -64.79133678773529,
                58.91366518441893
              ],
              [
                -64.76208804764752,
                58.92741131584965
              ],
              [
                -64.73283912964808,
                58.94089876925592
              ],
              [
                -64.70154910361359,
                58.94231996041605
              ],
              [
                -64.66702910223879,
                58.92896136022249
              ],
              [
                -64.63646250897759,
                58.91198568012239
              ],
              [
                -64.6050432899279,
                58.896405321798305
              ],
              [
                -64.56799136446865,
                58.88725872392749
              ],
              [
                -64.54362577119191,
                58.887465166685466
              ],
              [
                -64.51959630740994,
                58.890979295724186
              ],
              [
                -64.49554102358292,
                58.89480351169233
              ],
              [
                -64.47133050612048,
                58.895888533464486
              ],
              [
                -64.44771437289639,
                58.89283961615232
              ],
              [
                -64.42458916383691,
                58.88803369978382
              ],
              [
                -64.40138644079248,
                58.88384790077442
              ],
              [
                -64.37733108561608,
                58.882814412210045
              ],
              [
                -64.3464544780584,
                58.88506243800134
              ],
              [
                -64.31041002776101,
                58.884674631617024
              ],
              [
                -64.2781640489766,
                58.87516636170807
              ],
              [
                -64.25855280731662,
                58.850051555168605
              ],
              [
                -64.25863027117508,
                58.83516865759788
              ],
              [
                -64.26436640653473,
                58.82142281418951
              ],
              [
                -64.26984417277858,
                58.80772866774072
              ],
              [
                -64.26909478183822,
                58.79284571516153
              ],
              [
                -64.26152413766305,
                58.78178688008843
              ],
              [
                -64.24984538920243,
                58.7743456849155
              ],
              [
                -64.23659033681378,
                58.76959137306158
              ],
              [
                -64.2238262707685,
                58.76646497064999
              ],
              [
                -64.18806618730645,
                58.75729241582917
              ],
              [
                -64.15706035005785,
                58.75078122523489
              ],
              [
                -64.12633873473405,
                58.75248658743575
              ],
              [
                -64.09127623095222,
                58.76783441089374
              ],
              [
                -64.05626535587481,
                58.78964170983684
              ],
              [
                -64.0202727452696,
                58.80940798570069
              ],
              [
                -63.98218734372612,
                58.82333500337126
              ],
              [
                -63.94113030068765,
                58.82741724224056
              ],
              [
                -63.91717829906205,
                58.8257894761163
              ],
              [
                -63.891055809223595,
                58.82439412250176
              ],
              [
                -63.86519184736011,
                58.82516942585534
              ],
              [
                -63.84191152391412,
                58.82979431360101
              ],
              [
                -63.82770057727205,
                58.837261679696255
              ],
              [
                -63.81664181674237,
                58.847261062654624
              ],
              [
                -63.80633228942242,
                58.85785459615615
              ],
              [
                -63.79411095941762,
                58.867311633446576
              ],
              [
                -63.760417841755356,
                58.87909371681977
              ],
              [
                -63.72625968586173,
                58.878525217517726
              ],
              [
                -63.69251496256844,
                58.870153614005496
              ],
              [
                -63.65990719054948,
                58.85860402710678
              ],
              [
                -63.63727299182407,
                58.852532181045866
              ],
              [
                -63.61512960976649,
                58.84891477806313
              ],
              [
                -63.59339967765601,
                58.84426391250922
              ],
              [
                -63.571824740955655,
                58.83527216873854
              ],
              [
                -63.55523656043498,
                58.824781773680314
              ],
              [
                -63.53944941452435,
                58.8133612911171
              ],
              [
                -63.52399812657334,
                58.80147565079656
              ],
              [
                -63.50836602009273,
                58.789693449785126
              ],
              [
                -63.48374229179461,
                58.758636071030395
              ],
              [
                -63.497824157995595,
                58.73719041597013
              ],
              [
                -63.53358420680594,
                58.72349609059099
              ],
              [
                -63.57407271314088,
                58.71589968918171
              ],
              [
                -63.63029665649949,
                58.70954346393956
              ],
              [
                -63.68698556684156,
                58.70540911710502
              ],
              [
                -63.743726341928344,
                58.70210191591471
              ],
              [
                -63.80015696877259,
                58.69843282496862
              ],
              [
                -63.82062098853314,
                58.698329732665016
              ],
              [
                -63.84059387468478,
                58.70024166725882
              ],
              [
                -63.86046335725684,
                58.70298033846322
              ],
              [
                -63.880772215941285,
                58.70499575366579
              ],
              [
                -63.900099265742014,
                58.7022053360024
              ],
              [
                -63.91782430089144,
                58.69445390312529
              ],
              [
                -63.93536847658978,
                58.68659913148477
              ],
              [
                -63.95399772671631,
                58.68323998625614
              ],
              [
                -63.993426946188265,
                58.684790451797355
              ],
              [
                -64.02856691562761,
                58.68230997467397
              ],
              [
                -64.05941766227754,
                58.669028990143275
              ],
              [
                -64.0860827733357,
                58.637816547681474
              ],
              [
                -64.09654728173503,
                58.614200471453096
              ],
              [
                -64.09918279227188,
                58.59208298023845
              ],
              [
                -64.09326583819468,
                58.57141240302962
              ],
              [
                -64.07799530959639,
                58.55203349699805
              ],
              [
                -64.0526738732841,
                58.5331716257463
              ],
              [
                -64.03045309638753,
                58.52676390132146
              ],
              [
                -64.00655278155803,
                58.52795251798239
              ],
              [
                -63.976011975578594,
                58.53213825035734
              ],
              [
                -63.94813257487641,
                58.5433520948235
              ],
              [
                -63.91937454438707,
                58.56019844834983
              ],
              [
                -63.890409937619694,
                58.56683892584215
              ],
              [
                -63.86188444181738,
                58.547537599068924
              ],
              [
                -63.85723363625747,
                58.536685674095125
              ],
              [
                -63.855554244654485,
                58.52536869349382
              ],
              [
                -63.85222101819822,
                58.51492988913076
              ],
              [
                -63.8426092998532,
                58.50661014961424
              ],
              [
                -63.82568522179485,
                58.49648149157944
              ],
              [
                -63.81816621785025,
                58.486042707810945
              ],
              [
                -63.819871656796764,
                58.474105653336274
              ],
              [
                -63.83069779568568,
                58.45950693561691
              ],
              [
                -63.86457177605939,
                58.43829389354287
              ],
              [
                -63.90102935928476,
                58.434934686580014
              ],
              [
                -63.93952836064724,
                58.43751861049552
              ],
              [
                -63.97939680939083,
                58.43397891520491
              ],
              [
                -64.00254785807479,
                58.420827273663875
              ],
              [
                -64.01678456863864,
                58.4017325809497
              ],
              [
                -64.03014306097151,
                58.38338767769073
              ],
              [
                -64.05081358029227,
                58.37230299123775
              ],
              [
                -64.07691015840821,
                58.36847890100716
              ],
              [
                -64.1051513638023,
                58.364654905654305
              ],
              [
                -64.13261733546531,
                58.35863451185117
              ],
              [
                -64.15644022475685,
                58.34811845074298
              ],
              [
                -64.16705969521969,
                58.338764953624164
              ],
              [
                -64.17189146515524,
                58.329308205960096
              ],
              [
                -64.17499203363583,
                58.31897289099314
              ],
              [
                -64.1804955602243,
                58.30713896417492
              ],
              [
                -64.18574065727647,
                58.293858017300664
              ],
              [
                -64.18824707356134,
                58.279130422515884
              ],
              [
                -64.19114082357216,
                58.264195708626694
              ],
              [
                -64.19744535849382,
                58.2503464436351
              ],
              [
                -64.20917607539468,
                58.23799606255419
              ],
              [
                -64.22473060198199,
                58.227479769631714
              ],
              [
                -64.24199050326271,
                58.219805773522005
              ],
              [
                -64.25873368830322,
                58.216033431885975
              ],
              [
                -64.30397641246687,
                58.21301037276221
              ],
              [
                -64.35082104549262,
                58.206447376187015
              ],
              [
                -64.38963001598258,
                58.187714617598644
              ],
              [
                -64.41076570244432,
                58.1482597039104
              ],
              [
                -64.41898237213206,
                58.12394614343816
              ],
              [
                -64.4285683779476,
                58.097022769820136
              ],
              [
                -64.42763813176937,
                58.074801783914786
              ],
              [
                -64.40425446549382,
                58.06451803516447
              ],
              [
                -64.38492752196116,
                58.06477648902286
              ],
              [
                -64.36585896280191,
                58.06596512316879
              ],
              [
                -64.34679033913446,
                58.06606844084147
              ],
              [
                -64.32743756101226,
                58.06283874324095
              ],
              [
                -64.30834299205414,
                58.05640480915281
              ],
              [
                -64.2926075074777,
                58.05066870682535
              ],
              [
                -64.27640693656397,
                58.04728388328433
              ],
              [
                -64.25591740173961,
                58.04787845663219
              ],
              [
                -64.221371571532,
                58.045242726278715
              ],
              [
                -64.21338763493077,
                58.02813795010055
              ],
              [
                -64.21630737217272,
                58.00325578059276
              ],
              [
                -64.21439526712562,
                57.97754662447568
              ],
              [
                -64.20139869984345,
                57.956617764948476
              ],
              [
                -64.18341536259946,
                57.93723920594616
              ],
              [
                -64.16473425250052,
                57.918015436361785
              ],
              [
                -64.14995483594853,
                57.897551642437364
              ],
              [
                -64.12943930805538,
                57.859931228905204
              ],
              [
                -64.09414423636106,
                57.80595507659669
              ],
              [
                -64.05388833808557,
                57.76789545852659
              ],
              [
                -64.01885160984621,
                57.778127205170044
              ],
              [
                -64.01616454020696,
                57.79058140846515
              ],
              [
                -64.01585444583797,
                57.804533981141375
              ],
              [
                -64.01058340104262,
                57.813680626784546
              ],
              [
                -63.992858377713254,
                57.8120269677723
              ],
              [
                -63.97559858903611,
                57.8075055240662
              ],
              [
                -63.95740833386028,
                57.804430511663035
              ],
              [
                -63.93942494236878,
                57.80096820321259
              ],
              [
                -63.92283682055208,
                57.79564555271412
              ],
              [
                -63.91110633766509,
                57.7832433260021
              ],
              [
                -63.90619711726607,
                57.76502745508244
              ],
              [
                -63.90185632264119,
                57.7457263508722
              ],
              [
                -63.89188263410096,
                57.73035237583346
              ],
              [
                -63.87844682770696,
                57.72552074216306
              ],
              [
                -63.86232377906164,
                57.725003976122586
              ],
              [
                -63.84702749141614,
                57.72378946942545
              ],
              [
                -63.83633060028817,
                57.717149274402836
              ],
              [
                -63.83033605349433,
                57.70490181963422
              ],
              [
                -63.825349365273375,
                57.69415327326089
              ],
              [
                -63.817520339800794,
                57.68852046387049
              ],
              [
                -63.80294759388608,
                57.69172441683655
              ],
              [
                -63.788323192562004,
                57.70645225005811
              ],
              [
                -63.779951567460685,
                57.72350539641941
              ],
              [
                -63.76951291248542,
                57.73053336295779
              ],
              [
                -63.7488422711285,
                57.71505615314245
              ],
              [
                -63.73527724264384,
                57.69596177269617
              ],
              [
                -63.71675123461715,
                57.67182886580065
              ],
              [
                -63.69592562020662,
                57.658961414143704
              ],
              [
                -63.675255099841465,
                57.67368928865356
              ],
              [
                -63.67024248490314,
                57.684644690997175
              ],
              [
                -63.66680608049831,
                57.696401218219044
              ],
              [
                -63.66378298562243,
                57.7083125926151
              ],
              [
                -63.660165645746986,
                57.71991396882825
              ],
              [
                -63.649210227745286,
                57.731153568612726
              ],
              [
                -63.630554964863734,
                57.73802641077413
              ],
              [
                -63.61058207054877,
                57.73949927059335
              ],
              [
                -63.595776691120314,
                57.73422813086481
              ],
              [
                -63.58394282117875,
                57.70805407575996
              ],
              [
                -63.595414990529584,
                57.680975628874116
              ],
              [
                -63.61792006214346,
                57.656739355899575
              ],
              [
                -63.639210786888064,
                57.63911775446447
              ],
              [
                -63.66721943072674,
                57.6245967061569
              ],
              [
                -63.70052491285023,
                57.61431313449946
              ],
              [
                -63.73243502174702,
                57.6031767087593
              ],
              [
                -63.75659375113986,
                57.58620099629832
              ],
              [
                -63.76493949619484,
                57.564393544362936
              ],
              [
                -63.76377680955388,
                57.53832284066652
              ],
              [
                -63.76062458085908,
                57.51093439121699
              ],
              [
                -63.7630017122756,
                57.48522539307158
              ],
              [
                -63.76462950432225,
                57.462642764353625
              ],
              [
                -63.757498149035904,
                57.440835298305885
              ],
              [
                -63.74426898140392,
                57.42171501659036
              ],
              [
                -63.72786174370812,
                57.40727150634877
              ],
              [
                -63.70791459237728,
                57.385231421640256
              ],
              [
                -63.71765562996703,
                57.37050369196084
              ],
              [
                -63.74367465295791,
                57.361356856819384
              ],
              [
                -63.77276854887783,
                57.35593094407919
              ],
              [
                -63.78635940121839,
                57.35148668384401
              ],
              [
                -63.799201006834195,
                57.34435535757225
              ],
              [
                -63.81224932744053,
                57.33675896060906
              ],
              [
                -63.82661535141282,
                57.33107450995123
              ],
              [
                -63.837984217633604,
                57.32533851707207
              ],
              [
                -63.84206659550897,
                57.31701850439184
              ],
              [
                -63.84291931638511,
                57.30676083739812
              ],
              [
                -63.84477967369234,
                57.29536619527931
              ],
              [
                -63.85632928428644,
                57.271310688770775
              ],
              [
                -63.86919677471241,
                57.24978755848507
              ],
              [
                -63.875656338951316,
                57.227360004343225
              ],
              [
                -63.86842160724873,
                57.20059155748965
              ],
              [
                -63.85017979462247,
                57.191806508170615
              ],
              [
                -63.83547782636514,
                57.21893659406285
              ],
              [
                -63.82529765329408,
                57.25536862699844
              ],
              [
                -63.82049170243589,
                57.27454050774
              ],
              [
                -63.8007254319549,
                57.27583235660776
              ],
              [
                -63.77336281124911,
                57.2630683667397
              ],
              [
                -63.7502375922978,
                57.24410308887889
              ],
              [
                -63.743312948684526,
                57.22673980381479
              ],
              [
                -63.75256305430198,
                57.210203389339014
              ],
              [
                -63.76517208215939,
                57.19650909616973
              ],
              [
                -63.778608000218064,
                57.183486715513645
              ],
              [
                -63.790235110126275,
                57.16891380617164
              ],
              [
                -63.79253478120529,
                57.15847529230234
              ],
              [
                -63.78832317101959,
                57.14922524278493
              ],
              [
                -63.78274204082494,
                57.13961329390966
              ],
              [
                -63.780881737236605,
                57.128012018550834
              ],
              [
                -63.79524773247057,
                57.100907635893336
              ],
              [
                -63.821576927520056,
                57.090572443821195
              ],
              [
                -63.850283170025705,
                57.08426789232229
              ],
              [
                -63.87172885016075,
                57.06933333245762
              ],
              [
                -63.8760438736994,
                57.05920482536579
              ],
              [
                -63.88066892821083,
                57.04411533297621
              ],
              [
                -63.88402784304434,
                57.02912907225477
              ],
              [
                -63.884648039493676,
                57.01951739585006
              ],
              [
                -63.87718074695916,
                57.00726999827413
              ],
              [
                -63.86782728971174,
                56.998536639672366
              ],
              [
                -63.86588942557228,
                56.99176702854871
              ],
              [
                -63.88074638458054,
                56.98556583055524
              ],
              [
                -63.90040933535481,
                56.975023958955866
              ],
              [
                -63.9123982537381,
                56.9573505955852
              ],
              [
                -63.91539550961195,
                56.93660254819164
              ],
              [
                -63.9082382585839,
                56.916784520654765
              ],
              [
                -63.898083913686385,
                56.90913654058197
              ],
              [
                -63.88320104939697,
                56.900713189755265
              ],
              [
                -63.87162556110048,
                56.89063634307039
              ],
              [
                -63.87136711006379,
                56.8781305228339
              ],
              [
                -63.88351109506178,
                56.873221304944025
              ],
              [
                -63.904672637867414,
                56.873867339428834
              ],
              [
                -63.92717773722441,
                56.87596025767528
              ],
              [
                -63.943249043108324,
                56.87549505528492
              ],
              [
                -63.97079263101738,
                56.86702020912912
              ],
              [
                -63.99743180781044,
                56.85477284957558
              ],
              [
                -64.01084182037403,
                56.83699611962476
              ],
              [
                -63.998852923214955,
                56.81157137770232
              ],
              [
                -63.992858411548426,
                56.788626960645125
              ],
              [
                -64.01978185955157,
                56.77756825088645
              ],
              [
                -64.05745399794851,
                56.77193555384387
              ],
              [
                -64.08355062782584,
                56.765631085099535
              ],
              [
                -64.0998544802051,
                56.751419956283804
              ],
              [
                -64.11574498931607,
                56.731266159132005
              ],
              [
                -64.12571853819952,
                56.70927783180647
              ],
              [
                -64.1241165620595,
                56.689511585716204
              ],
              [
                -64.10605571327999,
                56.669435405692404
              ],
              [
                -64.08207784397119,
                56.65612871552703
              ],
              [
                -64.05732476288259,
                56.643984629213364
              ],
              [
                -64.03688676755375,
                56.62729320174555
              ],
              [
                -64.02699072325501,
                56.61140268571892
              ],
              [
                -64.02215900533494,
                56.59956883364803
              ],
              [
                -64.01497594758263,
                56.58928516259096
              ],
              [
                -63.99797443547318,
                56.578097276836004
              ],
              [
                -63.98296240008716,
                56.5718960477258
              ],
              [
                -63.967226912849576,
                56.56584988061147
              ],
              [
                -63.95301595665735,
                56.5577109546005
              ],
              [
                -63.94257727755095,
                56.545075997134894
              ],
              [
                -63.94164711509583,
                56.5246638301859
              ],
              [
                -63.94774489694778,
                56.50262376422816
              ],
              [
                -63.94704730660966,
                56.48347771992236
              ],
              [
                -63.92562743631908,
                56.47166967515107
              ],
              [
                -63.8932779600223,
                56.46301381997339
              ],
              [
                -63.87464856607451,
                56.451644932638224
              ],
              [
                -63.87712911887668,
                56.4393460926508
              ],
              [
                -63.907979930027665,
                56.427770538360676
              ],
              [
                -63.96146497598617,
                56.41960555086373
              ],
              [
                -64.0109710757162,
                56.41903724990634
              ],
              [
                -64.06078709332459,
                56.423894721431964
              ],
              [
                -64.11504734537927,
                56.432059594653346
              ],
              [
                -64.12703625998701,
                56.43415245877728
              ],
              [
                -64.14543312387663,
                56.43614209845185
              ],
              [
                -64.1623055056419,
                56.43448849942444
              ],
              [
                -64.16966937081335,
                56.42565178167228
              ],
              [
                -64.16385574715446,
                56.414489628280165
              ],
              [
                -64.15031655849977,
                56.40782343393427
              ],
              [
                -64.13499448719841,
                56.40332756740278
              ],
              [
                -64.12385821347802,
                56.398392462145075
              ],
              [
                -64.1081485977608,
                56.37537064980347
              ],
              [
                -64.10515129469387,
                56.3478011455917
              ],
              [
                -64.11471146891806,
                56.32178212504436
              ],
              [
                -64.1365705885223,
                56.3036953519579
              ],
              [
                -64.12987850302109,
                56.29785593822925
              ],
              [
                -64.12235956337743,
                56.29377346539353
              ],
              [
                -64.11458229562803,
                56.289949474517826
              ],
              [
                -64.10716671440825,
                56.285066027061674
              ],
              [
                -64.10274836456952,
                56.27979500460217
              ],
              [
                -64.09871762787618,
                56.27312879107822
              ],
              [
                -64.09491942086989,
                56.26685012123121
              ],
              [
                -64.09106950399182,
                56.2628193206176
              ],
              [
                -64.07300857036013,
                56.25628221461196
              ],
              [
                -64.05499936046543,
                56.255946365041076
              ],
              [
                -64.03637002439014,
                56.25915033592847
              ],
              [
                -64.01662960552308,
                56.26333608872772
              ],
              [
                -63.987225716370105,
                56.261940826419774
              ],
              [
                -63.941724606662575,
                56.25300078272803
              ],
              [
                -63.898703984192885,
                56.23770457283107
              ],
              [
                -63.876896511668264,
                56.21729234860448
              ],
              [
                -63.88780027121055,
                56.19421887936618
              ],
              [
                -63.92232011484566,
                56.182979231421136
              ],
              [
                -63.962834445949184,
                56.17734651627316
              ],
              [
                -63.99161820704205,
                56.17117116072826
              ],
              [
                -64.01094517502963,
                56.15559068526236
              ],
              [
                -64.01841244421259,
                56.13634125794845
              ],
              [
                -64.02001440576316,
                56.11414621798242
              ],
              [
                -64.02174557301191,
                56.089806629853726
              ],
              [
                -64.01032506485723,
                56.06975614365449
              ],
              [
                -63.97663203292754,
                56.07768847974821
              ],
              [
                -63.939011588799396,
                56.09652453771156
              ],
              [
                -63.915757208617336,
                56.10923696444071
              ],
              [
                -63.90110694890382,
                56.11461133093601
              ],
              [
                -63.88139236760485,
                56.12034737376893
              ],
              [
                -63.86180699627257,
                56.1232929228899
              ],
              [
                -63.84772517212723,
                56.12034737376893
              ],
              [
                -63.841394827315234,
                56.112027501528544
              ],
              [
                -63.84614905732922,
                56.10582632485646
              ],
              [
                -63.856794398124194,
                56.100296940288416
              ],
              [
                -63.86829241653881,
                56.09414746720164
              ],
              [
                -63.877516651972385,
                56.08528494365837
              ],
              [
                -63.877904216648076,
                56.07859283174344
              ],
              [
                -63.87092788344157,
                56.0745103659971
              ],
              [
                -63.85800877866842,
                56.07363187332093
              ],
              [
                -63.843926961314054,
                56.07233998043914
              ],
              [
                -63.84010290881184,
                56.06722401947953
              ],
              [
                -63.839198565670586,
                56.06022185533375
              ],
              [
                -63.834108445708715,
                56.05340057917259
              ],
              [
                -63.80431697647352,
                56.043246149556126
              ],
              [
                -63.77106317673357,
                56.04296190224456
              ],
              [
                -63.73659501258959,
                56.046398414753966
              ],
              [
                -63.70316036940464,
                56.04727692905524
              ],
              [
                -63.68424680098926,
                56.04309114913535
              ],
              [
                -63.665798300756364,
                56.035546363530905
              ],
              [
                -63.64732396826373,
                56.02740731161028
              ],
              [
                -63.628436265861,
                56.02149042230638
              ],
              [
                -63.60745561485888,
                56.01836396034529
              ],
              [
                -63.58719846687637,
                56.01756300147052
              ],
              [
                -63.56694130246713,
                56.01854484833519
              ],
              [
                -63.54611569798497,
                56.02105115003534
              ],
              [
                -63.5277705688646,
                56.024435966379585
              ],
              [
                -63.49418089332063,
                56.029551941988544
              ],
              [
                -63.46126299974821,
                56.030818003732776
              ],
              [
                -63.44493324771909,
                56.022833996199296
              ],
              [
                -63.45061763377759,
                56.01218861198241
              ],
              [
                -63.46663732103872,
                56.00438545621765
              ],
              [
                -63.48469826068994,
                55.999372891097
              ],
              [
                -63.496661327241966,
                55.99715075460538
              ],
              [
                -63.51650508419084,
                55.99606556339219
              ],
              [
                -63.53619380089989,
                55.996608158150345
              ],
              [
                -63.55570165874782,
                55.99606556339219
              ],
              [
                -63.57495115250701,
                55.99172478645129
              ],
              [
                -63.59068662133683,
                55.98536857339336
              ],
              [
                -63.60792071816844,
                55.97766879887741
              ],
              [
                -63.625206485931045,
                55.96976230615416
              ],
              [
                -63.641510368538306,
                55.96237251994943
              ],
              [
                -63.66773616349693,
                55.95203724331137
              ],
              [
                -63.69103275153078,
                55.94116383444342
              ],
              [
                -63.694544748645065,
                55.94241814101894
              ],
              [
                -63.72915816355151,
                55.93695287718332
              ],
              [
                -63.76194981183698,
                55.93330935673344
              ],
              [
                -63.789276201231104,
                55.93148762510729
              ],
              [
                -63.81478081848605,
                55.92055707613277
              ],
              [
                -63.840285410702656,
                55.913269998306475
              ],
              [
                -63.842107196821104,
                55.89323070664106
              ],
              [
                -63.82571137461443,
                55.869547853168015
              ],
              [
                -63.78198916314871,
                55.84768673168608
              ],
              [
                -63.76741509221219,
                55.82946914130515
              ],
              [
                -63.76741509888582,
                55.80396453681685
              ],
              [
                -63.76194981760593,
                55.79303397612454
              ],
              [
                -63.74373221351748,
                55.789390420972616
              ],
              [
                -63.71094056589645,
                55.7839251503002
              ],
              [
                -63.69636653020642,
                55.77663817460978
              ],
              [
                -63.692722992269395,
                55.7529552768018
              ],
              [
                -63.703653533174595,
                55.731094160419424
              ],
              [
                -63.71094059660882,
                55.7146983895556
              ],
              [
                -63.72733641420549,
                55.6891937602744
              ],
              [
                -63.74191046002802,
                55.67461965560714
              ],
              [
                -63.74919751461171,
                55.654580351544354
              ],
              [
                -63.727336396330564,
                55.65275856067733
              ],
              [
                -63.700010038682706,
                55.654580351544354
              ],
              [
                -63.6817924524928,
                55.65093682849877
              ],
              [
                -63.66904012930618,
                55.623610425931155
              ],
              [
                -63.674505405793994,
                55.596284055278296
              ],
              [
                -63.67450541769209,
                55.55620539279944
              ],
              [
                -63.685435969344795,
                55.51977022939487
              ],
              [
                -63.7127623419959,
                55.49973088164506
              ],
              [
                -63.74373223354072,
                55.490622089856856
              ],
              [
                -63.76923683784849,
                55.48333503296209
              ],
              [
                -63.76741508148418,
                55.461473935372936
              ],
              [
                -63.738266952330044,
                55.43961284560856
              ],
              [
                -63.64171375659184,
                55.42503877103238
              ],
              [
                -63.57795221902674,
                55.42321702054454
              ],
              [
                -63.51054715933235,
                55.42321702054454
              ],
              [
                -63.45589441913031,
                55.41593000494618
              ],
              [
                -63.39031110028855,
                55.40499942051396
              ],
              [
                -63.3611629749315,
                55.41228646901374
              ],
              [
                -63.33748011665505,
                55.41228646901374
              ],
              [
                -63.33019308775829,
                55.38860362002612
              ],
              [
                -63.34294538400229,
                55.36127722045925
              ],
              [
                -63.37573704224269,
                55.35763372036522
              ],
              [
                -63.4558944149935,
                55.34305966305197
              ],
              [
                -63.49050782727097,
                55.34670318594579
              ],
              [
                -63.526942993924685,
                55.34670318594579
              ],
              [
                -63.55426936913973,
                55.34670318594579
              ],
              [
                -63.57795221794903,
                55.33941613442703
              ],
              [
                -63.576130460332806,
                55.32666382853932
              ],
              [
                -63.557912883354945,
                55.32484208184839
              ],
              [
                -63.53605177792345,
                55.32302031379505
              ],
              [
                -63.541517057976854,
                55.30844625641569
              ],
              [
                -63.57248694963554,
                55.30115922253173
              ],
              [
                -63.59981332484956,
                55.30115922253173
              ],
              [
                -63.645357277494185,
                55.286585143864855
              ],
              [
                -63.659931344018325,
                55.270189318867956
              ],
              [
                -63.64535727994714,
                55.244684706388206
              ],
              [
                -63.594348048060795,
                55.233754161160746
              ],
              [
                -63.5506258442577,
                55.226467120372334
              ],
              [
                -63.49597308954838,
                55.239219420725384
              ],
              [
                -63.461359689572184,
                55.24832822920317
              ],
              [
                -63.4103504559833,
                55.251971745956666
              ],
              [
                -63.41833957333041,
                55.22800435550412
              ],
              [
                -63.41945924811853,
                55.224645371270206
              ],
              [
                -63.454072656507826,
                55.204606029416304
              ],
              [
                -63.49779485261274,
                55.202784261777296
              ],
              [
                -63.498059268883004,
                55.20271815351885
              ],
              [
                -63.534230023847954,
                55.193675479825174
              ],
              [
                -63.54880408599278,
                55.184566678697834
              ],
              [
                -63.565199913446385,
                55.15724030750624
              ],
              [
                -63.58888276804603,
                55.12080513396499
              ],
              [
                -63.60163507760588,
                55.07161766116682
              ],
              [
                -63.585239254484605,
                55.04975656287214
              ],
              [
                -63.58341749514936,
                55.02060843015159
              ],
              [
                -63.577952220300375,
                55.00239084572643
              ],
              [
                -63.57613054358429,
                54.97870814129178
              ],
              [
                -63.59616985958894,
                54.96049050816118
              ],
              [
                -63.597991587783866,
                54.94409462848869
              ],
              [
                -63.59434809013606,
                54.91859004812373
              ],
              [
                -63.605278572531084,
                54.90219409559377
              ],
              [
                -63.65993132383546,
                54.90219409559377
              ],
              [
                -63.69090119975635,
                54.91676813273267
              ],
              [
                -63.73826699943046,
                54.933164114333486
              ],
              [
                -63.77288034046505,
                54.94227277792036
              ],
              [
                -63.81478074258833,
                54.940450945443104
              ],
              [
                -63.82024612586322,
                54.91859004812373
              ],
              [
                -63.845750667176226,
                54.880332980436165
              ],
              [
                -63.8366418677719,
                54.845719558900264
              ],
              [
                -63.8238895624651,
                54.82932373762537
              ],
              [
                -63.83846372890825,
                54.81292810150196
              ],
              [
                -63.88400754806685,
                54.79653201390307
              ],
              [
                -63.904046889617085,
                54.781957945749696
              ],
              [
                -63.896759868054644,
                54.76374038586169
              ],
              [
                -63.87125523310298,
                54.747344525341305
              ],
              [
                -63.78927614135932,
                54.710909421475456
              ],
              [
                -63.75830621645499,
                54.679939469038786
              ],
              [
                -63.729158235102766,
                54.64714810417888
              ],
              [
                -63.740088664512335,
                54.62346501759477
              ],
              [
                -63.802028553314166,
                54.64168280268963
              ],
              [
                -63.858503024024515,
                54.62893042033936
              ],
              [
                -63.88135296625097,
                54.61335100058368
              ],
              [
                -63.89858171210985,
                54.60160405364668
              ],
              [
                -63.965986666912414,
                54.607069134203634
              ],
              [
                -64.0516093102756,
                54.607069134203634
              ],
              [
                -64.11354912110453,
                54.63075204520438
              ],
              [
                -64.144519073643,
                54.66718732649872
              ],
              [
                -64.16287632892237,
                54.68921600627362
              ],
              [
                -64.18095418457895,
                54.710909421475456
              ],
              [
                -64.24471572285006,
                54.73277051480754
              ],
              [
                -64.31394265366885,
                54.76556237885944
              ],
              [
                -64.39227821887398,
                54.78924515400726
              ],
              [
                -64.45786147700888,
                54.79471035144042
              ],
              [
                -64.50340539663792,
                54.76374038586169
              ],
              [
                -64.53801889473657,
                54.74005769456112
              ],
              [
                -64.57627574061509,
                54.72730523836711
              ],
              [
                -64.63102166365084,
                54.734148530476034
              ],
              [
                -64.6345721419634,
                54.73459252111013
              ],
              [
                -64.67439117425587,
                54.73591973549824
              ],
              [
                -64.68922486369935,
                54.736414227708266
              ],
              [
                -64.714729478458,
                54.729127191022165
              ],
              [
                -64.76756045419059,
                54.73823595219121
              ],
              [
                -64.77137083333898,
                54.75042919950817
              ],
              [
                -64.77666923964794,
                54.76738407213
              ],
              [
                -64.765738679613,
                54.78924515400726
              ],
              [
                -64.7584516228024,
                54.816571485729014
              ],
              [
                -64.78213453423133,
                54.83478916728491
              ],
              [
                -64.81128266663289,
                54.840254441033196
              ],
              [
                -64.8477178545281,
                54.84936327263256
              ],
              [
                -64.85500481103095,
                54.87304598935034
              ],
              [
                -64.87140067661173,
                54.889441886559304
              ],
              [
                -64.9406275358215,
                54.929520648296375
              ],
              [
                -65.00438908280071,
                54.938629448996345
              ],
              [
                -65.05357654263798,
                54.949559970801104
              ],
              [
                -65.1027639163136,
                54.95684681730584
              ],
              [
                -65.16288205380532,
                54.929520648296375
              ],
              [
                -65.19385184067556,
                54.880332980436165
              ],
              [
                -65.22117821242483,
                54.85118483870664
              ],
              [
                -65.2740092779292,
                54.83661090721572
              ],
              [
                -65.29587041158351,
                54.825680419577075
              ],
              [
                -65.31773147757494,
                54.83661090721572
              ],
              [
                -65.3523449196384,
                54.825680419577075
              ],
              [
                -65.37967119116074,
                54.82385846976796
              ],
              [
                -65.39971053159414,
                54.82385846976796
              ],
              [
                -65.42521524951475,
                54.83296744533648
              ],
              [
                -65.47258096512702,
                54.84207623492415
              ],
              [
                -65.48168968574019,
                54.816571485729014
              ],
              [
                -65.45800675503793,
                54.79653201390307
              ],
              [
                -65.44525457630121,
                54.780136426769
              ],
              [
                -65.44526049757731,
                54.74552048814247
              ],
              [
                -65.47986792723876,
                54.73094884397566
              ],
              [
                -65.54545125618027,
                54.725483621166994
              ],
              [
                -65.55023965420891,
                54.727877831984536
              ],
              [
                -65.57459939206042,
                54.74005769456112
              ],
              [
                -65.6256085562524,
                54.749166357175184
              ],
              [
                -65.65111321146964,
                54.73094884397566
              ],
              [
                -65.66204373281127,
                54.72001824165879
              ],
              [
                -65.67843958903018,
                54.71455302297705
              ],
              [
                -65.68060566684345,
                54.71482389841913
              ],
              [
                -65.69799985255614,
                54.72280997933323
              ],
              [
                -65.71267592810489,
                54.738157823472875
              ],
              [
                -65.73425088887609,
                54.759345250899024
              ],
              [
                -65.76189781845433,
                54.77851727853732
              ],
              [
                -65.79153424563674,
                54.79639731065807
              ],
              [
                -65.81905188750507,
                54.81634430828009
              ],
              [
                -65.8401875893097,
                54.841872541394544
              ],
              [
                -65.84669877657929,
                54.856212670556395
              ],
              [
                -65.84928254649259,
                54.868950818654845
              ],
              [
                -65.84948922647784,
                54.881921555449615
              ],
              [
                -65.84866244991265,
                54.89701115908814
              ],
              [
                -65.8559746648564,
                54.90750147225421
              ],
              [
                -65.87357045336616,
                54.91334084443357
              ],
              [
                -65.89289754744927,
                54.91626075905773
              ],
              [
                -65.90560983317464,
                54.91762997180424
              ],
              [
                -65.92850259977133,
                54.922074340756986
              ],
              [
                -65.9496899135924,
                54.926053382056025
              ],
              [
                -65.97110979752863,
                54.927758711863376
              ],
              [
                -65.9947000070766,
                54.92543312154415
              ],
              [
                -66.00586222660878,
                54.921505913322974
              ],
              [
                -66.01730850828703,
                54.915821417822016
              ],
              [
                -66.02875476398707,
                54.91140294957573
              ],
              [
                -66.0399169069592,
                54.911015436635125
              ],
              [
                -66.05932143246706,
                54.9188186233247
              ],
              [
                -66.07888107588946,
                54.930859438800375
              ],
              [
                -66.0978462027229,
                54.944346763858164
              ],
              [
                -66.11526113431871,
                54.95659402880395
              ],
              [
                -66.13412311977308,
                54.96548253629435
              ],
              [
                -66.15502618063344,
                54.970598401241176
              ],
              [
                -66.17654936474973,
                54.97380224943732
              ],
              [
                -66.19719425644912,
                54.97679976649619
              ],
              [
                -66.2543224539337,
                54.998116116906616
              ],
              [
                -66.30057288363305,
                55.033178617283
              ],
              [
                -66.34302507154771,
                55.073641263170195
              ],
              [
                -66.38883622896739,
                55.111210027886955
              ],
              [
                -66.3999983402648,
                55.119633290678834
              ],
              [
                -66.41082455020378,
                55.12872833792901
              ],
              [
                -66.42196081995084,
                55.13730662312431
              ],
              [
                -66.43400143159629,
                55.14407624167433
              ],
              [
                -66.45126135842202,
                55.15043243825051
              ],
              [
                -66.46547237564715,
                55.15461822678715
              ],
              [
                -66.47883073589075,
                55.160457668422865
              ],
              [
                -66.49330013559788,
                55.171464745546594
              ],
              [
                -66.5149784044123,
                55.19495169576515
              ],
              [
                -66.53570065514108,
                55.21905875271412
              ],
              [
                -66.55890337139665,
                55.24037527854209
              ],
              [
                -66.58799719748271,
                55.25543894964072
              ],
              [
                -66.61848629711224,
                55.257454338064726
              ],
              [
                -66.65106828127146,
                55.25437957838795
              ],
              [
                -66.67675147439935,
                55.25781607325907
              ],
              [
                -66.68675086630783,
                55.27967520754165
              ],
              [
                -66.69956661264932,
                55.30711537648807
              ],
              [
                -66.73139929655741,
                55.32742421938515
              ],
              [
                -66.770414999983,
                55.33879302773428
              ],
              [
                -66.8043664316421,
                55.33920646698866
              ],
              [
                -66.82020524611706,
                55.336932682356576
              ],
              [
                -66.83203915203221,
                55.33465892650755
              ],
              [
                -66.83824032326059,
                55.32920706018129
              ],
              [
                -66.83715511766952,
                55.31724396311677
              ],
              [
                -66.82834428619167,
                55.306340237400875
              ],
              [
                -66.81175615652688,
                55.293007726569236
              ],
              [
                -66.79359188100331,
                55.280502014380346
              ],
              [
                -66.78010433548998,
                55.271872053973794
              ],
              [
                -66.75814184969111,
                55.25931467831474
              ],
              [
                -66.72791113380462,
                55.24096954174114
              ],
              [
                -66.70091020418631,
                55.22063487324406
              ],
              [
                -66.68871457097947,
                55.20174714896851
              ],
              [
                -66.69375302232655,
                55.1924712276807
              ],
              [
                -66.70690467298932,
                55.188983064761246
              ],
              [
                -66.72253678868981,
                55.18683848335017
              ],
              [
                -66.73524919253632,
                55.18172252077091
              ],
              [
                -66.7430781738149,
                55.1716197806966
              ],
              [
                -66.74731563878036,
                55.15976003435555
              ],
              [
                -66.74977027095524,
                55.146918446281035
              ],
              [
                -66.75232825669038,
                55.13399934040727
              ],
              [
                -66.75697913491042,
                55.12177786331979
              ],
              [
                -66.76124243770631,
                55.11301870294713
              ],
              [
                -66.76232764509453,
                55.1042078744547
              ],
              [
                -66.75744421990724,
                55.091753851166445
              ],
              [
                -66.75225073820678,
                55.08506175245666
              ],
              [
                -66.74478349462103,
                55.07751699433943
              ],
              [
                -66.73700619084548,
                55.06971385233572
              ],
              [
                -66.7307791825711,
                55.06201406720903
              ],
              [
                -66.72354448051071,
                55.05131704240491
              ],
              [
                -66.71703325145091,
                55.043152167775304
              ],
              [
                -66.70917843258279,
                55.03527151081355
              ],
              [
                -66.69811967531992,
                55.025633855946715
              ],
              [
                -66.68768103667266,
                55.01762401012126
              ],
              [
                -66.67520117911612,
                55.00754710533878
              ],
              [
                -66.66478837193358,
                54.99617827990584
              ],
              [
                -66.66075758531053,
                54.98424098238595
              ],
              [
                -66.67512366447033,
                54.97447419016838
              ],
              [
                -66.70395902776194,
                54.96909968732281
              ],
              [
                -66.7281953726328,
                54.95984978059193
              ],
              [
                -66.72881552894155,
                54.938662514925326
              ],
              [
                -66.693236189717,
                54.90357401150153
              ],
              [
                -66.63835593455049,
                54.851691079647395
              ],
              [
                -66.6071175627359,
                54.80394211432972
              ],
              [
                -66.64246421308678,
                54.7812044306665
              ],
              [
                -66.66142937748891,
                54.78254786252357
              ],
              [
                -66.6832627520473,
                54.78497680190922
              ],
              [
                -66.70442414463493,
                54.78409811050466
              ],
              [
                -66.72106406864977,
                54.775468349991016
              ],
              [
                -66.72034046155622,
                54.76688981495739
              ],
              [
                -66.71016030462157,
                54.75748488586343
              ],
              [
                -66.70049680691731,
                54.74823479413551
              ],
              [
                -66.70134948399756,
                54.74017330085208
              ],
              [
                -66.73700613690914,
                54.73389445906027
              ],
              [
                -66.78503946013328,
                54.74580601881286
              ],
              [
                -66.83325346086838,
                54.76440933727607
              ],
              [
                -66.86940122276329,
                54.77838798871621
              ],
              [
                -66.90343005407688,
                54.78820633046109
              ],
              [
                -66.93616717657311,
                54.79908440478142
              ],
              [
                -66.96650124405242,
                54.814328954695455
              ],
              [
                -66.99329540689065,
                54.83701478745551
              ],
              [
                -67.00208052820248,
                54.851510256452485
              ],
              [
                -67.00890170296009,
                54.868769978524554
              ],
              [
                -67.015878112411,
                54.88486735268186
              ],
              [
                -67.0251797591311,
                54.89602926258218
              ],
              [
                -67.04448095692845,
                54.9049176990725
              ],
              [
                -67.06543577339498,
                54.91024041320522
              ],
              [
                -67.086726433797,
                54.91489123861454
              ],
              [
                -67.10688025844456,
                54.92171255620229
              ],
              [
                -67.13798952074748,
                54.938662514925326
              ],
              [
                -67.16703170471673,
                54.957111053206845
              ],
              [
                -67.19674566016393,
                54.974629376073366
              ],
              [
                -67.2300510462611,
                54.98894361537159
              ],
              [
                -67.24692338120954,
                54.99276763487074
              ],
              [
                -67.2726840863367,
                54.99842621089741
              ],
              [
                -67.29697201173788,
                55.00599681238328
              ],
              [
                -67.3094001937696,
                55.01566030676542
              ],
              [
                -67.30862504735713,
                55.026770738066254
              ],
              [
                -67.30097693558814,
                55.0340054393127
              ],
              [
                -67.2904607821133,
                55.03958649526175
              ],
              [
                -67.28108151052541,
                55.04589102040102
              ],
              [
                -67.27190894231872,
                55.05519277608114
              ],
              [
                -67.26886003163163,
                55.061290592897514
              ],
              [
                -67.27413102729952,
                55.06599314771367
              ],
              [
                -67.28981482502813,
                55.07105744014476
              ],
              [
                -67.31141557558482,
                55.07741364468038
              ],
              [
                -67.33373979345849,
                55.08387319561747
              ],
              [
                -67.35639991196936,
                55.088317371981844
              ],
              [
                -67.37882748247176,
                55.088679107764285
              ],
              [
                -67.40807634119156,
                55.08061758098684
              ],
              [
                -67.43507727720879,
                55.06346100456187
              ],
              [
                -67.44349479758691,
                55.05071253364226
              ],
              [
                -67.44349479816997,
                55.03488307541254
              ],
              [
                -67.42285859327066,
                54.997050033679095
              ],
              [
                -67.37814684085674,
                54.948898932027404
              ],
              [
                -67.31623822236995,
                54.89386904514641
              ],
              [
                -67.26464777112811,
                54.835399907326575
              ],
              [
                -67.17178478385217,
                54.780369913114974
              ],
              [
                -67.08580065156507,
                54.73221886678434
              ],
              [
                -67.08580052199495,
                54.68062812102303
              ],
              [
                -67.0902278441053,
                54.6766032418289
              ],
              [
                -67.10924708483591,
                54.65931315734458
              ],
              [
                -67.12363360055328,
                54.64623451123981
              ],
              [
                -67.15458800873344,
                54.61528038495508
              ],
              [
                -67.18852730637062,
                54.61219477600377
              ],
              [
                -67.19242098379938,
                54.61184089590588
              ],
              [
                -67.23713274423203,
                54.58776529255333
              ],
              [
                -67.26120832597519,
                54.57056847134089
              ],
              [
                -67.25432952516724,
                54.54649278201264
              ],
              [
                -67.23369341786513,
                54.51553865051845
              ],
              [
                -67.26808702827903,
                54.484584227154656
              ],
              [
                -67.32047876537764,
                54.504542932831
              ],
              [
                -67.34031370221453,
                54.51209908889105
              ],
              [
                -67.39878303080603,
                54.55337164273714
              ],
              [
                -67.42629796576195,
                54.57056847134089
              ],
              [
                -67.49852470431604,
                54.59464408274452
              ],
              [
                -67.5084365254168,
                54.58274979970342
              ],
              [
                -67.51572151915632,
                54.57400783613105
              ],
              [
                -67.4950853209309,
                54.539614173616364
              ],
              [
                -67.50884275795022,
                54.48802360260624
              ],
              [
                -67.54667579562324,
                54.484584227154656
              ],
              [
                -67.60514502252566,
                54.470826719558744
              ],
              [
                -67.63252412101038,
                54.484516353723535
              ],
              [
                -67.63265998360806,
                54.484584227154656
              ],
              [
                -67.66705372445041,
                54.460508772753
              ],
              [
                -67.70144744775625,
                54.450190756706505
              ],
              [
                -67.74959845488183,
                54.42611493892188
              ],
              [
                -67.74959852358596,
                54.38140328452723
              ],
              [
                -67.74615915162806,
                54.34357023381134
              ],
              [
                -67.69112923417114,
                54.305737123650644
              ],
              [
                -67.67393242214253,
                54.264464759244476
              ],
              [
                -67.639538691529,
                54.230070983827055
              ],
              [
                -67.63953866445696,
                54.18879852436247
              ],
              [
                -67.67393242171768,
                54.168162467865464
              ],
              [
                -67.70488676687228,
                54.154405065593025
              ],
              [
                -67.74271980825549,
                54.154405065593025
              ],
              [
                -67.77367407749527,
                54.12689005624774
              ],
              [
                -67.79087095636805,
                54.09937519131598
              ],
              [
                -67.80118893505664,
                54.064981290381596
              ],
              [
                -67.80806781703389,
                54.034027250655356
              ],
              [
                -67.78055272829066,
                54.006512040669236
              ],
              [
                -67.74615918980935,
                53.98243671608188
              ],
              [
                -67.71176548098235,
                53.97211855211627
              ],
              [
                -67.67049306739196,
                53.94460360414377
              ],
              [
                -67.61546320060451,
                53.923967424381196
              ],
              [
                -67.6017056986359,
                53.88613432351761
              ],
              [
                -67.59482704561023,
                53.85861953430557
              ],
              [
                -67.58348399648399,
                53.85521641804145
              ],
              [
                -67.56043330137734,
                53.84830130436301
              ],
              [
                -67.52260031452461,
                53.83798330409632
              ],
              [
                -67.52038418414259,
                53.83281233910273
              ],
              [
                -67.51228217732042,
                53.81390766747228
              ],
              [
                -67.54667586432159,
                53.80358958769323
              ],
              [
                -67.57763011565223,
                53.79671074891203
              ],
              [
                -67.59482689031306,
                53.782953164784615
              ],
              [
                -67.57419074576903,
                53.76575643787984
              ],
              [
                -67.52947894812796,
                53.75887766411836
              ],
              [
                -67.51228213485194,
                53.73136276972118
              ],
              [
                -67.45392397783827,
                53.70986240245495
              ],
              [
                -67.44693419741266,
                53.707287279989856
              ],
              [
                -67.412540434028,
                53.693529646606805
              ],
              [
                -67.39878300570994,
                53.63506047553671
              ],
              [
                -67.34375317855296,
                53.58690942965544
              ],
              [
                -67.3249548246846,
                53.56811107618075
              ],
              [
                -67.32311700884759,
                53.56627329022555
              ],
              [
                -67.18554231046241,
                53.54219772048091
              ],
              [
                -67.13029848919015,
                53.52904427105171
              ],
              [
                -67.11331556198765,
                53.525000823982616
              ],
              [
                -67.0307707329457,
                53.514682706134295
              ],
              [
                -66.97574085271584,
                53.47684966231406
              ],
              [
                -66.92071090315842,
                53.43557712330289
              ],
              [
                -66.88975658464882,
                53.4149408979732
              ],
              [
                -66.93446846410708,
                53.39774425063095
              ],
              [
                -66.96377174768097,
                53.38992988736387
              ],
              [
                -66.98605888417941,
                53.38398660857768
              ],
              [
                -67.01013449425572,
                53.35303237044315
              ],
              [
                -66.99637708248625,
                53.32551754039712
              ],
              [
                -66.9619833725752,
                53.29456316728553
              ],
              [
                -66.96493025132845,
                53.24741250539222
              ],
              [
                -66.96542279316279,
                53.239533387467745
              ],
              [
                -66.9688620646337,
                53.187942693551605
              ],
              [
                -66.96991135416727,
                53.183395717196234
              ],
              [
                -66.97574081221101,
                53.18106398208491
              ],
              [
                -66.99293771123048,
                53.16730662897747
              ],
              [
                -66.98261957083251,
                53.14323098446223
              ],
              [
                -66.98261948747863,
                53.10539778485713
              ],
              [
                -66.9963769618747,
                53.08132222187771
              ],
              [
                -67.04796756147333,
                53.074443651805815
              ],
              [
                -67.05828567722759,
                53.0916405119617
              ],
              [
                -67.0514068984977,
                53.12259473794317
              ],
              [
                -67.09267930888784,
                53.12259473794317
              ],
              [
                -67.1201942485484,
                53.12259473794317
              ],
              [
                -67.1683453420798,
                53.15354894836097
              ],
              [
                -67.20961775243848,
                53.15354894836097
              ],
              [
                -67.24057217109595,
                53.16730662897747
              ],
              [
                -67.2990412874366,
                53.156988281121784
              ],
              [
                -67.32655633716071,
                53.13291291441516
              ],
              [
                -67.35751054472458,
                53.12947335911041
              ],
              [
                -67.38502548391985,
                53.10539778485713
              ],
              [
                -67.3678287649146,
                53.01597445318646
              ],
              [
                -67.34031371966499,
                52.978141212853345
              ],
              [
                -67.33343498808422,
                52.94374754484697
              ],
              [
                -67.34719248912475,
                52.9162326614938
              ],
              [
                -67.30248073822091,
                52.86808156716336
              ],
              [
                -67.26120836550881,
                52.8612029024318
              ],
              [
                -67.20273912277435,
                52.82680923654527
              ],
              [
                -67.16490601131903,
                52.81993037143183
              ],
              [
                -67.13395174913484,
                52.857763498646165
              ],
              [
                -67.09955800021561,
                52.87152082812623
              ],
              [
                -67.06537212249914,
                52.874628575089766
              ],
              [
                -67.06172493171813,
                52.874960146359705
              ],
              [
                -67.05140684185915,
                52.80961218746905
              ],
              [
                -67.04108878197938,
                52.775218593762474
              ],
              [
                -66.99270101273653,
                52.76009745418186
              ],
              [
                -66.98605888881697,
                52.758021731936296
              ],
              [
                -66.94822595805442,
                52.737385739889035
              ],
              [
                -66.9069535264687,
                52.69611328746912
              ],
              [
                -66.88286991658953,
                52.67604347383555
              ],
              [
                -66.8656810980765,
                52.66171957808586
              ],
              [
                -66.85536290446488,
                52.689234344010394
              ],
              [
                -66.85225991225498,
                52.72647185695159
              ],
              [
                -66.85192366925344,
                52.7305070065359
              ],
              [
                -66.82440868462747,
                52.72362818598313
              ],
              [
                -66.81409053468352,
                52.69267378740739
              ],
              [
                -66.79345434918929,
                52.67891635367172
              ],
              [
                -66.79206175799399,
                52.67891635367172
              ],
              [
                -66.76937877585779,
                52.67891635367172
              ],
              [
                -66.76016491669725,
                52.70348688905274
              ],
              [
                -66.75906061762642,
                52.706431184793054
              ],
              [
                -66.76937871893014,
                52.76490043169748
              ],
              [
                -66.74874254477423,
                52.775218593762474
              ],
              [
                -66.7074702044461,
                52.7717793590969
              ],
              [
                -66.6566939222553,
                52.79547469712966
              ],
              [
                -66.65587966777768,
                52.79585488351222
              ],
              [
                -66.64556158745258,
                52.82680923654527
              ],
              [
                -66.64556149674291,
                52.888717677669035
              ],
              [
                -66.62492531765064,
                52.9368688724616
              ],
              [
                -66.59553926007291,
                52.93820468704
              ],
              [
                -66.54925928419564,
                52.94030833724221
              ],
              [
                -66.5125280443229,
                52.955612922237336
              ],
              [
                -66.50798692093647,
                52.95750526527756
              ],
              [
                -66.46327506795642,
                52.99533816182117
              ],
              [
                -66.45639640854048,
                53.02973198173502
              ],
              [
                -66.4535844675175,
                53.030356587481734
              ],
              [
                -66.42544205064242,
                53.036610620628366
              ],
              [
                -66.36353341531564,
                53.00221690454565
              ],
              [
                -66.31538224427082,
                52.9368688724616
              ],
              [
                -66.29130666318238,
                52.90247518248443
              ],
              [
                -66.29111653427448,
                52.89943245733158
              ],
              [
                -66.28899685380904,
                52.865518752563716
              ],
              [
                -66.28786730316094,
                52.84744531605066
              ],
              [
                -66.31194281203477,
                52.844005826556774
              ],
              [
                -66.32777521283016,
                52.85350537333268
              ],
              [
                -66.32913976590117,
                52.85432415208692
              ],
              [
                -66.3497759789127,
                52.8612029024318
              ],
              [
                -66.3910482958682,
                52.87152082812623
              ],
              [
                -66.40136636717978,
                52.844005826556774
              ],
              [
                -66.37729087382182,
                52.799294202571026
              ],
              [
                -66.33270908779456,
                52.737565562665154
              ],
              [
                -66.3325791758511,
                52.737385739889035
              ],
              [
                -66.29474600146764,
                52.63764382751391
              ],
              [
                -66.28786728786194,
                52.6101289299524
              ],
              [
                -66.31194286028011,
                52.6101289299524
              ],
              [
                -66.37385150992968,
                52.66859824428212
              ],
              [
                -66.40480578704435,
                52.64796198149309
              ],
              [
                -66.40824517261831,
                52.5894927686305
              ],
              [
                -66.39215061707374,
                52.56696040185446
              ],
              [
                -66.38474453204971,
                52.556591888574296
              ],
              [
                -66.37385148220596,
                52.54134159385749
              ],
              [
                -66.37729085712444,
                52.5035085655804
              ],
              [
                -66.38416962910829,
                52.469114961793544
              ],
              [
                -66.3635333770156,
                52.441599928129776
              ],
              [
                -66.3497759357986,
                52.38313073734179
              ],
              [
                -66.34977595448791,
                52.359055200551325
              ],
              [
                -66.38760896603613,
                52.36937324578273
              ],
              [
                -66.43576010082144,
                52.37625195885622
              ],
              [
                -66.47717831751076,
                52.33801991116212
              ],
              [
                -66.48047188308233,
                52.33497956013579
              ],
              [
                -66.47868172965775,
                52.331399252880644
              ],
              [
                -66.46671441298298,
                52.307464619013
              ],
              [
                -66.46102085400622,
                52.28469037876001
              ],
              [
                -66.45639629561812,
                52.266192180550476
              ],
              [
                -66.4472843481393,
                52.25187340697234
              ],
              [
                -66.43232071950978,
                52.22835913007004
              ],
              [
                -66.40824520499962,
                52.218041142021356
              ],
              [
                -66.38416957793851,
                52.17332925702863
              ],
              [
                -66.37992414419722,
                52.16059288671197
              ],
              [
                -66.37385148527733,
                52.14237496872576
              ],
              [
                -66.34977591347719,
                52.132056866464055
              ],
              [
                -66.30162476863354,
                52.132056866464055
              ],
              [
                -66.26379174373058,
                52.15613247400562
              ],
              [
                -66.27754921907113,
                52.221480468580374
              ],
              [
                -66.29130672582345,
                52.25243484798805
              ],
              [
                -66.30162477905165,
                52.28682842431124
              ],
              [
                -66.28442793618805,
                52.307464619013
              ],
              [
                -66.25691303134539,
                52.29714658647211
              ],
              [
                -66.24851633513612,
                52.2887498758868
              ],
              [
                -66.21280463243419,
                52.25303816347771
              ],
              [
                -66.21220127402177,
                52.25243484798805
              ],
              [
                -66.19500439918109,
                52.221480468580374
              ],
              [
                -66.16405008238318,
                52.214601713705186
              ],
              [
                -66.12277766854851,
                52.20084423706785
              ],
              [
                -66.07806588427545,
                52.16988991609741
              ],
              [
                -66.08494462706598,
                52.12173878675911
              ],
              [
                -66.08838401714364,
                52.09078452333012
              ],
              [
                -66.02647537899192,
                52.080466374212584
              ],
              [
                -65.99208168886057,
                52.059830138981766
              ],
              [
                -65.97321390252561,
                52.06926417593237
              ],
              [
                -65.95080929358316,
                52.080466374212584
              ],
              [
                -65.94049119844787,
                52.09422385887153
              ],
              [
                -65.90265814873182,
                52.080466374212584
              ],
              [
                -65.87170386037972,
                52.09766324903753
              ],
              [
                -65.82355267855911,
                52.107981277250374
              ],
              [
                -65.79498709597428,
                52.100464072241984
              ],
              [
                -65.75820473753194,
                52.09078452333012
              ],
              [
                -65.73068976208228,
                52.08734508569263
              ],
              [
                -65.6988988924272,
                52.10324048356136
              ],
              [
                -65.69629614372649,
                52.10454203657713
              ],
              [
                -65.6550236707274,
                52.107981277250374
              ],
              [
                -65.65719809598738,
                52.093847436472615
              ],
              [
                -65.66190246018292,
                52.06326961021907
              ],
              [
                -65.68253865308175,
                52.02543654253441
              ],
              [
                -65.66190243595064,
                51.98760347642585
              ],
              [
                -65.63438747051796,
                52.01511836542589
              ],
              [
                -65.61375128090161,
                52.03231523366894
              ],
              [
                -65.55184266621919,
                52.03231523366894
              ],
              [
                -65.5277671301865,
                52.056390878939936
              ],
              [
                -65.50025217039432,
                52.09766324903753
              ],
              [
                -65.48305535142732,
                52.06670897928803
              ],
              [
                -65.45897976580383,
                52.02543654253441
              ],
              [
                -65.43490420764695,
                52.004800364216685
              ],
              [
                -65.41426797557706,
                51.98416410506721
              ],
              [
                -65.39363176931688,
                51.97728536846235
              ],
              [
                -65.3764349324168,
                51.98416410506721
              ],
              [
                -65.35923807877073,
                51.949770397541585
              ],
              [
                -65.37299558619647,
                51.91881616368821
              ],
              [
                -65.39363175215702,
                51.89817988209132
              ],
              [
                -65.35923805815338,
                51.85002869788838
              ],
              [
                -65.3386018811363,
                51.81907444520845
              ],
              [
                -65.31796569273104,
                51.8534681542164
              ],
              [
                -65.27669325982018,
                51.867225578503245
              ],
              [
                -65.25261772577358,
                51.84658945189524
              ],
              [
                -65.22166340896642,
                51.82595322665918
              ],
              [
                -65.18383037955458,
                51.82251388733939
              ],
              [
                -65.1769516483756,
                51.791559588115874
              ],
              [
                -65.18383034230928,
                51.77436266687114
              ],
              [
                -65.13223983147766,
                51.7571658323412
              ],
              [
                -65.08064934945307,
                51.750287160055066
              ],
              [
                -65.03249819774368,
                51.76060524870608
              ],
              [
                -64.99122578740806,
                51.73652967460362
              ],
              [
                -64.9568320635769,
                51.72277210506571
              ],
              [
                -64.92243839875496,
                51.72965086127466
              ],
              [
                -64.9189990700359,
                51.76060524870608
              ],
              [
                -64.85709043004724,
                51.77436266687114
              ],
              [
                -64.77110624144106,
                51.76404456209392
              ],
              [
                -64.70856272897667,
                51.73277287451089
              ],
              [
                -64.68856139886316,
                51.72277210506571
              ],
              [
                -64.65416774443447,
                51.69181783949228
              ],
              [
                -64.61598313360983,
                51.65189756758981
              ],
              [
                -64.60261436449639,
                51.63792113545243
              ],
              [
                -64.57850164172754,
                51.612712350076954
              ],
              [
                -64.53987104663865,
                51.59615642310318
              ],
              [
                -64.53035049795713,
                51.592076148887564
              ],
              [
                -64.52839018547358,
                51.59272971324446
              ],
              [
                -64.50064288838476,
                51.60197879197305
              ],
              [
                -64.47876000872556,
                51.60927303320997
              ],
              [
                -64.43748762125587,
                51.64022738652736
              ],
              [
                -64.40653331003904,
                51.653984849286786
              ],
              [
                -64.34462464835832,
                51.66774222384285
              ],
              [
                -64.32398845173864,
                51.69525718031822
              ],
              [
                -64.31917593023203,
                51.70006971894546
              ],
              [
                -64.31801360165096,
                51.70123200216382
              ],
              [
                -64.27927673519149,
                51.73996908315928
              ],
              [
                -64.28740430165172,
                51.76638373260187
              ],
              [
                -64.29303416828893,
                51.78468078408622
              ],
              [
                -64.33430657191248,
                51.81907444520845
              ],
              [
                -64.33755839073825,
                51.87110333592053
              ],
              [
                -64.33774592704148,
                51.87410430064264
              ],
              [
                -64.36182152612213,
                51.96696727867306
              ],
              [
                -64.33774594104311,
                52.01167902956659
              ],
              [
                -64.3067916721628,
                51.99104290204909
              ],
              [
                -64.29938501514003,
                51.98528215325295
              ],
              [
                -64.27583733809631,
                51.96696727867306
              ],
              [
                -64.23456494787659,
                51.98072478795979
              ],
              [
                -64.25176175393345,
                52.01167902956659
              ],
              [
                -64.27239796723424,
                52.03919398579506
              ],
              [
                -64.25864046625492,
                52.08390570265791
              ],
              [
                -64.25176176602726,
                52.11486007934195
              ],
              [
                -64.21048935914034,
                52.12861755631634
              ],
              [
                -64.17265631336788,
                52.11486007934195
              ],
              [
                -64.15545945136145,
                52.132056866464055
              ],
              [
                -64.15593890119801,
                52.13267332427613
              ],
              [
                -64.1795350566346,
                52.163011242098165
              ],
              [
                -64.21048935368675,
                52.221480468580374
              ],
              [
                -64.22080742433273,
                52.266192180550476
              ],
              [
                -64.20705000359636,
                52.304025324077
              ],
              [
                -64.16577761062314,
                52.321222195484424
              ],
              [
                -64.1417020323332,
                52.35561585859799
              ],
              [
                -64.12794450689215,
                52.386570053064446
              ],
              [
                -64.1279445619396,
                52.427842573709505
              ],
              [
                -64.13599344953961,
                52.4640625555847
              ],
              [
                -64.14170199341297,
                52.48975111193791
              ],
              [
                -64.16233818449543,
                52.53102349309756
              ],
              [
                -64.18297440486481,
                52.55165972879958
              ],
              [
                -64.1898531458869,
                52.57229594535457
              ],
              [
                -64.1623382352951,
                52.596371577876894
              ],
              [
                -64.15889878691591,
                52.63764382751391
              ],
              [
                -64.16577749857309,
                52.675476822515485
              ],
              [
                -64.1245052185433,
                52.69611328746912
              ],
              [
                -64.10730838199181,
                52.72018886086351
              ],
              [
                -64.06259659105369,
                52.72706756786937
              ],
              [
                -64.0041272862298,
                52.73394618762621
              ],
              [
                -63.79432593286911,
                52.7717793590969
              ],
              [
                -63.718659743193655,
                52.7786578853682
              ],
              [
                -63.66706931753319,
                52.81305173470568
              ],
              [
                -63.653311860936,
                52.837127333628054
              ],
              [
                -63.61203945009033,
                52.8612029024318
              ],
              [
                -63.601721286446924,
                52.81993037143183
              ],
              [
                -63.605160626261046,
                52.78553663945451
              ],
              [
                -63.59356623529436,
                52.776261254685096
              ],
              [
                -63.59577668123852,
                52.77088764508569
              ],
              [
                -63.57557125852146,
                52.768484815588806
              ],
              [
                -63.554539024350035,
                52.760449278894285
              ],
              [
                -63.53404922987049,
                52.75016549004156
              ],
              [
                -63.51557487185622,
                52.74101869309555
              ],
              [
                -63.49650638487439,
                52.73435266863227
              ],
              [
                -63.47666257896666,
                52.72913323617728
              ],
              [
                -63.457154755640914,
                52.72362975775605
              ],
              [
                -63.438887107338616,
                52.71587823216961
              ],
              [
                -63.41031001717916,
                52.6974038611022
              ],
              [
                -63.384187608171814,
                52.67321934667986
              ],
              [
                -63.37909744191099,
                52.651153434556086
              ],
              [
                -63.41356568428539,
                52.63895792156643
              ],
              [
                -63.435579772360555,
                52.639577892761096
              ],
              [
                -63.457826554266944,
                52.642937018473845
              ],
              [
                -63.48004743967193,
                52.64624434877414
              ],
              [
                -63.5021648749288,
                52.64676095691352
              ],
              [
                -63.52963087031119,
                52.644487136469984
              ],
              [
                -63.55701943417953,
                52.64216180666294
              ],
              [
                -63.58448545427176,
                52.63988803616094
              ],
              [
                -63.61187400740436,
                52.63758852387996
              ],
              [
                -63.66274933000451,
                52.633169936399945
              ],
              [
                -63.71362487929953,
                52.62862261526191
              ],
              [
                -63.764448655189376,
                52.62417845201511
              ],
              [
                -63.812620845187325,
                52.62021290766415
              ],
              [
                -63.81496203704118,
                52.620446986124854
              ],
              [
                -63.83570768869075,
                52.61674245021413
              ],
              [
                -63.84420312807399,
                52.615225527545
              ],
              [
                -63.87593435180741,
                52.608409565080564
              ],
              [
                -63.90869137230001,
                52.59874902289745
              ],
              [
                -63.93460496645251,
                52.58802143766752
              ],
              [
                -63.95410112894106,
                52.57994335923637
              ],
              [
                -63.96676996043216,
                52.57318979680879
              ],
              [
                -63.995458946800625,
                52.557879875834246
              ],
              [
                -64.0156738460061,
                52.54340244787833
              ],
              [
                -64.03528398123582,
                52.526960619421416
              ],
              [
                -64.04360473122914,
                52.51997290474845
              ],
              [
                -64.05548550914719,
                52.50795865924792
              ],
              [
                -64.06535144534283,
                52.497982113772856
              ],
              [
                -64.0689261590797,
                52.49436718470641
              ],
              [
                -64.08117349308677,
                52.47343826830605
              ],
              [
                -64.0754374092165,
                52.45364619446321
              ],
              [
                -64.05775151380207,
                52.44313286861701
              ],
              [
                -64.0568115254857,
                52.44257233789445
              ],
              [
                -64.05186597888328,
                52.43641193449634
              ],
              [
                -64.04558106472535,
                52.42858309495806
              ],
              [
                -64.03813475087979,
                52.41803616892734
              ],
              [
                -64.02905270914987,
                52.3978213053991
              ],
              [
                -64.00640760537215,
                52.375097671524316
              ],
              [
                -64.00090330295744,
                52.3695742516282
              ],
              [
                -63.972656228713554,
                52.353583032768256
              ],
              [
                -63.90864739718085,
                52.33827658347313
              ],
              [
                -63.88972016025598,
                52.33375050437281
              ],
              [
                -63.88510498841827,
                52.335013134135224
              ],
              [
                -63.88200044939009,
                52.33696467115266
              ],
              [
                -63.855192408212076,
                52.33577215895264
              ],
              [
                -63.80545124315945,
                52.33687587183007
              ],
              [
                -63.77338861545264,
                52.335100363803306
              ],
              [
                -63.749514101601946,
                52.322387957034245
              ],
              [
                -63.75036675580077,
                52.313344568973335
              ],
              [
                -63.762149047704874,
                52.30931393940728
              ],
              [
                -63.776540892143906,
                52.306833384635176
              ],
              [
                -63.78522250839106,
                52.30225997155665
              ],
              [
                -63.783207142932966,
                52.29122708377667
              ],
              [
                -63.771734981424025,
                52.28022001741204
              ],
              [
                -63.75726558698528,
                52.27055653850015
              ],
              [
                -63.7354389749444,
                52.25150580504768
              ],
              [
                -63.71440002614796,
                52.22864703289409
              ],
              [
                -63.693574373539995,
                52.18828763470475
              ],
              [
                -63.68050025169686,
                52.144052639562574
              ],
              [
                -63.67176694534337,
                52.097802255019516
              ],
              [
                -63.663369540582316,
                52.08188594461536
              ],
              [
                -63.64964939020223,
                52.06586613295844
              ],
              [
                -63.64006344895325,
                52.05062166217424
              ],
              [
                -63.644094226484576,
                52.03697911852828
              ],
              [
                -63.67039754635427,
                52.035738915521144
              ],
              [
                -63.714374154158165,
                52.04710765582861
              ],
              [
                -63.75920342439621,
                52.061990398203406
              ],
              [
                -63.78816808102582,
                52.07139554039277
              ],
              [
                -63.819561567800505,
                52.06811420052814
              ],
              [
                -63.808166886271344,
                52.04261182237127
              ],
              [
                -63.774422191390684,
                52.01362137430188
              ],
              [
                -63.738713751722045,
                51.999797877705745
              ],
              [
                -63.70566667206329,
                51.999797877705745
              ],
              [
                -63.67261959420324,
                51.999797877705745
              ],
              [
                -63.63957251634313,
                51.999797877705745
              ],
              [
                -63.606525437583706,
                51.999797877705745
              ],
              [
                -63.395737274335005,
                51.999823723982395
              ],
              [
                -63.298120493240425,
                51.999823723982395
              ],
              [
                -63.20045203620167,
                51.999823723982395
              ],
              [
                -62.99746701045289,
                51.999823723982395
              ],
              [
                -62.794430307860615,
                51.999823723982395
              ],
              [
                -62.59144528211176,
                51.999823723982395
              ],
              [
                -62.38840857951952,
                51.999823723982395
              ],
              [
                -62.18537187692726,
                51.999823723982395
              ],
              [
                -61.98236101969679,
                51.99987541654486
              ],
              [
                -61.67803851066598,
                51.99987541654486
              ],
              [
                -61.37374183915749,
                51.99987541654486
              ],
              [
                -61.06944516674975,
                51.99987541654486
              ],
              [
                -60.76514850341583,
                51.999927109119625
              ],
              [
                -60.46082599344927,
                51.999927109119625
              ],
              [
                -60.15650348258333,
                51.999927109119625
              ],
              [
                -59.852206811937826,
                51.999927109119625
              ],
              [
                -59.547910139493574,
                51.999927109119625
              ],
              [
                -59.29934650021899,
                51.999927109119625
              ],
              [
                -59.050782869323356,
                51.999978801706646
              ],
              [
                -58.80221922911791,
                51.999978801706646
              ],
              [
                -58.55362975228937,
                51.999978801706646
              ],
              [
                -58.30514362644979,
                51.999978801706646
              ],
              [
                -58.056579988043,
                51.999978801706646
              ],
              [
                -57.93449441579976,
                51.999978801706646
              ],
              [
                -57.81246052823181,
                52.00003049430591
              ],
              [
                -57.559452654114025,
                52.000082030273155
              ],
              [
                -57.450880470411285,
                52.000082030273155
              ],
              [
                -57.34220493302183,
                52.000082030273155
              ],
              [
                -57.23365858684147,
                52.000082030273155
              ],
              [
                -57.1250605638177,
                52.000082030273155
              ],
              [
                -57.10097934725536,
                52.000082030273155
              ],
              [
                -57.10095357170451,
                51.935589987159396
              ],
              [
                -57.1009535441199,
                51.889649575788084
              ],
              [
                -57.10097934696827,
                51.86530989454349
              ],
              [
                -57.10095354478603,
                51.79159354761739
              ],
              [
                -57.100876043504044,
                51.717825471367206
              ],
              [
                -57.100875996108755,
                51.64403141584628
              ],
              [
                -57.10087600596214,
                51.60160508755779
              ],
              [
                -57.10087599943241,
                51.53703536893638
              ],
              [
                -57.10087599458303,
                51.48362776605389
              ],
              [
                -57.10087603868049,
                51.44011631274966
              ],
              [
                -57.10087603161832,
                51.41921317938284
              ],
              [
                -57.10033117056602,
                51.41901273040558
              ],
              [
                -57.139515750839706,
                51.42511627057455
              ],
              [
                -57.16201739044118,
                51.424912847826626
              ],
              [
                -57.17198646537374,
                51.41559481367187
              ],
              [
                -57.18980872349091,
                51.418809313152956
              ],
              [
                -57.22423253872405,
                51.43980537721467
              ],
              [
                -57.246327277752236,
                51.468329168420176
              ],
              [
                -57.227202953782715,
                51.49408606298838
              ],
              [
                -57.249989392665974,
                51.50828686424537
              ],
              [
                -57.28111729508004,
                51.50678126578368
              ],
              [
                -57.359201655762185,
                51.49225501714958
              ],
              [
                -57.39850823772016,
                51.48041406165798
              ],
              [
                -57.41193597933914,
                51.481390639121756
              ],
              [
                -57.42422438250385,
                51.48460513886238
              ],
              [
                -57.437611434158015,
                51.48570378973181
              ],
              [
                -57.45372470969198,
                51.48041406165798
              ],
              [
                -57.44204669502163,
                51.467881615386055
              ],
              [
                -57.44123286291096,
                51.45673245610943
              ],
              [
                -57.449696398258645,
                51.44867580190673
              ],
              [
                -57.46617591366592,
                51.445664787223755
              ],
              [
                -57.4715876809152,
                51.449164099461086
              ],
              [
                -57.47704015048664,
                51.46405666715244
              ],
              [
                -57.48387609797314,
                51.46739327728322
              ],
              [
                -57.48997960156066,
                51.46552150667307
              ],
              [
                -57.493316194269546,
                51.461045603316954
              ],
              [
                -57.49624586977275,
                51.45624414216571
              ],
              [
                -57.50088460118343,
                51.45311114506465
              ],
              [
                -57.603382926955646,
                51.432684601945724
              ],
              [
                -57.597482860747405,
                51.44342678714217
              ],
              [
                -57.58202062545433,
                51.4577497151139
              ],
              [
                -57.5760391839603,
                51.46739327728322
              ],
              [
                -57.59557042252498,
                51.46552150667307
              ],
              [
                -57.62669839450915,
                51.44464758273103
              ],
              [
                -57.67064367053843,
                51.43488187167303
              ],
              [
                -57.6785375567043,
                51.43439360502388
              ],
              [
                -57.68590245607945,
                51.43952053564074
              ],
              [
                -57.690907358166356,
                51.449042064037215
              ],
              [
                -57.69225010423175,
                51.46002832943782
              ],
              [
                -57.690500431570094,
                51.471014661569455
              ],
              [
                -57.68590244357355,
                51.48041406165798
              ],
              [
                -57.71226964569141,
                51.472601594451916
              ],
              [
                -57.73265540394176,
                51.47044505618654
              ],
              [
                -57.74852455155075,
                51.463080164850844
              ],
              [
                -57.76158605005724,
                51.43952053564074
              ],
              [
                -57.76659093333539,
                51.41718166925692
              ],
              [
                -57.77074135616281,
                51.40827061258721
              ],
              [
                -57.7786759102749,
                51.40473053431398
              ],
              [
                -57.79198156706546,
                51.40794503555485
              ],
              [
                -57.79930582249298,
                51.416205213531896
              ],
              [
                -57.80064858102637,
                51.42743564657782
              ],
              [
                -57.79576573704721,
                51.43952053564074
              ],
              [
                -57.81346596439189,
                51.432928811412346
              ],
              [
                -57.841786291759306,
                51.40977617811715
              ],
              [
                -57.8768611350636,
                51.40058015211367
              ],
              [
                -57.92609615850986,
                51.370550849184426
              ],
              [
                -57.96857660658769,
                51.33563869155942
              ],
              [
                -57.977650542264534,
                51.329657345749744
              ],
              [
                -58.04015053261689,
                51.31366611231239
              ],
              [
                -58.049631334354736,
                51.319688265270514
              ],
              [
                -58.059722447373304,
                51.31232327967364
              ],
              [
                -58.12474524377101,
                51.296087952825715
              ],
              [
                -58.13365638796387,
                51.29649487980596
              ],
              [
                -58.147124813654,
                51.301825284398
              ],
              [
                -58.1520076306275,
                51.30231357793323
              ],
              [
                -58.16242429813477,
                51.2971866261107
              ],
              [
                -58.18187415165111,
                51.2843692048705
              ],
              [
                -58.23403886691957,
                51.27692292113257
              ],
              [
                -58.25177973971445,
                51.28034085852445
              ],
              [
                -58.2613012337658,
                51.296087952825715
              ],
              [
                -58.2595108587212,
                51.31688057258446
              ],
              [
                -58.25479081101055,
                51.32916899351828
              ],
              [
                -58.26032466426733,
                51.33494698449289
              ],
              [
                -58.28917398919459,
                51.33641192541071
              ],
              [
                -58.27122959717895,
                51.32762273390751
              ],
              [
                -58.29914302219263,
                51.2912051199815
              ],
              [
                -58.289173958738374,
                51.27501048802775
              ],
              [
                -58.333322728146,
                51.27765535985692
              ],
              [
                -58.412261541301184,
                51.308417101256296
              ],
              [
                -58.45368403137302,
                51.31659572934262
              ],
              [
                -58.57091225457521,
                51.25812412693548
              ],
              [
                -58.59024003100714,
                51.251084686867074
              ],
              [
                -58.59585528666545,
                51.26837802850315
              ],
              [
                -58.608713361899014,
                51.27838780093372
              ],
              [
                -58.62267004834997,
                51.27732981389602
              ],
              [
                -58.631825314381224,
                51.261338584529064
              ],
              [
                -58.628325973102726,
                51.25885650532237
              ],
              [
                -58.62169349518003,
                51.251328857250265
              ],
              [
                -58.61660723299775,
                51.241888755143165
              ],
              [
                -58.618153452239675,
                51.23338451216844
              ],
              [
                -58.627430781231496,
                51.2304547928445
              ],
              [
                -58.64110267415159,
                51.231675537191
              ],
              [
                -58.65367592580473,
                51.23651767913852
              ],
              [
                -58.65908771033531,
                51.24424880265298
              ],
              [
                -58.66348221209635,
                51.25714749597105
              ],
              [
                -58.671986452853005,
                51.25568267444775
              ],
              [
                -58.67747961309887,
                51.24420805679387
              ],
              [
                -58.6728409496956,
                51.227240301298266
              ],
              [
                -58.65648351273697,
                51.21092353477132
              ],
              [
                -58.63589434036038,
                51.20050691538209
              ],
              [
                -58.59024004124381,
                51.18622468450308
              ],
              [
                -58.60387123820666,
                51.18357985516845
              ],
              [
                -58.61107335760833,
                51.17401761402155
              ],
              [
                -58.61668861998265,
                51.16181064635861
              ],
              [
                -58.62564041517629,
                51.15147529600147
              ],
              [
                -58.63955645827224,
                51.14630771703616
              ],
              [
                -58.67015539964531,
                51.14183176523787
              ],
              [
                -58.683013487447965,
                51.134385510491754
              ],
              [
                -58.704090941043376,
                51.11395903126457
              ],
              [
                -58.71637935210957,
                51.10651274141591
              ],
              [
                -58.77940832706323,
                51.09336984757621
              ],
              [
                -58.7894587935213,
                51.09686922077287
              ],
              [
                -58.79792232204453,
                51.085394579590684
              ],
              [
                -58.809966585557746,
                51.07758206226195
              ],
              [
                -58.82209223654963,
                51.07770413325069
              ],
              [
                -58.830433712373676,
                51.09003324542827
              ],
              [
                -58.84093175658715,
                51.081651077980034
              ],
              [
                -58.84683185112197,
                51.071519310297205
              ],
              [
                -58.85094154123312,
                51.05528393311368
              ],
              [
                -58.84276281105924,
                51.054632847725294
              ],
              [
                -58.83633377264148,
                51.053330760437234
              ],
              [
                -58.832183408551266,
                51.04962802143732
              ],
              [
                -58.830433733576896,
                51.041612070505195
              ],
              [
                -58.848133918953806,
                51.0324160852102
              ],
              [
                -58.86461342612541,
                51.02110426905189
              ],
              [
                -58.8859757162867,
                50.99835846898371
              ],
              [
                -58.89248614299382,
                50.99445224149263
              ],
              [
                -58.91201736768807,
                50.998236361829875
              ],
              [
                -58.90684974072972,
                51.01329173800706
              ],
              [
                -58.88508054358672,
                51.041612070505195
              ],
              [
                -58.89549720498425,
                51.054999102529074
              ],
              [
                -58.91331946050655,
                51.055528051610096
              ],
              [
                -58.93272862837042,
                51.049058296550406
              ],
              [
                -58.947743303597946,
                51.041612070505195
              ],
              [
                -58.95474200468083,
                51.036566504636106
              ],
              [
                -58.96564693291564,
                51.026109102927244
              ],
              [
                -58.97443601715364,
                51.02110426905189
              ],
              [
                -58.98228918361742,
                51.02057524261275
              ],
              [
                -58.990061017130465,
                51.02265049298681
              ],
              [
                -58.99836177475845,
                51.02232491794545
              ],
              [
                -59.00796464702552,
                51.014960025746916
              ],
              [
                -58.99665281093073,
                51.004136487605436
              ],
              [
                -58.986561656567865,
                51.002875075257386
              ],
              [
                -58.976185674126235,
                51.00592682066351
              ],
              [
                -58.9638565582783,
                51.00812405229436
              ],
              [
                -58.95457923468481,
                51.00311921653259
              ],
              [
                -58.956695115878404,
                50.99156321771856
              ],
              [
                -58.96694903764799,
                50.969590595957
              ],
              [
                -58.96825110885834,
                50.96527741762742
              ],
              [
                -58.973500114488054,
                50.958563510347574
              ],
              [
                -58.97443599328865,
                50.95347726079506
              ],
              [
                -58.97109942278559,
                50.94835035070294
              ],
              [
                -58.95742753881202,
                50.94407786888484
              ],
              [
                -58.953968891870225,
                50.93919508387905
              ],
              [
                -58.954009568358856,
                50.928819076511196
              ],
              [
                -58.95620681928942,
                50.91840237449792
              ],
              [
                -58.96056067460684,
                50.90806712076219
              ],
              [
                -58.96694903539308,
                50.898260837812856
              ],
              [
                -58.95738684082846,
                50.8974063003238
              ],
              [
                -58.950917116794635,
                50.894517310219044
              ],
              [
                -58.94029699989783,
                50.884588924453475
              ],
              [
                -58.967518667541675,
                50.877020536703675
              ],
              [
                -58.96861731605118,
                50.86058177079098
              ],
              [
                -58.958973747451516,
                50.842352572094796
              ],
              [
                -58.95396889223733,
                50.82933180386903
              ],
              [
                -58.96133379977385,
                50.82066480846267
              ],
              [
                -58.97288977806612,
                50.81622955915452
              ],
              [
                -58.983469197933736,
                50.81053292851745
              ],
              [
                -58.9881078820643,
                50.79865144581797
              ],
              [
                -58.99327552617803,
                50.79083894842026
              ],
              [
                -59.005279113279656,
                50.78558993966234
              ],
              [
                -59.02965247750141,
                50.780951249504675
              ],
              [
                -59.025379997835756,
                50.77362698693423
              ],
              [
                -59.02155513344908,
                50.768255907032604
              ],
              [
                -59.016265439474196,
                50.764349701465015
              ],
              [
                -59.00796465253829,
                50.761053788603355
              ],
              [
                -59.03774980290212,
                50.75242747343553
              ],
              [
                -59.06696529602118,
                50.7623965450479
              ],
              [
                -59.08910071258392,
                50.78436920236855
              ],
              [
                -59.09797114736194,
                50.8119570732355
              ],
              [
                -59.093251091849275,
                50.825669631074256
              ],
              [
                -59.07070880266711,
                50.85065342110599
              ],
              [
                -59.06322179252579,
                50.863470731707615
              ],
              [
                -59.062326623882676,
                50.87547434375768
              ],
              [
                -59.06566321325109,
                50.88804758893937
              ],
              [
                -59.07384193213075,
                50.894354573230025
              ],
              [
                -59.08775793384245,
                50.887681363065326
              ],
              [
                -59.09825597561959,
                50.87156806992749
              ],
              [
                -59.112171994561926,
                50.82636137304726
              ],
              [
                -59.125314916139594,
                50.80206942194755
              ],
              [
                -59.18602455209343,
                50.75800204118458
              ],
              [
                -59.18667558912523,
                50.74738191261457
              ],
              [
                -59.202788878437204,
                50.73191969299734
              ],
              [
                -59.22057044812432,
                50.74042390926966
              ],
              [
                -59.23843339243832,
                50.755804742053854
              ],
              [
                -59.254994274557305,
                50.761053788603355
              ],
              [
                -59.2623184963518,
                50.754706139107505
              ],
              [
                -59.26162675094038,
                50.7462018758947
              ],
              [
                -59.259510879106315,
                50.73655835387826
              ],
              [
                -59.26244054918314,
                50.72691475813082
              ],
              [
                -59.27061926614333,
                50.718695371013844
              ],
              [
                -59.276682084425914,
                50.716538779362104
              ],
              [
                -59.284006327013834,
                50.716131933319865
              ],
              [
                -59.29596920849707,
                50.713324294146965
              ],
              [
                -59.31749427945667,
                50.70160555803321
              ],
              [
                -59.344390423548106,
                50.67511626528969
              ],
              [
                -59.36485755711235,
                50.66486238625171
              ],
              [
                -59.37865149562817,
                50.663763738133405
              ],
              [
                -59.409901501199336,
                50.666612058112925
              ],
              [
                -59.41950436711798,
                50.66486238625171
              ],
              [
                -59.425160272048636,
                50.658026401495135
              ],
              [
                -59.42406164590921,
                50.652167042475206
              ],
              [
                -59.417347790774976,
                50.64752839813169
              ],
              [
                -59.40583247999617,
                50.64439523499945
              ],
              [
                -59.41559811127134,
                50.63194407863318
              ],
              [
                -59.427357545204934,
                50.6301943894832
              ],
              [
                -59.43956458192579,
                50.63117096582715
              ],
              [
                -59.45079505441674,
                50.6270205829677
              ],
              [
                -59.458119268867044,
                50.61701080635749
              ],
              [
                -59.4684138598025,
                50.592474662531664
              ],
              [
                -59.45126355983496,
                50.58426514059848
              ],
              [
                -59.42317944930917,
                50.58436753507148
              ],
              [
                -59.41049698186142,
                50.57240943404782
              ],
              [
                -59.411940392738934,
                50.55454165911331
              ],
              [
                -59.423984217099175,
                50.540012574622835
              ],
              [
                -59.45410588727625,
                50.533748529033225
              ],
              [
                -59.495996347091854,
                50.53740502924845
              ],
              [
                -59.510109449137765,
                50.54625452629748
              ],
              [
                -59.52031706628682,
                50.54245633030848
              ],
              [
                -59.5254613842264,
                50.53758370782765
              ],
              [
                -59.53327390012573,
                50.531317468998374
              ],
              [
                -59.544178843230554,
                50.52732982755325
              ],
              [
                -59.55663001272586,
                50.52024974369742
              ],
              [
                -59.565256307432826,
                50.5091413276398
              ],
              [
                -59.572621215270175,
                50.495550829912276
              ],
              [
                -59.58153235739038,
                50.484076242254886
              ],
              [
                -59.59447180171983,
                50.47931547995909
              ],
              [
                -59.65221105943331,
                50.47370024430129
              ],
              [
                -59.69408119145936,
                50.461127037445195
              ],
              [
                -59.72533118588097,
                50.45713939439766
              ],
              [
                -59.73497474196448,
                50.45160554293114
              ],
              [
                -59.74388587095938,
                50.4446475279053
              ],
              [
                -59.755848754907596,
                50.438299855414584
              ],
              [
                -59.76805579007578,
                50.44501373216523
              ],
              [
                -59.79100500499665,
                50.44041574063391
              ],
              [
                -59.80308996501802,
                50.44574614235485
              ],
              [
                -59.82384192728282,
                50.430528064997674
              ],
              [
                -59.862294067206385,
                50.39105864277048
              ],
              [
                -59.8856094972458,
                50.37689848919826
              ],
              [
                -59.88560949737272,
                50.37067290349107
              ],
              [
                -59.877552859980426,
                50.369940487592075
              ],
              [
                -59.85830644284164,
                50.36383697828743
              ],
              [
                -59.863677544186395,
                50.35191479549449
              ],
              [
                -59.86241615041225,
                50.340521564687194
              ],
              [
                -59.8547257183385,
                50.331854566830074
              ],
              [
                -59.84093176654735,
                50.328436582899634
              ],
              [
                -59.84068762221984,
                50.335557343097484
              ],
              [
                -59.83214270230482,
                50.348944391992546
              ],
              [
                -59.8221329386324,
                50.356634825106255
              ],
              [
                -59.81729081646083,
                50.3464216110451
              ],
              [
                -59.82725988677275,
                50.328070360692806
              ],
              [
                -59.85065670099183,
                50.31358469359174
              ],
              [
                -59.8992813778373,
                50.29490794227099
              ],
              [
                -59.922718880813164,
                50.28880443325562
              ],
              [
                -59.93496659990923,
                50.284165754440195
              ],
              [
                -59.94025631287089,
                50.27789947834973
              ],
              [
                -59.94432532241291,
                50.26109446192333
              ],
              [
                -59.95441646619896,
                50.26422759707455
              ],
              [
                -59.96694902173073,
                50.27240631402136
              ],
              [
                -59.97866777088996,
                50.271063539048825
              ],
              [
                -59.99632727615111,
                50.25507232865994
              ],
              [
                -60.01675371155848,
                50.24469635965921
              ],
              [
                -60.03941809771885,
                50.24323151134037
              ],
              [
                -60.06371009136794,
                50.253973703208075
              ],
              [
                -60.072336389812975,
                50.24591705387052
              ],
              [
                -60.080922003979914,
                50.24388255395309
              ],
              [
                -60.08967037682787,
                50.243597722596505
              ],
              [
                -60.09850012755986,
                50.24030182162302
              ],
              [
                -60.102202930305396,
                50.2368838590617
              ],
              [
                -60.10850989235513,
                50.22882720979584
              ],
              [
                -60.111561653420026,
                50.22601959898565
              ],
              [
                -60.12328040427543,
                50.218695382992735
              ],
              [
                -60.134877081801456,
                50.21299876453436
              ],
              [
                -60.14012610252352,
                50.215521543844616
              ],
              [
                -60.13267981874809,
                50.232855540098534
              ],
              [
                -60.173654753749275,
                50.232855540098534
              ],
              [
                -60.161936000887664,
                50.240220442394374
              ],
              [
                -60.15550696512876,
                50.25079987230178
              ],
              [
                -60.15298417851301,
                50.262681380860364
              ],
              [
                -60.152984178040164,
                50.28485748675572
              ],
              [
                -60.15347246265488,
                50.28839753420746
              ],
              [
                -60.17699134388905,
                50.287461665089765
              ],
              [
                -60.19904537322538,
                50.275742897176876
              ],
              [
                -60.222564255545,
                50.25238678259702
              ],
              [
                -60.24649003432841,
                50.23468658240926
              ],
              [
                -60.269846156555765,
                50.24030182162302
              ],
              [
                -60.25890051990331,
                50.24632395977413
              ],
              [
                -60.248768685372134,
                50.253973703208075
              ],
              [
                -60.24034583438577,
                50.26325104957622
              ],
              [
                -60.235015429807504,
                50.274481513886776
              ],
              [
                -60.25059973559672,
                50.268906960049414
              ],
              [
                -60.263295051540986,
                50.27094147426366
              ],
              [
                -60.27208411033094,
                50.2798525974356
              ],
              [
                -60.27603105282998,
                50.29490794227099
              ],
              [
                -60.285878058790516,
                50.2849795585115
              ],
              [
                -60.285715296147345,
                50.25328196133514
              ],
              [
                -60.293690559847256,
                50.24652741298014
              ],
              [
                -60.331654425243975,
                50.25242747423502
              ],
              [
                -60.34984289938142,
                50.2532412695547
              ],
              [
                -60.36538652384828,
                50.24652741298014
              ],
              [
                -60.35802161455987,
                50.239935615307516
              ],
              [
                -60.35411536121314,
                50.23358795149067
              ],
              [
                -60.35586504170342,
                50.22858308365225
              ],
              [
                -60.36538652342182,
                50.22601959898565
              ],
              [
                -60.37462317870852,
                50.22862377132593
              ],
              [
                -60.38206946459008,
                50.24310944104366
              ],
              [
                -60.38927161484861,
                50.24652741298014
              ],
              [
                -60.39622962208941,
                50.24872467954146
              ],
              [
                -60.4024552032052,
                50.252752988150846
              ],
              [
                -60.40908769039429,
                50.25458404359329
              ],
              [
                -60.41690019537959,
                50.25023021321699
              ],
              [
                -60.42381751287955,
                50.244370837051385
              ],
              [
                -60.43077552227029,
                50.2414004632946
              ],
              [
                -60.43838457014682,
                50.24180736167428
              ],
              [
                -60.447336392849465,
                50.24652741298014
              ],
              [
                -60.44115149295957,
                50.26080962991701
              ],
              [
                -60.469146286449785,
                50.255479230389575
              ],
              [
                -60.49917558637786,
                50.253973703208075
              ],
              [
                -60.50796464976705,
                50.24957917311436
              ],
              [
                -60.53001868738615,
                50.230332756887755
              ],
              [
                -60.54043535142304,
                50.22601959898565
              ],
              [
                -60.59992428039676,
                50.2163760379397
              ],
              [
                -60.62205969884691,
                50.22300852831759
              ],
              [
                -60.61864173238057,
                50.253973703208075
              ],
              [
                -60.64045162433411,
                50.237250060803596
              ],
              [
                -60.65111243793707,
                50.231065180152406
              ],
              [
                -60.66706295542396,
                50.22601959898565
              ],
              [
                -60.72227942642432,
                50.22601959898565
              ],
              [
                -60.71922766924565,
                50.230047921892805
              ],
              [
                -60.717681444886786,
                50.23338450905912
              ],
              [
                -60.71662350582153,
                50.23663972487196
              ],
              [
                -60.71483313554506,
                50.24030182162302
              ],
              [
                -60.736236130382736,
                50.24034251124753
              ],
              [
                -60.75230872656464,
                50.234239007271626
              ],
              [
                -60.76598060064446,
                50.22337474813789
              ],
              [
                -60.78034420728738,
                50.2089704503112
              ],
              [
                -60.79405677248805,
                50.20465729977699
              ],
              [
                -60.821278451782675,
                50.222235423134286
              ],
              [
                -60.83836829010958,
                50.21979400529858
              ],
              [
                -60.83112545232573,
                50.237250060803596
              ],
              [
                -60.815541148802694,
                50.24896882580921
              ],
              [
                -60.795969205938064,
                50.256333728173146
              ],
              [
                -60.776926232942685,
                50.26080962991701
              ],
              [
                -60.802642381876105,
                50.26707591371342
              ],
              [
                -60.835560676938655,
                50.256333728173146
              ],
              [
                -60.930816214166185,
                50.20294831865229
              ],
              [
                -60.934559696076406,
                50.19932688090938
              ],
              [
                -60.942453582168085,
                50.20123933002256
              ],
              [
                -60.94591223484093,
                50.205755917368194
              ],
              [
                -60.94762122187684,
                50.21238841139992
              ],
              [
                -60.94701086816672,
                50.21320220944092
              ],
              [
                -60.94904537992693,
                50.21556224877544
              ],
              [
                -60.95213782278925,
                50.218207092883674
              ],
              [
                -60.95506750910405,
                50.21979400529858
              ],
              [
                -60.96296139216575,
                50.219916083383694
              ],
              [
                -60.97618567524441,
                50.21348704425179
              ],
              [
                -60.98232988087621,
                50.21238841139992
              ],
              [
                -60.996937625900934,
                50.21674224783243
              ],
              [
                -61.01097571524996,
                50.222967841578104
              ],
              [
                -61.0261124318649,
                50.2272402970667
              ],
              [
                -61.04381262942658,
                50.22601959898565
              ],
              [
                -61.04869544563132,
                50.22174714539001
              ],
              [
                -61.049916149109755,
                50.215033279497966
              ],
              [
                -61.049875454401324,
                50.20860423261627
              ],
              [
                -61.05064856814566,
                50.20555247864889
              ],
              [
                -61.0579320970676,
                50.20591869177988
              ],
              [
                -61.07852128687443,
                50.21238841139992
              ],
              [
                -61.105865039146686,
                50.20555247864889
              ],
              [
                -61.1058650380899,
                50.203721421207895
              ],
              [
                -61.10802161092102,
                50.199530333886564
              ],
              [
                -61.11253821748582,
                50.19501374474416
              ],
              [
                -61.1195369088979,
                50.19249094352165
              ],
              [
                -61.148589650534795,
                50.20250072385197
              ],
              [
                -61.160633917878826,
                50.20172760572059
              ],
              [
                -61.15306555691859,
                50.18504465919196
              ],
              [
                -61.16588294482881,
                50.18541088053366
              ],
              [
                -61.20457922970111,
                50.20140208200429
              ],
              [
                -61.225412565148964,
                50.20555247864889
              ],
              [
                -61.31135006005219,
                50.19932688090938
              ],
              [
                -61.427723757789025,
                50.16864654230881
              ],
              [
                -61.50625566346711,
                50.158148506074376
              ],
              [
                -61.58503170689933,
                50.12999095736761
              ],
              [
                -61.64077714990756,
                50.12116120438437
              ],
              [
                -61.69493567433033,
                50.10313548016313
              ],
              [
                -61.71788489624628,
                50.10004303886358
              ],
              [
                -61.78429114332791,
                50.10313548016313
              ],
              [
                -61.78429114524785,
                50.10993073156879
              ],
              [
                -61.764068164263264,
                50.11127350789902
              ],
              [
                -61.735259570717325,
                50.12665436794014
              ],
              [
                -61.719105598988854,
                50.13043854626905
              ],
              [
                -61.70563717391045,
                50.13214752779474
              ],
              [
                -61.61241614473891,
                50.15668366040076
              ],
              [
                -61.59561113395432,
                50.15839264948777
              ],
              [
                -61.58165442207607,
                50.163763729990066
              ],
              [
                -61.57380123254705,
                50.175604551074635
              ],
              [
                -61.57607988201111,
                50.18736399902573
              ],
              [
                -61.59251867986614,
                50.19249094352165
              ],
              [
                -61.61091061344289,
                50.174505932604184
              ],
              [
                -61.637440554805984,
                50.16657134637988
              ],
              [
                -61.69493567795748,
                50.15839264948777
              ],
              [
                -61.74771074164845,
                50.13825104548686
              ],
              [
                -61.77676347539912,
                50.13414134162304
              ],
              [
                -61.80479895744512,
                50.14411042001947
              ],
              [
                -61.79674231876126,
                50.17206452402885
              ],
              [
                -61.81558183094027,
                50.19074126872451
              ],
              [
                -61.839344858878015,
                50.20502351156939
              ],
              [
                -61.84577388906176,
                50.21979400529858
              ],
              [
                -61.863189255536824,
                50.230169985665405
              ],
              [
                -61.88487708571453,
                50.23371003646189
              ],
              [
                -61.924549935800165,
                50.232855540098534
              ],
              [
                -61.93618730161044,
                50.23517486656164
              ],
              [
                -61.949086070548816,
                50.23944734107398
              ],
              [
                -61.96157793203925,
                50.241278393912864
              ],
              [
                -61.97232011267246,
                50.236558327431716
              ],
              [
                -61.98273678158421,
                50.230536196779646
              ],
              [
                -61.99632728101952,
                50.22736237886825
              ],
              [
                -62.023915168433405,
                50.22601959898565
              ],
              [
                -62.133778448511066,
                50.24030182162302
              ],
              [
                -62.21247311223856,
                50.2417666718058
              ],
              [
                -62.23680579387456,
                50.24652741298014
              ],
              [
                -62.28050696345704,
                50.26337311051221
              ],
              [
                -62.299794077385954,
                50.27374909638992
              ],
              [
                -62.315012170608455,
                50.284369200344386
              ],
              [
                -62.32697506187535,
                50.28917063520613
              ],
              [
                -62.33967037905886,
                50.2875430406452
              ],
              [
                -62.35204017017831,
                50.28351472091468
              ],
              [
                -62.369211395456745,
                50.28021882479774
              ],
              [
                -62.380034961751676,
                50.27684154295154
              ],
              [
                -62.383615687824864,
                50.27789947834973
              ],
              [
                -62.38756263192222,
                50.285020255588734
              ],
              [
                -62.387806767034704,
                50.290879617316286
              ],
              [
                -62.39028886975297,
                50.294501052457946
              ],
              [
                -62.40062415178871,
                50.29490794227099
              ],
              [
                -62.412424280945444,
                50.2905947893709
              ],
              [
                -62.42031816364339,
                50.28229401345022
              ],
              [
                -62.42699133767423,
                50.273504944757235
              ],
              [
                -62.43480383922792,
                50.26764557325951
              ],
              [
                -62.45055091368529,
                50.26548900505356
              ],
              [
                -62.459095833114965,
                50.270615955512696
              ],
              [
                -62.46670488504,
                50.27769603784781
              ],
              [
                -62.479481578733505,
                50.281236078406906
              ],
              [
                -62.595692515522735,
                50.27728913791895
              ],
              [
                -62.75072181305538,
                50.287461665089765
              ],
              [
                -62.75072180778193,
                50.29490794227099
              ],
              [
                -62.70913652550926,
                50.30919017662279
              ],
              [
                -62.7091365240239,
                50.3154157592939
              ],
              [
                -62.75499427419669,
                50.30528393039857
              ],
              [
                -62.77806555933416,
                50.30267975574839
              ],
              [
                -62.791656056512565,
                50.30919017662279
              ],
              [
                -62.798654747773554,
                50.299017635539165
              ],
              [
                -62.80846106541893,
                50.29425689946077
              ],
              [
                -62.83263099306071,
                50.287461665089765
              ],
              [
                -62.8524470674178,
                50.29425689946077
              ],
              [
                -62.93163001606707,
                50.287461665089765
              ],
              [
                -62.95962480710592,
                50.288194084938354
              ],
              [
                -62.96983802118363,
                50.29132721864344
              ],
              [
                -62.97972571827015,
                50.298325921299764
              ],
              [
                -62.993072070132484,
                50.31342194452588
              ],
              [
                -63.0020238883936,
                50.317002662959496
              ],
              [
                -63.01764889302897,
                50.3154157592939
              ],
              [
                -63.02855384202226,
                50.30975983750853
              ],
              [
                -63.04466711958834,
                50.2924665358517
              ],
              [
                -63.052398245074905,
                50.287461665089765
              ],
              [
                -63.06798255010266,
                50.286200259998985
              ],
              [
                -63.11042232877497,
                50.29490794227099
              ],
              [
                -63.15827389077406,
                50.29490794227099
              ],
              [
                -63.17666582161705,
                50.290147208825694
              ],
              [
                -63.175160284228575,
                50.27936432105516
              ],
              [
                -63.16600500813848,
                50.26776763639476
              ],
              [
                -63.16161047782269,
                50.26080962991701
              ],
              [
                -63.17711341307655,
                50.2515322986303
              ],
              [
                -63.20287024892853,
                50.24510326352907
              ],
              [
                -63.250640427484306,
                50.24030182162302
              ],
              [
                -63.33478756614937,
                50.25031159578091
              ],
              [
                -63.36021887989039,
                50.24652741298014
              ],
              [
                -63.370472783824354,
                50.24046458016166
              ],
              [
                -63.387033661347694,
                50.22459545244843
              ],
              [
                -63.395008914988125,
                50.21979400529858
              ],
              [
                -63.42064368164733,
                50.21898020476727
              ],
              [
                -63.43553625866265,
                50.220200906579294
              ],
              [
                -63.4422094426522,
                50.22288646811944
              ],
              [
                -63.4479060543898,
                50.242132880865974
              ],
              [
                -63.46320553672907,
                50.255316481275955
              ],
              [
                -63.485015424941494,
                50.26353586499966
              ],
              [
                -63.510406053214645,
                50.26764557325951
              ],
              [
                -63.5362849580875,
                50.26683176876283
              ],
              [
                -63.60350501344855,
                50.253973703208075
              ],
              [
                -63.611561656846845,
                50.25714753651689
              ],
              [
                -63.626047327589845,
                50.27122629866875
              ],
              [
                -63.637684700853086,
                50.274481513886776
              ],
              [
                -63.65086829658101,
                50.27313874691791
              ],
              [
                -63.660755991957814,
                50.27081940953962
              ],
              [
                -63.670399538651154,
                50.270331112386685
              ],
              [
                -63.6823624348537,
                50.274481513886776
              ],
              [
                -63.688547326122986,
                50.2798525974356
              ],
              [
                -63.700306773645735,
                50.295233474047016
              ],
              [
                -63.70962480763774,
                50.30174389002593
              ],
              [
                -63.72215735803276,
                50.304266673483674
              ],
              [
                -63.76797441664107,
                50.30174389002593
              ],
              [
                -63.78001867983346,
                50.30390044881884
              ],
              [
                -63.79979407580313,
                50.31321849376877
              ],
              [
                -63.80899003904186,
                50.3154157592939
              ],
              [
                -63.989165815491404,
                50.306952208294916
              ],
              [
                -64.03441321732377,
                50.29718659610207
              ],
              [
                -64.09585526995352,
                50.290879617316286
              ],
              [
                -64.10692298514303,
                50.287461665089765
              ],
              [
                -64.1344294866195,
                50.270331112386685
              ],
              [
                -64.14476477720677,
                50.26764557325951
              ],
              [
                -64.24746659755023,
                50.27069732544272
              ],
              [
                -64.34862219862006,
                50.288031313984234
              ],
              [
                -64.37100176034241,
                50.298325921299764
              ],
              [
                -64.38996334703997,
                50.31004466845183
              ],
              [
                -64.41673743341806,
                50.31854889373134
              ],
              [
                -64.4454239558084,
                50.322943424403526
              ],
              [
                -64.47004147248418,
                50.322251700411556
              ],
              [
                -64.49181067446405,
                50.315659894654615
              ],
              [
                -64.53262285397766,
                50.298407300486836
              ],
              [
                -64.62938391620446,
                50.284043683092236
              ],
              [
                -64.8678279298696,
                50.274481513886776
              ],
              [
                -64.87682044502107,
                50.272650464553735
              ],
              [
                -64.88125566140377,
                50.27256907453774
              ],
              [
                -64.8883357418699,
                50.274481513886776
              ],
              [
                -64.90269934867062,
                50.282538154453775
              ],
              [
                -64.90737870633298,
                50.28693267605405
              ],
              [
                -64.90200762019444,
                50.287461665089765
              ],
              [
                -64.9160050132639,
                50.28827546073853
              ],
              [
                -64.93781491188311,
                50.28282299241213
              ],
              [
                -65.03380286281647,
                50.284165754440195
              ],
              [
                -65.1170548177419,
                50.29743073260196
              ],
              [
                -65.1510310545471,
                50.29889557618074
              ],
              [
                -65.17267818840008,
                50.29120514370573
              ],
              [
                -65.19131425682617,
                50.28729889462518
              ],
              [
                -65.21694902095884,
                50.29852935960036
              ],
              [
                -65.25829017051461,
                50.322251700411556
              ],
              [
                -65.26593991139457,
                50.320624098304904
              ],
              [
                -65.28897051017884,
                50.31159089384101
              ],
              [
                -65.29991614761295,
                50.30919017662279
              ],
              [
                -65.45689857073752,
                50.30174389002593
              ],
              [
                -65.53160559357686,
                50.284125057505754
              ],
              [
                -65.62433834578863,
                50.276963610691226
              ],
              [
                -65.73717200644982,
                50.257432364248444
              ],
              [
                -65.8384903675947,
                50.260484124688226
              ],
              [
                -65.8616430321856,
                50.26764557325951
              ],
              [
                -65.8936661454315,
                50.282416083921404
              ],
              [
                -65.92918860333207,
                50.29283274331013
              ],
              [
                -65.96422278192766,
                50.29319895131944
              ],
              [
                -65.99502519275684,
                50.27789947834973
              ],
              [
                -66.03506426014754,
                50.23541901871921
              ],
              [
                -66.04653886646155,
                50.22601959898565
              ],
              [
                -66.06273352481045,
                50.2212588491903
              ],
              [
                -66.0791723303522,
                50.222276109751945
              ],
              [
                -66.08775794569712,
                50.230332756887755
              ],
              [
                -66.08071855492861,
                50.24652741298014
              ],
              [
                -66.10338294205876,
                50.24408600512543
              ],
              [
                -66.1052139979082,
                50.22801341807061
              ],
              [
                -66.09654700550006,
                50.20762767420317
              ],
              [
                -66.08751379656448,
                50.19249094352165
              ],
              [
                -66.10936438664297,
                50.19737376423767
              ],
              [
                -66.16185461663828,
                50.19578684169118
              ],
              [
                -66.18004309476159,
                50.20246002109253
              ],
              [
                -66.19505774215268,
                50.212591855799204
              ],
              [
                -66.21288001489994,
                50.217718823178764
              ],
              [
                -66.25202388885243,
                50.21979400529858
              ],
              [
                -66.28807532205545,
                50.21466705273297
              ],
              [
                -66.3232315758766,
                50.205308336865805
              ],
              [
                -66.3570450495918,
                50.20140208200429
              ],
              [
                -66.40444902059154,
                50.218207092883674
              ],
              [
                -66.40941321658754,
                50.22247956237189
              ],
              [
                -66.4062393860968,
                50.2294375650825
              ],
              [
                -66.4044490228178,
                50.23627350461346
              ],
              [
                -66.40583248819954,
                50.246690175666984
              ],
              [
                -66.40908769230208,
                50.25726959439947
              ],
              [
                -66.41307532078952,
                50.26422759707455
              ],
              [
                -66.42955482073737,
                50.27313874691791
              ],
              [
                -66.44888261596122,
                50.273545639918055
              ],
              [
                -66.46816972967865,
                50.26850007479061
              ],
              [
                -66.49893144472287,
                50.25250885753143
              ],
              [
                -66.5292862657218,
                50.230332756887755
              ],
              [
                -66.54312089884519,
                50.216131904792206
              ],
              [
                -66.54954993446451,
                50.198309637985766
              ],
              [
                -66.54100500995,
                50.184393617647785
              ],
              [
                -66.51207435127496,
                50.16461823796248
              ],
              [
                -66.4976293628095,
                50.16950104784699
              ],
              [
                -66.47150631029116,
                50.17413970811397
              ],
              [
                -66.4451391227906,
                50.17588938104681
              ],
              [
                -66.43016516989329,
                50.17206452402885
              ],
              [
                -66.4284561809571,
                50.163397521522874
              ],
              [
                -66.43488522021521,
                50.15753815345847
              ],
              [
                -66.45128333398031,
                50.15094636021653
              ],
              [
                -66.46125240875955,
                50.14476146161752
              ],
              [
                -66.46613521926126,
                50.1426862634272
              ],
              [
                -66.49738521877545,
                50.146307681394354
              ],
              [
                -66.53319251411098,
                50.15839264948777
              ],
              [
                -66.543324349979,
                50.15875886020649
              ],
              [
                -66.56346595120422,
                50.15717194455916
              ],
              [
                -66.5741267591123,
                50.15839264948777
              ],
              [
                -66.59093176718481,
                50.164536845022404
              ],
              [
                -66.61807206610814,
                50.17951080286616
              ],
              [
                -66.63560950173202,
                50.18504465919196
              ],
              [
                -66.63630123852153,
                50.17499421334822
              ],
              [
                -66.63434811415088,
                50.165961011685894
              ],
              [
                -66.62975012692827,
                50.15802642960239
              ],
              [
                -66.62254798298538,
                50.15094636021653
              ],
              [
                -66.64395097477278,
                50.146307681394354
              ],
              [
                -66.66592363173554,
                50.13475169443853
              ],
              [
                -66.70107988295308,
                50.10655345502578
              ],
              [
                -66.74592037782037,
                50.053656318746604
              ],
              [
                -66.76593990842827,
                50.04108307591214
              ],
              [
                -66.8139542309204,
                50.027533269830805
              ],
              [
                -66.91209876212005,
                50.01129791925568
              ],
              [
                -66.95091715706756,
                49.98643634177436
              ],
              [
                -66.96768137358323,
                49.96678279501662
              ],
              [
                -66.97508697227876,
                49.95551163530971
              ],
              [
                -66.97887116604973,
                49.94489154760233
              ],
              [
                -66.97541262385688,
                49.93610273365005
              ],
              [
                -66.96857659529411,
                49.9249127603444
              ],
              [
                -66.96593173112575,
                49.91539126001007
              ],
              [
                -66.99136301698063,
                49.90314347676696
              ],
              [
                -67.00389570393514,
                49.88377527501346
              ],
              [
                -67.01488192741562,
                49.86094790363046
              ],
              [
                -67.02660077471907,
                49.8423934237839
              ],
              [
                -67.04491125294112,
                49.82831450060987
              ],
              [
                -67.05565340004665,
                49.83234273411217
              ],
              [
                -67.06802321787063,
                49.843125668541376
              ],
              [
                -67.09117588941747,
                49.849310567877474
              ],
              [
                -67.11290440302504,
                49.8440615419064
              ],
              [
                -67.13145912468009,
                49.831284920828246
              ],
              [
                -67.14622968463844,
                49.81566003408652
              ],
              [
                -67.1658829467534,
                49.78807201717421
              ],
              [
                -67.1747126947934,
                49.77179596769934
              ],
              [
                -67.18154870202558,
                49.7548690320623
              ],
              [
                -67.18431550962123,
                49.73936584711678
              ],
              [
                -67.18032793961376,
                49.72272372277714
              ],
              [
                -67.1727188088888,
                49.70905167443684
              ],
              [
                -67.16734780735537,
                49.69517654489188
              ],
              [
                -67.17003337636139,
                49.677964680397444
              ],
              [
                -67.17992104531567,
                49.66551345125135
              ],
              [
                -67.21275792109545,
                49.63739650699611
              ],
              [
                -67.22524978457476,
                49.62335842416351
              ],
              [
                -67.23086503190659,
                49.61155832187112
              ],
              [
                -67.24510652959458,
                49.56810120600754
              ],
              [
                -67.23399812215646,
                49.54608784166865
              ],
              [
                -67.23159740910764,
                49.51398335589132
              ],
              [
                -67.23599201868332,
                49.48163489297275
              ],
              [
                -67.2451066242622,
                49.458848480808754
              ],
              [
                -67.26817785768039,
                49.43345773528834
              ],
              [
                -67.37633215475267,
                49.33921945441366
              ],
              [
                -67.40111246755491,
                49.32969805697664
              ],
              [
                -67.54930578728305,
                49.331244195594856
              ],
              [
                -67.58332274180167,
                49.32750076529186
              ],
              [
                -67.61506098692435,
                49.31488675329675
              ],
              [
                -67.62897702715975,
                49.32127515402916
              ],
              [
                -67.6448869117674,
                49.320542848236414
              ],
              [
                -67.67398025791118,
                49.31488675329675
              ],
              [
                -67.7354630048975,
                49.31488675329675
              ],
              [
                -67.7459203132958,
                49.31321835406503
              ],
              [
                -67.77464758657463,
                49.30357492958368
              ],
              [
                -67.7835587822638,
                49.2981632813294
              ],
              [
                -67.79430098015415,
                49.287217664789715
              ],
              [
                -67.80308990349084,
                49.2819683414286
              ],
              [
                -67.81407624399397,
                49.28021869352412
              ],
              [
                -67.86139893296031,
                49.28253824165062
              ],
              [
                -67.9177140490615,
                49.29295493469669
              ],
              [
                -67.94465091659603,
                49.29437912769008
              ],
              [
                -67.9958390653597,
                49.287217664789715
              ],
              [
                -68.02643799912379,
                49.2866886392493
              ],
              [
                -68.05455488871186,
                49.29437912769008
              ],
              [
                -68.05846107163866,
                49.28245678301056
              ],
              [
                -68.06566316827313,
                49.27350484913527
              ],
              [
                -68.08242752993954,
                49.260239958595605
              ],
              [
                -68.12238518153956,
                49.27134829104101
              ],
              [
                -68.13585366465308,
                49.25568272641092
              ],
              [
                -68.14317789718909,
                49.228583146693126
              ],
              [
                -68.164377438967,
                49.20563392293509
              ],
              [
                -68.17198646438278,
                49.204169027957235
              ],
              [
                -68.18968661646856,
                49.205877918067884
              ],
              [
                -68.19786539498217,
                49.20563392293509
              ],
              [
                -68.20604407177454,
                49.20250071103183
              ],
              [
                -68.21979728881327,
                49.193711567004364
              ],
              [
                -68.22887117872698,
                49.191961885341435
              ],
              [
                -68.28368085785917,
                49.19432214701259
              ],
              [
                -68.30089269221419,
                49.19818753509496
              ],
              [
                -68.30089266268025,
                49.191961885341435
              ],
              [
                -68.25397695900469,
                49.16705951161119
              ],
              [
                -68.23542232471405,
                49.164007868567126
              ],
              [
                -68.20335849368549,
                49.17035546176528
              ],
              [
                -68.19054118568273,
                49.16746662703889
              ],
              [
                -68.1835831876223,
                49.15098715563303
              ],
              [
                -68.18358313615914,
                49.143540755178606
              ],
              [
                -68.18106031379733,
                49.12445701734062
              ],
              [
                -68.21963456455335,
                49.11200591735994
              ],
              [
                -68.32542878623156,
                49.098456005548094
              ],
              [
                -68.34292556387751,
                49.09015529524936
              ],
              [
                -68.37661697476231,
                49.0690371418171
              ],
              [
                -68.39232343293767,
                49.063910357200804
              ],
              [
                -68.4089249331425,
                49.06175364614254
              ],
              [
                -68.4443253881125,
                49.06163171465494
              ],
              [
                -68.38206945133075,
                49.0999209364216
              ],
              [
                -68.36978101622567,
                49.11558657429794
              ],
              [
                -68.37189694094903,
                49.140326243211376
              ],
              [
                -68.40648358872282,
                49.163682490011624
              ],
              [
                -68.40330964463624,
                49.184515572646994
              ],
              [
                -68.4332575717112,
                49.19615296660946
              ],
              [
                -68.44432531018312,
                49.19818753509496
              ],
              [
                -68.43016516051524,
                49.18390532487049
              ],
              [
                -68.41783604167367,
                49.15839259035516
              ],
              [
                -68.40949452843648,
                49.13397843922041
              ],
              [
                -68.4070531270227,
                49.12303281106258
              ],
              [
                -68.41759191650037,
                49.11985909647128
              ],
              [
                -68.45177166300105,
                49.0957706809427
              ],
              [
                -68.48721264460241,
                49.0836855072036
              ],
              [
                -68.49616447600788,
                49.07843650236889
              ],
              [
                -68.51500401124788,
                49.069891615478646
              ],
              [
                -68.57481848480197,
                49.060492245927286
              ],
              [
                -68.5950822093042,
                49.05475505439008
              ],
              [
                -68.6151017055107,
                49.03949619020744
              ],
              [
                -68.63459220833114,
                49.01703512853927
              ],
              [
                -68.64452060291602,
                48.99115624320701
              ],
              [
                -68.63609782680851,
                48.965399569453865
              ],
              [
                -68.69880122686497,
                48.94489164920169
              ],
              [
                -68.68862873881638,
                48.9323591794946
              ],
              [
                -68.65542556173479,
                48.92963282951476
              ],
              [
                -68.64354402422202,
                48.91766987874107
              ],
              [
                -68.78380284543708,
                48.91083401176401
              ],
              [
                -68.79531811933053,
                48.90741598834728
              ],
              [
                -68.80284582209585,
                48.89948149052877
              ],
              [
                -68.80866446006053,
                48.89020404552498
              ],
              [
                -68.81480871016291,
                48.88287992215695
              ],
              [
                -68.88312738885159,
                48.84703192645061
              ],
              [
                -68.90680901366386,
                48.83978905332995
              ],
              [
                -68.92467197541066,
                48.83038965396206
              ],
              [
                -68.9496150123399,
                48.82575098832854
              ],
              [
                -68.95417237504762,
                48.81940348475257
              ],
              [
                -68.9551488585952,
                48.81053287248849
              ],
              [
                -68.9594619737312,
                48.80097061959183
              ],
              [
                -68.9744359925667,
                48.788194057511184
              ],
              [
                -68.99111900745201,
                48.78229414981511
              ],
              [
                -69.03734294657156,
                48.78046305257908
              ],
              [
                -69.055734765179,
                48.77350480929562
              ],
              [
                -69.06956947390974,
                48.75621167534942
              ],
              [
                -69.11790933407792,
                48.63056066868706
              ],
              [
                -69.1444391984082,
                48.60053118913336
              ],
              [
                -69.19155835614626,
                48.58869040568259
              ],
              [
                -69.20059164832365,
                48.59088786523023
              ],
              [
                -69.2106013014542,
                48.59483456224399
              ],
              [
                -69.2205296846851,
                48.59650285023567
              ],
              [
                -69.22948158033577,
                48.59210847763414
              ],
              [
                -69.26781169486726,
                48.543280432403755
              ],
              [
                -69.28062896798787,
                48.51105362936528
              ],
              [
                -69.28783113732935,
                48.49933492597112
              ],
              [
                -69.28937739949265,
                48.464585660378006
              ],
              [
                -69.3255102560169,
                48.425279117913696
              ],
              [
                -69.40444899799395,
                48.36273829314728
              ],
              [
                -69.43008378441901,
                48.3176943951349
              ],
              [
                -69.44664467335983,
                48.29621005516224
              ],
              [
                -69.46963461955266,
                48.28705486609537
              ],
              [
                -69.49242101233531,
                48.28192776758021
              ],
              [
                -69.51195229072668,
                48.27000562896892
              ],
              [
                -69.52989655855293,
                48.256170844117854
              ],
              [
                -69.54784095114498,
                48.245428780517464
              ],
              [
                -69.5543513234903,
                48.24469626255038
              ],
              [
                -69.56908118454959,
                48.24669017220806
              ],
              [
                -69.57518470114543,
                48.245428780517464
              ],
              [
                -69.57966065803119,
                48.24042399836804
              ],
              [
                -69.58043373505153,
                48.234808687492794
              ],
              [
                -69.58023026208627,
                48.22943754300406
              ],
              [
                -69.5820206890613,
                48.225531431481414
              ],
              [
                -69.65453035883117,
                48.16290914975666
              ],
              [
                -69.67601472296366,
                48.1498882928113
              ],
              [
                -69.69871982474439,
                48.14362206818303
              ],
              [
                -69.7127580118259,
                48.14447678370416
              ],
              [
                -69.74714108326258,
                48.15668366817521
              ],
              [
                -69.76170811179956,
                48.158433279594455
              ],
              [
                -69.79832923426493,
                48.15668366817521
              ],
              [
                -69.81989491782721,
                48.16193253425895
              ],
              [
                -69.83690347270287,
                48.17487218683177
              ],
              [
                -69.86314851954958,
                48.20506409100134
              ],
              [
                -69.88231354699492,
                48.221136656786996
              ],
              [
                -69.90257724991896,
                48.23273340455017
              ],
              [
                -69.94513916504107,
                48.25910073611586
              ],
              [
                -69.9850968730124,
                48.27842859268248
              ],
              [
                -70.03758706756119,
                48.27863195655498
              ],
              [
                -70.09365799860673,
                48.272569059709646
              ],
              [
                -70.14435784392218,
                48.2733828079713
              ],
              [
                -70.16730711455773,
                48.2833926875589
              ],
              [
                -70.21100831345397,
                48.31500895690715
              ],
              [
                -70.2334692194207,
                48.32172275430695
              ],
              [
                -70.2590225326311,
                48.325059187515066
              ],
              [
                -70.2835179697155,
                48.333319265768175
              ],
              [
                -70.36921135797573,
                48.37413150441923
              ],
              [
                -70.39289300303726,
                48.37693913023111
              ],
              [
                -70.41494703671226,
                48.36583072619864
              ],
              [
                -70.43517003937151,
                48.36298246386558
              ],
              [
                -70.63438875849188,
                48.39683656449385
              ],
              [
                -70.67735755531132,
                48.391546951277206
              ],
              [
                -70.69298256882341,
                48.39280837334218
              ],
              [
                -70.71288006372205,
                48.40367270418951
              ],
              [
                -70.74718179309902,
                48.42755773358918
              ],
              [
                -70.76671308790331,
                48.43500411869451
              ],
              [
                -70.79206302077475,
                48.437811732062166
              ],
              [
                -70.80345618029266,
                48.4362246690502
              ],
              [
                -70.81358798312571,
                48.43317283992924
              ],
              [
                -70.82412678684356,
                48.43174882898886
              ],
              [
                -70.83641513016349,
                48.43467837189661
              ],
              [
                -70.87755286293884,
                48.44953033872817
              ],
              [
                -70.98721271792057,
                48.46515539210767
              ],
              [
                -71.01162679994283,
                48.462347814727714
              ],
              [
                -71.04796306571068,
                48.44904215663838
              ],
              [
                -71.06981365357414,
                48.44464762960422
              ],
              [
                -70.99767005811576,
                48.45298901420799
              ],
              [
                -70.97362216180555,
                48.45148338433876
              ],
              [
                -70.88760335556562,
                48.421617007361064
              ],
              [
                -70.83263101639236,
                48.414781050763004
              ],
              [
                -70.80589762162583,
                48.40745684088892
              ],
              [
                -70.78848224709446,
                48.395697378312924
              ],
              [
                -70.79206294191604,
                48.379746783879575
              ],
              [
                -70.81139080671365,
                48.36969646930563
              ],
              [
                -70.8385310903569,
                48.364610171132306
              ],
              [
                -70.89167230445813,
                48.36273829314728
              ],
              [
                -70.87877358209607,
                48.34760166244399
              ],
              [
                -70.87385000485234,
                48.33380755680948
              ],
              [
                -70.86563065757852,
                48.3241641183364
              ],
              [
                -70.84325112054586,
                48.32172275430695
              ],
              [
                -70.82677162516828,
                48.32566968803952
              ],
              [
                -70.78180902063015,
                48.34845606094742
              ],
              [
                -70.74449620228408,
                48.35533270440669
              ],
              [
                -70.60049390193271,
                48.35643129126414
              ],
              [
                -70.54527744758292,
                48.36273829314728
              ],
              [
                -70.47752840800595,
                48.35643129126414
              ],
              [
                -70.46275789497375,
                48.351873989352804
              ],
              [
                -70.4432267373334,
                48.34275960504853
              ],
              [
                -70.39248608252136,
                48.338120727891045
              ],
              [
                -70.3596085829874,
                48.32843671013246
              ],
              [
                -70.34585521212101,
                48.326035742066296
              ],
              [
                -70.33429930238053,
                48.321234484014944
              ],
              [
                -70.32384199190035,
                48.30109298399127
              ],
              [
                -70.31126874953888,
                48.29950606924067
              ],
              [
                -70.29735273829576,
                48.30267990757708
              ],
              [
                -70.28774979218579,
                48.307481161358474
              ],
              [
                -70.23058015707224,
                48.27277241941068
              ],
              [
                -70.16295323302899,
                48.245062521299744
              ],
              [
                -70.09264078367856,
                48.2348494157651
              ],
              [
                -70.0276586371441,
                48.252875021475646
              ],
              [
                -70.00422119673985,
                48.24201089362361
              ],
              [
                -69.95030677749617,
                48.230821047394095
              ],
              [
                -69.92491610230446,
                48.22186911456209
              ],
              [
                -69.90623933538643,
                48.20726134695557
              ],
              [
                -69.8700251972683,
                48.15668366817521
              ],
              [
                -69.84666908348316,
                48.14276766363909
              ],
              [
                -69.81802328069756,
                48.13471109228299
              ],
              [
                -69.76048747686758,
                48.12995035634674
              ],
              [
                -69.73595126875998,
                48.12250390199992
              ],
              [
                -69.74242106210083,
                48.10553627513685
              ],
              [
                -69.7744034133848,
                48.07477440027268
              ],
              [
                -69.78091389004948,
                48.057725381050496
              ],
              [
                -69.7928360325626,
                48.006292959910965
              ],
              [
                -69.79491126401406,
                47.98871491545286
              ],
              [
                -69.80138095438203,
                47.98383202146126
              ],
              [
                -69.81476796450966,
                47.97752498056641
              ],
              [
                -69.82583568489119,
                47.969956648929276
              ],
              [
                -69.82559164714128,
                47.96149333306086
              ],
              [
                -69.82408604594117,
                47.95307033340517
              ],
              [
                -69.8265681943761,
                47.93992754545246
              ],
              [
                -69.83527583105186,
                47.91705960610492
              ],
              [
                -69.8467911525753,
                47.9000918807867
              ],
              [
                -69.89419518166461,
                47.85163009565338
              ],
              [
                -69.9055883580344,
                47.83445875492459
              ],
              [
                -69.91930095071862,
                47.79230386624816
              ],
              [
                -69.93203695674966,
                47.773057456250086
              ],
              [
                -69.94298250100809,
                47.765366817863125
              ],
              [
                -69.96768137651527,
                47.754624591973425
              ],
              [
                -69.97984773433629,
                47.74640522613364
              ],
              [
                -70.0169571271002,
                47.70831932757265
              ],
              [
                -70.03449459184513,
                47.69733306797987
              ],
              [
                -70.0753067185089,
                47.681707960425236
              ],
              [
                -70.08629315740603,
                47.67405846719997
              ],
              [
                -70.09972089804947,
                47.6680770369851
              ],
              [
                -70.11510167935339,
                47.66856514286336
              ],
              [
                -70.13060461651739,
                47.667303768028894
              ],
              [
                -70.14435786524916,
                47.65635811385664
              ],
              [
                -70.13711504466814,
                47.6422793788441
              ],
              [
                -70.15514078181111,
                47.62604407392775
              ],
              [
                -70.18163003693839,
                47.609808716539824
              ],
              [
                -70.19957437054379,
                47.59552648421768
              ],
              [
                -70.20616620251569,
                47.57977949217346
              ],
              [
                -70.20685786771759,
                47.565741257305056
              ],
              [
                -70.20543374434487,
                47.55280187260961
              ],
              [
                -70.20579990578503,
                47.54026921004175
              ],
              [
                -70.21011309070884,
                47.52838777474307
              ],
              [
                -70.2174373356295,
                47.51703529361944
              ],
              [
                -70.23688714917317,
                47.49559148354618
              ],
              [
                -70.24803626124243,
                47.48956940130809
              ],
              [
                -70.27839107347383,
                47.48212309942537
              ],
              [
                -70.30223546368815,
                47.469427763335176
              ],
              [
                -70.31745360111947,
                47.46629471116385
              ],
              [
                -70.37539628952342,
                47.461411854400005
              ],
              [
                -70.4073787170888,
                47.45335522581715
              ],
              [
                -70.43712320500005,
                47.44236894670237
              ],
              [
                -70.4590958025496,
                47.430487306288725
              ],
              [
                -70.46662349882989,
                47.43455637492851
              ],
              [
                -70.48029534731528,
                47.44004947980608
              ],
              [
                -70.48692789676936,
                47.44476967105483
              ],
              [
                -70.49705967424653,
                47.429266611566256
              ],
              [
                -70.50690668992296,
                47.37962470832762
              ],
              [
                -70.51740475216909,
                47.36896393437791
              ],
              [
                -70.53376218767526,
                47.35956455054982
              ],
              [
                -70.54845128300632,
                47.33759182378394
              ],
              [
                -70.56891844986643,
                47.29328039887577
              ],
              [
                -70.59772702429707,
                47.249416424342954
              ],
              [
                -70.6174210155862,
                47.22752510418685
              ],
              [
                -70.63438880657706,
                47.21816642049628
              ],
              [
                -70.68561762992915,
                47.14923734491642
              ],
              [
                -70.7149551893535,
                47.11758043138431
              ],
              [
                -70.75064044491042,
                47.091782980728475
              ],
              [
                -70.7916560662671,
                47.07241448254718
              ],
              [
                -70.9203181863187,
                47.03721756732478
              ],
              [
                -70.9568578517007,
                47.02065658623255
              ],
              [
                -71.1910294069167,
                46.85805894311712
              ],
              [
                -71.20010331278444,
                46.848252657030706
              ],
              [
                -71.22288977541915,
                46.81452056919603
              ],
              [
                -71.226877423286,
                46.810044698380345
              ],
              [
                -71.23192295250215,
                46.79840722988822
              ],
              [
                -71.24478108261242,
                46.78896725437567
              ],
              [
                -71.30247960392668,
                46.75885647358505
              ],
              [
                -71.31786049990798,
                46.75665928953699
              ],
              [
                -71.34166416521954,
                46.7423362697487
              ],
              [
                -71.35399329708444,
                46.73899975118882
              ],
              [
                -71.46320553928508,
                46.73448315411963
              ],
              [
                -71.51475991868715,
                46.72471756818972
              ],
              [
                -71.59292560300582,
                46.70083246441526
              ],
              [
                -71.64419510173747,
                46.69318265200325
              ],
              [
                -71.69395914049929,
                46.67438391543936
              ],
              [
                -71.72020420929749,
                46.670070656332435
              ],
              [
                -71.77204340228182,
                46.670070656332435
              ],
              [
                -71.78294840430038,
                46.672227355606495
              ],
              [
                -71.80333410842708,
                46.68162668252145
              ],
              [
                -71.81265216899806,
                46.68374262700979
              ],
              [
                -71.84024006364932,
                46.68699784639552
              ],
              [
                -71.8609105848543,
                46.69175847251872
              ],
              [
                -71.88052322946739,
                46.69065987221083
              ],
              [
                -71.97203531458547,
                46.629502734950584
              ],
              [
                -72.01374266162475,
                46.607733509904975
              ],
              [
                -72.0554093048157,
                46.594346411641055
              ],
              [
                -72.14191647746621,
                46.58071525268642
              ],
              [
                -72.21247312568066,
                46.561021258795314
              ],
              [
                -72.22793533043316,
                46.55337144005615
              ],
              [
                -72.23639891159922,
                46.53624099679799
              ],
              [
                -72.25169833854787,
                46.48232649239056
              ],
              [
                -72.25804600681384,
                46.47085190758713
              ],
              [
                -72.29678299585674,
                46.450995159062664
              ],
              [
                -72.33714755594974,
                46.44350812882607
              ],
              [
                -72.35741124169249,
                46.43667222257458
              ],
              [
                -72.39264886582532,
                46.419175464451804
              ],
              [
                -72.44078528948233,
                46.41193269178593
              ],
              [
                -72.4622696910697,
                46.402329887226315
              ],
              [
                -72.6025284186802,
                46.30133691093056
              ],
              [
                -72.64509031159035,
                46.286525811161994
              ],
              [
                -72.66755122673104,
                46.283921596272606
              ],
              [
                -72.73786374860644,
                46.286525811161994
              ],
              [
                -72.77122963649796,
                46.28091058361062
              ],
              [
                -72.84447180408101,
                46.26479725702159
              ],
              [
                -72.91397051094293,
                46.242417718796986
              ],
              [
                -72.99449621734033,
                46.2108014863771
              ],
              [
                -72.98595129213129,
                46.19529855020975
              ],
              [
                -73.00462806489675,
                46.1406924631734
              ],
              [
                -73.02204340926055,
                46.10960517705529
              ],
              [
                -73.07164464910888,
                46.08974841342682
              ],
              [
                -73.10635331744325,
                46.08726633952274
              ],
              [
                -73.15855871806953,
                46.07485584999104
              ],
              [
                -73.17931067681057,
                46.053045967810576
              ],
              [
                -73.18211827808463,
                46.03477607567426
              ],
              [
                -73.18687902816991,
                46.01837797949938
              ],
              [
                -73.20409096541523,
                45.98346592147531
              ],
              [
                -73.26231848077232,
                45.90224842157881
              ],
              [
                -73.2899063640149,
                45.87506741644066
              ],
              [
                -73.33446205143404,
                45.854641036885994
              ],
              [
                -73.35586504287879,
                45.84153881492505
              ],
              [
                -73.37254798040516,
                45.81118398466757
              ],
              [
                -73.4202774800364,
                45.76512280477016
              ],
              [
                -73.49543208652541,
                45.72789132401059
              ],
              [
                -73.67739825731368,
                45.70815667948145
              ],
              [
                -73.7554418530224,
                45.67637765316675
              ],
              [
                -73.86270096971161,
                45.59263742293761
              ],
              [
                -73.89264889489422,
                45.55906810747465
              ],
              [
                -73.90241452163349,
                45.54075756436802
              ],
              [
                -73.90953527788348,
                45.534735400838294
              ],
              [
                -73.93423417642055,
                45.529933980229636
              ],
              [
                -73.94579016717105,
                45.52399322914584
              ],
              [
                -73.95645097622618,
                45.51609935150618
              ],
              [
                -73.96467038294347,
                45.50816479429711
              ],
              [
                -73.97923743856515,
                45.49843985621362
              ],
              [
                -74.00108802334826,
                45.491278394489974
              ],
              [
                -74.04344641133895,
                45.48399484410617
              ],
              [
                -74.10484778910683,
                45.48501211794122
              ],
              [
                -74.12555904350083,
                45.4897321517192
              ],
              [
                -74.13597570986394,
                45.4907900945321
              ],
              [
                -74.14745031949369,
                45.49437082270812
              ],
              [
                -74.17381750804333,
                45.5181338471751
              ],
              [
                -74.19009355185067,
                45.52830637720832
              ],
              [
                -74.19904536854581,
                45.530910530155
              ],
              [
                -74.2147517592838,
                45.53237539808979
              ],
              [
                -74.30695553557477,
                45.52553946073193
              ],
              [
                -74.32160396358287,
                45.528794649718854
              ],
              [
                -74.33486894329378,
                45.5370140634291
              ],
              [
                -74.35952713982405,
                45.55947498382563
              ],
              [
                -74.3794653021978,
                45.56163158510641
              ],
              [
                -74.36558996610822,
                45.55284249967934
              ],
              [
                -74.35277259289377,
                45.53823477443641
              ],
              [
                -74.3428848890727,
                45.52236561381082
              ],
              [
                -74.32970129644531,
                45.509670304860634
              ],
              [
                -74.30695552778003,
                45.50446196937475
              ],
              [
                -74.2773331292558,
                45.50279366974562
              ],
              [
                -74.12653561382801,
                45.46544017731895
              ],
              [
                -74.1014705046671,
                45.463446350785745
              ],
              [
                -74.07770748047106,
                45.4566917866362
              ],
              [
                -74.0572810515678,
                45.44448476255836
              ],
              [
                -74.03770910776643,
                45.43846261804773
              ],
              [
                -74.01610266407941,
                45.45042551422446
              ],
              [
                -74.00865637698882,
                45.43618398149662
              ],
              [
                -74.01471921076444,
                45.42031485891148
              ],
              [
                -74.0019425042313,
                45.396104216588064
              ],
              [
                -73.98078366218675,
                45.3714867303914
              ],
              [
                -73.96153724545687,
                45.35423413149232
              ],
              [
                -73.96841386938767,
                45.352036858603284
              ],
              [
                -73.97150630779632,
                45.3504906130771
              ],
              [
                -73.97516842405358,
                45.3473981791204
              ],
              [
                -74.01349850462825,
                45.3284365968981
              ],
              [
                -74.10936439071769,
                45.32746003633225
              ],
              [
                -74.15330970323961,
                45.320135816257654
              ],
              [
                -74.16893470038353,
                45.30801015885949
              ],
              [
                -74.19961503870083,
                45.27236562857072
              ],
              [
                -74.21133378764914,
                45.2648786472139
              ],
              [
                -74.23375403858424,
                45.262111726789755
              ],
              [
                -74.3071182952212,
                45.232407949974444
              ],
              [
                -74.31383215737254,
                45.22809478587687
              ],
              [
                -74.32144121034497,
                45.22500234677268
              ],
              [
                -74.33454342207655,
                45.22394439869367
              ],
              [
                -74.3461807932361,
                45.22056712452883
              ]
            ]
          ],
          [
            [
              [
                -74.71296143240316,
                44.99925373838289
              ],
              [
                -74.63491777304098,
                45.014024156091956
              ],
              [
                -74.47354081916595,
                45.067124742372144
              ],
              [
                -74.43683834470588,
                45.08633047034094
              ],
              [
                -74.40713456712432,
                45.114650778795955
              ],
              [
                -74.40428626249053,
                45.12388743809963
              ],
              [
                -74.40314693784512,
                45.13515859341245
              ],
              [
                -74.39956620971499,
                45.14476145936166
              ],
              [
                -74.38914954145282,
                45.14878977753374
              ],
              [
                -74.37922115637537,
                45.15029531135972
              ],
              [
                -74.36733964733206,
                45.154364323503366
              ],
              [
                -74.35627193897055,
                45.159816798934166
              ],
              [
                -74.32949785210388,
                45.17808665847413
              ],
              [
                -74.30817623307554,
                45.183986714444956
              ],
              [
                -74.21947180832699,
                45.19757721449029
              ],
              [
                -74.19945228013604,
                45.20384349679332
              ],
              [
                -74.16441809385273,
                45.22862375569417
              ],
              [
                -74.14561927357829,
                45.23395417703068
              ],
              [
                -74.04845130246588,
                45.23253001829438
              ],
              [
                -74.00438391548171,
                45.24518463133911
              ],
              [
                -73.96434485590635,
                45.2678083347897
              ],
              [
                -73.88923093146889,
                45.33714428978592
              ],
              [
                -73.87995358798013,
                45.34113192093581
              ],
              [
                -73.85753333957331,
                45.34007397702692
              ],
              [
                -73.84825598935159,
                45.34398021079072
              ],
              [
                -73.83189856224584,
                45.35561756931126
              ],
              [
                -73.77594966862355,
                45.381496473909294
              ],
              [
                -73.76720130318554,
                45.388332428915064
              ],
              [
                -73.74494381703937,
                45.41225821183386
              ],
              [
                -73.73468991062606,
                45.418605866904635
              ],
              [
                -73.71288001576993,
                45.4213727974787
              ],
              [
                -73.70457923574743,
                45.42625561167704
              ],
              [
                -73.68736731211031,
                45.431219783001964
              ],
              [
                -73.604603643441,
                45.42251210748899
              ],
              [
                -73.58177650094468,
                45.428290117138786
              ],
              [
                -73.5691625656801,
                45.42804596978552
              ],
              [
                -73.56362871290422,
                45.41909414954521
              ],
              [
                -73.55728105767123,
                45.41429271827529
              ],
              [
                -73.54303950876962,
                45.416327197446016
              ],
              [
                -73.52790279754784,
                45.42145416572616
              ],
              [
                -73.51895098073548,
                45.42625561167704
              ],
              [
                -73.50255285755539,
                45.447902721473135
              ],
              [
                -73.50259355168596,
                45.463446350785745
              ],
              [
                -73.52269445983508,
                45.50446196937475
              ],
              [
                -73.52375240666008,
                45.513820701984855
              ],
              [
                -73.52354896128563,
                45.527573969641715
              ],
              [
                -73.52204341791823,
                45.53994373832113
              ],
              [
                -73.49038651736304,
                45.584092502328176
              ],
              [
                -73.46886145748933,
                45.59971751610017
              ],
              [
                -73.46060135848947,
                45.6080589691182
              ],
              [
                -73.45628821670996,
                45.618231515843235
              ],
              [
                -73.45189367782903,
                45.635606173136004
              ],
              [
                -73.44692949697101,
                45.6422386874142
              ],
              [
                -73.45685788581255,
                45.672430750781935
              ],
              [
                -73.44884191890374,
                45.704494517080654
              ],
              [
                -73.43130449648413,
                45.7327334782984
              ],
              [
                -73.41283117336746,
                45.751532270160965
              ],
              [
                -73.25934811597155,
                45.85411205714415
              ],
              [
                -73.21727454586554,
                45.89883047742043
              ],
              [
                -73.2065323435874,
                45.915594766196605
              ],
              [
                -73.20596270832742,
                45.932725360080234
              ],
              [
                -73.2086075676935,
                45.9508324613607
              ],
              [
                -73.20738685857172,
                45.9705671476493
              ],
              [
                -73.2003474760731,
                45.98175693894987
              ],
              [
                -73.1780492935638,
                46.0040144136221
              ],
              [
                -73.17320714506067,
                46.01495999236501
              ],
              [
                -73.17186437487298,
                46.02684151189543
              ],
              [
                -73.16808020654086,
                46.03579335997415
              ],
              [
                -73.16266843299971,
                46.0430769101099
              ],
              [
                -73.15611731993413,
                46.04970938355599
              ],
              [
                -73.13980059108022,
                46.058335692585544
              ],
              [
                -73.04059810142921,
                46.073594446594605
              ],
              [
                -73.03189043267061,
                46.08234284920899
              ],
              [
                -73.0157364433941,
                46.0934918985743
              ],
              [
                -72.99840247631671,
                46.10342032241706
              ],
              [
                -72.97850502552393,
                46.115830826241634
              ],
              [
                -72.95494543927576,
                46.13072336790872
              ],
              [
                -72.93260658350255,
                46.14439526801164
              ],
              [
                -72.90941320224707,
                46.13564684846989
              ],
              [
                -72.87604732583253,
                46.136623430672834
              ],
              [
                -72.84365802345039,
                46.141913189829936
              ],
              [
                -72.75829017921723,
                46.17251213612407
              ],
              [
                -72.7310278026279,
                46.176621820127984
              ],
              [
                -72.66942298293733,
                46.21515534534008
              ],
              [
                -72.66942298222398,
                46.230047921741004
              ],
              [
                -72.67064367069968,
                46.24738187323112
              ],
              [
                -72.65208900877192,
                46.25861240058584
              ],
              [
                -72.609852654014,
                46.27659736669352
              ],
              [
                -72.55626378230161,
                46.30573147014562
              ],
              [
                -72.49596109263926,
                46.36050045035754
              ],
              [
                -72.47777257248612,
                46.36847561381845
              ],
              [
                -72.4549454350858,
                46.371730845528305
              ],
              [
                -72.39806068332385,
                46.39638908139101
              ],
              [
                -72.27432203687547,
                46.42055891402793
              ],
              [
                -72.24156650199478,
                46.44350812882607
              ],
              [
                -72.21613525146219,
                46.47955970743491
              ],
              [
                -72.20474200812278,
                46.500637149317534
              ],
              [
                -72.20002195223753,
                46.51585523961284
              ],
              [
                -72.18993077729398,
                46.52623115187048
              ],
              [
                -72.10244706447004,
                46.56020741386508
              ],
              [
                -72.05760654850012,
                46.56602604968297
              ],
              [
                -72.03237868376006,
                46.56647364124488
              ],
              [
                -72.00739497928444,
                46.57139718795979
              ],
              [
                -71.99152584104368,
                46.58364491514059
              ],
              [
                -71.97813882041848,
                46.5994327274748
              ],
              [
                -71.96043859057222,
                46.61485419946635
              ],
              [
                -71.90501866680495,
                46.63995998950742
              ],
              [
                -71.86709551410453,
                46.66665275190107
              ],
              [
                -71.84569251614354,
                46.66828035027638
              ],
              [
                -71.82428948839198,
                46.66136295892439
              ],
              [
                -71.80272373730683,
                46.64956283765804
              ],
              [
                -71.7606094721465,
                46.634181961538026
              ],
              [
                -71.71418208285276,
                46.63218819072926
              ],
              [
                -71.3024796096673,
                46.74518461149164
              ],
              [
                -71.30260168066732,
                46.74518461149164
              ],
              [
                -71.28205317671203,
                46.75328194033975
              ],
              [
                -71.24372312971045,
                46.775458117113864
              ],
              [
                -71.22374426524051,
                46.77993397528588
              ],
              [
                -71.2050674852084,
                46.78701400468445
              ],
              [
                -71.17625891347484,
                46.823960668819424
              ],
              [
                -71.15794838639928,
                46.840806416638074
              ],
              [
                -71.11534582140416,
                46.85337960016118
              ],
              [
                -71.01911371284346,
                46.85154851782809
              ],
              [
                -70.9736221896603,
                46.86188383269679
              ],
              [
                -70.91966710970065,
                46.89756905254094
              ],
              [
                -70.9019262560161,
                46.90289952610414
              ],
              [
                -70.88963779903938,
                46.9016787194888
              ],
              [
                -70.86705480342835,
                46.89659248439741
              ],
              [
                -70.85692300586727,
                46.895412558083535
              ],
              [
                -70.84422768799075,
                46.89826085408984
              ],
              [
                -70.82579508004866,
                46.911688609511536
              ],
              [
                -70.81533769981489,
                46.916489989114154
              ],
              [
                -70.80549069546029,
                46.91689689157158
              ],
              [
                -70.78359939170193,
                46.914699562943845
              ],
              [
                -70.7743220748115,
                46.916489989114154
              ],
              [
                -70.76528888033576,
                46.922837664347696
              ],
              [
                -70.74396723745046,
                46.94692614118353
              ],
              [
                -70.72716224756527,
                46.95644767731846
              ],
              [
                -70.60024981121846,
                46.99705639829052
              ],
              [
                -70.55504310480684,
                47.00234611136901
              ],
              [
                -70.53490152372022,
                47.01056555959095
              ],
              [
                -70.38817295093213,
                47.1158714181819
              ],
              [
                -70.28661047454074,
                47.20913319045178
              ],
              [
                -70.22630775674186,
                47.286444427157356
              ],
              [
                -70.19489498010478,
                47.315293673748606
              ],
              [
                -70.076079882168,
                47.36896393437791
              ],
              [
                -70.0503637270225,
                47.40001046383253
              ],
              [
                -70.0310766279502,
                47.469590564130584
              ],
              [
                -70.00035563162855,
                47.499375793358666
              ],
              [
                -69.99030515445804,
                47.50360751691771
              ],
              [
                -69.96955320512332,
                47.50865309813607
              ],
              [
                -69.95938063037791,
                47.51239647888507
              ],
              [
                -69.94928949698883,
                47.52033107715486
              ],
              [
                -69.94229080107746,
                47.529486354843364
              ],
              [
                -69.9342341830666,
                47.53717683411054
              ],
              [
                -69.90074622284176,
                47.545599676645566
              ],
              [
                -69.80223544083584,
                47.622381813102905
              ],
              [
                -69.68968668307181,
                47.72833900117968
              ],
              [
                -69.58877522150628,
                47.81403235535934
              ],
              [
                -69.56187908178104,
                47.82807048211614
              ],
              [
                -69.5552872519691,
                47.83445875492459
              ],
              [
                -69.5501603291058,
                47.84385823611329
              ],
              [
                -69.55068926171678,
                47.84955476551512
              ],
              [
                -69.553578236093,
                47.85716376409302
              ],
              [
                -69.55528730024058,
                47.87238203940502
              ],
              [
                -69.54800369941194,
                47.88959379342826
              ],
              [
                -69.44546464498347,
                47.99188873229854
              ],
              [
                -69.42808990777768,
                47.99896867209756
              ],
              [
                -69.40835532628813,
                48.00104413041403
              ],
              [
                -69.36131754415882,
                48.01300697448024
              ],
              [
                -69.3424373652987,
                48.02008711725319
              ],
              [
                -69.32396395551035,
                48.03058493801023
              ],
              [
                -69.25365153830433,
                48.092352699913896
              ],
              [
                -69.15233313300088,
                48.146673886126564
              ],
              [
                -69.05443270381818,
                48.23236716155817
              ],
              [
                -68.96471107016208,
                48.287787183999896
              ],
              [
                -68.84455320904922,
                48.34271886137024
              ],
              [
                -68.82477776744143,
                48.36583072619864
              ],
              [
                -68.8060603339391,
                48.37242255526365
              ],
              [
                -68.74836180088775,
                48.37291091359808
              ],
              [
                -68.72606365212796,
                48.376410325133214
              ],
              [
                -68.6617324944122,
                48.412298769756795
              ],
              [
                -68.65037998983394,
                48.42076238794831
              ],
              [
                -68.63853923122961,
                48.431952302791494
              ],
              [
                -68.5615941681036,
                48.45148338433876
              ],
              [
                -68.52334553231145,
                48.47077063101212
              ],
              [
                -68.46328692612852,
                48.52891676301452
              ],
              [
                -68.42503825008568,
                48.54706459753073
              ],
              [
                -68.37682047024543,
                48.55052324145127
              ],
              [
                -68.35358634541588,
                48.55597554998813
              ],
              [
                -68.31387279374168,
                48.586981385459204
              ],
              [
                -68.20563718365993,
                48.64191317433789
              ],
              [
                -68.18431562301049,
                48.647894739404016
              ],
              [
                -68.13272046775073,
                48.652533183245524
              ],
              [
                -68.11571198479331,
                48.659491149345094
              ],
              [
                -68.08242748230384,
                48.684881779953834
              ],
              [
                -68.06029207701665,
                48.693833628832095
              ],
              [
                -68.0335994116118,
                48.69782135293269
              ],
              [
                -67.98216713874777,
                48.6985538172466
              ],
              [
                -67.96202553526996,
                48.70164625977321
              ],
              [
                -67.7180883742733,
                48.796128712740895
              ],
              [
                -67.71190338198431,
                48.80097061959183
              ],
              [
                -67.6712540583068,
                48.81785721332618
              ],
              [
                -67.6468806075494,
                48.82542540037714
              ],
              [
                -67.60334220187696,
                48.83238342011722
              ],
              [
                -67.54678297539034,
                48.86237206709652
              ],
              [
                -67.42516034449145,
                48.87360273552823
              ],
              [
                -67.36180574514904,
                48.903998008062565
              ],
              [
                -67.29238847211128,
                48.92450591838901
              ],
              [
                -67.11754303236502,
                48.96307999950225
              ],
              [
                -66.87962812347574,
                49.04649500195979
              ],
              [
                -66.62205971318768,
                49.122626073263895
              ],
              [
                -66.52651936950862,
                49.1333683076519
              ],
              [
                -66.2193089936083,
                49.2078716887659
              ],
              [
                -66.05492099363191,
                49.22467674840126
              ],
              [
                -65.88280185272146,
                49.22467674840126
              ],
              [
                -65.68415281611645,
                49.2425398193363
              ],
              [
                -65.61514237423164,
                49.260239958595605
              ],
              [
                -65.56578533462555,
                49.26646567099732
              ],
              [
                -65.39622965654776,
                49.26105385790707
              ],
              [
                -65.27700756915115,
                49.244452110425655
              ],
              [
                -65.19107017207196,
                49.23704674356421
              ],
              [
                -64.96349036738545,
                49.219305738674116
              ],
              [
                -64.87779703004631,
                49.19542069917579
              ],
              [
                -64.82262120581537,
                49.18903225491441
              ],
              [
                -64.80142166229594,
                49.18121975598291
              ],
              [
                -64.75865636359627,
                49.157171906884834
              ],
              [
                -64.71344967598746,
                49.13886139953742
              ],
              [
                -64.68862870898441,
                49.13239166668019
              ],
              [
                -64.6133926484598,
                49.12303281106258
              ],
              [
                -64.60269125007764,
                49.11884195572694
              ],
              [
                -64.57945715840799,
                49.10545481406239
              ],
              [
                -64.55256102634391,
                49.09735754480838
              ],
              [
                -64.49791425147352,
                49.06163171465494
              ],
              [
                -64.48631755057255,
                49.05744058566083
              ],
              [
                -64.47826083849932,
                49.05597557828237
              ],
              [
                -64.47061109889495,
                49.052964508874666
              ],
              [
                -64.44880130207542,
                49.03461350010489
              ],
              [
                -64.43883211463029,
                49.02912007721782
              ],
              [
                -64.3964738248613,
                49.01182703495585
              ],
              [
                -64.38019771290251,
                49.00157296762296
              ],
              [
                -64.35049399106188,
                48.975653495757314
              ],
              [
                -64.34007726183214,
                48.97020087662321
              ],
              [
                -64.31090247441394,
                48.964422922271204
              ],
              [
                -64.29873614259186,
                48.95921460951305
              ],
              [
                -64.2951553712539,
                48.954819980512994
              ],
              [
                -64.28661053124488,
                48.94049725339093
              ],
              [
                -64.28164627749646,
                48.93439359766138
              ],
              [
                -64.22118078126361,
                48.89435453173594
              ],
              [
                -64.20645102983576,
                48.86957441121466
              ],
              [
                -64.21678631411432,
                48.82823326138794
              ],
              [
                -64.19196525181943,
                48.79962788693918
              ],
              [
                -64.17487546321415,
                48.78449129717826
              ],
              [
                -64.15534424926429,
                48.77423747541924
              ],
              [
                -64.16881264707978,
                48.761826932253285
              ],
              [
                -64.1900935723416,
                48.772813260832734
              ],
              [
                -64.21202557488141,
                48.79120527302738
              ],
              [
                -64.22736562448452,
                48.80097061959183
              ],
              [
                -64.25308186133964,
                48.80634192536981
              ],
              [
                -64.30333405927217,
                48.830267517706716
              ],
              [
                -64.52965243990128,
                48.88239159244144
              ],
              [
                -64.55939692695674,
                48.88287992215695
              ],
              [
                -64.53758703783627,
                48.87632883105493
              ],
              [
                -64.47744707533388,
                48.84190502968598
              ],
              [
                -64.47744700844149,
                48.835679288554985
              ],
              [
                -64.5392146693878,
                48.83002355456551
              ],
              [
                -64.53892980301667,
                48.82139717058337
              ],
              [
                -64.52159580533764,
                48.81700260916299
              ],
              [
                -64.4600724473118,
                48.82823326138794
              ],
              [
                -64.41844645262219,
                48.826402165397525
              ],
              [
                -64.39720625026827,
                48.82135666596505
              ],
              [
                -64.38805087011293,
                48.81114320095358
              ],
              [
                -64.38390048234298,
                48.808050760446
              ],
              [
                -64.3765763210934,
                48.79999425473814
              ],
              [
                -64.37409421029584,
                48.79169343932295
              ],
              [
                -64.384388833722,
                48.787909323139424
              ],
              [
                -64.40786703171746,
                48.79267008369155
              ],
              [
                -64.41832440305772,
                48.79120527302738
              ],
              [
                -64.42906657666316,
                48.78046305257908
              ],
              [
                -64.41738844036114,
                48.77460350007344
              ],
              [
                -64.40794838007714,
                48.775824307123614
              ],
              [
                -64.3988337937099,
                48.77936433828776
              ],
              [
                -64.38805095163728,
                48.78046305257908
              ],
              [
                -64.37633214122854,
                48.77623114096834
              ],
              [
                -64.35366774644342,
                48.76288477111741
              ],
              [
                -64.32795159317878,
                48.755845366136015
              ],
              [
                -64.27818763619561,
                48.72581616481135
              ],
              [
                -64.23542232888843,
                48.67808665339665
              ],
              [
                -64.2205297978835,
                48.67059978452271
              ],
              [
                -64.20518961537041,
                48.666978335229324
              ],
              [
                -64.18968671197588,
                48.657578981338624
              ],
              [
                -64.17503820141576,
                48.64447659811279
              ],
              [
                -64.16218015248865,
                48.629624766639935
              ],
              [
                -64.19310463205457,
                48.62299228096363
              ],
              [
                -64.22716219591594,
                48.625067348872385
              ],
              [
                -64.25767978933278,
                48.61920801007549
              ],
              [
                -64.27818759011835,
                48.58869040568259
              ],
              [
                -64.28213462418805,
                48.56903730670365
              ],
              [
                -64.27887940971887,
                48.56126548153916
              ],
              [
                -64.25088454620027,
                48.55076726635291
              ],
              [
                -64.22154696744524,
                48.533677389892894
              ],
              [
                -64.20645102363542,
                48.528021664259114
              ],
              [
                -64.18883219618527,
                48.52659748094595
              ],
              [
                -64.19953363634926,
                48.520697281957915
              ],
              [
                -64.20645099774403,
                48.51325109527125
              ],
              [
                -64.21251382083277,
                48.50482823877494
              ],
              [
                -64.22052968949133,
                48.49583553154471
              ],
              [
                -64.22887126204992,
                48.49213297211818
              ],
              [
                -64.26455650373646,
                48.486273645869964
              ],
              [
                -64.28600014486128,
                48.47923415440143
              ],
              [
                -64.30553144332622,
                48.46942795369235
              ],
              [
                -64.3199356849536,
                48.45587801812025
              ],
              [
                -64.32603925176699,
                48.437811732062166
              ],
              [
                -64.31236736223227,
                48.431586111804734
              ],
              [
                -64.32909094629787,
                48.41962310525702
              ],
              [
                -64.35960856775739,
                48.41303141087296
              ],
              [
                -64.44448810701024,
                48.40684647291289
              ],
              [
                -64.49624593200483,
                48.39366290817776
              ],
              [
                -64.54515536258218,
                48.38751852675268
              ],
              [
                -64.66258707201295,
                48.35016517434138
              ],
              [
                -64.68321691764218,
                48.340318081312205
              ],
              [
                -64.71104890880102,
                48.33930073450546
              ],
              [
                -64.723256016527,
                48.335394662815425
              ],
              [
                -64.71202546248297,
                48.32920956751607
              ],
              [
                -64.70470132043859,
                48.3237165848032
              ],
              [
                -64.70181224448362,
                48.317083911722115
              ],
              [
                -64.70400955812431,
                48.307481161358474
              ],
              [
                -64.7078344306525,
                48.301743862316144
              ],
              [
                -64.71418212538174,
                48.294908016653395
              ],
              [
                -64.72118076864005,
                48.28937403354371
              ],
              [
                -64.72695883510144,
                48.28705486609537
              ],
              [
                -64.73131267216648,
                48.28400309881876
              ],
              [
                -64.73778234310839,
                48.2687848675785
              ],
              [
                -64.75694741962913,
                48.2397322221644
              ],
              [
                -64.76573650745443,
                48.21898032922668
              ],
              [
                -64.77936763147551,
                48.20404691712208
              ],
              [
                -64.9088435114577,
                48.17719137254114
              ],
              [
                -64.92446861165305,
                48.1762557371135
              ],
              [
                -64.93846594528885,
                48.177313532880575
              ],
              [
                -64.95051015467158,
                48.18085342885346
              ],
              [
                -64.960357276325,
                48.18768963869832
              ],
              [
                -64.96369378898721,
                48.1858584070034
              ],
              [
                -64.96353111256425,
                48.1749943461879
              ],
              [
                -64.9591365689713,
                48.16095623053567
              ],
              [
                -64.94981842700894,
                48.14984757656393
              ],
              [
                -64.98786373328811,
                48.1259626255924
              ],
              [
                -65.05162514635329,
                48.10162999099861
              ],
              [
                -65.18101962644725,
                48.042832667359285
              ],
              [
                -65.28555254184349,
                48.0126407010766
              ],
              [
                -65.38491780293903,
                48.00926348460256
              ],
              [
                -65.40444896467119,
                48.00145077645257
              ],
              [
                -65.43219972065887,
                48.00328207797482
              ],
              [
                -65.45938066820166,
                48.0108096492522
              ],
              [
                -65.47740643688199,
                48.02008711725319
              ],
              [
                -65.48151613632488,
                48.02606855955153
              ],
              [
                -65.48717205776587,
                48.04132734245054
              ],
              [
                -65.49168865281518,
                48.04682049007463
              ],
              [
                -65.50340740834594,
                48.052069526034096
              ],
              [
                -65.53600019063559,
                48.059882047756425
              ],
              [
                -65.5772192092326,
                48.06403230393311
              ],
              [
                -65.66763266174442,
                48.095811372083126
              ],
              [
                -65.78384352093022,
                48.11558657877836
              ],
              [
                -65.81997640644617,
                48.12995035634674
              ],
              [
                -65.85871332681765,
                48.15936916565683
              ],
              [
                -65.89045164839195,
                48.1705997267742
              ],
              [
                -65.89297446404751,
                48.18768963869832
              ],
              [
                -65.89098062327696,
                48.208197391733776
              ],
              [
                -65.89574138930323,
                48.225531431481414
              ],
              [
                -65.90440831423905,
                48.20880764274013
              ],
              [
                -65.91295328231553,
                48.20079179978984
              ],
              [
                -65.92406162140422,
                48.19835025459505
              ],
              [
                -65.94041913391217,
                48.19822839383522
              ],
              [
                -65.95303300779526,
                48.19537995184722
              ],
              [
                -65.96401932388657,
                48.18829984618718
              ],
              [
                -66.04600991204151,
                48.11522048463664
              ],
              [
                -66.0670466390098,
                48.10199606797372
              ],
              [
                -66.09557048700218,
                48.09715414365858
              ],
              [
                -66.1830948504284,
                48.11570871306843
              ],
              [
                -66.27061931597456,
                48.11652263456416
              ],
              [
                -66.28685460646807,
                48.11448798932258
              ],
              [
                -66.29979401422597,
                48.108221606153236
              ],
              [
                -66.29206296152874,
                48.1054141451342
              ],
              [
                -66.28429112510979,
                48.10337957788484
              ],
              [
                -66.26504468588998,
                48.10199606797372
              ],
              [
                -66.27472892747659,
                48.07310608828988
              ],
              [
                -66.2793676147368,
                48.067328128705114
              ],
              [
                -66.29002849229236,
                48.06517171517919
              ],
              [
                -66.29613199502741,
                48.069403456690054
              ],
              [
                -66.30064862214957,
                48.0761173829562
              ],
              [
                -66.30663006297675,
                48.08152915724137
              ],
              [
                -66.31257077086774,
                48.08201732897044
              ],
              [
                -66.31956942376794,
                48.080999971378915
              ],
              [
                -66.32530675693135,
                48.08116279769548
              ],
              [
                -66.32774822883559,
                48.08527265049764
              ],
              [
                -66.32909092662416,
                48.08991114581422
              ],
              [
                -66.33263097677111,
                48.0948346746597
              ],
              [
                -66.33706626318667,
                48.09918866723348
              ],
              [
                -66.34142001084373,
                48.10199606797372
              ],
              [
                -66.376128764879,
                48.11420331901193
              ],
              [
                -66.47329661728988,
                48.12010311441727
              ],
              [
                -66.5153702920729,
                48.10809978343106
              ],
              [
                -66.53319252717162,
                48.07099033708419
              ],
              [
                -66.54279539875733,
                48.058661250328036
              ],
              [
                -66.58507239072478,
                48.061265357118124
              ],
              [
                -66.59996503314133,
                48.04474532306473
              ],
              [
                -66.61204996676419,
                48.04669838474183
              ],
              [
                -66.63219148246618,
                48.05426654531555
              ],
              [
                -66.64391031219158,
                48.05186601350776
              ],
              [
                -66.65037998933131,
                48.04625066562601
              ],
              [
                -66.65558832322637,
                48.03949611068593
              ],
              [
                -66.66348224554828,
                48.033758901176036
              ],
              [
                -66.69880124009158,
                48.02403393045402
              ],
              [
                -66.74852454659082,
                48.01780834329263
              ],
              [
                -66.77301993432877,
                48.00804259067694
              ],
              [
                -66.78579661739816,
                48.00584530276073
              ],
              [
                -66.81773838069039,
                48.00633365604951
              ],
              [
                -66.83315994817906,
                48.00450264372356
              ],
              [
                -66.84788971520153,
                47.99896867209756
              ],
              [
                -66.84300692389975,
                47.99681214715045
              ],
              [
                -66.84356301083663,
                47.996734765349764
              ],
              [
                -66.86769582584294,
                47.9977422718299
              ],
              [
                -66.89418007299805,
                47.99208387922618
              ],
              [
                -66.91913984290882,
                47.981490332877776
              ],
              [
                -66.93851850509785,
                47.96782191593545
              ],
              [
                -66.94939626988179,
                47.94859799599155
              ],
              [
                -66.94567560104315,
                47.93211329316347
              ],
              [
                -66.93924187402905,
                47.91712710418274
              ],
              [
                -66.94190326136005,
                47.90229608275484
              ],
              [
                -66.96164359204525,
                47.89454446544212
              ],
              [
                -66.987352683462,
                47.90340712759874
              ],
              [
                -67.01231244126393,
                47.91785078317566
              ],
              [
                -67.0296498356034,
                47.92699740050812
              ],
              [
                -67.05037203278384,
                47.92906433619382
              ],
              [
                -67.07313550379443,
                47.92663554955557
              ],
              [
                -67.09517550422754,
                47.92097698588864
              ],
              [
                -67.11383070564597,
                47.913406411277016
              ],
              [
                -67.12450198383196,
                47.90741216308026
              ],
              [
                -67.1338553813461,
                47.9016759951904
              ],
              [
                -67.14413896810912,
                47.896379107437944
              ],
              [
                -67.15760072271458,
                47.89159913843574
              ],
              [
                -67.17325862086997,
                47.887464882041314
              ],
              [
                -67.18803805498936,
                47.88498435596755
              ],
              [
                -67.20286917722699,
                47.885294382066135
              ],
              [
                -67.2186821715438,
                47.88937683360408
              ],
              [
                -67.23421093812112,
                47.89374348891427
              ],
              [
                -67.24604483041165,
                47.89405352420373
              ],
              [
                -67.25772382621327,
                47.89242599665695
              ],
              [
                -67.27268411745003,
                47.89092729857365
              ],
              [
                -67.28836794463338,
                47.89258101356956
              ],
              [
                -67.3044392100358,
                47.89583638752835
              ],
              [
                -67.31989045481825,
                47.89614642501497
              ],
              [
                -67.33355891998222,
                47.88893767535671
              ],
              [
                -67.34384255978516,
                47.86979162631636
              ],
              [
                -67.35089641620732,
                47.849586195796405
              ],
              [
                -67.3637121189744,
                47.83927662587949
              ],
              [
                -67.39130735659063,
                47.84989618482759
              ],
              [
                -67.39616488930187,
                47.855735501989294
              ],
              [
                -67.39885206063022,
                47.863280255023504
              ],
              [
                -67.40172017266103,
                47.87098020585721
              ],
              [
                -67.40714617605484,
                47.87712964812342
              ],
              [
                -67.41487180068015,
                47.88126375997211
              ],
              [
                -67.42293336367398,
                47.88410605317935
              ],
              [
                -67.43135652235361,
                47.88627623624974
              ],
              [
                -67.43980561981151,
                47.88839496911898
              ],
              [
                -67.45448176719306,
                47.89330432417551
              ],
              [
                -67.46864110737502,
                47.899557167046225
              ],
              [
                -67.4827229416545,
                47.90606841291079
              ],
              [
                -67.49706320218067,
                47.911933804076135
              ],
              [
                -67.52119607146226,
                47.91981440322851
              ],
              [
                -67.54393362589485,
                47.92570534190717
              ],
              [
                -67.56690388171602,
                47.93035640953379
              ],
              [
                -67.59157929434409,
                47.934335303635194
              ],
              [
                -67.6059712922082,
                47.938056260948194
              ],
              [
                -67.60894261056856,
                47.94332708123143
              ],
              [
                -67.60677228141007,
                47.95092370159088
              ],
              [
                -67.60576454119007,
                47.96174980293381
              ],
              [
                -67.60700477208175,
                47.9687519486026
              ],
              [
                -67.6092268011591,
                47.9809474559293
              ],
              [
                -67.6115005563278,
                47.992419606235465
              ],
              [
                -67.61284420523711,
                47.99753571422114
              ],
              [
                -67.62811459105701,
                47.99753571422114
              ],
              [
                -67.68875688386527,
                47.99753571422114
              ],
              [
                -67.74942501599466,
                47.99753571422114
              ],
              [
                -67.81009314722468,
                47.99753571422114
              ],
              [
                -67.87076127845474,
                47.99753571422114
              ],
              [
                -67.93142940968471,
                47.99753571422114
              ],
              [
                -67.99209754181412,
                47.99753571422114
              ],
              [
                -68.05276567304414,
                47.99753571422114
              ],
              [
                -68.11345964269584,
                47.99753571422114
              ],
              [
                -68.11345964028767,
                47.98890574426512
              ],
              [
                -68.1134595885826,
                47.98024982507495
              ],
              [
                -68.11345965007527,
                47.97159416150213
              ],
              [
                -68.11345957625683,
                47.96296403052989
              ],
              [
                -68.11345970256605,
                47.95428267562016
              ],
              [
                -68.1134595812797,
                47.94565243688956
              ],
              [
                -68.11345968415468,
                47.93699686829361
              ],
              [
                -68.11345962797988,
                47.92834093787567
              ],
              [
                -68.14650670673284,
                47.92834093787567
              ],
              [
                -68.17955378548575,
                47.92834093787567
              ],
              [
                -68.21260086423872,
                47.92834093787567
              ],
              [
                -68.2456737805141,
                47.92834093787567
              ],
              [
                -68.278720859267,
                47.92834093787567
              ],
              [
                -68.31176793712066,
                47.92834093787567
              ],
              [
                -68.3448150158736,
                47.92834093787567
              ],
              [
                -68.37786209372717,
                47.92834093787567
              ],
              [
                -68.37786213687271,
                47.89092729857365
              ],
              [
                -68.37786213517185,
                47.853565234691445
              ],
              [
                -68.37786213451301,
                47.8161514963212
              ],
              [
                -68.37786205339432,
                47.778763412587345
              ],
              [
                -68.3778621353544,
                47.74137570042587
              ],
              [
                -68.37786208880755,
                47.70396185748506
              ],
              [
                -68.37786207272583,
                47.66657392220791
              ],
              [
                -68.37786207655552,
                47.6292118698472
              ],
              [
                -68.37786207442544,
                47.60807620414627
              ],
              [
                -68.37915407652785,
                47.5879484425159
              ],
              [
                -68.38682795990182,
                47.55828601738824
              ],
              [
                -68.40809281426398,
                47.53629770130613
              ],
              [
                -68.4363339638176,
                47.518391770102426
              ],
              [
                -68.46498858192416,
                47.5010027331743
              ],
              [
                -68.49304885748107,
                47.48009955364035
              ],
              [
                -68.5223235872818,
                47.45741367220358
              ],
              [
                -68.55268347823075,
                47.43687226165428
              ],
              [
                -68.58384434822537,
                47.422247787699305
              ],
              [
                -68.62906126504997,
                47.407287548666076
              ],
              [
                -68.67425226570666,
                47.3924046457692
              ],
              [
                -68.7194433149464,
                47.377573531082305
              ],
              [
                -68.76463433166896,
                47.36263898909708
              ],
              [
                -68.83643878765066,
                47.34377721109087
              ],
              [
                -68.91000015778225,
                47.32985034231538
              ],
              [
                -68.98330321700772,
                47.315200163831136
              ],
              [
                -69.05438410454505,
                47.29421943204534
              ],
              [
                -69.06355980714693,
                47.29080933721545
              ],
              [
                -69.06513360275963,
                47.296338956873285
              ],
              [
                -69.0661929616128,
                47.329670235042194
              ],
              [
                -69.05433328107657,
                47.38925330128445
              ],
              [
                -69.05402318995459,
                47.41839873378674
              ],
              [
                -69.06965532904493,
                47.431886326243095
              ],
              [
                -69.22197158704822,
                47.459688185881475
              ],
              [
                -69.23726783367678,
                47.4588097372214
              ],
              [
                -69.25091037853743,
                47.45291854904254
              ],
              [
                -69.26762775992513,
                47.43984453670607
              ],
              [
                -69.35790647641967,
                47.3501342269485
              ],
              [
                -69.44815933560695,
                47.2603463581741
              ],
              [
                -69.53846389827618,
                47.17061022783709
              ],
              [
                -69.62879432551821,
                47.08079664185589
              ],
              [
                -69.71909886357989,
                46.99108629332622
              ],
              [
                -69.80940345919467,
                46.90129856235471
              ],
              [
                -69.89970802993199,
                46.81156244597061
              ],
              [
                -69.98996086388186,
                46.72169700700672
              ],
              [
                -70.00776342766173,
                46.70407541822391
              ],
              [
                -70.02362807393598,
                46.661287290202786
              ],
              [
                -70.03272315811378,
                46.609765960166825
              ],
              [
                -70.05008642113872,
                46.51127063979032
              ],
              [
                -70.06181698384171,
                46.44540905280217
              ],
              [
                -70.07432265705957,
                46.4195449461648
              ],
              [
                -70.15305171180282,
                46.372829475989214
              ],
              [
                -70.16741774765234,
                46.36817856991222
              ],
              [
                -70.18839836473178,
                46.35841168943605
              ],
              [
                -70.19702834986835,
                46.336862666266285
              ],
              [
                -70.19950883208571,
                46.31526194782448
              ],
              [
                -70.2018859230132,
                46.305495043820464
              ],
              [
                -70.22369343311654,
                46.30079261628751
              ],
              [
                -70.23617323670632,
                46.288338470426304
              ],
              [
                -70.25340734267132,
                46.25149321134927
              ],
              [
                -70.28089919908201,
                46.211857373393265
              ],
              [
                -70.28480077481301,
                46.19185860534479
              ],
              [
                -70.26332920774574,
                46.18322862131231
              ],
              [
                -70.24924740846004,
                46.16276481991146
              ],
              [
                -70.24400223521488,
                46.14100900421224
              ],
              [
                -70.24947992732605,
                46.12059679356207
              ],
              [
                -70.26444027733339,
                46.10659253400515
              ],
              [
                -70.30032955281824,
                46.08928091154665
              ],
              [
                -70.31262853311581,
                46.079565716685316
              ],
              [
                -70.3113624701792,
                46.07186595206355
              ],
              [
                -70.3047737382803,
                46.06597486951204
              ],
              [
                -70.3007946512514,
                46.06173739912606
              ],
              [
                -70.29609208638989,
                46.05786164420583
              ],
              [
                -70.293017328371,
                46.054037564912356
              ],
              [
                -70.29200965535746,
                46.04866325541122
              ],
              [
                -70.29430925067653,
                46.04494253920147
              ],
              [
                -70.30363684171694,
                46.03848297266761
              ],
              [
                -70.30614313514393,
                46.03533067910087
              ],
              [
                -70.31689183981547,
                45.999002162606494
              ],
              [
                -70.31629756404293,
                45.98298247611526
              ],
              [
                -70.30394690118365,
                45.96861643775765
              ],
              [
                -70.28043412443786,
                45.95931467802084
              ],
              [
                -70.26314835641992,
                45.956834208979345
              ],
              [
                -70.25593949453445,
                45.948876039246784
              ],
              [
                -70.26252823653014,
                45.923037815237116
              ],
              [
                -70.28317298996183,
                45.89048170626298
              ],
              [
                -70.3126543752005,
                45.86764067712922
              ],
              [
                -70.38980730252098,
                45.82505933056143
              ],
              [
                -70.40993526674653,
                45.81074494374698
              ],
              [
                -70.41523210316402,
                45.80438874739172
              ],
              [
                -70.41716996931329,
                45.79379507974339
              ],
              [
                -70.41368179716993,
                45.787697230047286
              ],
              [
                -70.40828160569866,
                45.78165107659805
              ],
              [
                -70.40394080094941,
                45.771160798566676
              ],
              [
                -70.40244219363672,
                45.74966342288399
              ],
              [
                -70.40735143194362,
                45.7315249428184
              ],
              [
                -70.41931453228875,
                45.716900526658215
              ],
              [
                -70.43913244679136,
                45.705893452512264
              ],
              [
                -70.45042375937656,
                45.70372307294787
              ],
              [
                -70.47279964413664,
                45.70356801899615
              ],
              [
                -70.48476272047617,
                45.69964056870605
              ],
              [
                -70.51473507465096,
                45.681708900887365
              ],
              [
                -70.57240597033254,
                45.66227855412536
              ],
              [
                -70.58961423067437,
                45.651788260956735
              ],
              [
                -70.68679174820154,
                45.572723285133655
              ],
              [
                -70.73032914597351,
                45.50797272395693
              ],
              [
                -70.73200863494564,
                45.49159130759556
              ],
              [
                -70.72283605821139,
                45.47092071181199
              ],
              [
                -70.70738480316214,
                45.45639962900881
              ],
              [
                -70.6681623927682,
                45.43903635176687
              ],
              [
                -70.65025650408299,
                45.42746081977195
              ],
              [
                -70.6413164840548,
                45.40849557573963
              ],
              [
                -70.65358963936825,
                45.39547312016966
              ],
              [
                -70.67578467333624,
                45.38870352452528
              ],
              [
                -70.69673946056628,
                45.388651832636064
              ],
              [
                -70.71800431425237,
                45.397281799592186
              ],
              [
                -70.75255000312697,
                45.42234485858288
              ],
              [
                -70.77187699317156,
                45.430044656059955
              ],
              [
                -70.79487300449766,
                45.4304063861417
              ],
              [
                -70.81298559255701,
                45.42343006594048
              ],
              [
                -70.8259822168659,
                45.410459287345184
              ],
              [
                -70.83383704328551,
                45.393096022719135
              ],
              [
                -70.83546483895553,
                45.37309721484047
              ],
              [
                -70.83208004435295,
                45.32855215889687
              ],
              [
                -70.83525813608364,
                45.30979359450521
              ],
              [
                -70.8423894831816,
                45.301215305389
              ],
              [
                -70.86262081277268,
                45.29036326984952
              ],
              [
                -70.87024307957638,
                45.28312855296946
              ],
              [
                -70.87249100650371,
                45.274188534489774
              ],
              [
                -70.87060481504508,
                45.25527495706508
              ],
              [
                -70.87435136341722,
                45.2456631560213
              ],
              [
                -70.8924122700471,
                45.23460438306928
              ],
              [
                -70.90690751386181,
                45.24623159236839
              ],
              [
                -70.95160761822623,
                45.33201444780393
              ],
              [
                -70.96811824496862,
                45.34452015958734
              ],
              [
                -70.9931554798237,
                45.347827458265115
              ],
              [
                -71.01653906861971,
                45.34312491113944
              ],
              [
                -71.02759782098745,
                45.33464996764708
              ],
              [
                -71.03666703841839,
                45.32338451133173
              ],
              [
                -71.05441789207302,
                45.31036204952443
              ],
              [
                -71.06421057286143,
                45.30705475101441
              ],
              [
                -71.08495195825525,
                45.304292571583915
              ],
              [
                -71.08555293894617,
                45.30421254721195
              ],
              [
                -71.0952422664042,
                45.300905244595334
              ],
              [
                -71.11102942088375,
                45.287107650403684
              ],
              [
                -71.14172522053796,
                45.25232940825807
              ],
              [
                -71.1603287364589,
                45.245766501072964
              ],
              [
                -71.18513341960322,
                45.24855701906231
              ],
              [
                -71.20936967051128,
                45.25475820019456
              ],
              [
                -71.2933955480619,
                45.29232696381322
              ],
              [
                -71.31153398077116,
                45.29413564978947
              ],
              [
                -71.33432328464654,
                45.28870961750677
              ],
              [
                -71.35209997309725,
                45.27832264623677
              ],
              [
                -71.38124548273919,
                45.250779113392475
              ],
              [
                -71.39488806189198,
                45.241529032748645
              ],
              [
                -71.43881302785708,
                45.23346750733829
              ],
              [
                -71.44904496037582,
                45.22690459688788
              ],
              [
                -71.42268998576412,
                45.21718944044208
              ],
              [
                -71.4065669385481,
                45.20494212727301
              ],
              [
                -71.41302649120884,
                45.186183579151866
              ],
              [
                -71.44160355569555,
                45.1506818619572
              ],
              [
                -71.4459960521817,
                45.14029489775776
              ],
              [
                -71.45121537312141,
                45.12169138394977
              ],
              [
                -71.45658972286923,
                45.11099436702904
              ],
              [
                -71.4972590740853,
                45.06655263319942
              ],
              [
                -71.50475215769195,
                45.05296173261599
              ],
              [
                -71.50661250757723,
                45.03704538901266
              ],
              [
                -71.50408036412512,
                45.01373931929254
              ],
              [
                -71.50584813691385,
                45.01373107479885
              ],
              [
                -71.60381587791645,
                45.013274230805465
              ],
              [
                -71.70355139182601,
                45.01275746659465
              ],
              [
                -71.80328690602555,
                45.01224070305985
              ],
              [
                -71.9030740970617,
                45.01177561514347
              ],
              [
                -72.00280961121778,
                45.01125885050567
              ],
              [
                -72.10254512623781,
                45.01079376255144
              ],
              [
                -72.20222896397865,
                45.01032867395101
              ],
              [
                -72.30196447797356,
                45.00976023293903
              ],
              [
                -72.40175166906566,
                45.00929514615183
              ],
              [
                -72.50148718305265,
                45.00883005812154
              ],
              [
                -72.60127437389335,
                45.008313293754824
              ],
              [
                -72.70095821202756,
                45.00779653006374
              ],
              [
                -72.80069372600265,
                45.00733144200645
              ],
              [
                -72.90048091695606,
                45.00686635389955
              ],
              [
                -73.0002681068744,
                45.00634958971283
              ],
              [
                -73.09995194507171,
                45.005884502164264
              ],
              [
                -73.19968745998648,
                45.005419413969186
              ],
              [
                -73.29942297399464,
                45.00490264898812
              ],
              [
                -73.35134085943,
                45.00463364551039
              ],
              [
                -73.39915848799143,
                45.00438588498085
              ],
              [
                -73.4989198410247,
                45.00392079705652
              ],
              [
                -73.59865535606097,
                45.003404033138764
              ],
              [
                -73.69841670794564,
                45.002938944877116
              ],
              [
                -73.79815222200571,
                45.00247385701324
              ],
              [
                -73.89788773702041,
                45.00195709304649
              ],
              [
                -73.99764908898415,
                45.00144032796446
              ],
              [
                -74.09738460399888,
                45.00097523999771
              ],
              [
                -74.19714595600512,
                45.00045847601189
              ],
              [
                -74.29688662745703,
                45.000007525723206
              ],
              [
                -74.39661692674768,
                44.9994764921352
              ],
              [
                -74.49635245025729,
                44.99901142888801
              ],
              [
                -74.59611383070975,
                44.99849472653894
              ],
              [
                -74.69587519526087,
                44.998029664445724
              ],
              [
                -74.71296143240316,
                44.99925373838289
              ]
            ]
          ],
          [
            [
              [
                -59.35057532283917,
                50.60346099994797
              ],
              [
                -59.36245683190078,
                50.604681700755656
              ],
              [
                -59.36571204870937,
                50.60586173434478
              ],
              [
                -59.367583792225695,
                50.6100528118749
              ],
              [
                -59.375396288606545,
                50.62051015941676
              ],
              [
                -59.3833715438695,
                50.63882069302871
              ],
              [
                -59.376291481110776,
                50.65232984591457
              ],
              [
                -59.35936439539193,
                50.65595125857583
              ],
              [
                -59.33751380698888,
                50.64443595398211
              ],
              [
                -59.31444250984049,
                50.60346099994797
              ],
              [
                -59.30650794173309,
                50.596625066375516
              ],
              [
                -59.295969207067614,
                50.5723330798453
              ],
              [
                -59.298003706329425,
                50.56411366539615
              ],
              [
                -59.303212045767395,
                50.56085847248752
              ],
              [
                -59.31004798864866,
                50.55902742892945
              ],
              [
                -59.31704667817383,
                50.55499908906354
              ],
              [
                -59.32746333760912,
                50.546210010671146
              ],
              [
                -59.34105383266933,
                50.53803129981029
              ],
              [
                -59.35293535525993,
                50.5375430459877
              ],
              [
                -59.35802161733328,
                50.55158112980991
              ],
              [
                -59.353667778810916,
                50.564276447608584
              ],
              [
                -59.323882619726774,
                50.61025626071533
              ],
              [
                -59.335519986929974,
                50.61603424917396
              ],
              [
                -59.34251867843293,
                50.61273833498694
              ],
              [
                -59.346791137398235,
                50.60651274422743
              ],
              [
                -59.35057532283917,
                50.60346099994797
              ]
            ]
          ],
          [
            [
              [
                -58.39842689318493,
                51.25454337531435
              ],
              [
                -58.408599399280334,
                51.24725980124459
              ],
              [
                -58.455718542233754,
                51.225043008764146
              ],
              [
                -58.47419185467711,
                51.22040434936613
              ],
              [
                -58.56289629023758,
                51.23338451216844
              ],
              [
                -58.553700327791766,
                51.24530671444657
              ],
              [
                -58.53587806683093,
                51.25800203807874
              ],
              [
                -58.50210526750545,
                51.27505116131668
              ],
              [
                -58.47948156080068,
                51.27798082821381
              ],
              [
                -58.4335831317037,
                51.27619048476057
              ],
              [
                -58.41209877466949,
                51.28180576028374
              ],
              [
                -58.41209876311127,
                51.267564197570145
              ],
              [
                -58.4095352938037,
                51.263413822051
              ],
              [
                -58.40827388911361,
                51.25885650532237
              ],
              [
                -58.40550697946465,
                51.25543857747122
              ],
              [
                -58.39842689318493,
                51.25454337531435
              ]
            ]
          ],
          [
            [
              [
                -69.10197055202251,
                59.13132317801264
              ],
              [
                -69.08190566547857,
                59.11238673410569
              ],
              [
                -69.06496610484449,
                59.09466078822187
              ],
              [
                -69.0613109908147,
                59.07658092571098
              ],
              [
                -69.10202755177404,
                59.066316833537904
              ],
              [
                -69.08180085842552,
                59.06140591604919
              ],
              [
                -69.12410860459711,
                59.04672563633067
              ],
              [
                -69.14682365566291,
                59.03798119984593
              ],
              [
                -69.15475182897892,
                59.025950002683274
              ],
              [
                -69.17503824505789,
                59.01723872099329
              ],
              [
                -69.1779679395517,
                59.011297976151425
              ],
              [
                -69.21719309141888,
                58.994452104097256
              ],
              [
                -69.23151598272469,
                58.98065811791174
              ],
              [
                -69.21890208297259,
                58.963446254271325
              ],
              [
                -69.2376603891559,
                58.95416917336865
              ],
              [
                -69.25674398428134,
                58.96039466098636
              ],
              [
                -69.29458574165672,
                58.98395417002592
              ],
              [
                -69.30418860378974,
                58.963568423546704
              ],
              [
                -69.32209220217545,
                58.95075096614749
              ],
              [
                -69.34361727333348,
                58.949408201788636
              ],
              [
                -69.36351471283672,
                58.963446254271325
              ],
              [
                -69.35431872983104,
                58.97382220161529
              ],
              [
                -69.33259021622243,
                58.992824481804284
              ],
              [
                -69.32258052871471,
                59.005072326312735
              ],
              [
                -69.32144123448798,
                59.00983311321097
              ],
              [
                -69.32258045586667,
                59.02895730369795
              ],
              [
                -69.31920324551851,
                59.03266020977237
              ],
              [
                -69.31167555653943,
                59.036688499612254
              ],
              [
                -69.30418862526498,
                59.041937597045965
              ],
              [
                -69.29637609437833,
                59.0607770668809
              ],
              [
                -69.28864489188754,
                59.06488663926765
              ],
              [
                -69.28624433225302,
                59.06981038605219
              ],
              [
                -69.29771890022842,
                59.083889098078764
              ],
              [
                -69.33560128971561,
                59.11432514328145
              ],
              [
                -69.35415613615783,
                59.140570507747086
              ],
              [
                -69.33726968937762,
                59.14618565812942
              ],
              [
                -69.30931556840127,
                59.14520906662605
              ],
              [
                -69.29458569609754,
                59.15184146913977
              ],
              [
                -69.23497464841049,
                59.15306210094142
              ],
              [
                -69.1984757543579,
                59.14858639132386
              ],
              [
                -69.16588782376199,
                59.14519275753718
              ],
              [
                -69.15194447709698,
                59.13472399666555
              ],
              [
                -69.11433512685603,
                59.142200070046876
              ],
              [
                -69.10197055202251,
                59.13132317801264
              ]
            ]
          ],
          [
            [
              [
                -73.99518795823276,
                45.320135816257654
              ],
              [
                -73.9872940758156,
                45.32469310283128
              ],
              [
                -73.98330644178608,
                45.326239320029835
              ],
              [
                -73.92064368512196,
                45.333807686520906
              ],
              [
                -73.9218643950085,
                45.32733797599433
              ],
              [
                -73.92467200349526,
                45.321966862866006
              ],
              [
                -73.92886308828596,
                45.31720612938417
              ],
              [
                -73.93431556267431,
                45.312689528257
              ],
              [
                -73.93805905061558,
                45.310248117630586
              ],
              [
                -73.94831295478882,
                45.30206940252564
              ],
              [
                -73.9686580046696,
                45.28986236676355
              ],
              [
                -73.98371334211848,
                45.2770449825248
              ],
              [
                -73.9932755199008,
                45.27212148577728
              ],
              [
                -74.00300045682314,
                45.268703522096814
              ],
              [
                -74.02871659746621,
                45.26410552806175
              ],
              [
                -74.04784095113457,
                45.257635811548674
              ],
              [
                -74.08104407657838,
                45.2527530005443
              ],
              [
                -74.13939368682443,
                45.25116608933732
              ],
              [
                -74.14655514405436,
                45.252590240609
              ],
              [
                -74.15318762766928,
                45.25560130101533
              ],
              [
                -74.15868079106374,
                45.26007721165785
              ],
              [
                -74.16502845112012,
                45.26972077251163
              ],
              [
                -74.16624915125885,
                45.279120180097294
              ],
              [
                -74.1625870391297,
                45.28778716832557
              ],
              [
                -74.15420488372602,
                45.295111398868684
              ],
              [
                -74.14171302039945,
                45.302191473895526
              ],
              [
                -74.12840736015958,
                45.30756257632392
              ],
              [
                -74.12108314073114,
                45.30906810936412
              ],
              [
                -74.04356849287075,
                45.30565014068673
              ],
              [
                -74.03233802052725,
                45.30719635718357
              ],
              [
                -74.00121009136055,
                45.316717844054594
              ],
              [
                -73.99518795823276,
                45.320135816257654
              ]
            ]
          ],
          [
            [
              [
                -73.88902747566517,
                45.39671459098274
              ],
              [
                -73.87584387143549,
                45.39398833101602
              ],
              [
                -73.86241615270777,
                45.38959383431072
              ],
              [
                -73.85806229817355,
                45.3889020719139
              ],
              [
                -73.85789954159965,
                45.38532135285485
              ],
              [
                -73.85806230056174,
                45.3817813092767
              ],
              [
                -73.87189693078636,
                45.38076404655254
              ],
              [
                -73.87840735417946,
                45.37921783691159
              ],
              [
                -73.90070554132538,
                45.36888257269595
              ],
              [
                -73.90636145924589,
                45.367336335043404
              ],
              [
                -73.91478430589642,
                45.366197000031676
              ],
              [
                -73.93163000397583,
                45.36688872098766
              ],
              [
                -73.94847572232774,
                45.36969637244478
              ],
              [
                -73.95107988737058,
                45.37079500105189
              ],
              [
                -73.95335852758008,
                45.37262604305802
              ],
              [
                -73.9593399685197,
                45.379095759949145
              ],
              [
                -73.97520912199553,
                45.39126212892903
              ],
              [
                -73.98135332433036,
                45.39850496194997
              ],
              [
                -73.98452714130636,
                45.40639881499719
              ],
              [
                -73.9813533210349,
                45.413397532560765
              ],
              [
                -73.97911537182027,
                45.41469962852663
              ],
              [
                -73.97667395118056,
                45.4153506399576
              ],
              [
                -73.97398841350902,
                45.415472728623655
              ],
              [
                -73.91730708762569,
                45.4099795424579
              ],
              [
                -73.90729733028778,
                45.406927802645825
              ],
              [
                -73.90282141193818,
                45.404771212397925
              ],
              [
                -73.89289303617512,
                45.398342197126816
              ],
              [
                -73.88902747566517,
                45.39671459098274
              ]
            ]
          ],
          [
            [
              [
                -73.93179277146272,
                45.48883697755811
              ],
              [
                -73.93651281860622,
                45.48965076868487
              ],
              [
                -73.94098874117203,
                45.49140046957901
              ],
              [
                -73.94473223398917,
                45.494208092883994
              ],
              [
                -73.94733639151995,
                45.498236393925836
              ],
              [
                -73.94692949742567,
                45.503241292380956
              ],
              [
                -73.94318600250524,
                45.507554430130845
              ],
              [
                -73.9380997339442,
                45.510931696685724
              ],
              [
                -73.93382727509146,
                45.51300689649119
              ],
              [
                -73.89631099485585,
                45.52448149600776
              ],
              [
                -73.8910212914647,
                45.5249698017565
              ],
              [
                -73.88646399481348,
                45.52338287734375
              ],
              [
                -73.88512122775916,
                45.51239656265806
              ],
              [
                -73.89928138349111,
                45.500921952058256
              ],
              [
                -73.91832434841285,
                45.49209219092472
              ],
              [
                -73.93179277146272,
                45.48883697755811
              ]
            ]
          ],
          [
            [
              [
                -73.8572891847343,
                45.549383839735725
              ],
              [
                -73.86489823980803,
                45.55438873633247
              ],
              [
                -73.86644446750098,
                45.56077709059675
              ],
              [
                -73.8635147712751,
                45.567857148953664
              ],
              [
                -73.84862219962616,
                45.58413320416392
              ],
              [
                -73.8277074879017,
                45.601223053254145
              ],
              [
                -73.8059789703633,
                45.61310455981301
              ],
              [
                -73.7589412111116,
                45.65253327248634
              ],
              [
                -73.74087480487648,
                45.66425202196044
              ],
              [
                -73.71776282649228,
                45.67584870333791
              ],
              [
                -73.67613683828729,
                45.6904971152714
              ],
              [
                -73.66616776105322,
                45.69220609527084
              ],
              [
                -73.65925045290962,
                45.69171783632278
              ],
              [
                -73.64557857282715,
                45.68891020694619
              ],
              [
                -73.63829506152331,
                45.68911369755518
              ],
              [
                -73.58535722500075,
                45.70062897076253
              ],
              [
                -73.57433020785578,
                45.70164622791684
              ],
              [
                -73.56484939934175,
                45.69867581740396
              ],
              [
                -73.56379145576611,
                45.6923281601096
              ],
              [
                -73.57286536091559,
                45.686102599089594
              ],
              [
                -73.59382075653633,
                45.677923871558754
              ],
              [
                -73.61294513152832,
                45.667914164786595
              ],
              [
                -73.63646400664452,
                45.64931877584813
              ],
              [
                -73.64207922716463,
                45.643215227407026
              ],
              [
                -73.64395098286563,
                45.64008211338344
              ],
              [
                -73.64830482488475,
                45.6306827016695
              ],
              [
                -73.68455969166263,
                45.58746977530834
              ],
              [
                -73.70620683681167,
                45.569484772062275
              ],
              [
                -73.71833248694621,
                45.562445382121666
              ],
              [
                -73.73135332075262,
                45.55695221992952
              ],
              [
                -73.7472224674004,
                45.5524356305899
              ],
              [
                -73.77993730674956,
                45.54710521616194
              ],
              [
                -73.8426814438517,
                45.5458438166681
              ],
              [
                -73.8572891847343,
                45.549383839735725
              ]
            ]
          ],
          [
            [
              [
                -73.49925697098385,
                45.709947020413395
              ],
              [
                -73.479562968553,
                45.71442294938525
              ],
              [
                -73.47061112700638,
                45.71328358480312
              ],
              [
                -73.4689835388136,
                45.70555250025206
              ],
              [
                -73.47647049108083,
                45.689276398288904
              ],
              [
                -73.47940020400615,
                45.67829012845152
              ],
              [
                -73.49958248078875,
                45.62677642229747
              ],
              [
                -73.50157629810356,
                45.608954162493426
              ],
              [
                -73.50405839826344,
                45.60040924759211
              ],
              [
                -73.50694739148777,
                45.59568918710833
              ],
              [
                -73.52672278279532,
                45.57640207779835
              ],
              [
                -73.53254146289672,
                45.56769438703539
              ],
              [
                -73.53701738238672,
                45.55817291986953
              ],
              [
                -73.54063879390067,
                45.547796926039126
              ],
              [
                -73.5430801998457,
                45.536444386912216
              ],
              [
                -73.5436905615483,
                45.52553946073193
              ],
              [
                -73.53913326122832,
                45.492661838008736
              ],
              [
                -73.53941809373218,
                45.487372127392725
              ],
              [
                -73.5413712227189,
                45.48261139436731
              ],
              [
                -73.54474850123134,
                45.47907135426966
              ],
              [
                -73.54898026874235,
                45.47662994041473
              ],
              [
                -73.56786047449805,
                45.46938709636351
              ],
              [
                -73.57201087591692,
                45.466620195068906
              ],
              [
                -73.57579505392236,
                45.46312084157898
              ],
              [
                -73.58511308552055,
                45.45140208617213
              ],
              [
                -73.5887344957657,
                45.447943408460645
              ],
              [
                -73.59821530121606,
                45.44306061898954
              ],
              [
                -73.6085505772582,
                45.44163644257191
              ],
              [
                -73.61921139667726,
                45.44257234352796
              ],
              [
                -73.71690833007884,
                45.46454498468372
              ],
              [
                -73.79482987966209,
                45.46723053075321
              ],
              [
                -73.80064857061053,
                45.4667015731028
              ],
              [
                -73.81200111443698,
                45.46385327593239
              ],
              [
                -73.85041255859241,
                45.44887928686834
              ],
              [
                -73.92491613856163,
                45.42999907656477
              ],
              [
                -73.94322669139608,
                45.43113841264656
              ],
              [
                -73.95543372040454,
                45.43024322518342
              ],
              [
                -73.958566869473,
                45.43097567198847
              ],
              [
                -73.9683324922839,
                45.43707918307898
              ],
              [
                -73.97008215347942,
                45.43886951615171
              ],
              [
                -73.97101803252617,
                45.440252995938685
              ],
              [
                -73.97248287090741,
                45.44326405135254
              ],
              [
                -73.97362219154249,
                45.444647509056
              ],
              [
                -73.96226965558421,
                45.44887928686834
              ],
              [
                -73.89757238875397,
                45.484035535006534
              ],
              [
                -73.87498938990876,
                45.4931094485178
              ],
              [
                -73.87067623982232,
                45.49632396856461
              ],
              [
                -73.85484777853415,
                45.51630278527536
              ],
              [
                -73.84984289522266,
                45.52073800557807
              ],
              [
                -73.84373937950096,
                45.52265044120081
              ],
              [
                -73.82347571818991,
                45.52252839414832
              ],
              [
                -73.80284582673835,
                45.525702204207214
              ],
              [
                -73.79702715297692,
                45.525580156155996
              ],
              [
                -73.78600013711525,
                45.524156010193735
              ],
              [
                -73.78018144447502,
                45.52431875306524
              ],
              [
                -73.7668350912844,
                45.52724844288032
              ],
              [
                -73.71670488455284,
                45.54441966972638
              ],
              [
                -73.69399980511314,
                45.55532461349722
              ],
              [
                -73.66795813942022,
                45.575588288428875
              ],
              [
                -73.64867102233259,
                45.59886301029116
              ],
              [
                -73.64273027702446,
                45.60932038902374
              ],
              [
                -73.62531489949716,
                45.630316453939635
              ],
              [
                -73.62071693249824,
                45.63833243856544
              ],
              [
                -73.60952716050828,
                45.64667392303554
              ],
              [
                -73.54112706525075,
                45.68577704745678
              ],
              [
                -73.52403724915644,
                45.69953036376416
              ],
              [
                -73.51667233661831,
                45.70404695683397
              ],
              [
                -73.50865637334219,
                45.70746489831877
              ],
              [
                -73.49925697098385,
                45.709947020413395
              ]
            ]
          ],
          [
            [
              [
                -70.84325108409149,
                47.033189145780526
              ],
              [
                -70.82848058519903,
                47.030096718232876
              ],
              [
                -70.81574461829673,
                47.02362707237399
              ],
              [
                -70.80968176757716,
                47.01341379855124
              ],
              [
                -70.8153376598911,
                46.999090810263084
              ],
              [
                -70.82795161818564,
                46.98700590716635
              ],
              [
                -70.86192784910787,
                46.94594957746588
              ],
              [
                -70.87425697183873,
                46.93699780440122
              ],
              [
                -70.89126543586022,
                46.93170809044825
              ],
              [
                -70.95250406664262,
                46.89545326101552
              ],
              [
                -71.0312394086013,
                46.86294184764399
              ],
              [
                -71.07176671883418,
                46.85814033961597
              ],
              [
                -71.11400302753135,
                46.85944237921162
              ],
              [
                -71.12474524738104,
                46.87702057810485
              ],
              [
                -71.08511305481032,
                46.90570703015214
              ],
              [
                -70.99347899994083,
                46.95001868928865
              ],
              [
                -70.92406164483755,
                47.003241259667135
              ],
              [
                -70.88540605618896,
                47.026556712915955
              ],
              [
                -70.84325108409149,
                47.033189145780526
              ]
            ]
          ],
          [
            [
              [
                -61.671009866609154,
                47.54653547689677
              ],
              [
                -61.69070391161138,
                47.53404370379249
              ],
              [
                -61.69912672834781,
                47.52749250722112
              ],
              [
                -61.74351968071295,
                47.483140417108814
              ],
              [
                -61.76691646604602,
                47.47138091694965
              ],
              [
                -61.7907608795043,
                47.46454501061389
              ],
              [
                -61.83568274329914,
                47.43280670113401
              ],
              [
                -61.85936436805024,
                47.423651385829885
              ],
              [
                -61.82217363642912,
                47.41535066426889
              ],
              [
                -61.78538979740846,
                47.433824009379734
              ],
              [
                -61.67153883864402,
                47.537990557506234
              ],
              [
                -61.63621988360793,
                47.5570743561308
              ],
              [
                -61.592518682041714,
                47.56077708002284
              ],
              [
                -61.625314906065356,
                47.549261781083594
              ],
              [
                -61.65636143636469,
                47.53066635555368
              ],
              [
                -61.70860757233583,
                47.48574458726019
              ],
              [
                -61.76504471186098,
                47.4110781559894
              ],
              [
                -61.77822829294036,
                47.40582910263171
              ],
              [
                -61.82152258180599,
                47.40997953814923
              ],
              [
                -61.83649652488033,
                47.40143457562169
              ],
              [
                -61.847971159633694,
                47.382635813159276
              ],
              [
                -61.856516069760794,
                47.36391833492135
              ],
              [
                -61.8627823458071,
                47.35537341403502
              ],
              [
                -61.9019262171038,
                47.35370509689208
              ],
              [
                -61.91690016936817,
                47.34870019929503
              ],
              [
                -61.93138586436036,
                47.338324269096134
              ],
              [
                -61.94050044285384,
                47.32660550506999
              ],
              [
                -61.95628822591165,
                47.29629143580613
              ],
              [
                -61.96556555372508,
                47.28302642055481
              ],
              [
                -61.95933999553879,
                47.27407466847226
              ],
              [
                -61.94098874859912,
                47.26227451314824
              ],
              [
                -61.92027748907002,
                47.260077257021194
              ],
              [
                -61.907215932701604,
                47.27968980186137
              ],
              [
                -61.89659584883828,
                47.26520421199179
              ],
              [
                -61.88341223857661,
                47.25592682391867
              ],
              [
                -61.866810676989566,
                47.24994538252919
              ],
              [
                -61.82506265843263,
                47.24262123628752
              ],
              [
                -61.8106583409619,
                47.24433016792848
              ],
              [
                -61.79845129713962,
                47.25165435412401
              ],
              [
                -61.784291151616614,
                47.26601798792408
              ],
              [
                -61.79303953731338,
                47.24030187699155
              ],
              [
                -61.81602942678474,
                47.22833893600872
              ],
              [
                -61.84536696718747,
                47.225002285075654
              ],
              [
                -61.8730362596943,
                47.22504303010375
              ],
              [
                -61.874867316198774,
                47.23761627595208
              ],
              [
                -61.89509028890705,
                47.23371000220501
              ],
              [
                -61.93822183507896,
                47.21820716463746
              ],
              [
                -61.98884029928031,
                47.217230536715924
              ],
              [
                -62.010568803232154,
                47.224798867523816
              ],
              [
                -62.01707923072493,
                47.24551015729896
              ],
              [
                -61.98973548071246,
                47.27342356926744
              ],
              [
                -61.96776283405574,
                47.30756259006437
              ],
              [
                -61.95905513076118,
                47.31753161438091
              ],
              [
                -61.94945227323402,
                47.33616769786912
              ],
              [
                -61.948557125009735,
                47.382757956274766
              ],
              [
                -61.94131427545893,
                47.40253331689244
              ],
              [
                -61.925526501933014,
                47.41315340207099
              ],
              [
                -61.90123451565629,
                47.42206454961202
              ],
              [
                -61.875599757404416,
                47.42816808276536
              ],
              [
                -61.8560277731455,
                47.430487306288725
              ],
              [
                -61.83926346662673,
                47.436672244175526
              ],
              [
                -61.70071368488905,
                47.53188714627381
              ],
              [
                -61.69351154992484,
                47.536810682377265
              ],
              [
                -61.5621231973747,
                47.62714269923719
              ],
              [
                -61.53726155642415,
                47.636542143819874
              ],
              [
                -61.505930146560026,
                47.641424883576086
              ],
              [
                -61.386341937257555,
                47.64398837663139
              ],
              [
                -61.3821915165374,
                47.63666408048589
              ],
              [
                -61.38866130959008,
                47.625718613104034
              ],
              [
                -61.40005454691987,
                47.61603438932023
              ],
              [
                -61.43252516528095,
                47.608099603927776
              ],
              [
                -61.4484757508688,
                47.600531408263556
              ],
              [
                -61.455311678055736,
                47.58466224077735
              ],
              [
                -61.469471791414065,
                47.56948472322494
              ],
              [
                -61.50108801811511,
                47.55678945020157
              ],
              [
                -61.53384354422412,
                47.5520693781219
              ],
              [
                -61.55150305704302,
                47.56077708002284
              ],
              [
                -61.5274144945808,
                47.56879297897137
              ],
              [
                -61.5023087751275,
                47.58266849359326
              ],
              [
                -61.4813125724979,
                47.60097876431717
              ],
              [
                -61.468983547355094,
                47.622259882195024
              ],
              [
                -61.497222518880676,
                47.624335177577905
              ],
              [
                -61.52660066830637,
                47.62213764343009
              ],
              [
                -61.55459556331763,
                47.614976446977664
              ],
              [
                -61.57884686868071,
                47.601752171522165
              ],
              [
                -61.62071691772163,
                47.56818266297361
              ],
              [
                -61.64598549459837,
                47.55292392954246
              ],
              [
                -61.671009866609154,
                47.54653547689677
              ]
            ]
          ],
          [
            [
              [
                -64.31920326398291,
                49.791245857309924
              ],
              [
                -64.33543858458384,
                49.81549708920222
              ],
              [
                -64.36717692037779,
                49.82562904742556
              ],
              [
                -64.38874267036863,
                49.819403450252146
              ],
              [
                -64.37441968099222,
                49.794623013518056
              ],
              [
                -64.39753168698499,
                49.79783759180083
              ],
              [
                -64.42471263923923,
                49.8084983179133
              ],
              [
                -64.44749909161129,
                49.82339088127384
              ],
              [
                -64.4570206536188,
                49.8393008849829
              ],
              [
                -64.47061119604872,
                49.852443894418975
              ],
              [
                -64.49620523612239,
                49.85862871271352
              ],
              [
                -64.51056887804668,
                49.868068894228756
              ],
              [
                -64.49054932880586,
                49.890855311651194
              ],
              [
                -64.45128334639594,
                49.90949130994055
              ],
              [
                -64.35090085597652,
                49.92743563837268
              ],
              [
                -64.29385336077883,
                49.93109781583363
              ],
              [
                -64.26911371219617,
                49.929592137083695
              ],
              [
                -64.25772053126097,
                49.93121984793863
              ],
              [
                -64.24518797115542,
                49.937486105914886
              ],
              [
                -64.23778234874182,
                49.9444847518679
              ],
              [
                -64.2293594368898,
                49.9500184728548
              ],
              [
                -64.21369378338976,
                49.95233788996251
              ],
              [
                -64.13280194664384,
                49.9501408247512
              ],
              [
                -64.02700764128018,
                49.920965943432634
              ],
              [
                -64.00080324890794,
                49.91815840380265
              ],
              [
                -63.99193271146879,
                49.9162050678585
              ],
              [
                -63.94465078207427,
                49.89606340319742
              ],
              [
                -63.698150186144225,
                49.867254932331775
              ],
              [
                -63.60533605736074,
                49.85024646427267
              ],
              [
                -63.512847424425665,
                49.84552635367999
              ],
              [
                -63.37466391884331,
                49.829413272655046
              ],
              [
                -63.20860761123302,
                49.79075769097665
              ],
              [
                -63.12409421329846,
                49.78388094590268
              ],
              [
                -63.04491129111823,
                49.75372962549707
              ],
              [
                -62.96214753301563,
                49.74054583562057
              ],
              [
                -62.93883211787669,
                49.72943746825049
              ],
              [
                -62.90465241427009,
                49.70184954227888
              ],
              [
                -62.89297441409224,
                49.69745514750663
              ],
              [
                -62.84630287882909,
                49.698431742053415
              ],
              [
                -62.77574623507759,
                49.66917555080111
              ],
              [
                -62.757557679262526,
                49.66429255630327
              ],
              [
                -62.73070221669106,
                49.66315324573796
              ],
              [
                -62.70791587276021,
                49.65936933193463
              ],
              [
                -62.68761146800169,
                49.65302157737772
              ],
              [
                -62.6172582629515,
                49.620510148637955
              ],
              [
                -62.58971109053458,
                49.61269771246608
              ],
              [
                -62.534250481762726,
                49.60468177001312
              ],
              [
                -62.512806811965376,
                49.59227132332462
              ],
              [
                -62.47573804978208,
                49.56191632617012
              ],
              [
                -62.46983797622841,
                49.56000387127745
              ],
              [
                -62.45409089518683,
                49.55792865057416
              ],
              [
                -62.44839433956605,
                49.55508048161735
              ],
              [
                -62.44542393681383,
                49.54979071004992
              ],
              [
                -62.443430131076674,
                49.53847888258102
              ],
              [
                -62.44163980534679,
                49.53461341164992
              ],
              [
                -62.39728760563148,
                49.496730958121766
              ],
              [
                -62.385894294711534,
                49.49042380096951
              ],
              [
                -62.37474519978645,
                49.48997619611947
              ],
              [
                -62.352853944718284,
                49.49359766397106
              ],
              [
                -62.339222848720006,
                49.49091232349123
              ],
              [
                -62.31126863071611,
                49.472560815396406
              ],
              [
                -62.29987540792946,
                49.46963114189249
              ],
              [
                -62.2757462423319,
                49.468247834241694
              ],
              [
                -62.2641494818343,
                49.46572485881548
              ],
              [
                -62.25381430134163,
                49.458563647849495
              ],
              [
                -62.22622633103049,
                49.430894190969155
              ],
              [
                -62.22008209511018,
                49.427801670401415
              ],
              [
                -62.213286865225385,
                49.421047155861594
              ],
              [
                -62.20433508453976,
                49.41421131717823
              ],
              [
                -62.191761804937215,
                49.411078090844214
              ],
              [
                -62.17808991898172,
                49.409247010071795
              ],
              [
                -62.13312744988997,
                49.396796064552795
              ],
              [
                -62.01805581509372,
                49.38837316609389
              ],
              [
                -62.006092895085935,
                49.384222704333276
              ],
              [
                -61.971791115837874,
                49.36692936012741
              ],
              [
                -61.95103913000353,
                49.35297257644795
              ],
              [
                -61.941314311235956,
                49.34902591124871
              ],
              [
                -61.904164243308855,
                49.35419354837385
              ],
              [
                -61.88263913126103,
                49.35447826708321
              ],
              [
                -61.86563071859019,
                49.33763268567398
              ],
              [
                -61.817860505610994,
                49.30805090641171
              ],
              [
                -61.82652747151951,
                49.29498932148504
              ],
              [
                -61.81891836736518,
                49.28676978946792
              ],
              [
                -61.790516766692775,
                49.27387124587018
              ],
              [
                -61.78722084835838,
                49.26894769690695
              ],
              [
                -61.780628998148515,
                49.2529970469056
              ],
              [
                -61.77684489293785,
                49.24656818894882
              ],
              [
                -61.7717179369925,
                49.24335366395338
              ],
              [
                -61.749501094935944,
                49.232896199630375
              ],
              [
                -61.7373754297341,
                49.22134017574157
              ],
              [
                -61.70860750105478,
                49.184515572646994
              ],
              [
                -61.684681709083385,
                49.16583878826167
              ],
              [
                -61.66075597809905,
                49.15102770989467
              ],
              [
                -61.67100989795398,
                49.14105866807605
              ],
              [
                -61.69298248685331,
                49.12962458832871
              ],
              [
                -61.70238190909715,
                49.12303281106258
              ],
              [
                -61.70750897865684,
                49.11151779038362
              ],
              [
                -61.70490477269729,
                49.10297277262704
              ],
              [
                -61.70702068702722,
                49.0976017499748
              ],
              [
                -61.7262264101866,
                49.0957706809427
              ],
              [
                -61.745472785117684,
                49.097723697885584
              ],
              [
                -61.75731357559741,
                49.096869135146456
              ],
              [
                -61.81163488032132,
                49.0690371418171
              ],
              [
                -61.82420818758346,
                49.0700138602135
              ],
              [
                -61.86620033529319,
                49.08209872463714
              ],
              [
                -61.882069420366435,
                49.0836855072036
              ],
              [
                -62.05064861497193,
                49.074530455515145
              ],
              [
                -62.12999428033711,
                49.08209872463714
              ],
              [
                -62.24819900141581,
                49.06793849262604
              ],
              [
                -62.27684482152645,
                49.07160057099688
              ],
              [
                -62.30333412223917,
                49.07977938358422
              ],
              [
                -62.322132982216644,
                49.09202718051671
              ],
              [
                -62.34260005777026,
                49.102199596215144
              ],
              [
                -62.416900189931575,
                49.11200591735994
              ],
              [
                -62.50625567956624,
                49.138576604156114
              ],
              [
                -62.68175210277723,
                49.148504998952
              ],
              [
                -62.88451086370427,
                49.1965192559002
              ],
              [
                -63.093332474695195,
                49.232896199630375
              ],
              [
                -63.164662187127746,
                49.26292540228773
              ],
              [
                -63.21239177713682,
                49.272894705240596
              ],
              [
                -63.277699333891405,
                49.31488675329675
              ],
              [
                -63.334217886424405,
                49.32440823162785
              ],
              [
                -63.36363685140953,
                49.3401553488845
              ],
              [
                -63.38292390657487,
                49.347804963469045
              ],
              [
                -63.403798042309376,
                49.35358321660399
              ],
              [
                -63.462066170079915,
                49.35936097790519
              ],
              [
                -63.58678133788135,
                49.38995993344682
              ],
              [
                -63.5731502152012,
                49.404852654733084
              ],
              [
                -63.58458410551163,
                49.41913481350406
              ],
              [
                -63.60387117646186,
                49.433498333207844
              ],
              [
                -63.614125187349934,
                49.44863529179085
              ],
              [
                -63.61489821229658,
                49.467718751239666
              ],
              [
                -63.618519627440016,
                49.483791331169456
              ],
              [
                -63.62677977681832,
                49.49843990277567
              ],
              [
                -63.641428152125656,
                49.5134950997179
              ],
              [
                -63.67723543930433,
                49.5416933318652
              ],
              [
                -63.76423094120322,
                49.60199620009797
              ],
              [
                -63.925160353339415,
                49.674872289181664
              ],
              [
                -64.05882721755282,
                49.71454485291258
              ],
              [
                -64.17796792753398,
                49.74095292206937
              ],
              [
                -64.30239829112377,
                49.77899822610544
              ],
              [
                -64.31920326398291,
                49.791245857309924
              ]
            ]
          ],
          [
            [
              [
                -63.88467363342446,
                50.19936758314828
              ],
              [
                -63.912261522404584,
                50.20595937568529
              ],
              [
                -63.92699133885863,
                50.22142161448191
              ],
              [
                -63.92479407751843,
                50.239650788552694
              ],
              [
                -63.90147864645536,
                50.253973703208075
              ],
              [
                -63.89858964604402,
                50.249986065687935
              ],
              [
                -63.89561926754972,
                50.248358460597544
              ],
              [
                -63.88841712189778,
                50.24652741298014
              ],
              [
                -63.857533330842365,
                50.217433983442724
              ],
              [
                -63.85606849161336,
                50.20465729977699
              ],
              [
                -63.88467363342446,
                50.19936758314828
              ]
            ]
          ],
          [
            [
              [
                -70.3697810426469,
                47.426825236633434
              ],
              [
                -70.33971109178219,
                47.42755773939477
              ],
              [
                -70.32388260014531,
                47.427435578552824
              ],
              [
                -70.32994541286017,
                47.418361655836996
              ],
              [
                -70.37389073849829,
                47.38385647731849
              ],
              [
                -70.39317784546799,
                47.37274807253558
              ],
              [
                -70.4116918884684,
                47.370184698448504
              ],
              [
                -70.42760169546501,
                47.37201569974939
              ],
              [
                -70.43565830399899,
                47.377020512395326
              ],
              [
                -70.43659422748675,
                47.38654210926037
              ],
              [
                -70.43358316844026,
                47.39594154325442
              ],
              [
                -70.42536372542662,
                47.40497465337763
              ],
              [
                -70.41100010302897,
                47.41437403298259
              ],
              [
                -70.39073645482432,
                47.422512106139685
              ],
              [
                -70.3697810426469,
                47.426825236633434
              ]
            ]
          ],
          [
            [
              [
                -68.86433286288303,
                48.40759762397801
              ],
              [
                -68.85560328096413,
                48.41446366336757
              ],
              [
                -68.8427146262517,
                48.415855786412806
              ],
              [
                -68.83806359457101,
                48.41380882143527
              ],
              [
                -68.84320578846174,
                48.40969208945156
              ],
              [
                -68.84267529028543,
                48.405586223126306
              ],
              [
                -68.84469235209359,
                48.39599375151174
              ],
              [
                -68.86320700916305,
                48.38911179899452
              ],
              [
                -68.87867711650347,
                48.38771455957097
              ],
              [
                -68.89106527051574,
                48.38803346049316
              ],
              [
                -68.89263243779564,
                48.39179639503761
              ],
              [
                -68.88852781491514,
                48.396939369326255
              ],
              [
                -68.87978490356323,
                48.40345998886422
              ],
              [
                -68.86433286288303,
                48.40759762397801
              ]
            ]
          ],
          [
            [
              [
                -58.8611863745116,
                50.83305052486555
              ],
              [
                -58.85163626136743,
                50.81265407285907
              ],
              [
                -58.84632306491772,
                50.78944289916793
              ],
              [
                -58.86110798086587,
                50.77959452098436
              ],
              [
                -58.88086333345592,
                50.78473666933627
              ],
              [
                -58.885608341409,
                50.794251357674796
              ],
              [
                -58.8611863745116,
                50.83305052486555
              ]
            ]
          ],
          [
            [
              [
                -58.46263372048444,
                51.17626420312366
              ],
              [
                -58.42735686356537,
                51.16712316517347
              ],
              [
                -58.457034772520046,
                51.140671341726446
              ],
              [
                -58.49565921081104,
                51.1209549450113
              ],
              [
                -58.569155886144024,
                51.10074464740453
              ],
              [
                -58.58147876106678,
                51.08000344792425
              ],
              [
                -58.62120866147854,
                51.09177548958577
              ],
              [
                -58.58732685658216,
                51.119684937819365
              ],
              [
                -58.54695161143846,
                51.15041890951436
              ],
              [
                -58.46263372048444,
                51.17626420312366
              ]
            ]
          ],
          [
            [
              [
                -58.307577049349966,
                51.252269867993604
              ],
              [
                -58.307070931952126,
                51.235822292044965
              ],
              [
                -58.326293724497646,
                51.2204912179987
              ],
              [
                -58.362904915140795,
                51.202219481814375
              ],
              [
                -58.41100975304982,
                51.20163213189593
              ],
              [
                -58.41388222687072,
                51.222176616483964
              ],
              [
                -58.38816303985463,
                51.23893433940612
              ],
              [
                -58.307577049349966,
                51.252269867993604
              ]
            ]
          ],
          [
            [
              [
                -67.55828976369637,
                58.41100258372936
              ],
              [
                -67.52616662358069,
                58.34705646869076
              ],
              [
                -67.53084203669187,
                58.296897250191805
              ],
              [
                -67.58197797680263,
                58.278453560275295
              ],
              [
                -67.63593718151692,
                58.291037130665956
              ],
              [
                -67.66186493931197,
                58.32719132089451
              ],
              [
                -67.65782368558615,
                58.364079237719295
              ],
              [
                -67.6365571086692,
                58.402224647315265
              ],
              [
                -67.59281634297069,
                58.4222091949355
              ],
              [
                -67.55828976369637,
                58.41100258372936
              ]
            ]
          ],
          [
            [
              [
                -68.99548672174538,
                59.01634444927967
              ],
              [
                -68.9849898163635,
                59.005283167729345
              ],
              [
                -68.97456093394601,
                58.98963282943299
              ],
              [
                -69.01556427967654,
                58.97241504705618
              ],
              [
                -69.07238928166902,
                58.96259595887433
              ],
              [
                -69.12027905856422,
                58.95730208266602
              ],
              [
                -69.11128124621084,
                58.971032992401966
              ],
              [
                -69.08264479620927,
                58.99659622615924
              ],
              [
                -69.06119755580805,
                59.01117479023899
              ],
              [
                -68.99548672174538,
                59.01634444927967
              ]
            ]
          ],
          [
            [
              [
                -69.92194073133332,
                61.01312438440508
              ],
              [
                -69.91106215025468,
                60.99987028771457
              ],
              [
                -69.95004104770423,
                60.985939103041396
              ],
              [
                -69.94973399019706,
                60.96572931825002
              ],
              [
                -69.97207875750026,
                60.95297868672007
              ],
              [
                -69.97764269178165,
                60.92986046147469
              ],
              [
                -70.00385573626818,
                60.93506639325315
              ],
              [
                -70.00080900269295,
                60.96908401197427
              ],
              [
                -70.01194646655948,
                60.99676391727106
              ],
              [
                -69.98499867233762,
                61.019336211789
              ],
              [
                -69.95672485270161,
                61.03498003589703
              ],
              [
                -69.92339609240244,
                61.03158908565482
              ],
              [
                -69.92194073133332,
                61.01312438440508
              ]
            ]
          ],
          [
            [
              [
                -71.56097540711626,
                61.33343556561277
              ],
              [
                -71.48781848551465,
                61.337112358065475
              ],
              [
                -71.48399599390753,
                61.31955456575976
              ],
              [
                -71.48649492769432,
                61.30189450542272
              ],
              [
                -71.51288270962574,
                61.299627131118804
              ],
              [
                -71.55685593870423,
                61.295836446864854
              ],
              [
                -71.58639620683503,
                61.301990722501756
              ],
              [
                -71.5855610652392,
                61.323891270513634
              ],
              [
                -71.56097540711626,
                61.33343556561277
              ]
            ]
          ],
          [
            [
              [
                -72.091425309359,
                61.894740705272895
              ],
              [
                -72.02154659337597,
                61.87736164610731
              ],
              [
                -71.99385682724227,
                61.87065746575078
              ],
              [
                -71.9734396030372,
                61.85894232394122
              ],
              [
                -72.01538845845052,
                61.85261194081131
              ],
              [
                -72.05894520679398,
                61.850503433837986
              ],
              [
                -72.10593690561544,
                61.87072083507364
              ],
              [
                -72.13083348817807,
                61.88903852931017
              ],
              [
                -72.11296771529057,
                61.90463202594436
              ],
              [
                -72.091425309359,
                61.894740705272895
              ]
            ]
          ],
          [
            [
              [
                -72.41213994491781,
                62.03906116698481
              ],
              [
                -72.38422092367378,
                62.032399211135605
              ],
              [
                -72.32811609501921,
                62.01603764084876
              ],
              [
                -72.35238455493365,
                62.00029249870405
              ],
              [
                -72.39381517423614,
                62.012724116237905
              ],
              [
                -72.44064753540678,
                62.02684665142234
              ],
              [
                -72.46240098013845,
                62.03665251111076
              ],
              [
                -72.41213994491781,
                62.03906116698481
              ]
            ]
          ]
        ]
      },
      "type": "Feature",
      "properties": {
        "source": "https://simplemaps.com",
        "id": "CAQC",
        "name": "Québec"
      },
      "id": 6
    }
  ]
}