{
  "type": "FeatureCollection", 
  "features": [
    {
      "geometry": {
        "type": "MultiPolygon", 
        "coordinates": [
          [
            [
              [
                -123.8191033600308, 
                60.00005890629244
              ], 
              [
                -124.29512081607157, 
                60.00005890629244
              ], 
              [
                -124.77116410963474, 
                60.00005890629244
              ], 
              [
                -125.2471557281531, 
                60.00005890629244
              ], 
              [
                -125.72314734577216, 
                60.00005890629244
              ], 
              [
                -126.1991906402346, 
                60.00005890629244
              ], 
              [
                -126.67520809627541, 
                60.00005890629244
              ], 
              [
                -127.15117387637203, 
                60.00005890629244
              ], 
              [
                -127.62721716993514, 
                60.00005890629244
              ], 
              [
                -128.10326046439764, 
                60.00005890629244
              ], 
              [
                -128.57925208201672, 
                60.00005890629244
              ], 
              [
                -129.05526953805747, 
                60.00005890629244
              ], 
              [
                -129.53126115567653, 
                60.00005890629244
              ], 
              [
                -130.00727861171725, 
                60.00005890629244
              ], 
              [
                -130.48327023023563, 
                60.00005890629244
              ], 
              [
                -130.95931352379878, 
                60.00005890629244
              ], 
              [
                -131.43535681916057, 
                60.00005890629244
              ], 
              [
                -131.91134843588029, 
                60.00005890629244
              ], 
              [
                -132.38736589192106, 
                60.00005890629244
              ], 
              [
                -132.86338334886116, 
                60.00005890629244
              ], 
              [
                -133.3393749655809, 
                60.00005890629244
              ], 
              [
                -133.81536658409928, 
                60.00005890629244
              ], 
              [
                -134.29140987766237, 
                60.00005890629244
              ], 
              [
                -134.76742733460247, 
                60.00005890629244
              ], 
              [
                -135.24341895222156, 
                60.00005890629244
              ], 
              [
                -135.7194364082623, 
                60.00005890629244
              ], 
              [
                -136.19547970272478, 
                60.00005890629244
              ], 
              [
                -136.67147132124313, 
                60.00005890629244
              ], 
              [
                -137.1474629379629, 
                60.00005890629244
              ], 
              [
                -137.6235062333247, 
                60.00005890629244
              ], 
              [
                -138.09952368936538, 
                60.00005890629244
              ], 
              [
                -138.57551530698444, 
                60.00005890629244
              ], 
              [
                -139.0471919423529, 
                60.00005890629244
              ], 
              [
                -139.0602066220026, 
                60.00005890600209
              ], 
              [
                -139.1123050554961, 
                60.03137563137693
              ], 
              [
                -139.18214575393094, 
                60.07338857070615
              ], 
              [
                -139.18323095312627, 
                60.100156960064204
              ], 
              [
                -139.14961543278517, 
                60.161186824295214
              ], 
              [
                -139.11346776475077, 
                60.22681589100657
              ], 
              [
                -139.07318598453756, 
                60.29983468910002
              ], 
              [
                -139.06869015794783, 
                60.32205557201773
              ], 
              [
                -139.0794646826646, 
                60.34102081425581
              ], 
              [
                -139.10160805631534, 
                60.346601885583375
              ], 
              [
                -139.2621925451498, 
                60.3427778113596
              ], 
              [
                -139.41399207131408, 
                60.339212141999404
              ], 
              [
                -139.5179650431863, 
                60.33673166637993
              ], 
              [
                -139.6283459057097, 
                60.334096169278915
              ], 
              [
                -139.67981562829726, 
                60.326809791466594
              ], 
              [
                -139.72841732359296, 
                60.30903310620271
              ], 
              [
                -139.82631831018773, 
                60.256478163375384
              ], 
              [
                -139.91693295252816, 
                60.20785065341414
              ], 
              [
                -139.96775670892816, 
                60.18836862818536
              ], 
              [
                -140.0157899585021, 
                60.187386780377736
              ], 
              [
                -140.1692431144208, 
                60.22722930281166
              ], 
              [
                -140.32497004629826, 
                60.26753692198127
              ], 
              [
                -140.42411129434234, 
                60.29316844174385
              ], 
              [
                -140.44780493585648, 
                60.29446035013621
              ], 
              [
                -140.46279109044127, 
                60.28913766934767
              ], 
              [
                -140.47532263384716, 
                60.27647695138177
              ], 
              [
                -140.50666438904165, 
                60.236324361031315
              ], 
              [
                -140.5187050042479, 
                60.22387034642602
              ], 
              [
                -140.5337428307861, 
                60.21854766285108
              ], 
              [
                -140.66050511679003, 
                60.24051014461982
              ], 
              [
                -140.76845718247864, 
                60.259268687650554
              ], 
              [
                -140.9091462835602, 
                60.283659974908815
              ], 
              [
                -140.97955541565938, 
                60.29580393102162
              ], 
              [
                -140.9949291562733, 
                60.30438222022475
              ], 
              [
                -141.00115617803056, 
                60.32107371672259
              ], 
              [
                -141.00120786073023, 
                60.46687877592972
              ], 
              [
                -141.00128538496182, 
                60.612683836461294
              ], 
              [
                -141.00136291835065, 
                60.75841138895749
              ], 
              [
                -141.00144044437462, 
                60.90421645095507
              ], 
              [
                -141.00151788653415, 
                61.049969775207224
              ], 
              [
                -141.0015954011511, 
                61.195826504968366
              ], 
              [
                -141.00167296990963, 
                61.34157992213492
              ], 
              [
                -141.0017504396444, 
                61.48733326593822
              ], 
              [
                -141.00182793750622, 
                61.63308663156282
              ], 
              [
                -141.00190537878345, 
                61.77886579347093
              ], 
              [
                -141.00198302852968, 
                61.924619269253554
              ], 
              [
                -141.00200885640618, 
                62.070372638202485
              ], 
              [
                -141.00206045089314, 
                62.216229310640664
              ], 
              [
                -141.002138106281, 
                62.36198278801127
              ], 
              [
                -141.00221552958374, 
                62.50776193844551
              ], 
              [
                -141.00229300562904, 
                62.65359280359953
              ], 
              [
                -141.0023704076573, 
                62.79932026228428
              ], 
              [
                -141.0024481363857, 
                62.94509962966157
              ], 
              [
                -141.00252545037523, 
                63.09087870427958
              ], 
              [
                -141.00255164867409, 
                63.23665817079314
              ], 
              [
                -141.0026030716424, 
                63.38248888526179
              ], 
              [
                -141.00268077047002, 
                63.52826822979776
              ], 
              [
                -141.002758071395, 
                63.674098973846384
              ], 
              [
                -141.0028355934446, 
                63.81977484116208
              ], 
              [
                -141.00291305400086, 
                63.96550234346888
              ], 
              [
                -141.00299075242094, 
                64.11128168536952
              ], 
              [
                -141.00306800430204, 
                64.25711239634406
              ], 
              [
                -141.003094080922, 
                64.40289177535914
              ], 
              [
                -141.00314575707117, 
                64.54867099068923
              ], 
              [
                -141.00322316697543, 
                64.69450181192555
              ], 
              [
                -141.00330063896757, 
                64.84022932192376
              ], 
              [
                -141.00337804595725, 
                64.98600846420548
              ], 
              [
                -141.00345577166826, 
                65.13178782212306
              ], 
              [
                -141.00353328115477, 
                65.27756703441922
              ], 
              [
                -141.0036108072279, 
                65.42337209583712
              ], 
              [
                -141.00363664274064, 
                65.56917714749602
              ], 
              [
                -141.00368831636553, 
                65.71495636257376
              ], 
              [
                -141.0037658816457, 
                65.86073561091447
              ], 
              [
                -141.0038433550342, 
                66.00651479829543
              ], 
              [
                -141.00392091101597, 
                66.15226820394186
              ], 
              [
                -141.00399837096907, 
                66.29802154466586
              ], 
              [
                -141.0040758490929, 
                66.44377489752034
              ], 
              [
                -141.00415341928462, 
                66.5895799872828
              ], 
              [
                -141.00420501074294, 
                66.73541082424119
              ], 
              [
                -141.00423098202663, 
                66.8811384501675
              ], 
              [
                -141.00430838309333, 
                67.02691759239241
              ], 
              [
                -141.00438607195005, 
                67.17272275812368
              ], 
              [
                -141.00446352026609, 
                67.31847609204209
              ], 
              [
                -141.0045410288392, 
                67.46428114179903
              ], 
              [
                -141.0046185579514, 
                67.61008620531325
              ], 
              [
                -141.00469591723586, 
                67.75581364525623
              ], 
              [
                -141.0047475487972, 
                67.90164450869877
              ], 
              [
                -141.00477377088495, 
                68.0474239668366
              ], 
              [
                -141.0048509544851, 
                68.19320297304198
              ], 
              [
                -141.00492838237201, 
                68.33898213469647
              ], 
              [
                -141.00500623978462, 
                68.48470988924896
              ], 
              [
                -141.0050838521464, 
                68.63048916432345
              ], 
              [
                -141.00516096032865, 
                68.77626812688658
              ], 
              [
                -141.00523883696465, 
                68.92204756678467
              ], 
              [
                -141.00529005386974, 
                69.06782649866307
              ], 
              [
                -141.00531588997595, 
                69.21360571405712
              ], 
              [
                -141.00539341860073, 
                69.35938493791942
              ], 
              [
                -141.0054710937804, 
                69.50516425127239
              ], 
              [
                -141.00556374912384, 
                69.65094624605943
              ], 
              [
                -140.98981705817678, 
                69.64565676222055
              ], 
              [
                -140.8985079945494, 
                69.64057021513626
              ], 
              [
                -140.90078709407805, 
                69.63711183058179
              ], 
              [
                -140.90099025947364, 
                69.63597233474269
              ], 
              [
                -140.90172253051938, 
                69.63532120138609
              ], 
              [
                -140.90591375379137, 
                69.63312402309059
              ], 
              [
                -140.8903700038713, 
                69.62718318842167
              ], 
              [
                -140.8730362378356, 
                69.62543364636912
              ], 
              [
                -140.8370252302153, 
                69.62628797750115
              ], 
              [
                -140.8399145713506, 
                69.6303571969114
              ], 
              [
                -140.84325099384128, 
                69.63312402309059
              ], 
              [
                -140.81924410701623, 
                69.63812907170578
              ], 
              [
                -140.64354434290615, 
                69.61635993051681
              ], 
              [
                -140.4051408486202, 
                69.60146724751954
              ], 
              [
                -140.2227270608383, 
                69.59910719068576
              ], 
              [
                -140.1526992954237, 
                69.61880114199684
              ], 
              [
                -139.91795788048688, 
                69.62132380360913
              ], 
              [
                -139.60997460017026, 
                69.58295310708156
              ], 
              [
                -139.59984286764015, 
                69.57973865236796
              ], 
              [
                -139.71271718092422, 
                69.58779527156274
              ], 
              [
                -139.77456632442642, 
                69.60016517587611
              ], 
              [
                -139.7475479806208, 
                69.5853539077684
              ], 
              [
                -139.70055064083604, 
                69.5743674148159
              ], 
              [
                -139.36351458125174, 
                69.54433816231307
              ], 
              [
                -139.31354705562913, 
                69.52033095352698
              ], 
              [
                -139.29499254549077, 
                69.51703516372687
              ], 
              [
                -139.14378810391867, 
                69.5136578766966
              ], 
              [
                -139.10936461775125, 
                69.49900964898046
              ], 
              [
                -139.04759675931285, 
                69.45433174237665
              ], 
              [
                -139.0303443291406, 
                69.44220619854597
              ], 
              [
                -138.9939675060708, 
                69.42218674778856
              ], 
              [
                -138.95567778756677, 
                69.40664292379972
              ], 
              [
                -138.766468867046, 
                69.35911692159839
              ], 
              [
                -138.72459898920425, 
                69.33038985683343
              ], 
              [
                -138.66437744030125, 
                69.30133700104666
              ], 
              [
                -138.6367080508192, 
                69.2836774224789
              ], 
              [
                -138.6085097003073, 
                69.2486024849499
              ], 
              [
                -138.60260955247008, 
                69.24266167841076
              ], 
              [
                -138.58918232596812, 
                69.24119715065335
              ], 
              [
                -138.5794978053935, 
                69.24567289063607
              ], 
              [
                -138.5711154315335, 
                69.25202041489189
              ], 
              [
                -138.56163472840282, 
                69.25633362240492
              ], 
              [
                -138.54841036432367, 
                69.25771703660037
              ], 
              [
                -138.5069879184685, 
                69.25633362240492
              ], 
              [
                -138.50698827469074, 
                69.24949790702391
              ], 
              [
                -138.52745539671884, 
                69.24949790702391
              ], 
              [
                -138.51528859661158, 
                69.2444520483763
              ], 
              [
                -138.4846897426508, 
                69.23651754206868
              ], 
              [
                -138.45148650559904, 
                69.23432020726372
              ], 
              [
                -138.44493552015356, 
                69.23525615495305
              ], 
              [
                -138.4438368116794, 
                69.23798234496405
              ], 
              [
                -138.44505797396073, 
                69.24286544392405
              ], 
              [
                -138.44538333429992, 
                69.24746332489447
              ], 
              [
                -138.4415178966011, 
                69.24949790702391
              ], 
              [
                -138.41828364360765, 
                69.25458404304081
              ], 
              [
                -138.40957615719574, 
                69.26707602676409
              ], 
              [
                -138.40591400832884, 
                69.2829044525403
              ], 
              [
                -138.39777557185184, 
                69.29791884213878
              ], 
              [
                -138.4120174160471, 
                69.29755282317082
              ], 
              [
                -138.42564870620348, 
                69.29437905955679
              ], 
              [
                -138.45177152793414, 
                69.2836774224789
              ], 
              [
                -138.4270729462209, 
                69.30158126263532
              ], 
              [
                -138.39037006500988, 
                69.30902729847651
              ], 
              [
                -138.3570449689313, 
                69.3046735189587
              ], 
              [
                -138.34251852005403, 
                69.287054652977
              ], 
              [
                -138.33926320135373, 
                69.25849013095214
              ], 
              [
                -138.32933517562364, 
                69.24160396135417
              ], 
              [
                -138.3123673552957, 
                69.22947828087376
              ], 
              [
                -138.2271621086076, 
                69.18329490756146
              ], 
              [
                -138.0955299458118, 
                69.14012291030451
              ], 
              [
                -137.8694554850269, 
                69.09186429488616
              ], 
              [
                -137.51821870499356, 
                69.01683186821549
              ], 
              [
                -137.42471293577407, 
                69.0142277585754
              ], 
              [
                -137.38292407207186, 
                69.00311928066154
              ], 
              [
                -137.43130460611235, 
                69.00311928066154
              ], 
              [
                -137.4313043080681, 
                68.99567280350658
              ], 
              [
                -137.3004042533484, 
                68.97516499683357
              ], 
              [
                -137.22374412115175, 
                68.95091370977102
              ], 
              [
                -137.19115136530405, 
                68.9479026532361
              ], 
              [
                -137.0607802607699, 
                68.95473858386273
              ], 
              [
                -136.99250227749323, 
                68.9479026532361
              ], 
              [
                -136.986073174489, 
                68.94464740336133
              ], 
              [
                -136.9712620421982, 
                68.93060935836347
              ], 
              [
                -136.96178140722031, 
                68.92739494191042
              ], 
              [
                -136.90534442183122, 
                68.92072188469567
              ], 
              [
                -136.80109642019428, 
                68.88910570276916
              ], 
              [
                -136.74547259109877, 
                68.87897357594922
              ], 
              [
                -136.6629938714072, 
                68.87579982576446
              ], 
              [
                -136.64305559824467, 
                68.87897357594922
              ], 
              [
                -136.63390073172064, 
                68.884100787848
              ], 
              [
                -136.62608803333072, 
                68.89093659948959
              ], 
              [
                -136.61632265893812, 
                68.89691820407062
              ], 
              [
                -136.60147036208875, 
                68.8994814197197
              ], 
              [
                -136.52574608467248, 
                68.8932558388489
              ], 
              [
                -136.5360409856255, 
                68.89809815516296
              ], 
              [
                -136.5400283051538, 
                68.8994814197197
              ], 
              [
                -136.5400282748591, 
                68.90692769044111
              ], 
              [
                -136.5006403053917, 
                68.91592023626171
              ], 
              [
                -136.45885196651886, 
                68.91254321093759
              ], 
              [
                -136.44487195380563, 
                68.90990140356051
              ], 
              [
                -136.44440497660366, 
                68.86091333397836
              ], 
              [
                -136.44435339568605, 
                68.80257070245626
              ], 
              [
                -136.44445658789473, 
                68.77792094207034
              ], 
              [
                -136.44461155767561, 
                68.75332292228677
              ], 
              [
                -136.4446890628216, 
                68.72862158119065
              ], 
              [
                -136.44461195986082, 
                68.67927085145143
              ], 
              [
                -136.44437938787064, 
                68.62997151801314
              ], 
              [
                -136.44406913453975, 
                68.5806720762834
              ], 
              [
                -136.44383665735367, 
                68.5314244795853
              ], 
              [
                -136.44360434440503, 
                68.43292934849147
              ], 
              [
                -136.4435264534092, 
                68.33443382590025
              ], 
              [
                -136.44375918950888, 
                68.23586115479617
              ], 
              [
                -136.4446890899888, 
                68.13705563865814
              ], 
              [
                -136.44530919250485, 
                68.04928320695713
              ], 
              [
                -136.44507680681008, 
                67.96143337499413
              ], 
              [
                -136.44435332173688, 
                67.87358343149094
              ], 
              [
                -136.44329394605074, 
                67.78563013709584
              ], 
              [
                -136.4440692619327, 
                67.7660448802447
              ], 
              [
                -136.44538693807579, 
                67.74555512788824
              ], 
              [
                -136.44476684273857, 
                67.72558220024216
              ], 
              [
                -136.4399609404458, 
                67.70759880592482
              ], 
              [
                -136.43665365756908, 
                67.70351637450257
              ], 
              [
                -136.43184767797572, 
                67.69966643303415
              ], 
              [
                -136.42730011920148, 
                67.69628160448514
              ], 
              [
                -136.42494878224568, 
                67.69369774479765
              ], 
              [
                -136.42440622762098, 
                67.68930527866098
              ], 
              [
                -136.4246387685197, 
                67.68408595680214
              ], 
              [
                -136.42512974536422, 
                67.67953846371704
              ], 
              [
                -136.42525908809563, 
                67.67726480084556
              ], 
              [
                -136.42492306848567, 
                67.67225210671782
              ], 
              [
                -136.42647345194175, 
                67.66765296422595
              ], 
              [
                -136.42693840710788, 
                67.66300199780366
              ], 
              [
                -136.42332120649263, 
                67.6574210406623
              ], 
              [
                -136.4152853377682, 
                67.65271836556175
              ], 
              [
                -136.40528608422684, 
                67.65003127965608
              ], 
              [
                -136.39487314550666, 
                67.64845505799855
              ], 
              [
                -136.38572646591828, 
                67.64718901828572
              ], 
              [
                -136.36655457951494, 
                67.64377841944393
              ], 
              [
                -136.34854531854864, 
                67.64103955250512
              ], 
              [
                -136.3302518308572, 
                67.63910166586805
              ], 
              [
                -136.30994297006526, 
                67.63783557839568
              ], 
              [
                -136.2750873142316, 
                67.63246129388443
              ], 
              [
                -136.24653602765943, 
                67.62016226487307
              ], 
              [
                -136.22178296872707, 
                67.60197212828398
              ], 
              [
                -136.19827036154814, 
                67.57866617058896
              ], 
              [
                -136.1893817962714, 
                67.56424830156753
              ], 
              [
                -136.1865654848721, 
                67.55011483303375
              ], 
              [
                -136.1853252236933, 
                67.53608466291819
              ], 
              [
                -136.1810620893648, 
                67.52218381728683
              ], 
              [
                -136.17690201463068, 
                67.51727447506697
              ], 
              [
                -136.17178608825114, 
                67.51484571010242
              ], 
              [
                -136.1661790711123, 
                67.5130369510463
              ], 
              [
                -136.16064965671512, 
                67.50998801908844
              ], 
              [
                -136.15734244051168, 
                67.50420030797666
              ], 
              [
                -136.16227762186523, 
                67.50006624739763
              ], 
              [
                -136.16964136220864, 
                67.49686220899133
              ], 
              [
                -136.1738271603103, 
                67.4933998921312
              ], 
              [
                -136.1757392832673, 
                67.47536488057088
              ], 
              [
                -136.1770313289606, 
                67.46048215806151
              ], 
              [
                -136.18132045644757, 
                67.4453667901698
              ], 
              [
                -136.19245664143298, 
                67.42663402691294
              ], 
              [
                -136.20131903483554, 
                67.4135081361027
              ], 
              [
                -136.2009057365516, 
                67.4080563477196
              ], 
              [
                -136.19175900470802, 
                67.40511078966955
              ], 
              [
                -136.1742923418819, 
                67.3996072311746
              ], 
              [
                -136.16090822187536, 
                67.39542149076662
              ], 
              [
                -136.14127122624762, 
                67.38937537987556
              ], 
              [
                -136.12364938382706, 
                67.38291570622377
              ], 
              [
                -136.11607896677526, 
                67.37728309553486
              ], 
              [
                -136.12277106824465, 
                67.36395057737046
              ], 
              [
                -136.1336488600076, 
                67.36281363258655
              ], 
              [
                -136.13796390263894, 
                67.35963557050508
              ], 
              [
                -136.1252256458423, 
                67.3400760314012
              ], 
              [
                -136.11858509367116, 
                67.33258286149187
              ], 
              [
                -136.11122127806698, 
                67.32534821097376
              ], 
              [
                -136.10421914961097, 
                67.31780347045417
              ], 
              [
                -136.0985864602472, 
                67.30963862252175
              ], 
              [
                -136.0951756362937, 
                67.29718448232101
              ], 
              [
                -136.10047250262022, 
                67.29103500790113
              ], 
              [
                -136.1102653511377, 
                67.28576412189739
              ], 
              [
                -136.12023871690027, 
                67.27589380083757
              ], 
              [
                -136.12447624418112, 
                67.26271634961462
              ], 
              [
                -136.12602651549403, 
                67.24783352256283
              ], 
              [
                -136.1291530686486, 
                67.23413935311042
              ], 
              [
                -136.1382221255736, 
                67.22460494814145
              ], 
              [
                -136.15553377732346, 
                67.2173961163267
              ], 
              [
                -136.17315543324406, 
                67.21155667396316
              ], 
              [
                -136.19075121739547, 
                67.20592391585329
              ], 
              [
                -136.20803701528894, 
                67.19923183859234
              ], 
              [
                -136.21868251405093, 
                67.1944518706736
              ], 
              [
                -136.23041296682308, 
                67.18747548872922
              ], 
              [
                -136.23744104754692, 
                67.17804459662477
              ], 
              [
                -136.23428857643492, 
                67.1660296881279
              ], 
              [
                -136.22077543927222, 
                67.15491942129213
              ], 
              [
                -136.2094840011427, 
                67.15112111108199
              ], 
              [
                -136.20351542724597, 
                67.14603101840544
              ], 
              [
                -136.20607330315173, 
                67.13088975318136
              ], 
              [
                -136.2106726341266, 
                67.12530878351821
              ], 
              [
                -136.2172354740419, 
                67.12220815244756
              ], 
              [
                -136.22286828177997, 
                67.11828079507377
              ], 
              [
                -136.22480600878708, 
                67.11006414870279
              ], 
              [
                -136.22333330521218, 
                67.10492239317571
              ], 
              [
                -136.2205944829527, 
                67.10076246072778
              ], 
              [
                -136.21790726511892, 
                67.09662831713949
              ], 
              [
                -136.21651192965754, 
                67.09146062581615
              ], 
              [
                -136.21798471180998, 
                67.08236557675308
              ], 
              [
                -136.22085276734745, 
                67.0731155034461
              ], 
              [
                -136.2215762669997, 
                67.06443388313754
              ], 
              [
                -136.21651205069986, 
                67.05673414401336
              ], 
              [
                -136.20266278759175, 
                67.0478199731615
              ], 
              [
                -136.19279241040184, 
                67.04254885872396
              ], 
              [
                -136.18581623398862, 
                67.03590853068073
              ], 
              [
                -136.18039018992113, 
                67.02298941135786
              ], 
              [
                -136.1778064132839, 
                67.01795098871474
              ], 
              [
                -136.17302628640607, 
                67.01156891040586
              ], 
              [
                -136.16739358159975, 
                67.00598787379836
              ], 
              [
                -136.16220010135348, 
                67.0036624352032
              ], 
              [
                -136.14411335004806, 
                67.0036624352032
              ], 
              [
                -136.12600076032098, 
                67.0036624352032
              ], 
              [
                -136.10788817149322, 
                67.0036624352032
              ], 
              [
                -136.08977558176613, 
                67.0036624352032
              ], 
              [
                -135.99275308076326, 
                67.0036624352032
              ], 
              [
                -135.8957563935706, 
                67.00361074395295
              ], 
              [
                -135.7987855685281, 
                67.00361074395295
              ], 
              [
                -135.7018147434856, 
                67.00361074395295
              ], 
              [
                -135.61329301489164, 
                67.00361074395295
              ], 
              [
                -135.5540459851657, 
                67.00361074395295
              ], 
              [
                -135.42369218457964, 
                67.00361074395295
              ], 
              [
                -135.29336420107902, 
                67.0035590527303
              ], 
              [
                -135.23411717226168, 
                67.0035590527303
              ], 
              [
                -135.11719924306232, 
                67.0035590527303
              ], 
              [
                -135.00025547723988, 
                67.0035590527303
              ], 
              [
                -134.8833633873616, 
                67.0035590527303
              ], 
              [
                -134.76641959899743, 
                67.00350736153518
              ], 
              [
                -134.64952748665735, 
                67.00345567036766
              ], 
              [
                -134.53263539591873, 
                67.00345567036766
              ], 
              [
                -134.4156399541913, 
                67.00345567036766
              ], 
              [
                -134.29874786435207, 
                67.00345567036766
              ], 
              [
                -134.20616953597153, 
                67.00345567036766
              ], 
              [
                -134.11361704601262, 
                67.00345567036766
              ], 
              [
                -134.021012857297, 
                67.00340397922767
              ], 
              [
                -133.92843450755043, 
                67.00335228811524
              ], 
              [
                -133.83107613212263, 
                67.00340397922767
              ], 
              [
                -133.87303759596196, 
                66.98640256995644
              ], 
              [
                -133.92750456467706, 
                66.982578520385
              ], 
              [
                -133.98352158596458, 
                66.98490380159635
              ], 
              [
                -134.03008204981472, 
                66.98660912442911
              ], 
              [
                -134.0449649058867, 
                66.98521388970303
              ], 
              [
                -134.06362016358796, 
                66.98123484888934
              ], 
              [
                -134.08077678876808, 
                66.97431024156221
              ], 
              [
                -134.09118964073, 
                66.96381995902254
              ], 
              [
                -134.0879338694787, 
                66.95208930339088
              ], 
              [
                -134.0723016851439, 
                66.9442861183513
              ], 
              [
                -134.05333645486078, 
                66.93950606333281
              ], 
              [
                -134.04010742761872, 
                66.93679314473246
              ], 
              [
                -134.0020476836992, 
                66.92880910097023
              ], 
              [
                -133.96269597198915, 
                66.92206525293075
              ], 
              [
                -133.9249207165334, 
                66.91242774588227
              ], 
              [
                -133.89164088944858, 
                66.89563276632222
              ], 
              [
                -133.88830776696145, 
                66.89100773014795
              ], 
              [
                -133.88621489067805, 
                66.88501327618125
              ], 
              [
                -133.88301110194573, 
                66.8791222663937
              ], 
              [
                -133.87644816160017, 
                66.87519483406768
              ], 
              [
                -133.8674047926359, 
                66.87302442830256
              ], 
              [
                -133.85812877649937, 
                66.87080227610048
              ], 
              [
                -133.84942142193503, 
                66.86762426034716
              ], 
              [
                -133.84190243727613, 
                66.86253408848752
              ], 
              [
                -133.8305854008495, 
                66.84878822783725
              ], 
              [
                -133.8255468535295, 
                66.83881461086645
              ], 
              [
                -133.81841550446163, 
                66.83028799824197
              ], 
              [
                -133.80079394911238, 
                66.82119302052739
              ], 
              [
                -133.7837406408991, 
                66.81519849572638
              ], 
              [
                -133.77002062601258, 
                66.80894570069684
              ], 
              [
                -133.76332845304685, 
                66.79861036292807
              ], 
              [
                -133.76751432608785, 
                66.78078204933279
              ], 
              [
                -133.77952891637938, 
                66.76460720380689
              ], 
              [
                -133.79523866818928, 
                66.75489211347377
              ], 
              [
                -133.8129893611586, 
                66.74796736059197
              ], 
              [
                -133.83136052049755, 
                66.74006099480744
              ], 
              [
                -133.8341510023932, 
                66.72584994523375
              ], 
              [
                -133.80629746506455, 
                66.71101885018416
              ], 
              [
                -133.7719067239635, 
                66.69572257374347
              ], 
              [
                -133.75524097148306, 
                66.68006454468676
              ], 
              [
                -133.76167484784963, 
                66.67055619225673
              ], 
              [
                -133.77394785629915, 
                66.66365728820635
              ], 
              [
                -133.78188021474085, 
                66.65662931168696
              ], 
              [
                -133.77536912659022, 
                66.64673337285369
              ], 
              [
                -133.75978862494284, 
                66.64042880945797
              ], 
              [
                -133.74245113132812, 
                66.63825836486618
              ], 
              [
                -133.7251394511498, 
                66.63502853560425
              ], 
              [
                -133.70968828988623, 
                66.62564932622969
              ], 
              [
                -133.70193679665115, 
                66.61433216737707
              ], 
              [
                -133.69891362000138, 
                66.60539207274303
              ], 
              [
                -133.69333263701532, 
                66.59784736342584
              ], 
              [
                -133.67785557147326, 
                66.59076770880745
              ], 
              [
                -133.6564616644325, 
                66.5863753068586
              ], 
              [
                -133.63312966437726, 
                66.58363639278737
              ], 
              [
                -133.6106246428437, 
                66.57901139655317
              ], 
              [
                -133.59191767881498, 
                66.56921864681519
              ], 
              [
                -133.6005992068293, 
                66.55934837045304
              ], 
              [
                -133.63529995403428, 
                66.54859968917879
              ], 
              [
                -133.67341152418064, 
                66.5357840714432
              ], 
              [
                -133.69247995523662, 
                66.51976425898114
              ], 
              [
                -133.6831781728054, 
                66.4978017590634
              ], 
              [
                -133.6596913658186, 
                66.47904330478272
              ], 
              [
                -133.63685027851562, 
                66.46199000941117
              ], 
              [
                -133.6293829826435, 
                66.44532432500391
              ], 
              [
                -133.65147472478424, 
                66.43563504046699
              ], 
              [
                -133.69100712822524, 
                66.44532432500391
              ], 
              [
                -133.73227081209998, 
                66.45297247397062
              ], 
              [
                -133.75965943624047, 
                66.4371337257064
              ], 
              [
                -133.76301832843637, 
                66.42328439005243
              ], 
              [
                -133.7630183531857, 
                66.40933177093937
              ], 
              [
                -133.76296674273974, 
                66.39548253188549
              ], 
              [
                -133.76591226808608, 
                66.38214999137021
              ], 
              [
                -133.77294023148167, 
                66.3683265245643
              ], 
              [
                -133.78061416866336, 
                66.35773284637291
              ], 
              [
                -133.78983843253667, 
                66.34837942630809
              ], 
              [
                -133.8013364536783, 
                66.33812166435425
              ], 
              [
                -133.81908733172205, 
                66.310164731389
              ], 
              [
                -133.79893344825692, 
                66.29848580513806
              ], 
              [
                -133.76115802326515, 
                66.29667716266923
              ], 
              [
                -133.72622471538216, 
                66.29843413413016
              ], 
              [
                -133.68850098792055, 
                66.3017931498842
              ], 
              [
                -133.63346558123754, 
                66.30318840880345
              ], 
              [
                -133.58432120346444, 
                66.29274970587147
              ], 
              [
                -133.56432248611526, 
                66.26063284691533
              ], 
              [
                -133.5662861375689, 
                66.25022000869554
              ], 
              [
                -133.57005854051067, 
                66.24065988573258
              ], 
              [
                -133.57408938387968, 
                66.23120315432912
              ], 
              [
                -133.57662151929372, 
                66.22122959628848
              ], 
              [
                -133.5753812000993, 
                66.20753528265475
              ], 
              [
                -133.56969683188052, 
                66.19869864099034
              ], 
              [
                -133.56277214398625, 
                66.19079211420636
              ], 
              [
                -133.55801789321734, 
                66.1800434030296
              ], 
              [
                -133.56716466672108, 
                66.15384348277101
              ], 
              [
                -133.59791219590846, 
                66.13911573637255
              ], 
              [
                -133.6351450504404, 
                66.12996899730804
              ], 
              [
                -133.66410971989436, 
                66.12035720074275
              ], 
              [
                -133.675375175359, 
                66.11229567342528
              ], 
              [
                -133.6894569205499, 
                66.09958321282798
              ], 
              [
                -133.70105830665287, 
                66.08521718363168
              ], 
              [
                -133.70467567524483, 
                66.0720138690219
              ], 
              [
                -133.69537394038917, 
                66.06131686314181
              ], 
              [
                -133.67744219395556, 
                66.05679515717206
              ], 
              [
                -133.6576759089506, 
                66.05596830108729
              ], 
              [
                -133.64305154443315, 
                66.0560200225001
              ], 
              [
                -133.60840246460614, 
                66.04994801910276
              ], 
              [
                -133.61023694558665, 
                66.03640877133437
              ], 
              [
                -133.62561073523415, 
                66.0149889262036
              ], 
              [
                -133.63134681474102, 
                65.9853524891699
              ], 
              [
                -133.611787323115, 
                65.96186557655624
              ], 
              [
                -133.57527791218553, 
                65.955561044871
              ], 
              [
                -133.5339625368184, 
                65.95703377618116
              ], 
              [
                -133.5000628403079, 
                65.95669790790136
              ], 
              [
                -133.46241655960125, 
                65.949566560341
              ], 
              [
                -133.4246410754496, 
                65.94434723303712
              ], 
              [
                -133.38758909389622, 
                65.94695690707647
              ], 
              [
                -133.35219070861072, 
                65.96315744766521
              ], 
              [
                -133.34857334816337, 
                65.96796334893408
              ], 
              [
                -133.34707477693448, 
                65.97380281760566
              ], 
              [
                -133.34508524512933, 
                65.97959058615962
              ], 
              [
                -133.34025351048905, 
                65.98408644363961
              ], 
              [
                -133.33074495794133, 
                65.98692858535803
              ], 
              [
                -133.3206680365057, 
                65.98729030866276
              ], 
              [
                -133.31043618077794, 
                65.98628267247575
              ], 
              [
                -133.30051432782457, 
                65.98501661561703
              ], 
              [
                -133.28172991696735, 
                65.98625682915241
              ], 
              [
                -133.26227371867333, 
                65.99194122286292
              ], 
              [
                -133.24286925635604, 
                65.9992276257095
              ], 
              [
                -133.22431734815527, 
                66.00522204366368
              ], 
              [
                -133.17437211704765, 
                66.01622915308063
              ], 
              [
                -133.12737237263832, 
                66.02330880335927
              ], 
              [
                -133.07990765101658, 
                66.02584100494938
              ], 
              [
                -133.02856703347035, 
                66.02346383257358
              ], 
              [
                -132.99668275170762, 
                66.02568597218013
              ], 
              [
                -132.955419109162, 
                66.02971672718428
              ], 
              [
                -132.92043416994213, 
                66.02553093964276
              ], 
              [
                -132.9072049219207, 
                66.00312914905601
              ], 
              [
                -132.9189354526875, 
                65.97974555011555
              ], 
              [
                -132.94376608277798, 
                65.95858412375051
              ], 
              [
                -132.9719555815293, 
                65.93964471469472
              ], 
              [
                -132.99386629830275, 
                65.92310819265545
              ], 
              [
                -132.96787304698074, 
                65.91127428513221
              ], 
              [
                -132.93554945750242, 
                65.90742440475658
              ], 
              [
                -132.9020889687256, 
                65.90835458153506
              ], 
              [
                -132.87273677940246, 
                65.91039581746898
              ], 
              [
                -132.8579573275219, 
                65.91153270495293
              ], 
              [
                -132.84198926307988, 
                65.91362556750155
              ], 
              [
                -132.82646049760217, 
                65.91701037417339
              ], 
              [
                -132.81276632824697, 
                65.92212640183735
              ], 
              [
                -132.8067201848073, 
                65.92809503018555
              ], 
              [
                -132.80527325941907, 
                65.93576899049259
              ], 
              [
                -132.80496319943668, 
                65.9441405698981
              ], 
              [
                -132.80217255879992, 
                65.95230536721218
              ], 
              [
                -132.78137286204546, 
                65.96889354900327
              ], 
              [
                -132.75455283730682, 
                65.97602492845115
              ], 
              [
                -132.7268025916502, 
                65.98150262839971
              ], 
              [
                -132.70328981457743, 
                65.99343988363015
              ], 
              [
                -132.68608145700733, 
                66.00653978504711
              ], 
              [
                -132.666651134889, 
                66.01705595051347
              ], 
              [
                -132.64582554776217, 
                66.02454904356483
              ], 
              [
                -132.62463819189426, 
                66.02878649926376
              ], 
              [
                -132.60440686167905, 
                66.03100858062378
              ], 
              [
                -132.58272860787767, 
                66.03183540975012
              ], 
              [
                -132.56146383562123, 
                66.0293033202488
              ], 
              [
                -132.54249853856032, 
                66.02144847086808
              ], 
              [
                -132.53348099814423, 
                66.01292185691256
              ], 
              [
                -132.52929517760035, 
                66.00408516698091
              ], 
              [
                -132.52614298149658, 
                65.99555860091533
              ], 
              [
                -132.5202259862999, 
                65.9878587827683
              ], 
              [
                -132.48190789717773, 
                65.97711007448744
              ], 
              [
                -132.4368461363674, 
                65.98643773255084
              ], 
              [
                -132.3910865862208, 
                65.99664377858657
              ], 
              [
                -132.35064982535002, 
                65.9884272599831
              ], 
              [
                -132.34132216607142, 
                65.9792804866632
              ], 
              [
                -132.3347334088738, 
                65.96744657471012
              ], 
              [
                -132.33204629483615, 
                65.95563855199353
              ], 
              [
                -132.3344233408368, 
                65.94672431914178
              ], 
              [
                -132.34667066994257, 
                65.94093656866207
              ], 
              [
                -132.3673929224164, 
                65.93690580989181
              ], 
              [
                -132.38925209303235, 
                65.93357270737684
              ], 
              [
                -132.4049359116817, 
                65.93008456271502
              ], 
              [
                -132.43917156756655, 
                65.92049859853861
              ], 
              [
                -132.47699863038702, 
                65.9129279419942
              ], 
              [
                -132.5134046627125, 
                65.90285102687037
              ], 
              [
                -132.54335120903747, 
                65.88636628375208
              ], 
              [
                -132.55327305936953, 
                65.87809803657154
              ], 
              [
                -132.5644609908704, 
                65.8671942976138
              ], 
              [
                -132.57166985828104, 
                65.85530872179999
              ], 
              [
                -132.56942191868578, 
                65.84414660304073
              ], 
              [
                -132.55526267917958, 
                65.83344965380734
              ], 
              [
                -132.53709834232845, 
                65.82678334291963
              ], 
              [
                -132.5178230132074, 
                65.82239083285494
              ], 
              [
                -132.5005115015147, 
                65.81892857809308
              ], 
              [
                -132.45777500131913, 
                65.80745634628619
              ], 
              [
                -132.41317825309523, 
                65.79182423402239
              ], 
              [
                -132.37072607899472, 
                65.7714895683544
              ], 
              [
                -132.3344234079722, 
                65.74585807341212
              ], 
              [
                -132.3247082529719, 
                65.7391401478054
              ], 
              [
                -132.31370118428742, 
                65.7332748811589
              ], 
              [
                -132.3028749427997, 
                65.72707368787417
              ], 
              [
                -132.29414164948957, 
                65.71950310783313
              ], 
              [
                -132.2897232636098, 
                65.71226837036708
              ], 
              [
                -132.28654515722488, 
                65.70433603535187
              ], 
              [
                -132.2832120549062, 
                65.69661042763826
              ], 
              [
                -132.27827697148197, 
                65.6897891493021
              ], 
              [
                -132.2640401131982, 
                65.68053906720272
              ], 
              [
                -132.24812377482564, 
                65.67500969176935
              ], 
              [
                -132.23262083718794, 
                65.66906689599335
              ], 
              [
                -132.2197016982781, 
                65.65873158743474
              ], 
              [
                -132.21350056380072, 
                65.64849968075303
              ], 
              [
                -132.20993487315914, 
                65.63945629350552
              ], 
              [
                -132.205335682036, 
                65.63028373451358
              ], 
              [
                -132.19608559825312, 
                65.61976757934251
              ], 
              [
                -132.18544023208673, 
                65.61180939286871
              ], 
              [
                -132.17562169982412, 
                65.60369618590953
              ], 
              [
                -132.1725728307401, 
                65.59454948710754
              ], 
              [
                -132.1821846069098, 
                65.5835423780493
              ], 
              [
                -132.19386349369367, 
                65.57597178895487
              ], 
              [
                -132.2053873530724, 
                65.56953808454656
              ], 
              [
                -132.21737628475526, 
                65.56411205868598
              ], 
              [
                -132.23037289254145, 
                65.55964203709321
              ], 
              [
                -132.24347284130826, 
                65.55700652001103
              ], 
              [
                -132.2618696922211, 
                65.55253653748137
              ], 
              [
                -132.2761323779135, 
                65.54473338922428
              ], 
              [
                -132.2768817049962, 
                65.53212435288745
              ], 
              [
                -132.2753572056277, 
                65.52282256426776
              ], 
              [
                -132.27936214368003, 
                65.5131074042322
              ], 
              [
                -132.28623509006042, 
                65.50442575120141
              ], 
              [
                -132.29344395840195, 
                65.4982762583035
              ], 
              [
                -132.3042443651161, 
                65.49011140603882
              ], 
              [
                -132.3107555623739, 
                65.4829025198989
              ], 
              [
                -132.31517390748286, 
                65.47429840099207
              ], 
              [
                -132.31969559366954, 
                65.46225779127685
              ], 
              [
                -132.3204449352754, 
                65.4573485540773
              ], 
              [
                -132.32091000017303, 
                65.45016551394046
              ], 
              [
                -132.32137511137498, 
                65.44342175612029
              ], 
              [
                -132.32215021116127, 
                65.4398043720206
              ], 
              [
                -132.3302375816469, 
                65.4355927491465
              ], 
              [
                -132.3389192164994, 
                65.43592864284388
              ], 
              [
                -132.34791091377681, 
                65.4372980664136
              ], 
              [
                -132.35690261591094, 
                65.43592864284388
              ], 
              [
                -132.361811895413, 
                65.43207876119276
              ], 
              [
                -132.3655326177327, 
                65.42680777917063
              ], 
              [
                -132.36930498687758, 
                65.42138174676077
              ], 
              [
                -132.3742658908905, 
                65.41704090254574
              ], 
              [
                -132.38473038136794, 
                65.41275176885677
              ], 
              [
                -132.3958666429651, 
                65.41021961552713
              ], 
              [
                -132.40713213980348, 
                65.40794587728912
              ], 
              [
                -132.4180358477037, 
                65.40479360070225
              ], 
              [
                -132.43077410906332, 
                65.39952261933038
              ], 
              [
                -132.44322809408405, 
                65.39391570160954
              ], 
              [
                -132.45583715076552, 
                65.38841216638093
              ], 
              [
                -132.46883380525188, 
                65.38334789975937
              ], 
              [
                -132.4966356818793, 
                65.37187570005958
              ], 
              [
                -132.52986365075373, 
                65.35254873141868
              ], 
              [
                -132.5534281022765, 
                65.32702057194147
              ], 
              [
                -132.55218788142454, 
                65.29689322262408
              ], 
              [
                -132.55446163117423, 
                65.28412913347957
              ], 
              [
                -132.57376277124087, 
                65.27937489590167
              ], 
              [
                -132.59714636962468, 
                65.27911652423293
              ], 
              [
                -132.61192583472086, 
                65.27994334995279
              ], 
              [
                -132.6297800318712, 
                65.27878062272231
              ], 
              [
                -132.64665240252594, 
                65.27428478486281
              ], 
              [
                -132.66233619068987, 
                65.26645579821441
              ], 
              [
                -132.6766505645425, 
                65.25560374917544
              ], 
              [
                -132.68975053824568, 
                65.24263296388841
              ], 
              [
                -132.70029251648057, 
                65.23353790191089
              ], 
              [
                -132.71341832814247, 
                65.22857696201291
              ], 
              [
                -132.73445065395254, 
                65.2281118867361
              ], 
              [
                -132.751297176485, 
                65.22927461070063
              ], 
              [
                -132.77114090618718, 
                65.2295071398651
              ], 
              [
                -132.7813211769794, 
                65.22619985765583
              ], 
              [
                -132.769125548464, 
                65.21674307820759
              ], 
              [
                -132.75630978030736, 
                65.21503774622053
              ], 
              [
                -132.73703447460176, 
                65.21369416219807
              ], 
              [
                -132.72021378905598, 
                65.20878489637867
              ], 
              [
                -132.71465856707633, 
                65.19643422498608
              ], 
              [
                -132.72517471834442, 
                65.19116322637733
              ], 
              [
                -132.7474214200667, 
                65.18963877051716
              ], 
              [
                -132.77152849376628, 
                65.18930288644776
              ], 
              [
                -132.7877290531405, 
                65.18785594388717
              ], 
              [
                -132.77145096775507, 
                65.17514353609337
              ], 
              [
                -132.74460507439912, 
                65.16382640643265
              ], 
              [
                -132.7158212925707, 
                65.1564366704798
              ], 
              [
                -132.69357459416443, 
                65.1556615271678
              ], 
              [
                -132.69295447987437, 
                65.1674437572185
              ], 
              [
                -132.6788209667363, 
                65.17108693801084
              ], 
              [
                -132.65980404084445, 
                65.17044098450572
              ], 
              [
                -132.6446886871941, 
                65.16938161912452
              ], 
              [
                -132.62655025966382, 
                65.17214630910355
              ], 
              [
                -132.61404456867896, 
                65.17876089514411
              ], 
              [
                -132.60334753447285, 
                65.18617645412631
              ], 
              [
                -132.59079015635842, 
                65.19116322637733
              ], 
              [
                -132.57440874064937, 
                65.18909617920266
              ], 
              [
                -132.55358313017322, 
                65.18062123856924
              ], 
              [
                -132.53534135285446, 
                65.16899404401683
              ], 
              [
                -132.5266338701629, 
                65.15741852008517
              ], 
              [
                -132.53376522984632, 
                65.13721304384539
              ], 
              [
                -132.5488547464223, 
                65.11871287899723
              ], 
              [
                -132.55293717581296, 
                65.10305491409959
              ], 
              [
                -132.52691810084983, 
                65.09142772330416
              ], 
              [
                -132.50325029270326, 
                65.08690603352782
              ], 
              [
                -132.47906572087334, 
                65.08318532935526
              ], 
              [
                -132.45475195698845, 
                65.08116994756331
              ], 
              [
                -132.43085161376138, 
                65.08194509746363
              ], 
              [
                -132.41059444724095, 
                65.08424469640602
              ], 
              [
                -132.3900272259343, 
                65.08496816498155
              ], 
              [
                -132.37064856668013, 
                65.08093740525145
              ], 
              [
                -132.353853729133, 
                65.06900015133789
              ], 
              [
                -132.35000383124682, 
                65.06215302183877
              ], 
              [
                -132.3434926019943, 
                65.04928559071398
              ], 
              [
                -132.33723975329747, 
                65.03685740807619
              ], 
              [
                -132.33442338869062, 
                65.03148306015844
              ], 
              [
                -132.34705827596667, 
                65.02065684764487
              ], 
              [
                -132.36878821540176, 
                65.01765961461363
              ], 
              [
                -132.39188758013142, 
                65.01732371699168
              ], 
              [
                -132.4088116116273, 
                65.01422313104882
              ], 
              [
                -132.4183459141438, 
                65.00595490207692
              ], 
              [
                -132.42237678140262, 
                64.99722166085743
              ], 
              [
                -132.42568392067972, 
                64.98903083624036
              ], 
              [
                -132.43302186410097, 
                64.98244201342106
              ], 
              [
                -132.4510054701346, 
                64.97773960696107
              ], 
              [
                -132.47201194757042, 
                64.97598261342134
              ], 
              [
                -132.49213962723516, 
                64.97298517183059
              ], 
              [
                -132.5074619667572, 
                64.96451043566643
              ], 
              [
                -132.5134307203775, 
                64.9433748653878
              ], 
              [
                -132.49921932963431, 
                64.92482275939734
              ], 
              [
                -132.48252794265431, 
                64.90497908104412
              ], 
              [
                -132.48121022605056, 
                64.8799160344711
              ], 
              [
                -132.50257826845862, 
                64.86467137104387
              ], 
              [
                -132.54004388270906, 
                64.85640328609546
              ], 
              [
                -132.5801965651374, 
                64.8488327558211
              ], 
              [
                -132.60970371907024, 
                64.83562936507452
              ], 
              [
                -132.61998729977097, 
                64.82224514765045
              ], 
              [
                -132.615310829156, 
                64.81552738908117
              ], 
              [
                -132.60257259993233, 
                64.81043726756506
              ], 
              [
                -132.58856827669243, 
                64.80201400223518
              ], 
              [
                -132.58097177199548, 
                64.79191120971747
              ], 
              [
                -132.57601066828704, 
                64.78255765583765
              ], 
              [
                -132.56911167644742, 
                64.77496108448295
              ], 
              [
                -132.55554675498678, 
                64.77062036774036
              ], 
              [
                -132.535496229506, 
                64.77074950667728
              ], 
              [
                -132.51821071618085, 
                64.77506467219794
              ], 
              [
                -132.50138991950905, 
                64.78051645079857
              ], 
              [
                -132.48276042483536, 
                64.78426289119875
              ], 
              [
                -132.46304590359398, 
                64.78369447654438
              ], 
              [
                -132.4429955561777, 
                64.7800772046652
              ], 
              [
                -132.42279030399658, 
                64.77614996368538
              ], 
              [
                -132.4027398278036, 
                64.7744963039334
              ], 
              [
                -132.36168275012457, 
                64.77369520940498
              ], 
              [
                -132.32060017495886, 
                64.76857937885417
              ], 
              [
                -132.28057637482087, 
                64.75775287418767
              ], 
              [
                -132.24264599259783, 
                64.73992459105564
              ], 
              [
                -132.19970275256694, 
                64.71832375274778
              ], 
              [
                -132.15867181861282, 
                64.7058698430868
              ], 
              [
                -132.11583205540666, 
                64.70003040616298
              ], 
              [
                -132.06735978499796, 
                64.69842859791933
              ], 
              [
                -132.05376870785236, 
                64.69641308954061
              ], 
              [
                -132.04252905369222, 
                64.69090952821578
              ], 
              [
                -132.0332530092083, 
                64.68215028196711
              ], 
              [
                -132.02565670446683, 
                64.67052317917432
              ], 
              [
                -132.0156831380709, 
                64.65894764882331
              ], 
              [
                -132.0023765571376, 
                64.65083452093431
              ], 
              [
                -131.98806207540497, 
                64.64359974122947
              ], 
              [
                -131.9752722714627, 
                64.63476315334385
              ], 
              [
                -131.9661253547203, 
                64.62460859777818
              ], 
              [
                -131.95827070834477, 
                64.61409256792203
              ], 
              [
                -131.94951158530623, 
                64.60440326088407
              ], 
              [
                -131.93760023445327, 
                64.5965226531353
              ], 
              [
                -131.92320837551154, 
                64.59042485371828
              ], 
              [
                -131.9084028268601, 
                64.58458523477648
              ], 
              [
                -131.89372680571796, 
                64.57864250737734
              ], 
              [
                -131.879825948919, 
                64.57207967506245
              ], 
              [
                -131.86344421294854, 
                64.56303607686984
              ], 
              [
                -131.8487165220665, 
                64.55580144347671
              ], 
              [
                -131.83316197465916, 
                64.55164153333969
              ], 
              [
                -131.81409353064225, 
                64.55202922292649
              ], 
              [
                -131.7939394453698, 
                64.55357931430213
              ], 
              [
                -131.77512940310058, 
                64.55290765079351
              ], 
              [
                -131.75655168197284, 
                64.55053050391204
              ], 
              [
                -131.73694054972148, 
                64.54699072146998
              ], 
              [
                -131.68172430011768, 
                64.52115251785357
              ], 
              [
                -131.71177401945693, 
                64.48991402328025
              ], 
              [
                -131.77161542421092, 
                64.4571512359573
              ], 
              [
                -131.80582507100107, 
                64.42655867653669
              ], 
              [
                -131.80949431114638, 
                64.41627522276768
              ], 
              [
                -131.81652238291437, 
                64.40392461224975
              ], 
              [
                -131.82324004991563, 
                64.39302068769973
              ], 
              [
                -131.82608210151483, 
                64.38702611024208
              ], 
              [
                -131.818614900082, 
                64.37751767894443
              ], 
              [
                -131.80375806729637, 
                64.37715604742736
              ], 
              [
                -131.7871184307301, 
                64.38098023103991
              ], 
              [
                -131.77412175027058, 
                64.38418412703096
              ], 
              [
                -131.75205589677515, 
                64.38743973010563
              ], 
              [
                -131.72810375070364, 
                64.39054022859747
              ], 
              [
                -131.7041773911125, 
                64.39250380776386
              ], 
              [
                -131.68218937890157, 
                64.39229732812485
              ], 
              [
                -131.6653685946066, 
                64.38839567991039
              ], 
              [
                -131.6501756358607, 
                64.38141929703217
              ], 
              [
                -131.63529276160654, 
                64.37395200796962
              ], 
              [
                -131.61942806208103, 
                64.36865514850093
              ], 
              [
                -131.59891294273297, 
                64.36893967871879
              ], 
              [
                -131.583203286959, 
                64.37591598255361
              ], 
              [
                -131.56808762095807, 
                64.38459739707291
              ], 
              [
                -131.54940663335665, 
                64.38963587958575
              ], 
              [
                -131.53914887192877, 
                64.38932582841058
              ], 
              [
                -131.52883971521976, 
                64.38793077828267
              ], 
              [
                -131.51847852135066, 
                64.38707806733521
              ], 
              [
                -131.50803969672555, 
                64.38839567991039
              ], 
              [
                -131.50044313490946, 
                64.39214212903549
              ], 
              [
                -131.49416460834513, 
                64.39741324230314
              ], 
              [
                -131.4878084726104, 
                64.40299434539402
              ], 
              [
                -131.48026352273135, 
                64.40728334936101
              ], 
              [
                -131.463468633061, 
                64.40981545860198
              ], 
              [
                -131.44388336742708, 
                64.41082322306639
              ], 
              [
                -131.42657198483408, 
                64.41586183858912
              ], 
              [
                -131.41649493383045, 
                64.43038280911219
              ], 
              [
                -131.4151772272286, 
                64.44025303789503
              ], 
              [
                -131.414324416896, 
                64.44893456881361
              ], 
              [
                -131.41122401130013, 
                64.45647945998729
              ], 
              [
                -131.40303336323962, 
                64.46309409361902
              ], 
              [
                -131.38445547713798, 
                64.46789984821133
              ], 
              [
                -131.3667564744882, 
                64.46459268443571
              ], 
              [
                -131.3494704259923, 
                64.4574611309057
              ], 
              [
                -131.3319266106598, 
                64.45089846917874
              ], 
              [
                -131.3126769777305, 
                64.44604076527366
              ], 
              [
                -131.2925229587892, 
                64.44154476125442
              ], 
              [
                -131.27226614248724, 
                64.4372041936768
              ], 
              [
                -131.25273229507405, 
                64.43312164183641
              ], 
              [
                -131.21580966693386, 
                64.42978864528854
              ], 
              [
                -131.1797653545918, 
                64.42978864528854
              ], 
              [
                -131.14560686501693, 
                64.42412980545326
              ], 
              [
                -131.11413595692807, 
                64.40384683499468
              ], 
              [
                -131.10287046175372, 
                64.3946742436842
              ], 
              [
                -131.0916311100335, 
                64.38862830122712
              ], 
              [
                -131.0800294641634, 
                64.38320206483034
              ], 
              [
                -131.06773047107094, 
                64.37560562887231
              ], 
              [
                -131.0678341373931, 
                64.37271197768935
              ], 
              [
                -131.07005594646225, 
                64.3678541895354
              ], 
              [
                -131.07191659769342, 
                64.36258341444086
              ], 
              [
                -131.07080551141127, 
                64.35839759168695
              ], 
              [
                -131.0619170184601, 
                64.35271307493599
              ], 
              [
                -131.0515300384039, 
                64.34852727208538
              ], 
              [
                -131.04070370654125, 
                64.34516821608632
              ], 
              [
                -131.03073046835758, 
                64.34188699344767
              ], 
              [
                -131.00349690218687, 
                64.32522128006939
              ], 
              [
                -131.01316026242358, 
                64.31178531051417
              ], 
              [
                -131.0390502006117, 
                64.29785854539017
              ], 
              [
                -131.06052167034287, 
                64.27951334697109
              ], 
              [
                -131.0342960130665, 
                64.27525013819728
              ], 
              [
                -131.00357425166573, 
                64.27209778557494
              ], 
              [
                -130.97528145059266, 
                64.26442386991837
              ], 
              [
                -130.9566262874648, 
                64.24656968237272
              ], 
              [
                -130.95016693137043, 
                64.23153198667279
              ], 
              [
                -130.94344903498637, 
                64.21845787931106
              ], 
              [
                -130.9334751939657, 
                64.20840659970685
              ], 
              [
                -130.91722303534604, 
                64.20238635442473
              ], 
              [
                -130.87265212872194, 
                64.19047494861265
              ], 
              [
                -130.88200544284825, 
                64.18109558692124
              ], 
              [
                -130.91476866693327, 
                64.16926195478156
              ], 
              [
                -130.94050316790006, 
                64.1500380544
              ], 
              [
                -130.9419762116767, 
                64.12890258982968
              ], 
              [
                -130.92779088536642, 
                64.1131670070834
              ], 
              [
                -130.90600924485247, 
                64.10135892616013
              ], 
              [
                -130.88471841655772, 
                64.09200538917032
              ], 
              [
                -130.8696034439816, 
                64.0848226486009
              ], 
              [
                -130.85934538828684, 
                64.07717432654623
              ], 
              [
                -130.85655482607106, 
                64.06673566175878
              ], 
              [
                -130.8639962436443, 
                64.0512069020037
              ], 
              [
                -130.86257526595105, 
                64.0418793979211
              ], 
              [
                -130.84407525542164, 
                64.04275800967334
              ], 
              [
                -130.82231913991558, 
                64.04787372683293
              ], 
              [
                -130.81136372756293, 
                64.05105182124093
              ], 
              [
                -130.79472416564252, 
                64.05260229954065
              ], 
              [
                -130.7739503418752, 
                64.0518272271171
              ], 
              [
                -130.75674173624458, 
                64.04671099796981
              ], 
              [
                -130.7507992866445, 
                64.03531659748757
              ], 
              [
                -130.7578785679188, 
                64.02430922891119
              ], 
              [
                -130.7687824314534, 
                64.01821151079061
              ], 
              [
                -130.77539699069612, 
                64.01058921841489
              ], 
              [
                -130.76942840299316, 
                63.99506047987584
              ], 
              [
                -130.73994687771824, 
                63.9734079660314
              ], 
              [
                -130.6965390063708, 
                63.95955892823437
              ], 
              [
                -130.65090860080244, 
                63.95010205576987
              ], 
              [
                -130.6147865948997, 
                63.941420282202955
              ], 
              [
                -130.60315969291966, 
                63.936227019534044
              ], 
              [
                -130.592307710653, 
                63.93031011964553
              ], 
              [
                -130.5811195229451, 
                63.92555570840705
              ], 
              [
                -130.5685364075006, 
                63.9239538101713
              ], 
              [
                -130.56202528050105, 
                63.92565921018556
              ], 
              [
                -130.55621143423238, 
                63.92901799393601
              ], 
              [
                -130.55047533709177, 
                63.93242862775647
              ], 
              [
                -130.5440933239687, 
                63.934237322077585
              ], 
              [
                -130.5298306958784, 
                63.93382396176162
              ], 
              [
                -130.52089063401746, 
                63.93041328736426
              ], 
              [
                -130.5129324362257, 
                63.92483221323099
              ], 
              [
                -130.50161531283558, 
                63.91785590568003
              ], 
              [
                -130.48414861238965, 
                63.91051780260344
              ], 
              [
                -130.4668369702703, 
                63.9051175872339
              ], 
              [
                -130.4498356966659, 
                63.899149163659196
              ], 
              [
                -130.43332478546213, 
                63.890053895028416
              ], 
              [
                -130.4247208385515, 
                63.88300019529161
              ], 
              [
                -130.41634905369105, 
                63.874912681175864
              ], 
              [
                -130.4078742694201, 
                63.86669624175788
              ], 
              [
                -130.39888243656142, 
                63.859513117106374
              ], 
              [
                -130.3624765592154, 
                63.84152984516152
              ], 
              [
                -130.32255650862587, 
                63.83029021587911
              ], 
              [
                -130.28152548885237, 
                63.8215311121623
              ], 
              [
                -130.24178620470403, 
                63.81111823008071
              ], 
              [
                -130.22212354306467, 
                63.80538231221562
              ], 
              [
                -130.20253814346697, 
                63.80153239214288
              ], 
              [
                -130.18308197381236, 
                63.800214649513265
              ], 
              [
                -130.16385812197205, 
                63.801997322284876
              ], 
              [
                -130.15073220868476, 
                63.80597633423983
              ], 
              [
                -130.1395704551526, 
                63.81003319942745
              ], 
              [
                -130.12814958751497, 
                63.81052384425434
              ], 
              [
                -130.1144039156276, 
                63.80396113172789
              ], 
              [
                -130.0979965877234, 
                63.78230866100503
              ], 
              [
                -130.10789274008764, 
                63.766624949404665
              ], 
              [
                -130.1320515237262, 
                63.75745242226987
              ], 
              [
                -130.15863903963984, 
                63.755385357969836
              ], 
              [
                -130.1698526008457, 
                63.75680629191662
              ], 
              [
                -130.18450290546468, 
                63.758666670514216
              ], 
              [
                -130.1988433445067, 
                63.758796033440426
              ], 
              [
                -130.20925610631326, 
                63.75523032960379
              ], 
              [
                -130.21150369855238, 
                63.751354348750326
              ], 
              [
                -130.21189156676155, 
                63.747427159935306
              ], 
              [
                -130.21341598706425, 
                63.74386146105684
              ], 
              [
                -130.2188419718942, 
                63.74117425549199
              ], 
              [
                -130.2389957787917, 
                63.73869378622522
              ], 
              [
                -130.25914959741434, 
                63.73864211737044
              ], 
              [
                -130.27883820780914, 
                63.73698838822679
              ], 
              [
                -130.2977776490617, 
                63.729805386442095
              ], 
              [
                -130.3151669127447, 
                63.71512938730386
              ], 
              [
                -130.31795731820756, 
                63.703011172654634
              ], 
              [
                -130.3081385937333, 
                63.69394180682845
              ], 
              [
                -130.28777839726882, 
                63.688567695046984
              ], 
              [
                -130.27597021470677, 
                63.68412343448988
              ], 
              [
                -130.27284358208436, 
                63.677457018172305
              ], 
              [
                -130.2681929433537, 
                63.67084261549965
              ], 
              [
                -130.251914821705, 
                63.66676014313062
              ], 
              [
                -130.2223559921542, 
                63.669860797777986
              ], 
              [
                -130.18992877701555, 
                63.68027340681028
              ], 
              [
                -130.1576571369967, 
                63.69285683776274
              ], 
              [
                -130.12856323114397, 
                63.702571951574555
              ], 
              [
                -130.11184575127467, 
                63.70283021742379
              ], 
              [
                -130.09450826223852, 
                63.69753334803838
              ], 
              [
                -130.08577528340217, 
                63.68789594819109
              ], 
              [
                -130.09502530869787, 
                63.6750801515663
              ], 
              [
                -130.10670408525186, 
                63.665829996271356
              ], 
              [
                -130.10556737644012, 
                63.66133427663516
              ], 
              [
                -130.09675637985308, 
                63.656941656127735
              ], 
              [
                -130.08554246446087, 
                63.64815656475318
              ], 
              [
                -130.08598182115472, 
                63.643350736813076
              ], 
              [
                -130.09078774199853, 
                63.63813142682665
              ], 
              [
                -130.09373311685135, 
                63.633273706209245
              ], 
              [
                -130.0886174430369, 
                63.62937235484597
              ], 
              [
                -130.08029739121247, 
                63.6274343792066
              ], 
              [
                -130.07169315503933, 
                63.62611654680984
              ], 
              [
                -130.06298572304442, 
                63.62531559794705
              ], 
              [
                -130.05451071739603, 
                63.62505716319643
              ], 
              [
                -130.03347876917744, 
                63.62603928571159
              ], 
              [
                -130.00397118640785, 
                63.627046720388876
              ], 
              [
                -129.97503236454602, 
                63.62505716319643
              ], 
              [
                -129.95580885631713, 
                63.617254114997856
              ], 
              [
                -129.95136476164117, 
                63.607177269883316
              ], 
              [
                -129.95353493574333, 
                63.59741024683332
              ], 
              [
                -129.95671339296706, 
                63.589090609197164
              ], 
              [
                -129.95539553097433, 
                63.58325108712535
              ], 
              [
                -129.9396342108213, 
                63.57642979202132
              ], 
              [
                -129.92152169617393, 
                63.574285275790466
              ], 
              [
                -129.90333132943053, 
                63.571675418832
              ], 
              [
                -129.88718255419462, 
                63.56343311065575
              ], 
              [
                -129.87431497506765, 
                63.54836931994388
              ], 
              [
                -129.86366991669954, 
                63.53100625363836
              ], 
              [
                -129.85266261108862, 
                63.51374615488835
              ], 
              [
                -129.8384515532904, 
                63.49881163780952
              ], 
              [
                -129.82284534020093, 
                63.477934411010125
              ], 
              [
                -129.83938198309053, 
                63.46920123298763
              ], 
              [
                -129.86950922014807, 
                63.46424020321804
              ], 
              [
                -129.89441730340465, 
                63.45480928679329
              ], 
              [
                -129.90909319591873, 
                63.43907365117881
              ], 
              [
                -129.9143901222905, 
                63.42599958377056
              ], 
              [
                -129.9123230485912, 
                63.4125120217449
              ], 
              [
                -129.90495933551992, 
                63.3956656405782
              ], 
              [
                -129.90671642861327, 
                63.38378013208309
              ], 
              [
                -129.91888619010643, 
                63.37334146302812
              ], 
              [
                -129.93459558223773, 
                63.36517640402254
              ], 
              [
                -129.94692062161073, 
                63.360215625724095
              ], 
              [
                -129.97133782269935, 
                63.353239371743165
              ], 
              [
                -129.9952897527324, 
                63.34977697828876
              ], 
              [
                -130.01939695804597, 
                63.34786506339781
              ], 
              [
                -130.04414985645838, 
                63.34533283263924
              ], 
              [
                -130.06572476411816, 
                63.34060443877485
              ], 
              [
                -130.08742896252696, 
                63.333137265924336
              ], 
              [
                -130.10877126705338, 
                63.324662284970515
              ], 
              [
                -130.12941586131922, 
                63.31654897866144
              ], 
              [
                -130.13553937954703, 
                63.309934289608
              ], 
              [
                -130.14112054545419, 
                63.29779041150507
              ], 
              [
                -130.1449961508428, 
                63.28497456121075
              ], 
              [
                -130.14608158412193, 
                63.27644812336872
              ], 
              [
                -130.14711518816785, 
                63.27133221264202
              ], 
              [
                -130.1498023216339, 
                63.26967853603595
              ], 
              [
                -130.15006049949923, 
                63.26810224938135
              ], 
              [
                -130.14357517836052, 
                63.263399749165444
              ], 
              [
                -130.13367925350735, 
                63.26203040736368
              ], 
              [
                -130.11864141004784, 
                63.26399411089062
              ], 
              [
                -130.10319028526948, 
                63.267094795657066
              ], 
              [
                -130.09218284287832, 
                63.269187415926986
              ], 
              [
                -130.05802492027084, 
                63.26952346296439
              ], 
              [
                -130.03435693533197, 
                63.261539318276654
              ], 
              [
                -130.01466825781043, 
                63.24575220132753
              ], 
              [
                -129.99247338868918, 
                63.22260128030914
              ], 
              [
                -129.98371433637647, 
                63.21283451293762
              ], 
              [
                -129.97735781657158, 
                63.207046509797166
              ], 
              [
                -129.96852107015138, 
                63.20474685119162
              ], 
              [
                -129.95260503360936, 
                63.20539303741189
              ], 
              [
                -129.9323477042456, 
                63.206374762912056
              ], 
              [
                -129.91772315135702, 
                63.20404922944964
              ], 
              [
                -129.9053466893717, 
                63.19691791598589
              ], 
              [
                -129.89193695610055, 
                63.18337891836447
              ], 
              [
                -129.8793796441455, 
                63.16524053766695
              ], 
              [
                -129.86687395115277, 
                63.14400152578079
              ], 
              [
                -129.85261101707428, 
                63.12529447604432
              ], 
              [
                -129.83519603231295, 
                63.11480414010115
              ], 
              [
                -129.84886470530068, 
                63.09862961127343
              ], 
              [
                -129.84467888924246, 
                63.09131737736288
              ], 
              [
                -129.8296926098984, 
                63.088810983157586
              ], 
              [
                -129.81106319280752, 
                63.087002259715184
              ], 
              [
                -129.79152971712696, 
                63.081369693679406
              ], 
              [
                -129.77416603264635, 
                63.07328202485712
              ], 
              [
                -129.75659612414856, 
                63.06627992842315
              ], 
              [
                -129.736494188444, 
                63.063851285351156
              ], 
              [
                -129.70440284332167, 
                63.069173743817835
              ], 
              [
                -129.65608552243336, 
                63.07578843629814
              ], 
              [
                -129.61381420317832, 
                63.07219692551831
              ], 
              [
                -129.5997066471548, 
                63.046746367006996
              ], 
              [
                -129.6073032328203, 
                63.037082989157184
              ], 
              [
                -129.62254738908527, 
                63.02778093323609
              ], 
              [
                -129.63918746717934, 
                63.019667936402705
              ], 
              [
                -129.65122808804117, 
                63.013363420789446
              ], 
              [
                -129.66383682894488, 
                63.00256281142432
              ], 
              [
                -129.66652440059426, 
                62.99501835615258
              ], 
              [
                -129.66649817808212, 
                62.98705989171161
              ], 
              [
                -129.67107159568297, 
                62.975587763734566
              ], 
              [
                -129.67908180302163, 
                62.968405015600524
              ], 
              [
                -129.6900887960117, 
                62.962462158546906
              ], 
              [
                -129.70052726867834, 
                62.95662259415263
              ], 
              [
                -129.7067284130697, 
                62.9498012847627
              ], 
              [
                -129.70758134574467, 
                62.94520228982681
              ], 
              [
                -129.70796859480123, 
                62.93910422336198
              ], 
              [
                -129.70804635270036, 
                62.933678382634305
              ], 
              [
                -129.7083304047306, 
                62.9308877271487
              ], 
              [
                -129.71701201948184, 
                62.91768438011306
              ], 
              [
                -129.7210430562, 
                62.909338845504365
              ], 
              [
                -129.7172187551203, 
                62.9021039573323
              ], 
              [
                -129.70243951584808, 
                62.892311442040366
              ], 
              [
                -129.7211979393577, 
                62.88835810208887
              ], 
              [
                -129.74496903865912, 
                62.88892649798666
              ], 
              [
                -129.76522639953726, 
                62.88525762404086
              ], 
              [
                -129.77328785105007, 
                62.868643595165494
              ], 
              [
                -129.76450278795747, 
                62.851564482345246
              ], 
              [
                -129.74473657336324, 
                62.83936886024834
              ], 
              [
                -129.72207634322174, 
                62.83063545458294
              ], 
              [
                -129.70450643019907, 
                62.82396925272439
              ], 
              [
                -129.69249165423355, 
                62.81417656357024
              ], 
              [
                -129.68099340318273, 
                62.79993951849606
              ], 
              [
                -129.66884956899102, 
                62.78526350987613
              ], 
              [
                -129.654897091721, 
                62.774153199355716
              ], 
              [
                -129.64626707772325, 
                62.76950228163555
              ], 
              [
                -129.64053090422064, 
                62.76567815688321
              ], 
              [
                -129.63650023614565, 
                62.76154411415153
              ], 
              [
                -129.63301214332967, 
                62.7558597581204
              ], 
              [
                -129.63567334390132, 
                62.75534288958279
              ], 
              [
                -129.64094440038656, 
                62.75312084835559
              ], 
              [
                -129.6460861622533, 
                62.750588670926994
              ], 
              [
                -129.64830832462684, 
                62.74924514223879
              ], 
              [
                -129.645957065471, 
                62.746454628364724
              ], 
              [
                -129.64221043416111, 
                62.74356067950108
              ], 
              [
                -129.63867058998596, 
                62.74139026211081
              ], 
              [
                -129.63717200799675, 
                62.740925201528924
              ], 
              [
                -129.63458813994794, 
                62.73622261077115
              ], 
              [
                -129.6298339467053, 
                62.732967023770875
              ], 
              [
                -129.62575159548032, 
                62.72810950694993
              ], 
              [
                -129.62510549225755, 
                62.71854925333239
              ], 
              [
                -129.62569974774536, 
                62.71072025536714
              ], 
              [
                -129.62420132359583, 
                62.70537189265902
              ], 
              [
                -129.61986035496804, 
                62.702167840463574
              ], 
              [
                -129.612057330878, 
                62.700436769154216
              ], 
              [
                -129.60190283283163, 
                62.70061757624986
              ], 
              [
                -129.59151597856916, 
                62.70211627628938
              ], 
              [
                -129.58110309429546, 
                62.70299471174722
              ], 
              [
                -129.57107788946408, 
                62.701444437232155
              ], 
              [
                -129.56477337716277, 
                62.697775419544804
              ], 
              [
                -129.56050993129227, 
                62.69278853473877
              ], 
              [
                -129.5566601538144, 
                62.68780184968976
              ], 
              [
                -129.55190583518888, 
                62.68397772704098
              ], 
              [
                -129.54394767559216, 
                62.68160061985188
              ], 
              [
                -129.53314739202114, 
                62.679430279087356
              ], 
              [
                -129.52301868903265, 
                62.6766396574038
              ], 
              [
                -129.5169209487464, 
                62.67255728063015
              ], 
              [
                -129.5160425047902, 
                62.666692048175065
              ], 
              [
                -129.51883306865267, 
                62.66167946228606
              ], 
              [
                -129.52226944679452, 
                62.657648619121055
              ], 
              [
                -129.5232770802186, 
                62.6548322106804
              ], 
              [
                -129.5220885413333, 
                62.65162828660497
              ], 
              [
                -129.5211583736352, 
                62.647752560515706
              ], 
              [
                -129.51989236172096, 
                62.64346346357906
              ], 
              [
                -129.5177218369099, 
                62.63896752505516
              ], 
              [
                -129.51325186362703, 
                62.63628038052448
              ], 
              [
                -129.5062755806178, 
                62.63460092364992
              ], 
              [
                -129.49904085504664, 
                62.632456331729884
              ], 
              [
                -129.49387333713096, 
                62.62839982900316
              ], 
              [
                -129.49547527485072, 
                62.60765171642042
              ], 
              [
                -129.52239865916718, 
                62.59902172333243
              ], 
              [
                -129.5537662951922, 
                62.5929756127728
              ], 
              [
                -129.56885585504037, 
                62.580108213955945
              ], 
              [
                -129.55195748626642, 
                62.566362148336474
              ], 
              [
                -129.51413045776675, 
                62.57191745633438
              ], 
              [
                -129.47433956068244, 
                62.584138897647925
              ], 
              [
                -129.4515503529701, 
                62.59039182391187
              ], 
              [
                -129.41894236360758, 
                62.58057317686164
              ], 
              [
                -129.39137316106633, 
                62.56426939735945
              ], 
              [
                -129.36452722421038, 
                62.54760372453521
              ], 
              [
                -129.33419313061796, 
                62.536751651794916
              ], 
              [
                -129.297606123073, 
                62.53215237774699
              ], 
              [
                -129.24543872550979, 
                62.52357405939217
              ], 
              [
                -129.19694048707134, 
                62.507166864241306
              ], 
              [
                -129.17161904057403, 
                62.47908072791381
              ], 
              [
                -129.1789053751801, 
                62.46853870143984
              ], 
              [
                -129.19947271029548, 
                62.46254432453271
              ], 
              [
                -129.22283042870365, 
                62.45965042245902
              ], 
              [
                -129.23856587189732, 
                62.45815178194876
              ], 
              [
                -129.255877498544, 
                62.45737665310893
              ], 
              [
                -129.26949414167095, 
                62.45727322498258
              ], 
              [
                -129.2774522749266, 
                62.45288069916035
              ], 
              [
                -129.27776250556045, 
                62.4390832259359
              ], 
              [
                -129.2826199040823, 
                62.43045311734228
              ], 
              [
                -129.29551336129234, 
                62.42784360267667
              ], 
              [
                -129.304685755043, 
                62.4229858829313
              ], 
              [
                -129.29832953739302, 
                62.40761213187842
              ], 
              [
                -129.2824391665273, 
                62.39743197752003
              ], 
              [
                -129.25931388509898, 
                62.3913340984381
              ], 
              [
                -129.2350776370272, 
                62.385856395442474
              ], 
              [
                -129.21575073020526, 
                62.37756238824464
              ], 
              [
                -129.2395735806699, 
                62.36900995097688
              ], 
              [
                -129.27065693490923, 
                62.35578076893751
              ], 
              [
                -129.2977353643632, 
                62.33934764729064
              ], 
              [
                -129.3093883292819, 
                62.32120916495059
              ], 
              [
                -129.3065462429933, 
                62.31578323096392
              ], 
              [
                -129.29987986566937, 
                62.30800583508849
              ], 
              [
                -129.29254186650164, 
                62.29991851663024
              ], 
              [
                -129.28776178560796, 
                62.29369149907789
              ], 
              [
                -129.28339504596795, 
                62.281624987408854
              ], 
              [
                -129.28168983469388, 
                62.27263337570218
              ], 
              [
                -129.2772456749004, 
                62.26521781866438
              ], 
              [
                -129.26440400932213, 
                62.2578021936505
              ], 
              [
                -129.25285437814978, 
                62.25061920923897
              ], 
              [
                -129.24603301381129, 
                62.24214421618506
              ], 
              [
                -129.24034877581343, 
                62.23330767767025
              ], 
              [
                -129.2322095791346, 
                62.22506516464948
              ], 
              [
                -129.21657744547753, 
                62.21847640801644
              ], 
              [
                -129.20420092912974, 
                62.2158409006901
              ], 
              [
                -129.20179813350595, 
                62.21051835270121
              ], 
              [
                -129.21606070879156, 
                62.195893829932075
              ], 
              [
                -129.233165600468, 
                62.18855576972315
              ], 
              [
                -129.25915897854685, 
                62.18134701038083
              ], 
              [
                -129.28313669291427, 
                62.17292363495208
              ], 
              [
                -129.29411799251466, 
                62.161994114720876
              ], 
              [
                -129.28760676543715, 
                62.15336415348092
              ], 
              [
                -129.27135448646808, 
                62.151193710987364
              ], 
              [
                -129.25259609088639, 
                62.15194313539572
              ], 
              [
                -129.23879849318132, 
                62.15181395271664
              ], 
              [
                -129.21683599359565, 
                62.14623288553895
              ], 
              [
                -129.19564853029343, 
                62.1385588366393
              ], 
              [
                -129.17479702368223, 
                62.12979962954835
              ], 
              [
                -129.1537647657143, 
                62.12106635221867
              ], 
              [
                -129.13001939999504, 
                62.11605370277268
              ], 
              [
                -129.1100723420457, 
                62.118947617340496
              ], 
              [
                -129.09123633164316, 
                62.125562239110806
              ], 
              [
                -129.07079827942692, 
                62.131711717502746
              ], 
              [
                -129.0535382757292, 
                62.13434715583731
              ], 
              [
                -129.03413383788205, 
                62.13579414506119
              ], 
              [
                -129.0144710186712, 
                62.13641431211872
              ], 
              [
                -128.99664270009262, 
                62.13620764498784
              ], 
              [
                -128.9785042883319, 
                62.13282285155296
              ], 
              [
                -128.96165769417877, 
                62.12613069390723
              ], 
              [
                -128.94496609061326, 
                62.119593532800806
              ], 
              [
                -128.92734455612893, 
                62.116260504010974
              ], 
              [
                -128.9120999053239, 
                62.116983894369874
              ], 
              [
                -128.8937548515034, 
                62.11729401528431
              ], 
              [
                -128.8767017289561, 
                62.11372841997162
              ], 
              [
                -128.86564296462151, 
                62.10266965668658
              ], 
              [
                -128.86298150307871, 
                62.0929543889962
              ], 
              [
                -128.86060436849706, 
                62.082386545120535
              ], 
              [
                -128.8565478452768, 
                62.073472420728706
              ], 
              [
                -128.84853801325877, 
                62.06866652371677
              ], 
              [
                -128.82983107241355, 
                62.064635705912394
              ], 
              [
                -128.80412199696673, 
                62.05946802210707
              ], 
              [
                -128.7790848393482, 
                62.05688425817338
              ], 
              [
                -128.7624966181668, 
                62.06075992356454
              ], 
              [
                -128.75311745321335, 
                62.07130199872006
              ], 
              [
                -128.74590865343208, 
                62.082774216714824
              ], 
              [
                -128.73725286438972, 
                62.09437558560104
              ], 
              [
                -128.72355859687036, 
                62.10535681822404
              ], 
              [
                -128.6849562446406, 
                62.12034293879922
              ], 
              [
                -128.64550122939127, 
                62.123856889865735
              ], 
              [
                -128.60496107084091, 
                62.12269417234255
              ], 
              [
                -128.56312907168328, 
                62.12365024301014
              ], 
              [
                -128.5465926705926, 
                62.12178993637319
              ], 
              [
                -128.53594722736045, 
                62.11396087969704
              ], 
              [
                -128.52749805277247, 
                62.10297957633095
              ], 
              [
                -128.51749868641534, 
                62.09173996981772
              ], 
              [
                -128.50499306539027, 
                62.08285168453524
              ], 
              [
                -128.49181547045185, 
                62.07610782782043
              ], 
              [
                -128.47837978668994, 
                62.07001015777396
              ], 
              [
                -128.46494373382205, 
                62.063137049538
              ], 
              [
                -128.44618523867223, 
                62.05608325526879
              ], 
              [
                -128.42081211459174, 
                62.04913277848153
              ], 
              [
                -128.3968343125171, 
                62.04127800962207
              ], 
              [
                -128.38215816118228, 
                62.03114939385368
              ], 
              [
                -128.37983276804377, 
                62.02138258576715
              ], 
              [
                -128.3847420693992, 
                62.0151814445587
              ], 
              [
                -128.39063304244544, 
                62.00892848701493
              ], 
              [
                -128.39109811271072, 
                61.99895492049715
              ], 
              [
                -128.38127968496704, 
                61.990247515915456
              ], 
              [
                -128.36332210633026, 
                61.98420135847342
              ], 
              [
                -128.34386602074198, 
                61.97947303776304
              ], 
              [
                -128.32939657914167, 
                61.97482212675008
              ], 
              [
                -128.31756259982805, 
                61.968956791358586
              ], 
              [
                -128.30149126846305, 
                61.96115368030291
              ], 
              [
                -128.28635002299688, 
                61.95316963241206
              ], 
              [
                -128.27720339365888, 
                61.94671015649101
              ], 
              [
                -128.26733321203974, 
                61.93738257291189
              ], 
              [
                -128.2564811347611, 
                61.92826166268789
              ], 
              [
                -128.24655915155932, 
                61.91836554065469
              ], 
              [
                -128.23942796399737, 
                61.90671263169946
              ], 
              [
                -128.23637905474368, 
                61.89425861066524
              ], 
              [
                -128.23526783418254, 
                61.88226953819875
              ], 
              [
                -128.23250323482165, 
                61.87038402997259
              ], 
              [
                -128.22467434620916, 
                61.8583951697403
              ], 
              [
                -128.19875853265643, 
                61.84630281930356
              ], 
              [
                -128.1682693574886, 
                61.85017848833744
              ], 
              [
                -128.13630758933326, 
                61.85834344798839
              ], 
              [
                -128.10610256584621, 
                61.85924766692407
              ], 
              [
                -128.08429512767472, 
                61.85004927533226
              ], 
              [
                -128.0673969888882, 
                61.83596749149913
              ], 
              [
                -128.05243672347441, 
                61.819431081207284
              ], 
              [
                -128.0363394092605, 
                61.80310124581273
              ], 
              [
                -128.02768365439283, 
                61.79529814173982
              ], 
              [
                -128.01768422704555, 
                61.78532456049096
              ], 
              [
                -128.00874428565965, 
                61.77462760421886
              ], 
              [
                -128.0032665783023, 
                61.76478323810962
              ], 
              [
                -128.00246564375428, 
                61.75214839214874
              ], 
              [
                -128.00476508377264, 
                61.73907412491609
              ], 
              [
                -128.00572126351068, 
                61.72636185519636
              ], 
              [
                -128.00083777244396, 
                61.714786279381194
              ], 
              [
                -127.99458498936981, 
                61.70739660205707
              ], 
              [
                -127.98833216173232, 
                61.70036862307515
              ], 
              [
                -127.98132987042112, 
                61.69398647764824
              ], 
              [
                -127.9727516728637, 
                61.688689714452885
              ], 
              [
                -127.95407052153992, 
                61.6836770047538
              ], 
              [
                -127.93321913970054, 
                61.681816699030946
              ], 
              [
                -127.9132461309576, 
                61.67887108912155
              ], 
              [
                -127.89691645745742, 
                61.67034453983329
              ], 
              [
                -127.86988978404922, 
                61.64734860829755
              ], 
              [
                -127.83960725177033, 
                61.62691046470786
              ], 
              [
                -127.8068702474624, 
                61.6108649453488
              ], 
              [
                -127.77235048386174, 
                61.601201527634046
              ], 
              [
                -127.75069793280896, 
                61.599031016391024
              ], 
              [
                -127.72563503362, 
                61.59624062513953
              ], 
              [
                -127.70256143767027, 
                61.58967766319989
              ], 
              [
                -127.68677423516587, 
                61.575905851980885
              ], 
              [
                -127.68083137597452, 
                61.56451114295512
              ], 
              [
                -127.67620646639762, 
                61.556966488886346
              ], 
              [
                -127.66930757687456, 
                61.55117865875421
              ], 
              [
                -127.6566726783748, 
                61.54508083097488
              ], 
              [
                -127.63600208905801, 
                61.54001652844509
              ], 
              [
                -127.6133679083152, 
                61.53784619633179
              ], 
              [
                -127.5914054466253, 
                61.53438389211998
              ], 
              [
                -127.57249178102572, 
                61.52528876736993
              ], 
              [
                -127.56024458020929, 
                61.51722733423688
              ], 
              [
                -127.54794560235601, 
                61.512473114347685
              ], 
              [
                -127.53481964626734, 
                61.51019923724484
              ], 
              [
                -127.51993685879232, 
                61.50963081555463
              ], 
              [
                -127.47797554514442, 
                61.50808048146955
              ], 
              [
                -127.43268115813326, 
                61.505600017965705
              ], 
              [
                -127.38805863991175, 
                61.50647858269233
              ], 
              [
                -127.34816436968052, 
                61.514901789053425
              ], 
              [
                -127.3127143978005, 
                61.52161977387822
              ], 
              [
                -127.28098500364662, 
                61.51614201942777
              ], 
              [
                -127.25111609319674, 
                61.50324880383131
              ], 
              [
                -127.22132454834947, 
                61.48756494089324
              ], 
              [
                -127.19463384011769, 
                61.47914181890213
              ], 
              [
                -127.16830470954316, 
                61.47449094922332
              ], 
              [
                -127.1457477550235, 
                61.46518903716919
              ], 
              [
                -127.13050327657655, 
                61.442554816007274
              ], 
              [
                -127.1284363457589, 
                61.43087604339708
              ], 
              [
                -127.12784198123073, 
                61.41914542473265
              ], 
              [
                -127.1262141865075, 
                61.407724943856564
              ], 
              [
                -127.12078805452467, 
                61.39702783604271
              ], 
              [
                -127.10766238317684, 
                61.38865636964246
              ], 
              [
                -127.09032479415907, 
                61.384031209919364
              ], 
              [
                -127.07376258578621, 
                61.37909618245149
              ], 
              [
                -127.06316887209618, 
                61.36994941742919
              ], 
              [
                -127.0616186670417, 
                61.36044102454414
              ], 
              [
                -127.06435747945758, 
                61.35186270564365
              ], 
              [
                -127.06807822326658, 
                61.34333612774783
              ], 
              [
                -127.06911171337839, 
                61.33367260397773
              ], 
              [
                -127.0657010803627, 
                61.324060796249654
              ], 
              [
                -127.05944819068388, 
                61.316180106482896
              ], 
              [
                -127.05216185045404, 
                61.309074626455896
              ], 
              [
                -127.04552146066091, 
                61.30173660026346
              ], 
              [
                -127.03521200484165, 
                61.28375319488555
              ], 
              [
                -127.02839068741802, 
                61.264865435393695
              ], 
              [
                -127.02317131836567, 
                61.24530586678872
              ], 
              [
                -127.01774533574152, 
                61.225358798138686
              ], 
              [
                -127.01456725981176, 
                61.21585035455433
              ], 
              [
                -127.01149252357467, 
                61.20675531241682
              ], 
              [
                -127.00890866052981, 
                61.197479359092654
              ], 
              [
                -127.0072032912609, 
                61.187686638193405
              ], 
              [
                -127.00963214285866, 
                61.17724804464054
              ], 
              [
                -127.01697015202363, 
                61.16954822195713
              ], 
              [
                -127.02526428422664, 
                61.16228773458373
              ], 
              [
                -127.0306644794596, 
                61.15345107121511
              ], 
              [
                -127.0265303391628, 
                61.14226310411185
              ], 
              [
                -127.01578161925728, 
                61.13551931132717
              ], 
              [
                -127.01221598183221, 
                61.126966892037
              ], 
              [
                -127.0296825789685, 
                61.11037872547881
              ], 
              [
                -127.04425529754991, 
                61.10335070264246
              ], 
              [
                -127.06053346172138, 
                61.0992166600648
              ], 
              [
                -127.0772249430213, 
                61.09554762879952
              ], 
              [
                -127.09283119071827, 
                61.09006989749431
              ], 
              [
                -127.10270135658041, 
                61.08066476058139
              ], 
              [
                -127.10001420740811, 
                61.07074290616899
              ], 
              [
                -127.09094500816943, 
                61.06154451293835
              ], 
              [
                -127.0813589932367, 
                61.054258105573375
              ], 
              [
                -127.06802647567194, 
                61.045369761104475
              ], 
              [
                -127.05831137777906, 
                61.04273432165783
              ], 
              [
                -127.0482861486674, 
                61.04505976021442
              ], 
              [
                -127.03384253174168, 
                61.05089915260585
              ], 
              [
                -127.0130169489584, 
                61.059115721920676
              ], 
              [
                -126.99089939492286, 
                61.065833624010835
              ], 
              [
                -126.96829101880238, 
                61.06865004162051
              ], 
              [
                -126.94594087785721, 
                61.06480007886363
              ], 
              [
                -126.9365099350181, 
                61.05901232259836
              ], 
              [
                -126.93457207065555, 
                61.05219103499791
              ], 
              [
                -126.9361998882063, 
                61.044207034160365
              ], 
              [
                -126.93744018772837, 
                61.03482781566208
              ], 
              [
                -126.93676834950149, 
                61.01451894083022
              ], 
              [
                -126.9343912750132, 
                61.00046298467537
              ], 
              [
                -126.9283709251321, 
                60.987388810722805
              ], 
              [
                -126.91687288650384, 
                60.970077179115236
              ], 
              [
                -126.91175697872423, 
                60.963462644518415
              ], 
              [
                -126.90534904318542, 
                60.954625926967644
              ], 
              [
                -126.90074992906517, 
                60.945685975936094
              ], 
              [
                -126.90095656016607, 
                60.93868375955797
              ], 
              [
                -126.90906980812174, 
                60.929149496157585
              ], 
              [
                -126.91607191478974, 
                60.922121461262286
              ], 
              [
                -126.91981853147813, 
                60.91411167487235
              ], 
              [
                -126.91842324510537, 
                60.90160595958636
              ], 
              [
                -126.917622210554, 
                60.881658817298224
              ], 
              [
                -126.92069702929906, 
                60.865690857361784
              ], 
              [
                -126.91620111776163, 
                60.852332448689694
              ], 
              [
                -126.89268835595887, 
                60.84034352777889
              ], 
              [
                -126.88090616828637, 
                60.8330313456017
              ], 
              [
                -126.88281812745406, 
                60.824814736016926
              ], 
              [
                -126.89015617841375, 
                60.816184770489585
              ], 
              [
                -126.89470375148522, 
                60.807296462778
              ], 
              [
                -126.8922232430395, 
                60.79241361641891
              ], 
              [
                -126.88452343906516, 
                60.78187161296979
              ], 
              [
                -126.8729479311518, 
                60.77350004175293
              ], 
              [
                -126.85904700499133, 
                60.765128486862096
              ], 
              [
                -126.85196738034459, 
                60.7612527919107
              ], 
              [
                -126.84307897245574, 
                60.75732533259336
              ], 
              [
                -126.83393221841335, 
                60.75489651975216
              ], 
              [
                -126.82607741597667, 
                60.7550515613572
              ], 
              [
                -126.82111654056736, 
                60.758307228117964
              ], 
              [
                -126.82013468040441, 
                60.762415497145156
              ], 
              [
                -126.82005714894466, 
                60.76657543665398
              ], 
              [
                -126.8177316572933, 
                60.769779333412565
              ], 
              [
                -126.80202206725947, 
                60.77781505497873
              ], 
              [
                -126.78788856920227, 
                60.78244010157192
              ], 
              [
                -126.7726957273481, 
                60.783680358541815
              ], 
              [
                -126.75367876203761, 
                60.78171662352352
              ], 
              [
                -126.736651370535, 
                60.77582550481371
              ], 
              [
                -126.72298290945358, 
                60.76626532757016
              ], 
              [
                -126.70965044630235, 
                60.75603344061073
              ], 
              [
                -126.69357911774371, 
                60.74812698028315
              ], 
              [
                -126.67487218599219, 
                60.745646460765045
              ], 
              [
                -126.65957592589652, 
                60.74972886885078
              ], 
              [
                -126.64497734369445, 
                60.757687048034114
              ], 
              [
                -126.62857013143788, 
                60.76675630645136
              ], 
              [
                -126.60056150781573, 
                60.782646810287325
              ], 
              [
                -126.5727596133469, 
                60.799415835885824
              ], 
              [
                -126.54325237547982, 
                60.811740668213105
              ], 
              [
                -126.5102568780512, 
                60.81453111690463
              ], 
              [
                -126.49622673619952, 
                60.81143053936866
              ], 
              [
                -126.48201575437594, 
                60.805952867338185
              ], 
              [
                -126.46816650055841, 
                60.799183280754725
              ], 
              [
                -126.4554023598703, 
                60.79241361641891
              ], 
              [
                -126.43457674195601, 
                60.78409369754003
              ], 
              [
                -126.41235592713232, 
                60.77933950825647
              ], 
              [
                -126.38961827037251, 
                60.7770398849908
              ], 
              [
                -126.36724242583914, 
                60.776290618656176
              ], 
              [
                -126.33442788361023, 
                60.776497318096794
              ], 
              [
                -126.28851335399098, 
                60.77964956443128
              ], 
              [
                -126.24554437819138, 
                60.78853789230779
              ], 
              [
                -126.22146318193212, 
                60.805952867338185
              ], 
              [
                -126.21975782796996, 
                60.8219208584058
              ], 
              [
                -126.22800022023468, 
                60.82949145686091
              ], 
              [
                -126.23861974477919, 
                60.83515004175135
              ], 
              [
                -126.24414913419473, 
                60.845640365665105
              ], 
              [
                -126.23730198258124, 
                60.857190028126944
              ], 
              [
                -126.22068800597724, 
                60.86248685931134
              ], 
              [
                -126.20123187708818, 
                60.86398551549527
              ], 
              [
                -126.1859097908773, 
                60.86408884893265
              ], 
              [
                -126.16818477755172, 
                60.865432438346474
              ], 
              [
                -126.14436193949355, 
                60.86687937654165
              ], 
              [
                -126.1217018710363, 
                60.865690857361784
              ], 
              [
                -126.10741326906083, 
                60.85897286479152
              ], 
              [
                -126.10606975517211, 
                60.85124729736303
              ], 
              [
                -126.10958375256473, 
                60.84279820085422
              ], 
              [
                -126.11371778678672, 
                60.83437487702704
              ], 
              [
                -126.1141312577783, 
                60.82646843144009
              ], 
              [
                -126.09377075087733, 
                60.814712050037954
              ], 
              [
                -126.05428987687812, 
                60.80574612344148
              ], 
              [
                -126.01418898188224, 
                60.80347237367925
              ], 
              [
                -125.99207145255336, 
                60.81202480922397
              ], 
              [
                -125.97693029075656, 
                60.84465850372157
              ], 
              [
                -125.96132400380036, 
                60.86848133519914
              ], 
              [
                -125.93840551976663, 
                60.8847335840282
              ], 
              [
                -125.90135352300025, 
                60.89473297818851
              ], 
              [
                -125.86401727054457, 
                60.89400948318504
              ], 
              [
                -125.8260350984783, 
                60.88313159953804
              ], 
              [
                -125.78916402480137, 
                60.866672705518425
              ], 
              [
                -125.75526420063859, 
                60.84923183878735
              ], 
              [
                -125.71542168796032, 
                60.83396146864073
              ], 
              [
                -125.676225109697, 
                60.82765693939663
              ], 
              [
                -125.63586587694222, 
                60.82646843144009
              ], 
              [
                -125.59248346750583, 
                60.826726776743705
              ], 
              [
                -125.5465690046951, 
                60.82215345218457
              ], 
              [
                -125.4994658725648, 
                60.81143053936866
              ], 
              [
                -125.45272461624297, 
                60.798304788543696
              ], 
              [
                -125.40792110317254, 
                60.78631581814731
              ], 
              [
                -125.36415117782511, 
                60.78202668507654
              ], 
              [
                -125.32177653316849, 
                60.78791782292147
              ], 
              [
                -125.28074544740284, 
                60.8006819029773
              ], 
              [
                -125.24079953714451, 
                60.81703747050296
              ], 
              [
                -125.22483145969268, 
                60.82553819436165
              ], 
              [
                -125.21036209606474, 
                60.83494333622945
              ], 
              [
                -125.19555683457962, 
                60.84357333084688
              ], 
              [
                -125.17860692632667, 
                60.849696954668524
              ], 
              [
                -125.15834975859161, 
                60.852332448689694
              ], 
              [
                -125.13672322911908, 
                60.85246168699942
              ], 
              [
                -125.11486410829308, 
                60.8515315205137
              ], 
              [
                -125.09398674372815, 
                60.85091133051675
              ], 
              [
                -125.06990551816097, 
                60.85271999893018
              ], 
              [
                -125.04561768894428, 
                60.856595809433486
              ], 
              [
                -125.02138139145582, 
                60.86000641232854
              ], 
              [
                -124.997455194755, 
                60.860419817028315
              ], 
              [
                -124.97102267126913, 
                60.85830105896281
              ], 
              [
                -124.94471944563566, 
                60.856285743845
              ], 
              [
                -124.91833858616326, 
                60.85509715185862
              ], 
              [
                -124.89188023742342, 
                60.85514881520294
              ], 
              [
                -124.86898764573121, 
                60.86341710045404
              ], 
              [
                -124.86976271400569, 
                60.881658817298224
              ], 
              [
                -124.87580892872818, 
                60.904344830300445
              ], 
              [
                -124.86867754233369, 
                60.926152252572685
              ], 
              [
                -124.84852368522431, 
                60.94571174220848
              ], 
              [
                -124.82816325761637, 
                60.96118890557943
              ], 
              [
                -124.80578732295004, 
                60.968165190163326
              ], 
              [
                -124.77979411376833, 
                60.96227410755385
              ], 
              [
                -124.76173313486964, 
                60.955685308325656
              ], 
              [
                -124.7474187463919, 
                60.954625926967644
              ], 
              [
                -124.73287189110965, 
                60.95643465198081
              ], 
              [
                -124.71413916774188, 
                60.958398343451
              ], 
              [
                -124.69612997341714, 
                60.957313172451556
              ], 
              [
                -124.67985181055006, 
                60.954625926967644
              ], 
              [
                -124.6637029807106, 
                60.95385082547074
              ], 
              [
                -124.6461330038869, 
                60.95876009657528
              ], 
              [
                -124.59861653508828, 
                60.964547864667885
              ], 
              [
                -124.56647376830253, 
                60.93899384760031
              ], 
              [
                -124.54616495981081, 
                60.897161799818356
              ], 
              [
                -124.53412435571927, 
                60.85463210011035
              ], 
              [
                -124.52218708279266, 
                60.83675204077732
              ], 
              [
                -124.50151651390578, 
                60.817631764715195
              ], 
              [
                -124.48332640683319, 
                60.8003201565427
              ], 
              [
                -124.47872716422017, 
                60.787866102480876
              ], 
              [
                -124.50417784184111, 
                60.76171785632728
              ], 
              [
                -124.53557123525147, 
                60.7448713076068
              ], 
              [
                -124.56954851435388, 
                60.73215892533499
              ], 
              [
                -124.60267305607874, 
                60.71825792290816
              ], 
              [
                -124.61970046943979, 
                60.68208444471947
              ], 
              [
                -124.57905698164272, 
                60.640123203074495
              ], 
              [
                -124.5178720580511, 
                60.6027352814941
              ], 
              [
                -124.4733011686254, 
                60.58007519464833
              ], 
              [
                -124.45733315049594, 
                60.56880973079981
              ], 
              [
                -124.44459488706127, 
                60.55377187120525
              ], 
              [
                -124.43506059515651, 
                60.53651194997461
              ], 
              [
                -124.42857522629933, 
                60.5186836001204
              ], 
              [
                -124.42715408025406, 
                60.50909758545291
              ], 
              [
                -124.42534544774016, 
                60.49586845456523
              ], 
              [
                -124.42216732876079, 
                60.48421540378127
              ], 
              [
                -124.41640539815003, 
                60.479306135236925
              ], 
              [
                -124.39188493020568, 
                60.479306135236925
              ], 
              [
                -124.36700273953507, 
                60.47915111458874
              ], 
              [
                -124.34224969813904, 
                60.4796161770512
              ], 
              [
                -124.31791010151146, 
                60.481864103740456
              ], 
              [
                -124.28243426544948, 
                60.48356945591126
              ], 
              [
                -124.24499468672306, 
                60.477755854219645
              ], 
              [
                -124.21615924009129, 
                60.46132275142344
              ], 
              [
                -124.2063407147915, 
                60.43114371222273
              ], 
              [
                -124.20936376081139, 
                60.410292249510434
              ], 
              [
                -124.21261937140248, 
                60.39207630412705
              ], 
              [
                -124.21323952187873, 
                60.3737053604643
              ], 
              [
                -124.20830439848191, 
                60.35256967996439
              ], 
              [
                -124.19569537191657, 
                60.33006461249296
              ], 
              [
                -124.17915890824956, 
                60.3130113849182
              ], 
              [
                -124.1614855661405, 
                60.2973017478745
              ], 
              [
                -124.14538835076317, 
                60.27895660967372
              ], 
              [
                -124.13156491612268, 
                60.257665928028565
              ], 
              [
                -124.11792234191776, 
                60.23668529906431
              ], 
              [
                -124.10257443583508, 
                60.21717744202766
              ], 
              [
                -124.0838675506783, 
                60.20035674807072
              ], 
              [
                -124.06870052735479, 
                60.19007314630483
              ], 
              [
                -124.05309424391591, 
                60.180461330063096
              ], 
              [
                -124.03751379671316, 
                60.17097870137553
              ], 
              [
                -124.02216590418799, 
                60.16103099466436
              ], 
              [
                -124.01376848398772, 
                60.15258190013834
              ], 
              [
                -124.0096602063255, 
                60.14351268446358
              ], 
              [
                -124.00661129481071, 
                60.13446930618356
              ], 
              [
                -124.00134029467661, 
                60.12604604520235
              ], 
              [
                -123.9808247573974, 
                60.09845083525496
              ], 
              [
                -123.98405453120354, 
                60.08341299026141
              ], 
              [
                -124.00203792810802, 
                60.06868520709466
              ], 
              [
                -124.02593827907593, 
                60.04202016868469
              ], 
              [
                -124.02555070765169, 
                60.01990265618314
              ], 
              [
                -123.9945190087245, 
                60.01628530427947
              ], 
              [
                -123.95421139110015, 
                60.022899888274594
              ], 
              [
                -123.92604773597765, 
                60.03183991242133
              ], 
              [
                -123.89581702434826, 
                60.04039236152857
              ], 
              [
                -123.86496619479604, 
                60.03829946684095
              ], 
              [
                -123.83788774217668, 
                60.024966945088124
              ], 
              [
                -123.8191033600308, 
                60.00005890629244
              ]
            ]
          ], 
          [
            [
              [
                -139.11339261835784, 
                69.65420151069371
              ], 
              [
                -139.08104419789885, 
                69.64984779832042
              ], 
              [
                -139.01252202458667, 
                69.630601356507
              ], 
              [
                -138.95213807653158, 
                69.62384690140908
              ], 
              [
                -138.92101006456272, 
                69.61701091313346
              ], 
              [
                -138.8917536236661, 
                69.60626856895304
              ], 
              [
                -138.87010649618634, 
                69.59210841754732
              ], 
              [
                -138.90538467650788, 
                69.57831438565904
              ], 
              [
                -138.98729409960654, 
                69.5860863451174
              ], 
              [
                -139.02774003762278, 
                69.5853539077684
              ], 
              [
                -139.05068900190892, 
                69.5761577883106
              ], 
              [
                -139.08950739444154, 
                69.54755266583852
              ], 
              [
                -139.11025951914962, 
                69.53685127335943
              ], 
              [
                -139.13784733499998, 
                69.53522362318037
              ], 
              [
                -139.1727186009722, 
                69.5414898052082
              ], 
              [
                -139.20718346512658, 
                69.55231358521331
              ], 
              [
                -139.23379443977026, 
                69.56419487835687
              ], 
              [
                -139.24299047114343, 
                69.57200742035138
              ], 
              [
                -139.25084364684116, 
                69.58063371361929
              ], 
              [
                -139.2602435536465, 
                69.58539475782034
              ], 
              [
                -139.27383388902186, 
                69.58161048094397
              ], 
              [
                -139.2878311443614, 
                69.57562894869322
              ], 
              [
                -139.30361872604863, 
                69.57200742035138
              ], 
              [
                -139.3199355681384, 
                69.57078678486438
              ], 
              [
                -139.335601486478, 
                69.57168210686143
              ], 
              [
                -139.31578528562196, 
                69.5853539077684
              ], 
              [
                -139.21841408666157, 
                69.63157800217068
              ], 
              [
                -139.16494681283422, 
                69.6478944410914
              ], 
              [
                -139.11339261835784, 
                69.65420151069371
              ]
            ]
          ]
        ]
      }, 
      "type": "Feature", 
      "properties": {
        "source": "https://simplemaps.com", 
        "id": "CAYT", 
        "name": "Yukon"
      }, 
      "id": 8
    }
  ]
}